Date,ES=F,NQ=F,YM=F,RTY=F,NKD=F,^STOXX50E,^GDAXI,^VIX,^IRX,2YY=F,^FVX,^TNX,^TYX,CL=F,BZ=F,NG=F,RB=F,HO=F,URA,GC=F,SI=F,PL=F,PA=F,HG=F,ALI=F,ZS=F,ZM=F,ZL=F,ZC=F,ZW=F,ZO=F,ZR=F,KC=F,CC=F,SB=F,CT=F,LE=F,GF=F,HE=F,OJ=F,DX-Y.NYB,6E=F,6J=F,6B=F,6C=F,6S=F,6A=F,6N=F,BTC-USD,ZT=F,ZF=F,ZN=F,ZB=F,SPY,TLT,QQQ,IWD,VEU,HYG,LQD
2024-09-11,,,,,,4763.580078125,18330.26953125,17.690000534057617,4.875,,3.447000026702881,3.6530001163482666,3.9630000591278076,,,,,,,,,,,,,,,,,,,,,,,,,,,,,,,,,,,,,,,,,,,,,,,
2024-09-12,,,,,,4814.080078125,18518.390625,17.06999969482422,4.840000152587891,,3.4660000801086426,3.680000066757202,3.994999885559082,,,,,,25.809999465942383,,,,,,,,,,,,,,,,,,,,,,,,,,,,,,,,,,,559.0900268554688,100.13999938964844,473.2200012207031,184.6699981689453,60.72999954223633,79.41000366210938,112.86000061035156
2024-09-13,5629.75,19530.25,41427.0,2184.800048828125,36405.0,4843.990234375,18699.400390625,16.559999465942383,4.763000011444092,3.506999969482422,3.4240000247955322,3.6500000953674316,3.9769999980926514,68.6500015258789,71.61000061035156,2.305000066757202,1.9301999807357788,2.0843000411987305,25.43000030517578,2581.300048828125,30.698999404907227,1006.5,1076.0,4.175000190734863,2380.0,986.75,315.3999938964844,40.689998626708984,390.75,571.25,366.25,15.494999885559082,262.04998779296875,10079.0,19.010000228881836,69.4800033569336,177.64999389648438,241.89999389648438,78.44999694824219,483.1000061035156,101.11000061035156,1.1078499555587769,0.007096000015735626,1.3121000528335571,0.7355999946594238,1.1792000532150269,0.6703000068664551,0.6158000230789185,,104.0,110.1953125,114.921875,126.59375,562.010009765625,100.41000366210938,475.3399963378906,186.17999267578125,60.91999816894531,79.62999725341797,113.20999908447266
2024-09-14,,,,,,,,,,,,,,,,,,,,,,,,,,,,,,,,,,,,,,,,,,,,,,,,,60005.12109375,,,,,,,,,,,
2024-09-15,,,,,,,,,,,,,,,,,,,,,,,,,,,,,,,,,,,,,,,,,,,,,,,,,59182.8359375,,,,,,,,,,,
2024-09-16,5638.0,19433.0,41660.0,2192.300048828125,36620.0,4827.6298828125,18633.109375,17.139999389648438,4.744999885559082,3.4790000915527344,3.4049999713897705,3.621000051498413,3.937000036239624,70.08999633789062,72.75,2.372999906539917,1.9681999683380127,2.0968000888824463,25.610000610351562,2580.39990234375,30.770999908447266,987.9000244140625,1084.4000244140625,4.2129998207092285,2437.5,1004.5,320.1000061035156,39.75,410.75,578.5,363.25,15.300000190734863,259.04998779296875,7767.0,19.18000030517578,71.75,177.22500610351562,241.3000030517578,79.92500305175781,481.6499938964844,100.76000213623047,1.1126500368118286,0.007114000152796507,1.3207000494003296,0.7357000112533569,1.1837999820709229,0.6740999817848206,0.6186500191688538,58192.5078125,104.08984375,110.265625,115.078125,127.03125,562.8400268554688,101.33000183105469,473.239990234375,187.6199951171875,61.310001373291016,79.83000183105469,113.70999908447266
2024-09-17,5639.0,19439.25,41639.0,2208.800048828125,36580.0,4860.77978515625,18726.080078125,17.610000610351562,4.735000133514404,3.5220000743865967,3.433000087738037,3.6419999599456787,3.953000068664551,71.19000244140625,73.69999694824219,2.3239998817443848,2.0018999576568604,2.136699914932251,25.270000457763672,2564.300048828125,30.618999481201172,982.7999877929688,1104.699951171875,4.213500022888184,2430.25,1006.0,318.0,40.54999923706055,412.5,575.75,351.25,15.345000267028809,265.0,7620.0,19.979999542236328,70.80999755859375,178.8000030517578,243.3000030517578,81.7750015258789,485.70001220703125,100.88999938964844,1.1136000156402588,0.007079000119119883,1.3167999982833862,0.7358499765396118,1.194200038909912,0.6762999892234802,0.6191999912261963,60308.5390625,103.98828125,110.1171875,114.921875,126.84375,563.0700073242188,100.83999633789062,473.489990234375,187.63999938964844,61.06999969482422,79.8499984741211,113.72000122070312
2024-09-18,5620.75,19349.25,41526.0,2208.800048828125,36520.0,4835.2998046875,18711.490234375,18.229999542236328,4.614999771118164,3.5390000343322754,3.4649999141693115,3.684999942779541,4.007999897003174,70.91000366210938,73.6500015258789,2.2839999198913574,2.010699987411499,2.1475000381469727,25.18000030517578,2570.699951171875,30.340999603271484,974.7999877929688,1068.300048828125,4.23799991607666,2437.5,1014.0,317.8999938964844,40.9900016784668,412.75,575.75,355.25,15.46500015258789,263.1499938964844,7814.0,21.15999984741211,69.68000030517578,178.3000030517578,242.8249969482422,82.05000305175781,496.1499938964844,100.5999984741211,1.1160000562667847,0.00710699986666441,1.3246999979019165,0.7370499968528748,1.1976499557495117,0.6790500283241272,0.6233500242233276,61649.6796875,103.9921875,110.0234375,114.640625,125.96875,561.4000244140625,99.58999633789062,471.44000244140625,187.3000030517578,60.88999938964844,79.91999816894531,113.25
2024-09-19,5717.75,19850.25,42057.0,2255.0,37695.0,4943.3798828125,19002.380859375,16.329999923706055,4.5929999351501465,3.556999921798706,3.503000020980835,3.740000009536743,4.072000026702881,71.94999694824219,74.87999725341797,2.3480000495910645,2.059999942779541,2.171999931335449,26.100000381469727,2588.0,31.0939998626709,994.0999755859375,1100.4000244140625,4.285999774932861,2463.25,1013.25,319.8999938964844,41.75,405.75,565.5,364.5,15.520000457763672,261.6499938964844,7750.0,21.93000030517578,71.58000183105469,179.97500610351562,245.27499389648438,82.25,476.1499938964844,100.61000061035156,1.1175999641418457,0.007031999994069338,1.3282999992370605,0.7381500005722046,1.1919499635696411,0.6822999715805054,0.6249499917030334,62940.45703125,104.046875,109.8671875,114.328125,125.0,570.97998046875,99.26000213623047,483.3599853515625,189.1999969482422,62.060001373291016,80.16000366210938,113.3499984741211
2024-09-20,5699.990234375,19808.009765625,41946.08984375,2244.449951171875,38125.0,4871.5400390625,18720.009765625,16.149999618530273,4.545000076293945,3.5380001068115234,3.4839999675750732,3.7279999256134033,4.071000099182129,71.91999816894531,74.48999786376953,2.434000015258789,2.036400079727173,2.1614999771118164,27.18000030517578,2619.89990234375,31.176000595092773,981.5999755859375,1079.9000244140625,4.281499862670898,2402.25,1012.0,317.3999938964844,42.15999984741211,401.75,568.5,367.0,15.555000305175781,250.75,7658.0,22.65999984741211,72.20999908447266,182.47500610351562,244.8249969482422,82.2249984741211,490.8500061035156,100.72000122070312,1.1174999475479126,0.006971000228077173,1.3317999839782715,0.7379500269889832,1.187150001525879,0.6814500093460083,0.6243500113487244,63192.9765625,104.09375,109.9453125,114.84375,125.25,568.25,98.87999725341797,482.44000244140625,188.63999938964844,61.41999816894531,80.26000213623047,113.44999694824219
2024-09-21,,,,,,,,,,,,,,,,,,,,,,,,,,,,,,,,,,,,,,,,,,,,,,,,,63394.83984375,,,,,,,,,,,
2024-09-22,,,,,,,,,,,,,,,,,,,,,,,,,,,,,,,,,,,,,,,,,,,,,,,,,63648.7109375,,,,,,,,,,,
2024-09-23,5776.75,20080.0,42501.0,2243.199951171875,38265.0,4885.56982421875,18846.7890625,15.890000343322754,4.502999782562256,3.5450000762939453,3.496000051498413,3.739000082015991,4.081999778747559,70.37000274658203,73.9000015258789,2.61299991607666,1.9902000427246094,2.1451001167297363,28.0,2626.5,30.767000198364258,961.5,1046.9000244140625,4.289000034332275,2408.0,1039.25,326.5,42.619998931884766,413.5,582.5,368.75,15.545000076293945,263.6499938964844,7786.0,22.549999237060547,71.69999694824219,183.25,245.10000610351562,82.30000305175781,474.5,100.91999816894531,1.1125999689102173,0.006998000200837851,1.3345999717712402,0.7409999966621399,1.1922500133514404,0.6848999857902527,0.6279000043869019,63329.80078125,104.08984375,110.0,114.765625,125.125,569.6699829101562,98.66999816894531,483.0400085449219,189.5,61.709999084472656,80.11000061035156,113.29000091552734
2024-09-24,5792.0,20167.75,42597.0,2246.5,37815.0,4940.72021484375,18996.630859375,15.390000343322754,4.494999885559082,3.5160000324249268,3.4790000915527344,3.7360000610351562,4.089000225067139,71.55999755859375,75.16999816894531,2.5510001182556152,2.0297000408172607,2.180500030517578,28.829999923706055,2651.199951171875,32.111000061035156,987.4000244140625,1061.9000244140625,4.429500102996826,2484.5,1042.25,323.6000061035156,43.95000076293945,411.75,578.0,365.0,15.260000228881836,267.79998779296875,7867.0,23.1200008392334,73.0999984741211,183.1999969482422,244.9499969482422,82.125,489.04998779296875,100.37000274658203,1.117550015449524,0.006994000170379877,1.340000033378601,0.7443000078201294,1.1955499649047852,0.6887000203132629,0.633400022983551,64301.96875,104.140625,110.015625,114.84375,125.03125,571.2999877929688,98.6500015258789,485.3699951171875,189.58999633789062,62.56999969482422,80.12000274658203,113.4800033569336
2024-09-25,5779.0,20192.0,42276.0,2218.5,38120.0,4916.89013671875,18918.5,15.40999984741211,4.486999988555908,3.549999952316284,3.5179998874664307,3.7809998989105225,4.133999824523926,69.69000244140625,73.45999908447266,2.63700008392334,1.999899983406067,2.1602001190185547,28.8799991607666,2659.199951171875,31.697999954223633,991.4000244140625,1033.300048828125,4.427999973297119,2451.75,1053.25,326.1000061035156,44.380001068115234,415.25,589.25,371.25,15.024999618530273,269.1000061035156,7955.0,23.420000076293945,74.0199966430664,183.0500030517578,245.375,82.4749984741211,489.1499938964844,100.91999816894531,1.1141999959945679,0.006930000148713589,1.3320000171661377,0.7422000169754028,1.187399983406067,0.6827499866485596,0.6265000104904175,63143.14453125,103.92578125,109.7578125,114.546875,124.28125,570.0399780273438,97.83000183105469,485.82000732421875,187.3000030517578,62.09000015258789,80.02999877929688,112.80999755859375
2024-09-26,5804.5,20346.25,42555.0,2230.89990234375,39410.0,5032.58984375,19238.359375,15.369999885559082,4.4679999351501465,3.615999937057495,3.559000015258789,3.7909998893737793,4.124000072479248,67.66999816894531,71.5999984741211,2.5850000381469727,1.961300015449524,2.1361000537872314,29.139999389648438,2669.89990234375,32.025001525878906,1011.0999755859375,1044.300048828125,4.580999851226807,2543.0,1041.0,324.20001220703125,42.91999816894531,413.25,584.25,380.0,14.925000190734863,273.8999938964844,8122.0,23.309999465942383,73.86000061035156,184.10000610351562,245.39999389648438,82.0250015258789,475.29998779296875,100.55999755859375,1.118649959564209,0.006930000148713589,1.3418999910354614,0.7426999807357788,1.1925499439239502,0.6901000142097473,0.6327999830245972,65181.01953125,103.96875,109.5703125,114.40625,124.34375,572.2999877929688,98.05999755859375,489.4700012207031,188.60000610351562,63.689998626708984,80.16000366210938,112.80999755859375
2024-09-27,5791.25,20221.5,42656.0,2244.300048828125,37615.0,5067.4501953125,19473.630859375,16.959999084472656,4.48199987411499,3.558000087738037,3.503000020980835,3.749000072479248,4.0980000495910645,68.18000030517578,71.9800033569336,2.9019999504089355,1.9529999494552612,2.132699966430664,29.100000381469727,2644.300048828125,31.518999099731445,1008.5,1014.0,4.540999889373779,2579.0,1065.75,343.70001220703125,42.18000030517578,418.0,580.0,384.75,15.079999923706055,269.1499938964844,8281.0,22.790000915527344,73.54000091552734,183.75,247.0749969482422,82.05000305175781,470.20001220703125,100.41999816894531,1.117400050163269,0.007048000115901232,1.3386000394821167,0.7404000163078308,1.1997499465942383,0.6914499998092651,0.6353999972343445,65790.6640625,104.10546875,109.9375,114.734375,124.875,571.469970703125,98.56999969482422,486.75,189.2899932861328,63.380001068115234,80.36000061035156,113.26000213623047
2024-09-28,,,,,,,,,,,,,,,,,,,,,,,,,,,,,,,,,,,,,,,,,,,,,,,,,65887.6484375,,,,,,,,,,,
2024-09-29,,,,,,,,,,,,,,,,,,,,,,,,,,,,,,,,,,,,,,,,,,,,,,,,,65635.3046875,,,,,,,,,,,
2024-09-30,5814.25,20261.25,42643.0,2249.199951171875,38265.0,5000.4501953125,19324.9296875,16.729999542236328,4.498000144958496,3.6480000019073486,3.5769999027252197,3.802000045776367,4.133999824523926,68.16999816894531,71.7699966430664,2.9230000972747803,1.9621000289916992,2.1317999362945557,28.610000610351562,2636.10009765625,31.163999557495117,979.0,998.9000244140625,4.495999813079834,2534.25,1057.0,344.29998779296875,43.5099983215332,424.75,584.0,392.5,15.295000076293945,270.25,7722.0,22.670000076293945,73.55999755859375,183.77499389648438,246.1999969482422,82.25,461.04998779296875,100.77999877929688,1.1138999462127686,0.00697400001809001,1.3375999927520752,0.7397000193595886,1.1910500526428223,0.6920499801635742,0.635450005531311,63329.5,104.03125,109.65625,114.28125,124.1875,573.760009765625,98.0999984741211,488.07000732421875,189.8000030517578,63.0,80.30000305175781,112.9800033569336
2024-10-01,5759.75,19975.0,42479.0,2217.89990234375,38195.0,4954.14990234375,19213.140625,19.260000228881836,4.48199987411499,3.5460000038146973,3.5209999084472656,3.743000030517578,4.079999923706055,69.83000183105469,73.55999755859375,2.8959999084472656,1.966599941253662,2.1742000579833984,29.25,2667.300048828125,31.44499969482422,988.4000244140625,993.5999755859375,4.5355000495910645,2564.75,1057.25,350.0,42.90999984741211,429.0,599.0,388.0,15.300000190734863,264.1499938964844,7039.0,22.969999313354492,73.0,184.47500610351562,246.14999389648438,83.5,471.45001220703125,101.19000244140625,1.107699990272522,0.006972000002861023,1.3285000324249268,0.7418500185012817,1.190999984741211,0.6894500255584717,0.6298999786376953,60837.0078125,104.1796875,110.1171875,114.6875,125.0,568.6199951171875,98.48999786376953,481.2699890136719,189.05999755859375,62.86000061035156,79.87000274658203,113.11000061035156
2024-10-02,5760.25,20009.75,42510.0,2214.89990234375,38845.0,4963.2900390625,19164.75,18.899999618530273,4.4730000495910645,3.562000036239624,3.552999973297119,3.7850000858306885,4.131999969482422,70.0999984741211,73.9000015258789,2.885999917984009,1.9859000444412231,2.1821000576019287,29.8700008392334,2647.10009765625,31.628000259399414,1004.4000244140625,1016.4000244140625,4.5960001945495605,2580.5,1056.0,341.3999938964844,43.720001220703125,432.5,615.25,389.75,15.164999961853027,256.5,7064.0,22.68000030517578,73.16000366210938,187.4250030517578,249.72500610351562,84.67500305175781,465.95001220703125,101.68000030517578,1.104349970817566,0.006845000199973583,1.326200008392334,0.7405999898910522,1.1864500045776367,0.6882500052452087,0.6261500120162964,60632.78515625,104.13671875,109.9765625,114.421875,124.28125,568.8599853515625,97.66000366210938,481.95001220703125,189.0399932861328,63.130001068115234,79.87999725341797,112.86000061035156
2024-10-03,5749.5,19990.25,42317.0,2199.0,38810.0,4921.330078125,19015.41015625,20.489999771118164,4.465000152587891,3.6389999389648438,3.634999990463257,3.8499999046325684,4.179999828338623,73.70999908447266,77.62000274658203,2.9700000286102295,2.092600107192993,2.2946999073028564,29.65999984741211,2657.10009765625,32.18899917602539,993.2000122070312,997.2999877929688,4.501999855041504,2551.25,1046.0,332.79998779296875,44.689998626708984,428.25,603.5,383.75,15.170000076293945,252.0500030517578,7030.0,23.239999771118164,72.48999786376953,186.0,248.97500610351562,84.17500305175781,469.6000061035156,101.98999786376953,1.1029499769210815,0.006816999986767769,1.311400055885315,0.7382500171661377,1.1815999746322632,0.684149980545044,0.621399998664856,60759.40234375,103.98046875,109.6015625,113.90625,123.4375,567.8200073242188,96.73999786376953,481.5899963378906,188.24000549316406,62.43000030517578,79.69000244140625,112.12999725341797
2024-10-04,5800.0,20227.25,42646.0,2230.5,39785.0,4954.93994140625,19120.9296875,19.209999084472656,4.505000114440918,3.8559999465942383,3.812999963760376,3.9809999465942383,4.267000198364258,74.37999725341797,78.05000305175781,2.8540000915527344,2.0957999229431152,2.312700033187866,30.31999969482422,2645.800048828125,32.12799835205078,989.7999877929688,995.2000122070312,4.522500038146973,2583.75,1037.75,330.5,44.040000915527344,424.75,589.75,388.25,15.095000267028809,257.3500061035156,7069.0,23.010000228881836,73.02999877929688,187.0,249.625,84.0250015258789,468.6499938964844,102.5199966430664,1.097599983215332,0.006725000217556953,1.3121999502182007,0.7368000149726868,1.173949956893921,0.6800000071525574,0.6164500117301941,62067.4765625,103.53515625,108.7734375,112.84375,121.96875,572.97998046875,95.55000305175781,487.32000732421875,189.6199951171875,62.93000030517578,79.5999984741211,111.5199966430664
2024-10-05,,,,,,,,,,,,,,,,,,,,,,,,,,,,,,,,,,,,,,,,,,,,,,,,,62089.94921875,,,,,,,,,,,
2024-10-06,,,,,,,,,,,,,,,,,,,,,,,,,,,,,,,,,,,,,,,,,,,,,,,,,62818.953125,,,,,,,,,,,
2024-10-07,5744.75,19992.75,42245.0,2211.199951171875,39085.0,4969.7099609375,19104.099609375,22.639999389648438,4.525000095367432,3.947000026702881,3.86899995803833,4.026000022888184,4.306000232696533,77.13999938964844,80.93000030517578,2.746000051498413,2.1538000106811523,2.396199941635132,29.850000381469727,2644.800048828125,31.7450008392334,977.0,1023.0,4.519000053405762,2590.5,1034.0,324.79998779296875,44.560001373291016,426.0,592.5,395.75,15.114999771118164,244.64999389648438,6908.0,22.549999237060547,73.29000091552734,187.47500610351562,248.85000610351562,83.9749984741211,483.25,102.54000091552734,1.097249984741211,0.006759000010788441,1.3071000576019287,0.7333499789237976,1.1800999641418457,0.6745499968528748,0.6117500066757202,62236.66015625,103.390625,108.515625,112.484375,121.3125,567.7999877929688,94.83000183105469,482.1000061035156,188.33999633789062,62.810001373291016,79.26000213623047,110.94999694824219
2024-10-08,5800.5,20298.5,42375.0,2213.699951171875,39525.0,4949.0,19066.470703125,21.420000076293945,4.5279998779296875,3.9240000247955322,3.864000082015991,4.0329999923706055,4.321000099182129,73.56999969482422,77.18000030517578,2.7330000400543213,2.0680999755859375,2.2971999645233154,30.0,2615.0,30.354999542236328,951.7000122070312,1003.5999755859375,4.4120001792907715,2496.25,1016.25,323.6000061035156,43.369998931884766,420.75,594.75,389.0,15.135000228881836,248.1999969482422,7050.0,22.489999771118164,72.02999877929688,188.47500610351562,250.3249969482422,84.125,475.8999938964844,102.55000305175781,1.097499966621399,0.0067460001446306705,1.3092000484466553,0.7324000000953674,1.1745500564575195,0.6742500066757202,0.612500011920929,62131.96875,103.43359375,108.546875,112.46875,121.125,573.1699829101562,94.98999786376953,489.29998779296875,188.5399932861328,62.279998779296875,79.44999694824219,111.16999816894531
2024-10-09,5841.25,20463.5,42813.0,2218.300048828125,39790.0,4982.56982421875,19254.9296875,20.860000610351562,4.534999847412109,3.9619998931884766,3.9079999923706055,4.066999912261963,4.339000225067139,73.23999786376953,76.58000183105469,2.6600000858306885,2.0664000511169434,2.276900053024292,29.459999084472656,2606.0,30.424999237060547,948.7000122070312,1036.9000244140625,4.355000019073486,2463.0,1020.25,322.5,43.2599983215332,421.0,599.0,387.25,15.164999961853027,250.0500030517578,7351.0,22.040000915527344,72.01000213623047,188.1999969482422,249.27499389648438,83.92500305175781,477.20001220703125,102.93000030517578,1.0938999652862549,0.0066999997943639755,1.306399941444397,0.729449987411499,1.1704000234603882,0.6712499856948853,0.6057000160217285,60582.1015625,103.34765625,108.3515625,112.203125,120.78125,577.1400146484375,94.44999694824219,493.1499938964844,189.8800048828125,62.18000030517578,79.4000015258789,110.94999694824219
2024-10-10,5829.0,20429.75,42746.0,2204.699951171875,39495.0,4970.33984375,19210.900390625,20.93000030517578,4.53000020980835,3.934000015258789,3.9189999103546143,4.0960001945495605,4.386000156402588,75.8499984741211,79.4000015258789,2.674999952316284,2.150899887084961,2.3508999347686768,29.56999969482422,2620.60009765625,31.0049991607666,967.7000122070312,1065.4000244140625,4.385000228881836,2520.75,1014.75,317.5,43.869998931884766,418.5,603.75,384.0,15.0649995803833,254.75,7529.0,22.15999984741211,72.66000366210938,189.1750030517578,250.27499389648438,84.0250015258789,459.20001220703125,102.98999786376953,1.0923000574111938,0.006723999977111816,1.3047000169754028,0.7268999814987183,1.1749000549316406,0.6729000210762024,0.6084499955177307,60274.5,103.37890625,108.328125,112.078125,120.1875,576.1300048828125,94.08000183105469,492.5899963378906,189.25999450683594,62.130001068115234,79.36000061035156,110.83000183105469
2024-10-11,5859.75,20450.0,43143.0,2250.0,39980.0,5003.919921875,19373.830078125,20.459999084472656,4.514999866485596,3.882999897003174,3.878999948501587,4.072999954223633,4.382999897003174,75.55999755859375,79.04000091552734,2.631999969482422,2.151599884033203,2.343899965286255,30.0,2657.60009765625,31.520000457763672,985.0,1061.800048828125,4.451499938964844,2569.75,1005.5,316.5,43.439998626708984,415.75,599.0,379.75,14.994999885559082,252.0500030517578,7739.0,22.239999771118164,72.20999908447266,188.60000610351562,249.75,84.07499694824219,479.20001220703125,102.88999938964844,1.0943000316619873,0.0067079998552799225,1.3072999715805054,0.7267000079154968,1.1751999855041504,0.6744999885559082,0.6118500232696533,62445.08984375,103.4765625,108.5,112.25,120.375,579.5800170898438,93.69999694824219,493.3599853515625,191.39999389648438,62.470001220703125,79.56999969482422,110.80999755859375
2024-10-12,,,,,,,,,,,,,,,,,,,,,,,,,,,,,,,,,,,,,,,,,,,,,,,,,63193.0234375,,,,,,,,,,,
2024-10-13,,,,,,,,,,,,,,,,,,,,,,,,,,,,,,,,,,,,,,,,,,,,,,,,,62851.375,,,,,,,,,,,
2024-10-14,5908.25,20619.25,43363.0,2265.60009765625,40215.0,5041.009765625,19508.2890625,19.700000762939453,4.51800012588501,3.9570000171661377,3.9000000953674316,4.0980000495910645,4.408999919891357,73.83000183105469,77.45999908447266,2.49399995803833,2.108599901199341,2.274199962615967,30.170000076293945,2647.800048828125,31.08300018310547,994.9000244140625,1023.0999755859375,4.363500118255615,2533.75,996.0,316.5,42.15999984741211,408.25,585.25,372.75,15.104999542236328,262.04998779296875,7615.0,22.389999389648438,71.02999877929688,188.25,249.125,84.0999984741211,495.8999938964844,103.30000305175781,1.0913000106811523,0.006701999809592962,1.3049999475479126,0.7245000004768372,1.1660000085830688,0.6721000075340271,0.6090999841690063,66046.125,103.359375,108.234375,111.859375,119.78125,584.3200073242188,93.7699966430664,497.5,192.6699981689453,62.470001220703125,79.61000061035156,110.81999969482422
2024-10-15,5862.75,20342.0,43015.0,2267.60009765625,39070.0,4946.72998046875,19486.189453125,20.639999389648438,4.514999866485596,3.9110000133514404,3.859999895095825,4.038000106811523,4.328999996185303,70.58000183105469,74.25,2.497999906539917,2.0376999378204346,2.187700033187866,30.229999542236328,2661.39990234375,31.527000427246094,987.7000122070312,1004.2000122070312,4.30049991607666,2515.5,991.0,311.79998779296875,42.45000076293945,401.25,579.5,377.0,15.039999961853027,256.70001220703125,7942.0,22.81999969482422,70.62000274658203,186.72500610351562,246.52499389648438,75.2249984741211,496.54998779296875,103.26000213623047,1.0902999639511108,0.00672899978235364,1.3066999912261963,0.7242500185966492,1.1670000553131104,0.67044997215271,0.6081500053405762,67041.109375,103.453125,108.546875,112.4375,121.0625,579.780029296875,94.91000366210938,490.8500061035156,191.88999938964844,61.459999084472656,79.58999633789062,111.36000061035156
2024-10-16,5887.0,20349.5,43342.0,2304.39990234375,39560.0,4908.7099609375,19432.810546875,19.579999923706055,4.502999782562256,3.8929998874664307,3.8420000076293945,4.015999794006348,4.298999786376953,70.38999938964844,74.22000122070312,2.367000102996826,2.040299892425537,2.1747000217437744,32.349998474121094,2674.0,31.760000228881836,993.7999877929688,1019.0,4.331500053405762,2525.25,980.0,313.70001220703125,41.68000030517578,404.75,585.0,379.0,15.069999694824219,258.0,7765.0,22.0,71.26000213623047,187.0500030517578,246.10000610351562,77.69999694824219,501.3999938964844,103.58999633789062,1.0871000289916992,0.006705999840050936,1.29830002784729,0.7274500131607056,1.1633000373840332,0.6667500138282776,0.6060500144958496,67612.71875,103.48828125,108.609375,112.53125,121.34375,582.2999877929688,95.30999755859375,490.9100036621094,193.39999389648438,61.7599983215332,79.7300033569336,111.70999908447266
2024-10-17,5887.0,20368.0,43511.0,2297.699951171875,39305.0,4947.2998046875,19583.390625,19.110000610351562,4.514999866485596,3.944000005722046,3.9089999198913574,4.0960001945495605,4.394999980926514,70.66999816894531,74.44999694824219,2.3469998836517334,2.046799898147583,2.194499969482422,32.7599983215332,2691.0,31.572999954223633,997.0,1038.300048828125,4.286499977111816,2503.75,988.75,318.1000061035156,42.59000015258789,406.75,589.5,388.25,14.994999885559082,255.14999389648438,7771.0,22.15999984741211,70.76000213623047,186.625,246.72500610351562,77.67500305175781,493.75,103.83000183105469,1.0839500427246094,0.006680999882519245,1.3007999658584595,0.725350022315979,1.160949945449829,0.6697499752044678,0.6061999797821045,67399.8359375,103.38671875,108.3359375,112.046875,120.0,582.3499755859375,93.80000305175781,491.25,193.17999267578125,61.65999984741211,79.61000061035156,110.87999725341797
2024-10-18,5906.0,20483.5,43518.0,2291.199951171875,39270.0,4986.27001953125,19657.369140625,18.030000686645508,4.513000011444092,3.9200000762939453,3.875999927520752,4.072999954223633,4.380000114440918,69.22000122070312,73.05999755859375,2.257999897003174,2.002000093460083,2.1521999835968018,33.459999084472656,2713.699951171875,33.03200149536133,1015.0999755859375,1077.699951171875,4.3460001945495605,2566.25,970.0,315.6000061035156,41.81999969482422,404.75,572.75,382.5,15.0,257.29998779296875,7450.0,22.18000030517578,70.98999786376953,187.625,248.3249969482422,77.82499694824219,480.0,103.48999786376953,1.0879499912261963,0.006713999900966883,1.3044999837875366,0.7247999906539917,1.1627999544143677,0.6705999970436096,0.6071500182151794,68418.7890625,103.4453125,108.4609375,112.21875,120.25,584.5900268554688,93.87000274658203,494.4700012207031,193.64999389648438,62.11000061035156,79.80000305175781,110.75
2024-10-19,,,,,,,,,,,,,,,,,,,,,,,,,,,,,,,,,,,,,,,,,,,,,,,,,68362.734375,,,,,,,,,,,
2024-10-20,,,,,,,,,,,,,,,,,,,,,,,,,,,,,,,,,,,,,,,,,,,,,,,,,69001.703125,,,,,,,,,,,
2024-10-21,5896.25,20519.5,43177.0,2255.5,39120.0,4941.22021484375,19461.189453125,18.3700008392334,4.51800012588501,3.990999937057495,3.9760000705718994,4.182000160217285,4.486999988555908,70.55999755859375,74.29000091552734,2.312000036239624,2.014699935913086,2.183300018310547,33.25,2723.10009765625,33.86899948120117,1007.5999755859375,1048.4000244140625,4.322999954223633,2541.5,981.0,318.29998779296875,42.38999938964844,409.5,572.25,379.5,15.09000015258789,251.6999969482422,7394.0,21.829999923706055,72.19999694824219,187.0,247.5749969482422,78.2750015258789,499.25,104.01000213623047,1.082450032234192,0.0066559999249875546,1.2977999448776245,0.7231000065803528,1.1614999771118164,0.6656500101089478,0.6032999753952026,67367.8515625,103.28125,108.0390625,111.515625,118.6875,583.6300048828125,92.2300033569336,495.4200134277344,191.91000366210938,61.529998779296875,79.4800033569336,109.62000274658203
2024-10-22,5892.5,20542.0,43169.0,2246.199951171875,38490.0,4939.31005859375,19421.91015625,18.200000762939453,4.5,3.990999937057495,4.005000114440918,4.203999996185303,4.493000030517578,72.08999633789062,76.04000091552734,2.311000108718872,2.071500062942505,2.236999988555908,32.75,2744.199951171875,34.83100128173828,1033.0,1074.199951171875,4.3480000495910645,2574.5,991.75,317.70001220703125,43.689998626708984,416.5,576.0,383.0,15.125,249.85000610351562,7140.0,21.729999542236328,72.08000183105469,188.0500030517578,249.4250030517578,79.125,487.0,104.08000183105469,1.0812499523162842,0.006643000058829784,1.2977999448776245,0.7240999937057495,1.1621999740600586,0.6682999730110168,0.6047999858856201,67361.40625,103.2421875,107.921875,111.34375,118.46875,583.3200073242188,92.31999969482422,495.9599914550781,191.32000732421875,61.27000045776367,79.37000274658203,109.61000061035156
2024-10-23,5837.75,20220.5,42738.0,2226.699951171875,37950.0,4922.5498046875,19377.619140625,19.239999771118164,4.505000114440918,4.048999786376953,4.057000160217285,4.242000102996826,4.515999794006348,70.7699966430664,74.95999908447266,2.3420000076293945,2.0413999557495117,2.22160005569458,31.56999969482422,2714.39990234375,33.63999938964844,1019.7999877929688,1057.5,4.304500102996826,2612.25,997.5,315.0,43.38999938964844,419.0,578.5,380.5,15.104999542236328,252.35000610351562,7001.0,22.34000015258789,72.51000213623047,187.625,248.5749969482422,80.17500305175781,500.1000061035156,104.43000030517578,1.079300045967102,0.006572999991476536,1.292099952697754,0.7231500148773193,1.1601500511169434,0.6626499891281128,0.6000999808311462,66432.1953125,103.14453125,107.6640625,111.03125,118.03125,577.989990234375,92.06999969482422,488.3599853515625,190.9600067138672,60.7599983215332,79.12999725341797,109.23999786376953
2024-10-24,5849.0,20380.25,42605.0,2231.0,38195.0,4935.4501953125,19443.0,19.079999923706055,4.486999988555908,4.052999973297119,4.019000053405762,4.199999809265137,4.465000152587891,70.19000244140625,74.37999725341797,2.5220000743865967,2.0276999473571777,2.2023000717163086,31.770000457763672,2734.89990234375,33.611000061035156,1024.199951171875,1161.0,4.319499969482422,2597.25,996.25,310.3999938964844,44.33000183105469,421.5,581.5,376.75,15.039999961853027,245.4499969482422,6756.0,22.200000762939453,71.52999877929688,189.3000030517578,249.39999389648438,78.6500015258789,506.95001220703125,104.05999755859375,1.0833499431610107,0.006606999784708023,1.2971999645233154,0.722350001335144,1.1611499786376953,0.6639999747276306,0.6019499897956848,68161.0546875,103.19921875,107.8203125,111.28125,118.75,579.239990234375,92.66000366210938,492.32000732421875,190.5399932861328,60.900001525878906,79.36000061035156,109.56999969482422
2024-10-25,5846.0,20498.75,42321.0,2221.5,38200.0,4943.08984375,19463.58984375,20.329999923706055,4.510000228881836,4.078999996185303,4.051000118255615,4.23199987411499,4.499000072479248,71.77999877929688,76.05000305175781,2.559999942779541,2.0785000324249268,2.238100051879883,31.559999465942383,2740.89990234375,33.60300064086914,1027.199951171875,1199.699951171875,4.3394999504089355,2629.0,987.75,305.79998779296875,44.150001525878906,415.25,569.0,380.25,15.079999923706055,248.39999389648438,6770.0,22.139999389648438,70.66000366210938,189.6999969482422,249.625,79.67500305175781,525.8499755859375,104.26000213623047,1.0813499689102173,0.006587999872863293,1.2967000007629395,0.7207499742507935,1.1605499982833862,0.6608499884605408,0.5981000065803528,66642.4140625,103.12890625,107.671875,111.0625,118.28125,579.0399780273438,92.13999938964844,495.32000732421875,189.27000427246094,60.7400016784668,79.27999877929688,109.30999755859375
2024-10-26,,,,,,,,,,,,,,,,,,,,,,,,,,,,,,,,,,,,,,,,,,,,,,,,,67014.6953125,,,,,,,,,,,
2024-10-27,,,,,,,,,,,,,,,,,,,,,,,,,,,,,,,,,,,,,,,,,,,,,,,,,67929.296875,,,,,,,,,,,
2024-10-28,5861.5,20497.0,42606.0,2257.5,38700.0,4969.830078125,19531.619140625,19.799999237060547,4.48199987411499,4.138999938964844,4.107999801635742,4.2779998779296875,4.53000020980835,67.37999725341797,71.41999816894531,2.309000015258789,1.9664000272750854,2.1285998821258545,32.18000030517578,2742.89990234375,33.83000183105469,1037.300048828125,1222.0,4.331999778747559,2590.5,974.0,304.79998779296875,42.689998626708984,410.75,558.75,379.75,15.074999809265137,252.35000610351562,6917.0,21.959999084472656,70.36000061035156,190.1750030517578,250.0749969482422,80.625,530.9500122070312,104.31999969482422,1.0821499824523926,0.006543000228703022,1.2968000173568726,0.7202000021934509,1.1619499921798706,0.65829998254776,0.5979999899864197,69907.7578125,103.046875,107.453125,110.703125,117.65625,580.8300170898438,91.88999938964844,495.3999938964844,190.39999389648438,61.130001068115234,79.4800033569336,109.22000122070312
2024-10-29,5871.0,20696.5,42447.0,2250.300048828125,39260.0,4950.02001953125,19478.0703125,19.34000015258789,4.480000019073486,4.117000102996826,4.104000091552734,4.27400016784668,4.519000053405762,67.20999908447266,71.12000274658203,2.3459999561309814,1.951799988746643,2.133699893951416,31.81999969482422,2768.39990234375,34.26900100708008,1051.0,1227.0,4.332499980926514,2606.0,965.25,301.79998779296875,42.79999923706055,413.75,570.5,384.0,14.9399995803833,248.10000610351562,7267.0,22.079999923706055,70.55999755859375,189.3000030517578,250.02499389648438,82.82499694824219,511.5,104.27999877929688,1.0822999477386475,0.006535000167787075,1.3004000186920166,0.71875,1.1586500406265259,0.6557000279426575,0.5968000292778015,72720.4921875,103.078125,107.484375,110.75,117.6875,581.77001953125,92.02999877929688,500.1600036621094,189.35000610351562,60.91999816894531,79.5,109.3499984741211
2024-10-30,5852.0,20534.75,42363.0,2247.300048828125,39385.0,4885.75,19257.33984375,20.350000381469727,4.4629998207092285,4.14900016784668,4.126999855041504,4.265999794006348,4.480000019073486,68.61000061035156,72.55000305175781,2.8450000286102295,1.9957000017166138,2.1875998973846436,31.299999237060547,2788.5,33.91400146484375,1013.0999755859375,1149.0,4.327499866485596,2563.0,976.5,301.6000061035156,43.810001373291016,411.5,573.25,390.75,14.574999809265137,249.60000610351562,7391.0,22.219999313354492,69.91999816894531,188.39999389648438,250.9499969482422,84.375,505.3500061035156,103.98999786376953,1.0878499746322632,0.006541999988257885,1.2984000444412231,0.7199500203132629,1.1608500480651855,0.6582000255584717,0.5985999703407288,72339.5390625,103.0078125,107.375,110.703125,118.0625,580.010009765625,92.30000305175781,496.3800048828125,189.1300048828125,60.529998779296875,79.36000061035156,109.20999908447266
2024-10-31,5738.5,20021.75,41947.0,2208.60009765625,38430.0,4827.6298828125,19077.5390625,23.15999984741211,4.432000160217285,4.160999774932861,4.15500020980835,4.283999919891357,4.4730000495910645,69.26000213623047,73.16000366210938,2.7070000171661377,2.003499984741211,2.2195000648498535,30.729999542236328,2738.300048828125,32.65299987792969,991.5999755859375,1106.5,4.313499927520752,2560.5,982.5,299.5,45.13999938964844,410.75,570.5,394.5,14.694999694824219,245.89999389648438,7334.0,22.739999771118164,69.56999969482422,193.0,251.97500610351562,83.80000305175781,529.75,103.9800033569336,1.0878000259399414,0.00658900011330843,1.2882000207901,0.7193999886512756,1.1627000570297241,0.6575499773025513,0.5970500111579895,70215.1875,102.97265625,107.234375,110.46875,117.96875,568.6400146484375,92.44999694824219,483.8500061035156,187.67999267578125,60.13999938964844,79.13999938964844,108.98999786376953
2024-11-01,5758.25,20153.25,42209.0,2220.60009765625,38665.0,4877.75,19254.970703125,21.8799991607666,4.400000095367432,4.164999961853027,4.209000110626221,4.361000061035156,4.558000087738037,69.48999786376953,73.0999984741211,2.6630001068115234,1.9665000438690186,2.2342000007629395,30.559999465942383,2738.60009765625,32.54199981689453,995.0999755859375,1103.800048828125,4.347499847412109,2546.25,982.5,295.29998779296875,46.29999923706055,414.5,568.0,399.25,14.824999809265137,242.9499969482422,7341.0,22.06999969482422,70.16999816894531,185.9250030517578,246.875,84.07499694824219,543.7999877929688,104.27999877929688,1.0845500230789185,0.006550000049173832,1.2926000356674194,0.7171000242233276,1.1541999578475952,0.6560500264167786,0.5966500043869019,69482.46875,102.8984375,107.015625,110.03125,116.8125,571.0399780273438,90.83999633789062,487.42999267578125,187.75,60.25,78.75,108.01000213623047
2024-11-02,,,,,,,,,,,,,,,,,,,,,,,,,,,,,,,,,,,,,,,,,,,,,,,,,69289.2734375,,,,,,,,,,,
2024-11-03,,,,,,,,,,,,,,,,,,,,,,,,,,,,,,,,,,,,,,,,,,,,,,,,,68741.1171875,,,,,,,,,,,
2024-11-04,5743.25,20086.0,41956.0,2231.10009765625,38460.0,4852.10009765625,19147.849609375,21.979999542236328,4.418000221252441,4.140999794006348,4.166999816894531,4.309000015258789,4.49399995803833,71.47000122070312,75.08000183105469,2.7809998989105225,2.019200086593628,2.28410005569458,29.8700008392334,2736.10009765625,32.47999954223633,982.4000244140625,1066.4000244140625,4.4070000648498535,2560.75,987.25,299.6000061035156,45.560001373291016,416.5,568.75,390.0,14.710000038146973,245.9499969482422,7328.0,21.93000030517578,69.93000030517578,185.0749969482422,246.35000610351562,83.2249984741211,528.4000244140625,103.88999938964844,1.0885000228881836,0.0065830000676214695,1.295300006866455,0.7199000120162964,1.163100004196167,0.6586999893188477,0.5976499915122986,67811.5078125,102.94140625,107.171875,110.359375,117.6875,569.8099975585938,92.25,486.010009765625,187.5500030517578,60.40999984741211,78.97000122070312,108.80999755859375
2024-11-05,5812.25,20341.75,42381.0,2273.10009765625,39040.0,4870.330078125,19256.26953125,20.489999771118164,4.422999858856201,4.164000034332275,4.171999931335449,4.289000034332275,4.449999809265137,71.98999786376953,75.52999877929688,2.6700000762939453,2.044600009918213,2.3041999340057373,30.010000228881836,2740.300048828125,32.654998779296875,1000.4000244140625,1076.9000244140625,4.450500011444092,2616.75,993.75,299.5,44.9900016784668,418.5,572.5,391.25,14.470000267028809,250.14999389648438,7251.0,21.899999618530273,69.94999694824219,184.77499389648438,246.14999389648438,81.125,511.75,103.41999816894531,1.09375,0.00661400007084012,1.3020999431610107,0.7228000164031982,1.1638000011444092,0.6636000275611877,0.5999000072479248,69359.5625,102.87109375,107.1328125,110.40625,118.15625,576.7000122070312,92.73999786376953,492.2099914550781,189.55999755859375,61.06999969482422,79.19000244140625,109.33000183105469
2024-11-06,5958.25,20894.0,43901.0,2405.800048828125,40075.0,4800.6298828125,19039.310546875,16.270000457763672,4.429999828338623,4.242000102996826,4.271999835968018,4.426000118255615,4.6020002365112305,71.69000244140625,74.91999816894531,2.746999979019165,2.035399913787842,2.2699999809265137,30.31999969482422,2667.60009765625,31.22100067138672,986.0,1036.0999755859375,4.222499847412109,2548.75,994.5,298.3999938964844,46.34000015258789,426.25,573.25,391.75,14.460000038146973,248.75,6924.0,22.030000686645508,69.69000244140625,185.39999389648438,247.6999969482422,82.125,516.2999877929688,105.08999633789062,1.0740000009536743,0.0064849997870624065,1.2889000177383423,0.7179999947547913,1.146299958229065,0.6582499742507935,0.5950999855995178,75639.078125,102.74609375,106.7265625,109.546875,116.25,591.0399780273438,90.19999694824219,505.5799865722656,194.80999755859375,60.369998931884766,79.33000183105469,108.19000244140625
2024-11-07,6003.75,21224.75,43910.0,2395.699951171875,39730.0,4851.9599609375,19362.51953125,15.199999809265137,4.420000076293945,4.196000099182129,4.191999912261963,4.341000080108643,4.543000221252441,72.36000061035156,75.62999725341797,2.693000078201294,2.0536000728607178,2.286400079727173,31.520000457763672,2698.39990234375,31.764999389648438,992.7999877929688,1017.4000244140625,4.409999847412109,2654.5,1015.5,298.5,48.31999969482422,427.5,571.5,383.25,14.399999618530273,260.3999938964844,7360.0,22.200000762939453,71.05000305175781,185.8249969482422,247.64999389648438,81.19999694824219,519.8499755859375,104.51000213623047,1.0786999464035034,0.0065390001982450485,1.2965999841690063,0.7216500043869019,1.1493500471115112,0.6668499708175659,0.6019499897956848,75904.859375,102.828125,107.046875,110.1875,117.09375,595.6099853515625,91.33000183105469,513.5399780273438,194.33999633789062,61.369998931884766,79.66999816894531,109.47000122070312
2024-11-08,6025.25,21231.25,44141.0,2412.39990234375,39170.0,4802.759765625,19215.48046875,14.9399995803833,4.422999858856201,4.216000080108643,4.191999912261963,4.306000232696533,4.4770002365112305,70.37999725341797,73.87000274658203,2.6689999103546143,2.012500047683716,2.2388999462127686,31.0,2687.5,31.358999252319336,973.5999755859375,988.9000244140625,4.286499977111816,2561.75,1016.75,296.20001220703125,48.77000045776367,431.0,572.5,361.5,14.359999656677246,253.35000610351562,7117.0,21.81999969482422,70.9800033569336,183.6999969482422,245.4250030517578,80.42500305175781,526.6500244140625,105.0,1.0716999769210815,0.006556999869644642,1.2913000583648682,0.7189000248908997,1.1459499597549438,0.6579999923706055,0.5961999893188477,76545.4765625,102.76953125,107.0078125,110.28125,117.84375,598.1900024414062,92.48999786376953,514.1400146484375,195.35000610351562,60.31999969482422,79.80000305175781,109.8499984741211
2024-11-09,,,,,,,,,,,,,,,,,,,,,,,,,,,,,,,,,,,,,,,,,,,,,,,,,76778.8671875,,,,,,,,,,,
2024-11-10,,,,,,,,,,,,,,,,,,,,,,,,,,,,,,,,,,,,,,,,,,,,,,,,,80474.1875,,,,,,,,,,,
2024-11-11,6031.75,21217.75,44441.0,2448.5,39680.0,4854.02978515625,19448.599609375,14.970000267028809,4.414999961853027,4.263999938964844,4.195000171661377,4.308000087738037,4.474999904632568,68.04000091552734,71.83000183105469,2.9200000762939453,1.9570000171661377,2.1975998878479004,30.520000457763672,2611.199951171875,30.540000915527344,964.2999877929688,979.4000244140625,4.210999965667725,2502.5,1011.75,295.1000061035156,48.13999938964844,430.0,565.5,345.75,14.550000190734863,256.20001220703125,7298.0,21.360000610351562,69.69000244140625,183.6999969482422,246.14999389648438,81.7750015258789,473.1499938964844,105.54000091552734,1.0654000043869019,0.006508999969810247,1.2862000465393066,0.7182499766349792,1.1395000219345093,0.6568499803543091,0.5960999727249146,88701.484375,102.66796875,106.7421875,109.90625,117.65625,598.760009765625,92.04000091552734,513.8400268554688,196.44000244140625,60.2400016784668,79.70999908447266,109.63999938964844
2024-11-12,6013.0,21189.5,44074.0,2405.10009765625,39300.0,4744.68994140625,19033.640625,14.710000038146973,4.422999858856201,4.304999828338623,4.314000129699707,4.432000160217285,4.577000141143799,68.12000274658203,71.88999938964844,2.9070000648498535,1.9643000364303589,2.2107999324798584,30.719999313354492,2600.0,30.68600082397461,942.9000244140625,938.2999877929688,4.119500160217285,2471.0,1003.5,292.8999938964844,46.22999954223633,428.5,552.25,345.0,14.8100004196167,263.54998779296875,7867.0,21.350000381469727,68.7699966430664,184.39999389648438,246.8249969482422,82.3499984741211,478.75,106.0199966430664,1.0615500211715698,0.006467000115662813,1.2736999988555908,0.717199981212616,1.1373499631881714,0.6531999707221985,0.5923500061035156,87955.8125,102.59765625,106.5,109.421875,116.3125,596.9000244140625,90.66000366210938,512.9099731445312,194.99000549316406,59.220001220703125,79.38999938964844,108.6500015258789
2024-11-13,6016.0,21159.5,44108.0,2382.699951171875,39005.0,4740.33984375,19003.109375,14.020000457763672,4.389999866485596,4.26200008392334,4.301000118255615,4.451000213623047,4.63700008392334,68.43000030517578,72.27999877929688,2.9830000400543213,1.9651000499725342,2.2193000316619873,30.15999984741211,2580.800048828125,30.59000015258789,938.0999755859375,929.5,4.065999984741211,2452.25,1004.25,291.6000061035156,45.18000030517578,426.5,541.0,342.0,14.9399995803833,271.6499938964844,8163.0,21.170000076293945,68.9000015258789,184.02499389648438,246.47500610351562,81.875,470.70001220703125,106.4800033569336,1.0567500591278076,0.006432999856770039,1.2704999446868896,0.7144500017166138,1.1328999996185303,0.6485499739646912,0.588450014591217,90584.1640625,102.69921875,106.5703125,109.421875,115.84375,597.1900024414062,89.80000305175781,512.25,195.13999938964844,58.91999816894531,79.41000366210938,108.23999786376953
2024-11-14,5978.25,21011.75,43901.0,2349.60009765625,38995.0,4833.52978515625,19263.69921875,14.3100004196167,4.382999897003174,4.267000198364258,4.291999816894531,4.418000221252441,4.583000183105469,68.69999694824219,72.55999755859375,2.7850000858306885,1.9816999435424805,2.2123000621795654,30.399999618530273,2568.199951171875,30.507999420166016,938.7000122070312,923.4000244140625,4.072999954223633,2428.5,985.75,287.0,44.439998626708984,419.0,530.25,348.5,14.675000190734863,278.95001220703125,8686.0,21.559999465942383,68.31999969482422,182.9499969482422,247.625,80.0999984741211,485.95001220703125,106.66999816894531,1.0548499822616577,0.006415000185370445,1.2688000202178955,0.7125499844551086,1.1289000511169434,0.6470000147819519,0.5867000222206116,87250.4296875,102.67578125,106.6015625,109.546875,116.5625,593.3499755859375,90.31999969482422,508.69000244140625,193.82000732421875,58.86000061035156,79.23999786376953,108.20999908447266
2024-11-15,5896.5,20493.75,43568.0,2313.60009765625,38040.0,4794.85009765625,19210.810546875,16.139999389648438,4.39300012588501,4.2769999504089355,4.297999858856201,4.427999973297119,4.60099983215332,67.0199966430664,71.04000091552734,2.822999954223633,1.9493000507354736,2.1709001064300537,30.299999237060547,2565.699951171875,30.371000289916992,939.7999877929688,941.2999877929688,4.051000118255615,2566.75,998.5,289.6000061035156,45.349998474121094,424.0,536.5,356.75,15.045000076293945,281.79998779296875,8607.0,21.579999923706055,66.80000305175781,182.9499969482422,251.10000610351562,79.5,480.25,106.69000244140625,1.0537999868392944,0.0064860000275075436,1.261199951171875,0.7096499800682068,1.1302000284194946,0.645550012588501,0.5860999822616577,91066.0078125,102.65234375,106.5859375,109.53125,116.3125,585.75,90.08000183105469,496.57000732421875,193.0500030517578,58.68000030517578,79.2300033569336,108.26000213623047
2024-11-16,,,,,,,,,,,,,,,,,,,,,,,,,,,,,,,,,,,,,,,,,,,,,,,,,90558.4765625,,,,,,,,,,,
2024-11-17,,,,,,,,,,,,,,,,,,,,,,,,,,,,,,,,,,,,,,,,,,,,,,,,,89845.8515625,,,,,,,,,,,
2024-11-18,5920.0,20633.5,43540.0,2317.699951171875,38365.0,4790.330078125,19189.189453125,15.579999923706055,4.4029998779296875,4.26200008392334,4.2769999504089355,4.414000034332275,4.605999946594238,69.16000366210938,73.30000305175781,2.9730000495910645,2.0183000564575195,2.2513999938964844,31.889999389648438,2610.60009765625,31.163000106811523,969.0999755859375,1006.2000122070312,4.107999801635742,2535.5,1009.75,290.29998779296875,45.52000045776367,429.25,547.25,363.75,15.164999961853027,280.75,8404.0,22.200000762939453,66.62000274658203,184.10000610351562,251.8249969482422,80.0250015258789,472.79998779296875,106.27999877929688,1.0569499731063843,0.0064570000395178795,1.263200044631958,0.7134000062942505,1.1351499557495117,0.647599995136261,0.5891500115394592,90542.640625,102.67578125,106.6640625,109.625,116.3125,588.1500244140625,90.23999786376953,500.0199890136719,193.92999267578125,59.150001525878906,79.37999725341797,108.45999908447266
2024-11-19,5938.75,20767.75,43400.0,2334.10009765625,38300.0,4751.22998046875,19060.310546875,16.350000381469727,4.4079999923706055,4.247000217437744,4.245999813079834,4.379000186920166,4.565000057220459,69.38999938964844,73.30999755859375,2.997999906539917,2.0376999378204346,2.2402000427246094,32.5099983215332,2627.10009765625,31.20800018310547,973.2999877929688,1035.300048828125,4.130000114440918,2575.25,998.5,288.6000061035156,44.84000015258789,427.25,549.75,344.75,15.095000267028809,279.75,8574.0,22.020000457763672,66.88999938964844,186.5749969482422,254.25,79.55000305175781,479.20001220703125,106.20999908447266,1.0605000257492065,0.006486999802291393,1.2676000595092773,0.7145500183105469,1.1360000371932983,0.653249979019165,0.5913000106811523,92343.7890625,102.6953125,106.78125,109.84375,116.90625,590.2999877929688,90.69999694824219,503.4599914550781,193.25999450683594,59.11000061035156,79.5,108.69000244140625
2024-11-20,5937.75,20749.0,43516.0,2335.199951171875,38315.0,4729.7099609375,19004.779296875,17.15999984741211,4.409999847412109,4.2789998054504395,4.275000095367432,4.406000137329102,4.5920000076293945,68.87000274658203,72.80999755859375,3.193000078201294,2.045799970626831,2.226300001144409,31.969999313354492,2648.199951171875,30.95599937438965,960.7000122070312,1023.9000244140625,4.143499851226807,2573.25,990.5,289.3999938964844,43.279998779296875,430.25,552.5,344.75,15.119999885559082,295.29998779296875,8340.0,21.649999618530273,68.45999908447266,186.3000030517578,254.8000030517578,80.5250015258789,494.75,106.68000030517578,1.055050015449524,0.0064570000395178795,1.2646000385284424,0.715749979019165,1.1338499784469604,0.6498000025749207,0.5872499942779541,94339.4921875,102.625,106.671875,109.6875,116.5625,590.5,90.41000366210938,503.1700134277344,193.9199981689453,58.939998626708984,79.4800033569336,108.43000030517578
2024-11-21,5970.5,20829.5,43989.0,2373.60009765625,38265.0,4755.830078125,19146.169921875,16.8700008392334,4.413000106811523,4.322000026702881,4.304999828338623,4.432000160217285,4.622000217437744,70.0999984741211,74.2300033569336,3.3389999866485596,2.0594000816345215,2.274399995803833,33.099998474121094,2672.10009765625,30.91200065612793,965.2000122070312,1042.5999755859375,4.11299991607666,2570.5,977.75,287.70001220703125,42.18000030517578,426.75,548.75,346.25,15.170000076293945,298.6499938964844,8449.0,21.3799991607666,69.19000244140625,185.60000610351562,255.125,80.80000305175781,511.20001220703125,106.97000122070312,1.049399971961975,0.006490999832749367,1.2599999904632568,0.71670001745224,1.13100004196167,0.6517000198364258,0.5867499709129333,98504.7265625,102.5546875,106.515625,109.5,116.125,593.6699829101562,90.33999633789062,504.9800109863281,196.11000061035156,59.029998779296875,79.51000213623047,108.30000305175781
2024-11-22,5987.0,20849.75,44395.0,2413.60009765625,38620.0,4789.080078125,19322.58984375,15.239999771118164,4.414999961853027,4.340000152587891,4.297999858856201,4.409999847412109,4.59499979019165,71.23999786376953,75.16999816894531,3.128999948501587,2.0613999366760254,2.274899959564209,33.119998931884766,2709.89990234375,31.30900001525879,969.7000122070312,1017.0,4.073999881744385,2556.0,983.5,289.20001220703125,41.77000045776367,425.5,544.25,349.25,15.145000457763672,305.25,8897.0,21.360000610351562,71.6500015258789,186.77499389648438,254.3000030517578,81.67500305175781,505.3999938964844,107.48999786376953,1.0420000553131104,0.006477999966591597,1.252500057220459,0.7157999873161316,1.1205999851226807,0.6499000191688538,0.5830000042915344,98997.6640625,102.52734375,106.5390625,109.640625,116.28125,595.510009765625,90.38999938964844,505.7900085449219,197.7100067138672,59.189998626708984,79.48999786376953,108.4000015258789
2024-11-23,,,,,,,,,,,,,,,,,,,,,,,,,,,,,,,,,,,,,,,,,,,,,,,,,97777.28125,,,,,,,,,,,
2024-11-24,,,,,,,,,,,,,,,,,,,,,,,,,,,,,,,,,,,,,,,,,,,,,,,,,98013.8203125,,,,,,,,,,,
2024-11-25,6006.5,20880.25,44826.0,2451.0,38825.0,4799.8701171875,19405.19921875,14.600000381469727,4.40500020980835,4.260000228881836,4.171999931335449,4.264999866485596,4.447000026702881,68.94000244140625,73.01000213623047,3.36899995803833,2.000499963760376,2.235300064086914,32.06999969482422,2616.800048828125,30.209999084472656,938.7999877929688,979.7999877929688,4.0914998054504395,2580.75,985.75,293.70001220703125,41.209999084472656,424.75,535.75,345.0,14.9350004196167,308.3500061035156,8863.0,21.149999618530273,73.19999694824219,186.5,255.47500610351562,81.9749984741211,513.0999755859375,106.81999969482422,1.0513999462127686,0.006504999939352274,1.2573000192642212,0.7159500122070312,1.1315499544143677,0.6504999995231628,0.5850499868392944,93102.296875,102.69140625,107.0390625,110.53125,118.28125,597.530029296875,92.7300033569336,506.5899963378906,199.1699981689453,59.369998931884766,79.79000091552734,109.75
2024-11-26,6038.25,20993.5,44951.0,2432.39990234375,38355.0,4761.990234375,19295.98046875,14.100000381469727,4.394999980926514,4.251999855041504,4.190000057220459,4.302000045776367,4.480000019073486,68.7699966430664,72.80999755859375,3.430999994277954,1.9917999505996704,2.2404000759124756,31.760000228881836,2620.300048828125,30.38800048828125,923.2999877929688,987.2000122070312,4.039000034332275,2555.25,983.5,288.1000061035156,42.59000015258789,420.0,539.5,347.75,15.125,312.1499938964844,9033.0,21.56999969482422,73.37000274658203,186.89999389648438,258.1000061035156,83.0999984741211,522.0499877929688,107.01000213623047,1.0481499433517456,0.006548000033944845,1.2546000480651855,0.711650013923645,1.1294499635696411,0.6460999846458435,0.5828499794006348,91985.3203125,102.69140625,106.953125,110.328125,117.875,600.6500244140625,92.37000274658203,509.30999755859375,199.1199951171875,59.040000915527344,79.63999938964844,109.47000122070312
2024-11-27,6015.0,20813.0,44828.0,2434.300048828125,37825.0,4733.14990234375,19261.75,14.100000381469727,4.385000228881836,4.208000183105469,4.11299991607666,4.242000102996826,4.427000045776367,68.72000122070312,72.83000183105469,3.2039999961853027,1.9733999967575073,2.2035999298095703,31.790000915527344,2639.89990234375,30.111000061035156,926.9000244140625,982.7999877929688,4.066999912261963,2556.5,988.75,290.5,40.75,415.75,537.75,334.25,15.170000076293945,326.1499938964844,8844.0,21.690000534057617,73.56999969482422,188.0,258.7749938964844,82.4000015258789,513.75,106.08000183105469,1.0570499897003174,0.006637999787926674,1.267199993133545,0.713100016117096,1.1362500190734863,0.6496999859809875,0.5898500084877014,95962.53125,102.765625,107.2265625,110.734375,118.625,598.8300170898438,93.01000213623047,505.29998779296875,199.32000732421875,59.29999923706055,79.87999725341797,109.87000274658203
2024-11-28,,,,,,4758.64990234375,19425.73046875,,,,,,,,,,,,,,,,,,,,,,,,,,,,,,,,,,,,,,,,,,95652.46875,,,,,,,,,,,
2024-11-29,6051.5,20993.5,45055.0,2444.60009765625,38325.0,4804.39990234375,19626.44921875,13.510000228881836,4.373000144958496,4.182000160217285,4.054999828338623,4.177999973297119,4.366000175476074,68.0,72.94000244140625,3.36299991607666,1.9436999559402466,2.193000078201294,32.349998474121094,2657.0,30.684999465942383,949.5,990.2000122070312,4.08050012588501,2562.0,989.5,287.1000061035156,41.61000061035156,423.0,532.25,337.5,15.21500015258789,321.6499938964844,9220.0,21.079999923706055,73.3499984741211,187.97500610351562,259.4750061035156,82.07499694824219,500.75,105.73999786376953,1.0573500394821167,0.006697000004351139,1.2724000215530396,0.7146999835968018,1.1368999481201172,0.6522499918937683,0.5923500061035156,97461.5234375,102.84375,107.3984375,111.015625,119.28125,602.5499877929688,93.97000122070312,509.739990234375,199.7899932861328,59.90999984741211,80.04000091552734,110.55000305175781
2024-11-30,,,,,,,,,,,,,,,,,,,,,,,,,,,,,,,,,,,,,,,,,,,,,,,,,96449.0546875,,,,,,,,,,,
2024-12-01,,,,,,,,,,,,,,,,,,,,,,,,,,,,,,,,,,,,,,,,,,,,,,,,,97279.7890625,,,,,,,,,,,
2024-12-02,6061.75,21218.0,44905.0,2442.5,38630.0,4846.72998046875,19933.619140625,13.34000015258789,4.380000114440918,4.142000198364258,4.09499979019165,4.196000099182129,4.361000061035156,68.0999984741211,71.83000183105469,3.2130000591278076,1.917199969291687,2.1777000427246094,31.90999984741211,2634.89990234375,30.448999404907227,945.9000244140625,991.9000244140625,4.075500011444092,2559.0,985.25,283.3999938964844,41.27000045776367,424.5,537.5,348.5,15.289999961853027,299.20001220703125,9197.0,21.06999969482422,72.43000030517578,187.52499389648438,256.8500061035156,83.2249984741211,510.70001220703125,106.44999694824219,1.0495500564575195,0.0066999997943639755,1.2649999856948853,0.7123000025749207,1.1294000148773193,0.6472499966621399,0.588450014591217,95865.3046875,102.80078125,107.3203125,110.953125,119.4375,603.6300048828125,93.87000274658203,515.2899780273438,198.61000061035156,60.06999969482422,79.6500015258789,110.33999633789062
2024-12-03,6063.25,21281.5,44808.0,2423.5,39260.0,4878.509765625,20016.75,13.300000190734863,4.35699987411499,4.124000072479248,4.105999946594238,4.2230000495910645,4.394000053405762,69.94000244140625,73.62000274658203,3.0420000553131104,1.962399959564209,2.2177000045776367,31.889999389648438,2644.699951171875,31.07699966430664,955.7999877929688,983.7000122070312,4.145999908447266,2590.5,991.75,286.0,41.95000076293945,423.25,536.75,356.75,15.295000076293945,297.70001220703125,8833.0,21.3700008392334,72.69000244140625,188.47500610351562,259.29998779296875,83.25,512.0,106.37000274658203,1.0509999990463257,0.006699000019580126,1.266700029373169,0.7110499739646912,1.1298999786376953,0.6480500102043152,0.5875999927520752,96002.1640625,102.859375,107.2890625,110.8125,118.96875,603.9099731445312,93.05999755859375,516.8699951171875,197.60000610351562,60.310001373291016,79.6500015258789,109.94999694824219
2024-12-04,6098.5,21536.5,45106.0,2432.300048828125,39640.0,4919.02001953125,20232.140625,13.449999809265137,4.34499979019165,4.067999839782715,4.061999797821045,4.179999828338623,4.3470001220703125,68.54000091552734,72.30999755859375,3.0429999828338623,1.9391000270843506,2.1673998832702637,31.68000030517578,2653.800048828125,31.5049991607666,948.9000244140625,988.7999877929688,4.142000198364258,2625.25,983.75,288.0,41.22999954223633,422.0,538.0,356.0,15.140000343322754,305.95001220703125,9196.0,21.260000228881836,72.5999984741211,188.375,256.95001220703125,82.5,504.20001220703125,106.33999633789062,1.051900029182434,0.006657999940216541,1.2699999809265137,0.7113000154495239,1.132599949836731,0.6435999870300293,0.5861499905586243,98768.53125,102.984375,107.4609375,111.109375,119.5625,607.6599731445312,94.05999755859375,523.260009765625,197.3699951171875,60.380001068115234,79.83999633789062,110.4800033569336
2024-12-05,6088.75,21473.25,44867.0,2402.199951171875,39350.0,4951.580078125,20358.80078125,13.539999961853027,4.329999923706055,4.10099983215332,4.076000213623047,4.179999828338623,4.335999965667725,68.30000305175781,72.08999633789062,3.0789999961853027,1.9325000047683716,2.1556999683380127,31.950000762939453,2626.60009765625,31.134000778198242,937.2000122070312,970.0999755859375,4.135000228881836,2614.25,993.75,287.3999938964844,42.119998931884766,426.5,546.75,341.5,15.154999732971191,315.75,9648.0,21.200000762939453,72.38999938964844,186.97500610351562,254.9250030517578,82.42500305175781,494.70001220703125,105.70999908447266,1.059149980545044,0.006674000062048435,1.2756999731063843,0.7131999731063843,1.1401000022888184,0.6453999876976013,0.5885000228881836,96593.5703125,102.97265625,107.4140625,111.0625,119.65625,606.6599731445312,94.25,521.8099975585938,196.58999633789062,60.63999938964844,79.7699966430664,110.44999694824219
2024-12-06,6099.0,21656.75,44706.0,2411.699951171875,39350.0,4977.77978515625,20384.609375,12.770000457763672,4.295000076293945,4.050000190734863,4.033999919891357,4.151000022888184,4.330999851226807,67.19999694824219,71.12000274658203,3.0759999752044678,1.9062000513076782,2.1326000690460205,31.799999237060547,2638.60009765625,31.18600082397461,930.0,960.2999877929688,4.138500213623047,2549.0,993.75,283.79998779296875,42.779998779296875,430.75,542.5,336.75,15.085000038146973,332.5,9767.0,21.809999465942383,71.4000015258789,187.375,255.8249969482422,83.30000305175781,504.0,105.97000122070312,1.0557500123977661,0.006674999836832285,1.2735999822616577,0.7064999938011169,1.1387499570846558,0.6384999752044678,0.5829499959945679,99920.7109375,103.0703125,107.6171875,111.328125,119.9375,607.8099975585938,94.38999938964844,526.47998046875,195.9199981689453,60.58000183105469,79.9000015258789,110.69999694824219
2024-12-07,,,,,,,,,,,,,,,,,,,,,,,,,,,,,,,,,,,,,,,,,,,,,,,,,99923.3359375,,,,,,,,,,,
2024-12-08,,,,,,,,,,,,,,,,,,,,,,,,,,,,,,,,,,,,,,,,,,,,,,,,,101236.015625,,,,,,,,,,,
2024-12-09,6065.75,21483.75,44479.0,2398.300048828125,39315.0,4985.4599609375,20345.9609375,14.1899995803833,4.293000221252441,4.072999954223633,4.072000026702881,4.198999881744385,4.389999866485596,68.37000274658203,72.13999938964844,3.181999921798706,1.9524999856948853,2.183500051498413,30.3700008392334,2664.89990234375,32.215999603271484,950.2000122070312,988.5999755859375,4.223499774932861,2524.5,990.0,286.1000061035156,42.630001068115234,434.0,541.25,332.0,15.109999656677246,332.29998779296875,9977.0,21.5,69.94999694824219,187.8000030517578,255.8000030517578,82.9000015258789,491.79998779296875,106.1500015258789,1.0557500123977661,0.006616999860852957,1.2752000093460083,0.7064499855041504,1.1389000415802002,0.6444000005722046,0.586899995803833,97432.71875,103.0625,107.46875,111.0625,119.15625,604.6799926757812,93.5199966430664,522.3800048828125,194.6999969482422,60.93000030517578,79.80000305175781,110.41999816894531
2024-12-10,6046.25,21405.25,44335.0,2388.800048828125,39320.0,4951.740234375,20329.16015625,14.180000305175781,4.284999847412109,4.104000091552734,4.0970001220703125,4.2210001945495605,4.4079999923706055,68.58999633789062,72.19000244140625,3.1630001068115234,1.9567999839782715,2.1861000061035156,30.360000610351562,2697.60009765625,32.362998962402344,945.2999877929688,974.5999755859375,4.223499774932861,2518.25,994.75,288.79998779296875,42.560001373291016,440.5,542.0,331.25,15.09000015258789,335.6499938964844,10387.0,21.040000915527344,69.4800033569336,189.85000610351562,257.32501220703125,82.92500305175781,500.20001220703125,106.4000015258789,1.052899956703186,0.006587000098079443,1.277400016784668,0.7062000036239624,1.1334500312805176,0.6381499767303467,0.5801500082015991,96675.4296875,103.02734375,107.359375,110.875,118.84375,602.7999877929688,93.08000183105469,520.5999755859375,193.8000030517578,60.2599983215332,79.83999633789062,110.25
2024-12-11,6092.75,21793.5,44222.0,2399.699951171875,40070.0,4959.35009765625,20399.16015625,13.579999923706055,4.255000114440918,4.119999885559082,4.133999824523926,4.270999908447266,4.479000091552734,70.29000091552734,73.5199966430664,3.378000020980835,1.98580002784729,2.223299980163574,30.850000381469727,2733.800048828125,32.5620002746582,947.0,1002.7000122070312,4.214000225067139,2535.0,995.5,288.0,42.2599983215332,438.0,543.5,334.75,15.03499984741211,321.70001220703125,10458.0,21.280000686645508,70.1500015258789,192.25,259.04998779296875,83.5,498.04998779296875,106.70999908447266,1.0493500232696533,0.006556000094860792,1.2745000123977661,0.7063500285148621,1.1308000087738037,0.6370499730110168,0.5785999894142151,101173.03125,103.0390625,107.21875,110.609375,118.0,607.4600219726562,92.19999694824219,529.9199829101562,193.39999389648438,60.619998931884766,79.86000061035156,109.94999694824219
2024-12-12,6060.75,21651.25,43977.0,2365.5,39655.0,4965.52978515625,20426.26953125,13.920000076293945,4.2230000495910645,4.1529998779296875,4.176000118255615,4.323999881744385,4.546999931335449,70.0199966430664,73.41000366210938,3.4549999237060547,1.9884999990463257,2.236599922180176,30.100000381469727,2687.5,31.22800064086914,936.5999755859375,983.0,4.195000171661377,2535.5,995.75,286.5,42.470001220703125,431.75,538.75,339.25,15.005000114440918,322.6000061035156,10702.0,20.889999389648438,70.08999633789062,192.125,258.3500061035156,83.55000305175781,501.0,106.95999908447266,1.0473500490188599,0.006558000110089779,1.2669999599456787,0.7039499878883362,1.12214994430542,0.6363499760627747,0.5766500234603882,100043.0,102.97265625,107.0625,110.3125,117.15625,604.3300170898438,91.08000183105469,526.5,192.57000732421875,60.11000061035156,79.63999938964844,109.33000183105469
2024-12-13,6055.5,21795.75,43866.0,2349.699951171875,39690.0,4967.9501953125,20405.919921875,13.8100004196167,4.2179999351501465,4.193999767303467,4.248000144958496,4.39900016784668,4.614999771118164,71.29000091552734,74.48999786376953,3.2799999713897705,2.001800060272217,2.2699999809265137,29.389999389648438,2656.0,30.655000686645508,921.2999877929688,953.0999755859375,4.14900016784668,2521.25,988.25,284.1000061035156,42.279998779296875,430.0,526.5,340.5,14.979999542236328,320.8500061035156,11181.0,20.719999313354492,69.2699966430664,193.64999389648438,257.6499938964844,83.7249984741211,512.9000244140625,107.0,1.0494500398635864,0.006506999954581261,1.2616000175476074,0.7027000188827515,1.120300054550171,0.6356499791145325,0.5756999850273132,101459.2578125,102.890625,106.7890625,109.828125,116.15625,604.2100219726562,90.1500015258789,530.530029296875,192.02999877929688,60.0,79.41000366210938,108.72000122070312
2024-12-14,,,,,,,,,,,,,,,,,,,,,,,,,,,,,,,,,,,,,,,,,,,,,,,,,101372.96875,,,,,,,,,,,
2024-12-15,,,,,,,,,,,,,,,,,,,,,,,,,,,,,,,,,,,,,,,,,,,,,,,,,104298.6953125,,,,,,,,,,,
2024-12-16,6080.5,22110.25,43768.0,2363.10009765625,39745.0,4947.02978515625,20313.810546875,14.6899995803833,4.228000164031982,4.2179999351501465,4.254000186920166,4.396999835968018,4.607999801635742,70.70999908447266,73.91000366210938,3.2139999866485596,1.9757000207901,2.2639999389648438,28.90999984741211,2651.39990234375,30.69700050354004,938.2999877929688,944.7999877929688,4.143499851226807,2488.75,982.0,286.8999938964844,41.720001220703125,445.0,550.0,368.0,14.949999809265137,328.75,11821.0,20.68000030517578,69.05999755859375,192.02499389648438,255.5500030517578,83.55000305175781,532.9000244140625,106.86000061035156,1.049149990081787,0.006477999966591597,1.2661000490188599,0.7024499773979187,1.1180499792099,0.6351500153541565,0.57669997215271,106029.71875,102.90625,106.7421875,109.8125,116.125,606.7899780273438,90.41999816894531,538.1699829101562,191.0800018310547,59.7599983215332,79.55999755859375,108.86000061035156
2024-12-17,6053.75,22014.75,43474.0,2335.300048828125,39360.0,4942.580078125,20246.369140625,15.869999885559082,4.239999771118164,4.2179999351501465,4.248000144958496,4.385000228881836,4.578999996185303,70.08000183105469,73.19000244140625,3.308000087738037,1.9438999891281128,2.2279000282287598,28.709999084472656,2644.39990234375,30.572999954223633,941.5,932.5999755859375,4.0914998054504395,2464.0,976.75,287.20001220703125,40.619998931884766,443.5,545.0,364.0,14.979999542236328,325.45001220703125,11765.0,19.84000015258789,68.69000244140625,192.25,257.4750061035156,83.19999694824219,526.4000244140625,106.95999908447266,1.0500999689102173,0.0065449997782707214,1.270799994468689,0.6995499730110168,1.132200002670288,0.6335499882698059,0.5759999752044678,106140.6015625,102.9296875,106.765625,109.890625,116.34375,604.2899780273438,90.63999938964844,535.7999877929688,188.77000427246094,59.58000183105469,79.38999938964844,108.87000274658203
2024-12-18,5872.25,21218.75,42323.0,2231.800048828125,38550.0,4957.27978515625,20242.5703125,27.6200008392334,4.23199987411499,4.304999828338623,4.380000114440918,4.49399995803833,4.658999919891357,70.58000183105469,73.38999938964844,3.374000072479248,1.9428000450134277,2.255000114440918,27.799999237060547,2636.5,30.40999984741211,932.5999755859375,919.5999755859375,4.099999904632568,2467.0,951.75,279.5,39.54999923706055,437.25,541.25,359.5,14.8149995803833,333.1499938964844,12565.0,19.649999618530273,68.08000183105469,191.3000030517578,257.0,83.69999694824219,535.4000244140625,108.02999877929688,1.038849949836731,0.00648899981752038,1.2591999769210815,0.6942499876022339,1.12214994430542,0.6240500211715698,0.5669500231742859,100041.5390625,102.69140625,106.1875,109.0625,115.03125,586.280029296875,89.16000366210938,516.469970703125,183.77999877929688,58.16999816894531,78.16999816894531,107.13999938964844
2024-12-19,5868.75,21112.75,42358.0,2221.800048828125,39120.0,4879.0,19969.859375,24.09000015258789,4.21999979019165,4.270999908447266,4.425000190734863,4.570000171661377,4.739999771118164,69.91000366210938,72.87999725341797,3.5840001106262207,1.9227999448776245,2.2376999855041504,28.049999237060547,2592.199951171875,29.0939998626709,921.5,897.0999755859375,4.020500183105469,2448.25,963.0,284.1000061035156,40.0099983215332,440.75,533.0,355.75,14.40999984741211,323.75,12107.0,19.399999618530273,67.91000366210938,190.35000610351562,254.47500610351562,83.625,547.7000122070312,108.41000366210938,1.03725004196167,0.006372999865561724,1.2502000331878662,0.6957499980926514,1.1240999698638916,0.6243000030517578,0.564050018787384,97490.953125,102.83984375,106.1171875,108.703125,113.75,586.0999755859375,87.80999755859375,514.1699829101562,183.22999572753906,58.16999816894531,78.08999633789062,106.55999755859375
2024-12-20,5840.259765625,20947.98046875,42197.66015625,2194.050048828125,38985.0,4862.27978515625,19884.75,18.360000610351562,4.215000152587891,4.25,4.380000114440918,4.52400016784668,4.716000080108643,69.45999908447266,72.94000244140625,3.747999906539917,1.94159996509552,2.2316999435424805,27.969999313354492,2628.699951171875,29.65999984741211,934.4000244140625,906.5999755859375,4.040999889373779,2481.0,974.5,294.5,39.47999954223633,446.25,533.0,351.25,14.074999809265137,325.0,11954.0,19.510000228881836,68.05999755859375,191.3249969482422,255.60000610351562,85.92500305175781,528.9500122070312,107.62000274658203,1.04544997215271,0.006428999826312065,1.259600043296814,0.697350025177002,1.1323000192642212,0.6266999840736389,0.5670999884605408,97755.9296875,102.828125,106.2890625,108.96875,114.5,591.1500244140625,88.30999755859375,518.6599731445312,185.5399932861328,57.290000915527344,78.58000183105469,106.9800033569336
2024-12-21,,,,,,,,,,,,,,,,,,,,,,,,,,,,,,,,,,,,,,,,,,,,,,,,,97224.7265625,,,,,,,,,,,
2024-12-22,,,,,,,,,,,,,,,,,,,,,,,,,,,,,,,,,,,,,,,,,,,,,,,,,95104.9375,,,,,,,,,,,
2024-12-23,6036.0,21753.25,43319.0,2258.699951171875,39400.0,4852.93017578125,19848.76953125,16.780000686645508,4.215000152587891,4.306000232696533,4.445000171661377,4.598999977111816,4.783999919891357,69.23999786376953,72.62999725341797,3.6559998989105225,1.9383000135421753,2.226300001144409,28.260000228881836,2612.300048828125,29.88800048828125,946.9000244140625,915.2999877929688,4.0229997634887695,2477.25,969.5,289.5,40.22999954223633,447.75,540.5,341.0,14.010000228881836,327.25,11746.0,19.540000915527344,69.41999816894531,190.97500610351562,256.6000061035156,84.375,502.8500061035156,108.04000091552734,1.042099952697754,0.006380999926477671,1.2532999515533447,0.696399986743927,1.1233500242233276,0.6248499751091003,0.5655999779701233,94686.2421875,102.80078125,106.078125,108.46875,113.5625,594.6900024414062,87.5,522.8699951171875,185.8300018310547,57.61000061035156,78.37000274658203,106.66999816894531
2024-12-24,6098.0,22028.5,43645.0,2278.89990234375,39350.0,,,14.270000457763672,4.199999809265137,4.309999942779541,4.438000202178955,4.591000080108643,4.764999866485596,70.0999984741211,73.58000183105469,3.946000099182129,1.958899974822998,2.2214999198913574,28.079999923706055,2620.0,29.974000930786133,958.5,938.2999877929688,4.049499988555908,2532.0,975.25,292.8999938964844,39.84000015258789,448.5,534.75,332.5,14.050000190734863,328.6000061035156,11852.0,19.540000915527344,68.77999877929688,190.8000030517578,255.85000610351562,84.375,511.45001220703125,108.26000213623047,1.0397000312805176,0.006374000106006861,1.2517999410629272,0.6960999965667725,1.1199500560760498,0.6228500008583069,0.5640000104904175,98676.09375,102.82421875,106.2421875,108.5625,113.875,601.2999877929688,87.87000274658203,529.9600219726562,187.36000061035156,57.86000061035156,78.62000274658203,107.0
2024-12-25,,,,,,,,,,,,,,,,,,,,,,,,,,,,,,,,,,,,,,,,,,,,,,,,,99299.1953125,,,,,,,,,,,
2024-12-26,6095.25,22008.0,43702.0,2300.5,39800.0,,,14.729999542236328,4.215000152587891,4.327000141143799,4.433000087738037,4.578999996185303,4.76200008392334,69.62000274658203,73.26000213623047,3.7149999141693115,1.9457999467849731,2.2053000926971436,28.09000015258789,2638.800048828125,30.047000885009766,952.2000122070312,906.4000244140625,4.072000026702881,2507.0,988.0,305.70001220703125,39.470001220703125,453.75,541.0,330.5,13.914999961853027,324.6499938964844,11027.0,19.260000228881836,68.75,192.77499389648438,259.29998779296875,84.19999694824219,496.45001220703125,108.12999725341797,1.0426499843597412,0.00634300010278821,1.2524000406265259,0.6942499876022339,1.122249960899353,0.6222000122070312,0.5629500150680542,95795.515625,102.828125,106.28125,108.65625,113.9375,601.3400268554688,87.81999969482422,529.5999755859375,187.67999267578125,57.970001220703125,78.81999969482422,107.0999984741211
2024-12-27,6027.0,21698.5,43344.0,2263.300048828125,40220.0,4898.8798828125,19984.3203125,15.949999809265137,4.177999973297119,4.320000171661377,4.455999851226807,4.61899995803833,4.810999870300293,70.5999984741211,74.16999816894531,3.5139999389648438,1.9581999778747559,2.244800090789795,28.100000381469727,2617.199951171875,29.655000686645508,917.5,893.5999755859375,4.0625,2530.0,980.0,300.8999938964844,39.52000045776367,454.0,546.5,318.0,13.760000228881836,322.6499938964844,10124.0,19.3700008392334,68.88999938964844,193.5,261.375,84.1500015258789,501.8999938964844,108.0,1.0435999631881714,0.006337999831885099,1.2578999996185303,0.694350004196167,1.1187000274658203,0.6219000220298767,0.5641999840736389,94164.859375,102.84375,106.1953125,108.4375,113.28125,595.010009765625,87.0999984741211,522.5599975585938,186.50999450683594,57.81999969482422,78.55000305175781,106.6500015258789
2024-12-28,,,,,,,,,,,,,,,,,,,,,,,,,,,,,,,,,,,,,,,,,,,,,,,,,95163.9296875,,,,,,,,,,,
2024-12-29,,,,,,,,,,,,,,,,,,,,,,,,,,,,,,,,,,,,,,,,,,,,,,,,,93530.2265625,,,,,,,,,,,
2024-12-30,5958.75,21416.25,42927.0,2247.699951171875,39530.0,4869.27978515625,19909.140625,17.399999618530273,4.182000160217285,4.248000144958496,4.369999885559082,4.545000076293945,4.763000011444092,70.98999786376953,74.38999938964844,3.936000108718872,1.9763000011444092,2.299499988555908,26.829999923706055,2606.10009765625,29.106000900268555,902.4000244140625,894.2000122070312,4.045499801635742,2545.25,982.0,302.6000061035156,39.720001220703125,452.25,548.25,324.0,13.609999656677246,321.0,11507.0,19.1299991607666,68.4800033569336,194.0749969482422,261.625,81.625,494.5,108.12999725341797,1.0401500463485718,0.006370999850332737,1.2541999816894531,0.6968500018119812,1.1153500080108643,0.6223999857902527,0.5644999742507935,92643.2109375,102.9765625,106.65625,108.96875,114.09375,588.219970703125,87.80000305175781,515.6099853515625,184.64999389648438,57.40999984741211,78.66000366210938,107.11000061035156
2024-12-31,5935.75,21226.5,42873.0,2249.800048828125,39485.0,,,17.350000381469727,4.208000183105469,4.229000091552734,4.380000114440918,4.572999954223633,4.785999774932861,71.72000122070312,74.63999938964844,3.632999897003174,2.001499891281128,2.3206000328063965,26.780000686645508,2629.199951171875,28.940000534057617,894.0,902.9000244140625,3.9860000610351562,2521.75,998.25,307.6000061035156,39.779998779296875,458.5,551.5,330.5,14.024999618530273,319.75,11675.0,19.260000228881836,68.4000015258789,193.85000610351562,263.0249938964844,81.30000305175781,497.5,108.48999786376953,1.035949945449829,0.00636299978941679,1.2508000135421753,0.6955999732017517,1.1102999448776245,0.6189000010490417,0.5597500205039978,93429.203125,102.97265625,106.5625,108.75,113.84375,586.0800170898438,87.33000183105469,511.2300109863281,185.1300048828125,57.40999984741211,78.6500015258789,106.83999633789062
2025-01-01,,,,,,,,,,,,,,,,,,,,,,,,,,,,,,,,,,,,,,,,,,,,,,,,,94419.7578125,,,,,,,,,,,
2025-01-02,5916.5,21167.5,42694.0,2249.39990234375,39470.0,,20024.66015625,17.93000030517578,4.208000183105469,4.2270002365112305,4.380000114440918,4.574999809265137,4.797999858856201,73.12999725341797,75.93000030517578,3.6600000858306885,2.0518999099731445,2.3540000915527344,28.110000610351562,2658.89990234375,29.621999740600586,908.9000244140625,905.2000122070312,3.9885001182556152,2498.25,999.5,310.8999938964844,39.720001220703125,459.5,545.75,329.5,14.045000076293945,326.8500061035156,11137.0,19.729999542236328,68.56999969482422,193.60000610351562,266.4750061035156,81.1500015258789,499.1499938964844,109.38999938964844,1.0253499746322632,0.00634999992325902,1.2366000413894653,0.6938999891281128,1.1035000085830688,0.6192499995231628,0.5590999722480774,96886.875,102.8046875,106.34375,108.8125,113.75,584.6400146484375,87.56999969482422,510.2300109863281,184.75999450683594,57.20000076293945,78.83999633789062,106.8499984741211
2025-01-03,5989.5,21516.5,43021.0,2283.39990234375,39680.0,4871.4501953125,19906.080078125,16.1299991607666,4.192999839782715,4.256999969482422,4.409999847412109,4.5960001945495605,4.814000129699707,73.95999908447266,76.51000213623047,3.3540000915527344,2.0536999702453613,2.3478000164031982,28.84000015258789,2645.0,29.805999755859375,934.5999755859375,915.5999755859375,4.0395002365112305,2458.0,981.0,299.8999938964844,39.400001525878906,450.75,529.25,322.25,13.84000015258789,318.6499938964844,11238.0,19.649999618530273,67.66000366210938,194.0500030517578,264.82501220703125,80.7750015258789,505.95001220703125,108.94999694824219,1.0304499864578247,0.0063669998198747635,1.2425999641418457,0.6923499703407288,1.1087000370025635,0.6215999722480774,0.5612999796867371,98107.4296875,102.74609375,106.21875,108.640625,113.53125,591.9500122070312,87.29000091552734,518.5800170898438,186.50999450683594,57.56999969482422,78.95999908447266,106.5999984741211
2025-01-04,,,,,,,,,,,,,,,,,,,,,,,,,,,,,,,,,,,,,,,,,,,,,,,,,98236.2265625,,,,,,,,,,,
2025-01-05,,,,,,,,,,,,,,,,,,,,,,,,,,,,,,,,,,,,,,,,,,,,,,,,,98314.9609375,,,,,,,,,,,
2025-01-06,6020.5,21744.5,42982.0,2282.60009765625,39765.0,4986.64013671875,20216.189453125,16.040000915527344,4.190000057220459,4.248000144958496,4.421999931335449,4.618000030517578,4.8379998207092285,73.55999755859375,76.30000305175781,3.671999931335449,2.0355000495910645,2.3552000522613525,29.280000686645508,2638.39990234375,30.341999053955078,929.2999877929688,909.5999755859375,4.126999855041504,2469.25,992.5,298.6000061035156,39.7599983215332,457.75,540.5,331.0,13.850000381469727,318.6000061035156,11377.0,19.329999923706055,68.68000030517578,195.1999969482422,266.29998779296875,79.6500015258789,526.1500244140625,108.26000213623047,1.0390499830245972,0.006351999938488007,1.251099944114685,0.6976500153541565,1.1141999959945679,0.6241000294685364,0.5642499923706055,102078.0859375,102.76171875,106.171875,108.53125,113.125,595.3599853515625,86.9000015258789,524.5399780273438,186.3000030517578,57.939998626708984,79.0999984741211,106.33000183105469
2025-01-07,5954.25,21359.75,42803.0,2263.89990234375,39825.0,5011.81982421875,20340.5703125,17.81999969482422,4.203000068664551,4.2779998779296875,4.465000152587891,4.683000087738037,4.909999847412109,74.25,77.05000305175781,3.4489998817443848,2.026599884033203,2.366300106048584,28.209999084472656,2656.699951171875,30.44700050354004,962.7999877929688,921.2999877929688,4.1605000495910645,2491.75,992.25,295.29998779296875,40.720001220703125,458.0,542.5,326.0,13.84000015258789,320.5,11210.0,19.450000762939453,68.51000213623047,195.5749969482422,268.3999938964844,79.17500305175781,507.29998779296875,108.54000091552734,1.0357999801635742,0.00634300010278821,1.2489999532699585,0.6972000002861023,1.1090999841690063,0.6238999962806702,0.5644500255584717,96922.703125,102.71484375,106.0,108.171875,112.15625,588.6300048828125,85.91999816894531,515.1799926757812,186.02000427246094,57.790000915527344,78.83999633789062,105.83999633789062
2025-01-08,5959.25,21360.75,42878.0,2254.0,40020.0,4996.39013671875,20329.939453125,17.700000762939453,4.204999923706055,4.267000198364258,4.4670000076293945,4.692999839782715,4.932000160217285,73.31999969482422,76.16000366210938,3.6510000228881836,2.010200023651123,2.3506999015808105,27.84000015258789,2664.5,30.45199966430664,969.7999877929688,921.5,4.227499961853027,2467.0,987.5,292.6000061035156,41.11000061035156,454.0,536.25,324.0,14.03499984741211,316.45001220703125,10453.0,19.239999771118164,68.2300033569336,193.6999969482422,265.57501220703125,79.4749984741211,522.6500244140625,109.08999633789062,1.0311000347137451,0.0063149998895823956,1.2355999946594238,0.6951500177383423,1.1051499843597412,0.6210500001907349,0.5608000159263611,95043.5234375,102.73046875,106.015625,108.140625,111.96875,589.489990234375,86.02999877929688,515.27001953125,186.22999572753906,57.66999816894531,78.94000244140625,106.01000213623047
2025-01-09,5944.75,21301.5,42822.0,2246.199951171875,39630.0,5017.91015625,20317.099609375,,,4.247000217437744,,,,73.91999816894531,76.91999816894531,3.7009999752044678,2.0283000469207764,2.378200054168701,,2683.800048828125,30.791000366210938,970.2999877929688,923.9000244140625,4.2795000076293945,2507.5,992.25,291.79998779296875,42.279998779296875,456.0,534.0,322.5,14.270000457763672,318.5,10927.0,19.100000381469727,68.5,197.60000610351562,269.2250061035156,81.7750015258789,505.6499938964844,109.18000030517578,1.0298500061035156,0.006324999965727329,1.2309000492095947,0.6948999762535095,1.103600025177002,0.619700014591217,0.5603500008583069,92484.0390625,102.78125,106.078125,108.21875,112.125,,,,,,,
2025-01-10,5866.25,21016.0,42160.0,2201.699951171875,38860.0,4977.259765625,20214.7890625,19.540000915527344,4.2129998207092285,4.410999774932861,4.5929999351501465,4.776000022888184,4.965000152587891,76.56999969482422,79.76000213623047,3.989000082015991,2.074899911880493,2.501699924468994,27.170000076293945,2708.5,31.090999603271484,982.0999755859375,961.7000122070312,4.274499893188477,2549.25,1013.5,290.6000061035156,45.04999923706055,470.5,530.75,328.5,14.369999885559082,323.8500061035156,10570.0,19.219999313354492,67.01000213623047,198.77499389648438,272.3500061035156,82.55000305175781,494.3999938964844,109.6500015258789,1.024549961090088,0.006333999801427126,1.2209999561309814,0.693149983882904,1.098099946975708,0.614799976348877,0.5563499927520752,94701.453125,102.51171875,105.46875,107.390625,111.21875,580.489990234375,85.45999908447266,507.19000244140625,183.57000732421875,56.689998626708984,78.52999877929688,105.4000015258789
2025-01-11,,,,,,,,,,,,,,,,,,,,,,,,,,,,,,,,,,,,,,,,,,,,,,,,,94566.59375,,,,,,,,,,,
2025-01-12,,,,,,,,,,,,,,,,,,,,,,,,,,,,,,,,,,,,,,,,,,,,,,,,,94488.4375,,,,,,,,,,,
2025-01-13,5874.5,20947.25,42523.0,2207.199951171875,38785.0,4954.2099609375,20132.849609375,19.190000534057617,4.2179999351501465,4.395999908447266,4.617000102996826,4.802999973297119,4.986000061035156,78.81999969482422,81.01000213623047,3.934000015258789,2.1003000736236572,2.5332999229431152,27.100000381469727,2673.5,30.090999603271484,962.0999755859375,934.7999877929688,4.295499801635742,2568.5,1041.5,300.20001220703125,45.470001220703125,476.5,545.0,344.0,14.369999885559082,325.95001220703125,10928.0,18.899999618530273,67.63999938964844,197.39999389648438,271.8500061035156,83.17500305175781,479.6499938964844,109.95999908447266,1.0200999975204468,0.00635599996894598,1.2145999670028687,0.6938999891281128,1.0957499742507935,0.6149500012397766,0.5561500191688538,94516.5234375,102.50390625,105.375,107.234375,110.84375,581.3900146484375,85.43000030517578,505.55999755859375,185.22000122070312,56.5099983215332,78.51000213623047,105.0999984741211
2025-01-14,5882.25,20919.5,42752.0,2232.199951171875,38795.0,4980.47021484375,20271.330078125,18.709999084472656,4.2129998207092285,4.3520002365112305,4.590000152587891,4.788000106811523,4.984000205993652,77.5,79.91999816894531,3.9679999351501465,2.104599952697754,2.5253000259399414,27.200000762939453,2677.5,30.131999969482422,936.2000122070312,940.7000122070312,4.310500144958496,2571.75,1043.0,298.3999938964844,45.72999954223633,474.5,546.25,354.25,14.53499984741211,321.95001220703125,10951.0,18.31999969482422,67.5,197.39999389648438,274.1000061035156,83.625,480.29998779296875,109.2699966430664,1.0312000513076782,0.00635599996894598,1.219499945640564,0.6955000162124634,1.1032500267028809,0.6186000108718872,0.5601500272750854,96534.046875,102.56640625,105.46875,107.359375,110.90625,582.1900024414062,85.29000091552734,505.0799865722656,186.82000732421875,56.84000015258789,78.61000061035156,105.22000122070312
2025-01-15,5989.0,21400.25,43466.0,2276.199951171875,38830.0,5032.31005859375,20574.6796875,16.1200008392334,4.204999923706055,4.254000186920166,4.443999767303467,4.6529998779296875,4.879000186920166,80.04000091552734,82.02999877929688,4.083000183105469,2.158900022506714,2.6135001182556152,27.649999618530273,2712.5,31.319000244140625,931.2999877929688,965.5,4.359499931335449,2608.25,1042.75,302.0,46.27000045776367,478.75,547.0,349.75,14.829999923706055,330.45001220703125,10821.0,18.010000228881836,67.7699966430664,198.52499389648438,275.2250061035156,83.125,481.20001220703125,109.08999633789062,1.030750036239624,0.006415999960154295,1.2226999998092651,0.6988000273704529,1.1031500101089478,0.6229000091552734,0.5620999932289124,100504.4921875,102.75390625,106.078125,108.328125,112.53125,592.780029296875,86.76000213623047,516.7000122070312,188.9600067138672,57.5099983215332,79.30000305175781,106.4800033569336
2025-01-16,5975.5,21249.75,43372.0,2279.199951171875,38405.0,5106.93017578125,20655.390625,16.600000381469727,4.195000171661377,4.215000152587891,4.395999908447266,4.605999946594238,4.843999862670898,78.68000030517578,81.29000091552734,4.257999897003174,2.123199939727783,2.6171998977661133,27.360000610351562,2746.39990234375,31.523000717163086,934.2999877929688,950.2999877929688,4.4105000495910645,2655.5,1019.0,294.3999938964844,45.029998779296875,474.5,537.5,349.75,14.640000343322754,327.1499938964844,10502.0,18.40999984741211,66.7300033569336,196.60000610351562,273.45001220703125,82.30000305175781,465.04998779296875,108.95999908447266,1.0313999652862549,0.006461999844759703,1.2232999801635742,0.6955500245094299,1.1047999858856201,0.6212000250816345,0.5612999796867371,99756.90625,102.8046875,106.265625,108.609375,113.0,591.6400146484375,87.04000091552734,513.0800170898438,190.1300048828125,57.650001525878906,79.38999938964844,106.69000244140625
2025-01-17,6033.5,21594.75,43695.0,2286.89990234375,38865.0,5148.2998046875,20903.390625,15.970000267028809,4.192999839782715,4.255000114440918,4.414000034332275,4.609000205993652,4.84499979019165,77.87999725341797,80.79000091552734,3.947999954223633,2.1122000217437744,2.621000051498413,28.030000686645508,2744.300048828125,30.951000213623047,951.0999755859375,960.5,4.337500095367432,2686.75,1034.0,297.20001220703125,45.689998626708984,484.25,538.75,362.5,14.805000305175781,328.3500061035156,11173.0,18.219999313354492,67.5999984741211,196.75,273.5,81.125,479.29998779296875,109.3499984741211,1.0288499593734741,0.006426000036299229,1.2165000438690186,0.692300021648407,1.0999499559402466,0.6198999881744385,0.558899998664856,104462.0390625,102.734375,106.1640625,108.546875,113.09375,597.5800170898438,87.19000244140625,521.739990234375,191.47999572753906,57.939998626708984,79.45999908447266,106.77999877929688
2025-01-18,,,,,,,,,,,,,,,,,,,,,,,,,,,,,,,,,,,,,,,,,,,,,,,,,104408.0703125,,,,,,,,,,,
2025-01-19,,,,,,,,,,,,,,,,,,,,,,,,,,,,,,,,,,,,,,,,,,,,,,,,,101089.609375,,,,,,,,,,,
2025-01-20,,,,,,5164.43994140625,20990.310546875,,,,,,,,,,,,,,,,,,,,,,,,,,,,,,,,,,,,,,,,,,102016.6640625,,,,,,,,,,,
2025-01-21,6084.25,21709.5,44238.0,2331.60009765625,39330.0,5165.9599609375,21042.0,15.0600004196167,4.197000026702881,4.26800012588501,4.396999835968018,4.573999881744385,4.802000045776367,75.88999938964844,79.29000091552734,3.75600004196167,2.0843000411987305,2.5580999851226807,29.18000030517578,2755.0,31.31100082397461,957.2000122070312,972.5,4.310999870300293,2663.5,1067.25,311.0,45.77000045776367,490.0,558.75,372.75,14.989999771118164,327.79998779296875,11559.0,17.790000915527344,67.66000366210938,197.0500030517578,274.3999938964844,81.19999694824219,482.1000061035156,108.05999755859375,1.0429999828338623,0.0064489999786019325,1.2324999570846558,0.6984000205993652,1.1097999811172485,0.6266000270843506,0.5669999718666077,106146.265625,102.7265625,106.2265625,108.734375,113.65625,603.0499877929688,87.97000122070312,524.7999877929688,193.77999877929688,58.90999984741211,79.66999816894531,107.4000015258789
2025-01-22,6120.5,22000.5,44353.0,2315.5,39865.0,5205.830078125,21254.26953125,15.100000381469727,4.215000152587891,4.2789998054504395,4.426000118255615,4.598999977111816,4.814000129699707,75.44000244140625,79.0,3.9600000381469727,2.057800054550171,2.4842000007629395,30.350000381469727,2767.60009765625,31.23900032043457,958.2000122070312,998.4000244140625,4.271500110626221,2638.5,1056.0,315.79998779296875,44.41999816894531,484.25,554.0,366.5,14.819999694824219,341.8500061035156,11675.0,18.15999984741211,67.13999938964844,200.0500030517578,277.04998779296875,81.4749984741211,484.29998779296875,108.16999816894531,1.0431499481201172,0.006407999899238348,1.232300043106079,0.6966000199317932,1.1103500127792358,0.6278499960899353,0.5672500133514404,103653.0703125,102.69921875,106.109375,108.5625,113.4375,606.4400024414062,87.51000213623047,531.510009765625,192.64999389648438,58.849998474121094,79.55999755859375,107.05999755859375
2025-01-23,6152.0,22038.25,44749.0,2326.300048828125,39985.0,5217.5,21411.529296875,15.020000457763672,4.2129998207092285,4.2870001792907715,4.441999912261963,4.638000011444092,4.86899995803833,74.62000274658203,78.29000091552734,3.944999933242798,2.0655999183654785,2.4714999198913574,30.979999542236328,2763.10009765625,30.67300033569336,957.0999755859375,1010.2000122070312,4.299499988555908,2634.5,1065.5,315.29998779296875,45.040000915527344,489.75,554.0,367.25,14.850000381469727,343.95001220703125,11552.0,18.690000534057617,67.47000122070312,201.10000610351562,277.07501220703125,82.125,496.1000061035156,108.05000305175781,1.0433499813079834,0.006436000112444162,1.23580002784729,0.6970000267028809,1.1090999841690063,0.628849983215332,0.5680999755859375,103960.171875,102.7265625,106.0703125,108.375,112.875,609.75,86.83000183105469,532.6400146484375,193.9499969482422,59.189998626708984,79.66000366210938,106.91000366210938
2025-01-24,6133.25,21911.25,44602.0,2319.300048828125,40530.0,5219.3701171875,21394.9296875,14.850000381469727,4.204999923706055,4.26800012588501,4.427999973297119,4.625999927520752,4.8480000495910645,74.66000366210938,78.5,4.0269999504089355,2.0490000247955322,2.516200065612793,30.530000686645508,2777.300048828125,31.023000717163086,957.5999755859375,1001.2000122070312,4.289999961853027,2657.75,1055.75,304.8999938964844,45.220001220703125,486.5,544.0,360.25,14.675000190734863,347.54998779296875,11593.0,19.020000457763672,67.61000061035156,204.77499389648438,278.70001220703125,82.30000305175781,476.1000061035156,107.44000244140625,1.0505499839782715,0.006434000097215176,1.2481000423431396,0.6978499889373779,1.1098999977111816,0.6313499808311462,0.5716500282287598,104819.484375,102.75390625,106.140625,108.46875,113.1875,607.969970703125,87.22000122070312,529.6300048828125,193.7899932861328,59.529998779296875,79.75,107.12000274658203
2025-01-25,,,,,,,,,,,,,,,,,,,,,,,,,,,,,,,,,,,,,,,,,,,,,,,,,104714.6484375,,,,,,,,,,,
2025-01-26,,,,,,,,,,,,,,,,,,,,,,,,,,,,,,,,,,,,,,,,,,,,,,,,,102682.5,,,,,,,,,,,
2025-01-27,6046.75,21258.5,44904.0,2297.10009765625,39125.0,5188.4501953125,21282.1796875,17.899999618530273,4.188000202178955,4.189000129699707,4.326000213623047,4.5279998779296875,4.769999980926514,73.16999816894531,77.08000183105469,3.697000026702881,2.0281999111175537,2.4600000381469727,27.100000381469727,2737.5,30.253999710083008,946.9000244140625,963.5999755859375,4.203499794006348,2602.75,1045.0,300.79998779296875,45.0,482.0,535.5,350.25,14.475000381469727,349.20001220703125,11372.0,19.170000076293945,67.2699966430664,205.6750030517578,279.7250061035156,83.05000305175781,481.8999938964844,107.33999633789062,1.0501999855041504,0.006486999802291393,1.248900055885315,0.696150004863739,1.1154999732971191,0.6284000277519226,0.5692999958992004,102087.6875,102.90625,106.5625,109.15625,114.375,599.3699951171875,88.25,514.2100219726562,194.4499969482422,59.16999816894531,79.80999755859375,107.86000061035156
2025-01-28,6097.0,21581.75,45031.0,2299.300048828125,39470.0,5195.7099609375,21430.580078125,16.40999984741211,4.190000057220459,4.206999778747559,4.34499979019165,4.551000118255615,4.789999961853027,73.7699966430664,77.48999786376953,3.4709999561309814,2.0525999069213867,2.4500999450683594,27.579999923706055,2766.800048828125,30.726999282836914,947.0,954.5999755859375,4.2204999923706055,2563.0,1045.0,301.6000061035156,45.130001068115234,485.25,545.25,349.0,14.199999809265137,357.5,11374.0,19.229999542236328,66.9800033569336,208.5500030517578,281.82501220703125,83.9000015258789,473.1499938964844,107.87000274658203,1.0444999933242798,0.006444999948143959,1.2443000078201294,0.6952499747276306,1.1122000217437744,0.6254500150680542,0.5672000050544739,101332.4765625,102.88671875,106.5,109.03125,114.09375,604.52001953125,88.19000244140625,521.8099975585938,193.24000549316406,59.2599983215332,79.77999877929688,107.70999908447266
2025-01-29,6067.5,21523.25,44890.0,2294.10009765625,39315.0,5230.66015625,21637.529296875,16.559999465942383,4.188000202178955,4.229000091552734,4.35699987411499,4.554999828338623,4.789999961853027,72.62000274658203,76.58000183105469,3.5350000858306885,2.0357000827789307,2.4539999961853027,28.360000610351562,2769.10009765625,31.238000869750977,965.4000244140625,966.5999755859375,4.257500171661377,2612.25,1060.5,309.79998779296875,44.970001220703125,497.0,562.5,350.0,14.130000114440918,366.54998779296875,11745.0,19.450000762939453,66.66000366210938,207.02499389648438,280.54998779296875,83.9000015258789,477.5,108.0,1.0424000024795532,0.0064559997990727425,1.2443000078201294,0.6940500140190125,1.1080000400543213,0.6231499910354614,0.5656999945640564,103703.2109375,102.84375,106.4375,108.953125,114.09375,601.8099975585938,88.01000213623047,520.8300170898438,192.92999267578125,59.220001220703125,79.7300033569336,107.56999969482422
2025-01-30,6099.25,21624.75,45055.0,2316.300048828125,39630.0,5282.2099609375,21727.19921875,15.84000015258789,4.182000160217285,4.204999923706055,4.310999870300293,4.51200008392334,4.757999897003174,72.7300033569336,76.87000274658203,3.046999931335449,2.037400007247925,2.475399971008301,28.920000076293945,2823.0,32.36399841308594,1016.5,1004.5999755859375,4.288000106811523,2618.75,1044.0,304.70001220703125,44.97999954223633,490.25,566.5,349.25,13.9350004196167,373.3999938964844,11207.0,19.469999313354492,66.2699966430664,204.47500610351562,281.8999938964844,84.375,479.6499938964844,107.80000305175781,1.0435999631881714,0.0065009999088943005,1.24590003490448,0.6942999958992004,1.1059999465942383,0.6237999796867371,0.565850019454956,104735.3046875,102.89453125,106.6171875,109.234375,114.65625,605.0399780273438,88.33999633789062,523.0499877929688,194.8699951171875,59.93000030517578,79.87999725341797,107.80999755859375
2025-01-31,6067.25,21589.25,44698.0,2295.39990234375,39395.0,5286.8701171875,21732.05078125,16.43000030517578,4.188000202178955,4.230000019073486,4.363999843597412,4.568999767303467,4.813000202178955,72.52999877929688,76.76000213623047,3.0439999103546143,2.0364999771118164,2.484499931335449,28.309999465942383,2812.5,32.12799835205078,1033.199951171875,1066.9000244140625,4.26200008392334,2586.0,1042.0,301.1000061035156,46.11000061035156,482.0,559.5,347.5,13.845000267028809,377.8500061035156,10987.0,19.350000381469727,65.87999725341797,204.60000610351562,275.7250061035156,84.17500305175781,474.70001220703125,108.37000274658203,1.0383000373840332,0.0064570000395178795,1.2400000095367432,0.6895999908447266,1.1035000085830688,0.6215500235557556,0.5643500089645386,102405.0234375,102.8125,106.390625,108.84375,113.90625,601.8200073242188,87.76000213623047,522.2899780273438,193.5399932861328,59.369998931884766,79.72000122070312,107.45999908447266
2025-02-01,,,,,,,,,,,,,,,,,,,,,,,,,,,,,,,,,,,,,,,,,,,,,,,,,100655.90625,,,,,,,,,,,
2025-02-02,,,,,,,,,,,,,,,,,,,,,,,,,,,,,,,,,,,,,,,,,,,,,,,,,97688.9765625,,,,,,,,,,,
2025-02-03,6022.25,21405.0,44565.0,2267.39990234375,38945.0,5217.91015625,21428.240234375,18.6200008392334,4.190000057220459,4.230999946594238,4.35699987411499,4.543000221252441,4.770999908447266,73.16000366210938,75.95999908447266,3.3519999980926514,2.1177000999450684,2.463099956512451,27.989999771118164,2833.89990234375,32.391998291015625,991.7999877929688,1039.199951171875,4.294000148773193,2617.0,1058.25,303.70001220703125,46.5099983215332,488.75,566.75,353.0,13.729999542236328,380.8999938964844,11002.0,19.260000228881836,66.04000091552734,202.97500610351562,270.5,84.32499694824219,454.70001220703125,108.98999786376953,1.0290499925613403,0.006465999875217676,1.239400029182434,0.6865500211715698,1.100600004196167,0.6182500123977661,0.5594499707221985,101405.421875,102.7578125,106.390625,108.953125,114.375,597.77001953125,88.16000366210938,518.1099853515625,192.80999755859375,58.779998779296875,79.26000213623047,107.23999786376953
2025-02-04,6063.0,21670.25,44697.0,2298.800048828125,39145.0,5264.58984375,21505.69921875,17.209999084472656,4.2129998207092285,4.203000068664551,4.317999839782715,4.513000011444092,4.748000144958496,72.69999694824219,76.19999694824219,3.253000020980835,2.0989999771118164,2.429800033569336,28.90999984741211,2853.300048828125,32.88800048828125,1002.5,1009.7000122070312,4.34250020980835,2631.0,1075.0,314.0,45.7599983215332,494.5,577.0,359.25,13.550000190734863,383.3500061035156,10913.0,19.65999984741211,66.94000244140625,201.875,268.25,85.07499694824219,450.1499938964844,107.95999908447266,1.0388000011444092,0.006492000073194504,1.2482000589370728,0.6995000243186951,1.1101499795913696,0.6259499788284302,0.5656999945640564,97871.8203125,102.84765625,106.5703125,109.203125,114.75,601.780029296875,88.43000030517578,524.469970703125,193.1199951171875,59.5099983215332,79.51000213623047,107.44999694824219
2025-02-05,6086.5,21763.0,45004.0,2324.0,39005.0,5271.1201171875,21585.9296875,15.770000457763672,4.210000038146973,4.172999858856201,4.243000030517578,4.421999931335449,4.642000198364258,71.02999877929688,74.61000061035156,3.359999895095825,2.0506999492645264,2.384200096130371,28.979999542236328,2871.60009765625,32.856998443603516,1015.5999755859375,1014.4000244140625,4.434500217437744,2601.5,1057.0,308.29998779296875,45.09000015258789,493.25,572.25,367.75,13.5,397.75,10514.0,19.760000228881836,66.04000091552734,203.60000610351562,270.7250061035156,86.6500015258789,443.3500061035156,107.58000183105469,1.0412499904632568,0.006564999930560589,1.250599980354309,0.6989499926567078,1.1148500442504883,0.6285499930381775,0.5689499974250793,96615.4453125,102.90234375,106.859375,109.75,116.15625,604.219970703125,89.88999938964844,526.8499755859375,194.4199981689453,59.880001068115234,79.72000122070312,108.19999694824219
2025-02-06,6106.0,21871.75,44863.0,2314.89990234375,39010.0,5356.6298828125,21902.419921875,15.5,4.2129998207092285,4.197999954223633,4.2729997634887695,4.440000057220459,4.650000095367432,70.61000061035156,74.29000091552734,3.4079999923706055,2.074700117111206,2.3980000019073486,28.360000610351562,2856.0,32.518001556396484,1013.7000122070312,989.2999877929688,4.453499794006348,2620.75,1060.5,306.3999938964844,45.400001525878906,495.25,587.75,364.0,13.649999618530273,403.95001220703125,10094.0,19.56999969482422,66.02999877929688,200.625,265.29998779296875,86.6500015258789,437.70001220703125,107.69000244140625,1.038949966430664,0.006612000055611134,1.2437000274658203,0.6988000273704529,1.1094499826431274,0.6281499862670898,0.567550003528595,96593.296875,102.86328125,106.734375,109.578125,116.09375,606.3200073242188,89.8499984741211,529.5999755859375,194.41000366210938,60.130001068115234,79.5999984741211,108.0
2025-02-07,6049.5,21590.75,44421.0,2287.800048828125,38415.0,5325.39990234375,21787.0,16.540000915527344,4.228000164031982,4.269999980926514,4.334000110626221,4.486999988555908,4.690000057220459,71.0,74.66000366210938,3.309000015258789,2.1050000190734863,2.430799961090088,29.100000381469727,2867.300048828125,32.334999084472656,1011.0999755859375,977.7999877929688,4.581500053405762,2623.75,1049.5,301.3999938964844,45.97999954223633,487.5,582.75,350.25,13.71500015258789,404.3500061035156,10018.0,19.360000610351562,65.62999725341797,200.77499389648438,264.8999938964844,87.25,423.20001220703125,108.04000091552734,1.0336500406265259,0.006612000055611134,1.2412999868392944,0.7003499865531921,1.104349970817566,0.6273499727249146,0.5661500096321106,96529.0859375,102.72265625,106.4609375,109.234375,115.53125,600.77001953125,89.2699966430664,522.9199829101562,193.25,59.75,79.3499984741211,107.52999877929688
2025-02-08,,,,,,,,,,,,,,,,,,,,,,,,,,,,,,,,,,,,,,,,,,,,,,,,,96482.453125,,,,,,,,,,,
2025-02-09,,,,,,,,,,,,,,,,,,,,,,,,,,,,,,,,,,,,,,,,,,,,,,,,,96500.09375,,,,,,,,,,,
2025-02-10,6088.75,21846.5,44580.0,2297.300048828125,38965.0,5358.2998046875,21911.740234375,15.8100004196167,4.228000164031982,4.254000186920166,4.333000183105469,4.493000030517578,4.710999965667725,72.31999969482422,75.87000274658203,3.444000005722046,2.1041998863220215,2.450900077819824,29.100000381469727,2914.300048828125,32.391998291015625,1022.5,998.7000122070312,4.700500011444092,2636.25,1049.5,300.5,45.72999954223633,491.5,579.5,341.25,13.930000305175781,429.04998779296875,9714.0,19.5,66.54000091552734,201.875,268.125,87.69999694824219,403.20001220703125,108.31999969482422,1.0310499668121338,0.006585000082850456,1.2366000413894653,0.699150025844574,1.101449966430664,0.628000020980835,0.5644999742507935,97437.5546875,102.73828125,106.4765625,109.21875,115.40625,604.8499755859375,89.0,529.25,193.69000244140625,60.220001220703125,79.51000213623047,107.55999755859375
2025-02-11,6092.25,21786.75,44708.0,2284.0,39100.0,5390.91015625,22037.830078125,16.020000457763672,4.224999904632568,4.284999847412109,4.369999885559082,4.5370001792907715,4.75,73.31999969482422,77.0,3.5190000534057617,2.1473000049591064,2.5146000385284424,28.600000381469727,2912.5,32.23099899291992,1026.9000244140625,987.5999755859375,4.5945000648498535,2620.75,1043.5,296.6000061035156,46.130001068115234,484.0,577.0,339.0,13.975000381469727,413.45001220703125,10131.0,19.8700008392334,67.4000015258789,199.6750030517578,264.7749938964844,88.7249984741211,390.45001220703125,107.95999908447266,1.0361000299453735,0.006562000140547752,1.243899941444397,0.6998000144958496,1.0991499423980713,0.6294000148773193,0.5654500126838684,95747.4296875,102.69921875,106.328125,108.953125,114.78125,605.3099975585938,88.43000030517578,527.989990234375,194.11000061035156,60.36000061035156,79.4800033569336,107.31999969482422
2025-02-12,6072.75,21804.75,44462.0,2263.10009765625,39200.0,5405.64990234375,22148.029296875,15.890000343322754,4.228000164031982,4.349999904632568,4.484000205993652,4.63700008392334,4.835000038146973,71.37000274658203,75.18000030517578,3.565000057220459,2.089600086212158,2.4519999027252197,28.940000534057617,2909.0,32.69499969482422,1038.699951171875,982.5999755859375,4.697999954223633,2587.5,1027.75,294.1000061035156,45.65999984741211,490.25,574.25,333.0,13.8100004196167,431.79998779296875,10006.0,19.760000228881836,67.47000122070312,199.14999389648438,264.9750061035156,89.44999694824219,374.6499938964844,107.94000244140625,1.0393500328063965,0.006479000207036734,1.2446000576019287,0.7002500295639038,1.0989500284194946,0.6286500096321106,0.5648999810218811,97885.859375,102.5546875,105.875,108.265625,113.40625,603.3599853515625,87.2300033569336,528.2999877929688,193.14999389648438,60.52000045776367,79.30999755859375,106.73999786376953
2025-02-13,6135.25,22113.25,44811.0,2288.0,39515.0,5500.5,22612.01953125,15.100000381469727,4.2129998207092285,4.311999797821045,4.386000156402588,4.525000095367432,4.73199987411499,71.29000091552734,75.0199966430664,3.628000020980835,2.1106998920440674,2.448699951171875,28.959999084472656,2925.89990234375,32.650001525878906,1033.699951171875,1015.2999877929688,4.769000053405762,2571.75,1030.0,292.70001220703125,46.25,493.5,577.75,331.75,14.039999961853027,438.8999938964844,10381.0,20.170000076293945,66.83000183105469,199.5500030517578,267.9750061035156,89.375,354.6499938964844,107.30999755859375,1.0436999797821045,0.006539999973028898,1.2538000345230103,0.7028499841690063,1.1100000143051147,0.6302499771118164,0.5664499998092651,96623.8671875,102.6640625,106.265625,108.96875,115.0,609.72998046875,88.68000030517578,535.9000244140625,194.66000366210938,61.189998626708984,79.66999816894531,107.56999969482422
2025-02-14,6132.0,22196.25,44635.0,2285.39990234375,39125.0,5493.39990234375,22513.419921875,14.770000457763672,4.2129998207092285,4.269999980926514,4.323999881744385,4.4720001220703125,4.692999839782715,70.73999786376953,74.73999786376953,3.7249999046325684,2.089900016784668,2.4618000984191895,28.030000686645508,2883.60009765625,32.80099868774414,1009.7999877929688,1005.0,4.656499862670898,2612.25,1036.0,295.8999938964844,46.06999969482422,496.25,600.0,337.5,14.015000343322754,419.75,10159.0,20.420000076293945,67.11000061035156,197.75,266.3500061035156,89.4749984741211,339.45001220703125,106.56999969482422,1.0498499870300293,0.006564999930560589,1.2611000537872314,0.7063000202178955,1.1165000200271606,0.6359500288963318,0.5741000175476074,97508.96875,102.76171875,106.5078125,109.3125,115.53125,609.7000122070312,89.1500015258789,538.1500244140625,194.47999572753906,61.31999969482422,79.76000213623047,107.98999786376953
2025-02-15,,,,,,,,,,,,,,,,,,,,,,,,,,,,,,,,,,,,,,,,,,,,,,,,,97580.3515625,,,,,,,,,,,
2025-02-16,,,,,,,,,,,,,,,,,,,,,,,,,,,,,,,,,,,,,,,,,,,,,,,,,96175.03125,,,,,,,,,,,
2025-02-17,,,,,,5519.830078125,22798.08984375,,,,,,,,,,,,,,,,,,,,,,,,,,,,,,,,,,,,,,,,,,95773.3828125,,,,,,,,,,,
2025-02-18,6146.75,22232.25,44643.0,2297.5,39325.0,5533.83984375,22844.5,15.350000381469727,4.2129998207092285,4.269999980926514,4.39300012588501,4.544000148773193,4.76200008392334,71.8499984741211,75.83999633789062,4.006999969482422,2.086699962615967,2.4405999183654785,28.200000762939453,2931.60009765625,33.31700134277344,996.5999755859375,1008.7000122070312,4.585000038146973,2638.25,1038.5,293.79998779296875,47.29999923706055,502.0,604.75,344.0,14.010000228881836,419.0,10301.0,20.520000457763672,67.51000213623047,197.4499969482422,269.7250061035156,93.19999694824219,345.1000061035156,107.05000305175781,1.0458500385284424,0.006603000219911337,1.259600043296814,0.7049499750137329,1.1100000143051147,0.6349999904632568,0.5704500079154968,95539.546875,102.69140625,106.2578125,108.84375,114.65625,611.489990234375,88.0999984741211,539.3699951171875,195.6199951171875,61.77000045776367,79.69000244140625,107.55000305175781
2025-02-19,6163.0,22250.5,44711.0,2289.699951171875,39005.0,5461.169921875,22433.630859375,15.270000457763672,4.2179999351501465,4.283999919891357,4.369999885559082,4.534999847412109,4.764999866485596,72.25,76.04000091552734,4.28000020980835,2.0864999294281006,2.4565000534057617,27.3799991607666,2919.39990234375,32.99300003051758,976.7000122070312,987.2999877929688,4.557000160217285,2652.5,1031.75,294.70001220703125,46.29999923706055,497.5,592.0,341.25,13.994999885559082,417.8999938964844,10218.0,20.690000534057617,66.23999786376953,197.8249969482422,269.0249938964844,89.75,332.8500061035156,107.16999816894531,1.0438499450683594,0.0066189998760819435,1.2582999467849731,0.703499972820282,1.1095999479293823,0.6349499821662903,0.5705999732017517,96635.609375,102.73828125,106.359375,108.953125,114.625,612.9299926757812,88.20999908447266,539.52001953125,196.2100067138672,61.310001373291016,79.75,107.61000061035156
2025-02-20,6136.5,22141.75,44268.0,2266.60009765625,38575.0,5461.02978515625,22314.650390625,15.65999984741211,4.204999923706055,4.258999824523926,4.3420000076293945,4.5,4.73799991607666,72.56999969482422,76.4800033569336,4.1519999504089355,2.0864999294281006,2.5034000873565674,27.25,2940.0,33.444000244140625,987.7999877929688,1004.9000244140625,4.607999801635742,2692.25,1045.5,296.0,47.2599983215332,498.0,585.5,356.25,13.954999923706055,395.75,10075.0,21.049999237060547,65.97000122070312,197.625,266.82501220703125,88.5250015258789,319.25,106.33999633789062,1.051300048828125,0.006694000214338303,1.2668999433517456,0.706250011920929,1.1168999671936035,0.6403999924659729,0.5766000151634216,98333.9375,102.75,106.4765625,109.171875,115.03125,610.3800048828125,88.54000091552734,537.22998046875,195.3000030517578,61.66999816894531,79.80000305175781,107.87000274658203
2025-02-21,6029.0,21679.25,43486.0,2199.300048828125,38155.0,5474.85009765625,22287.560546875,18.209999084472656,4.197000026702881,4.195000171661377,4.257999897003174,4.420000076293945,4.669000148773193,70.4000015258789,74.43000030517578,4.234000205993652,2.026700019836426,2.432300090789795,26.059999465942383,2937.60009765625,32.97600173950195,978.2999877929688,988.0999755859375,4.559999942779541,2694.0,1039.5,294.79998779296875,46.810001373291016,491.25,590.0,359.25,13.600000381469727,400.0,8934.0,21.309999465942383,66.08000183105469,197.8249969482422,267.95001220703125,87.67500305175781,312.25,106.61000061035156,1.0473999977111816,0.006725000217556953,1.263100028038025,0.7034500241279602,1.117300033569336,0.6355000138282776,0.5738999843597412,96125.546875,102.88671875,106.8203125,109.6875,116.09375,599.9400024414062,89.61000061035156,526.0800170898438,192.63999938964844,61.33000183105469,79.6500015258789,108.25
2025-02-22,,,,,,,,,,,,,,,,,,,,,,,,,,,,,,,,,,,,,,,,,,,,,,,,,96577.7578125,,,,,,,,,,,
2025-02-23,,,,,,,,,,,,,,,,,,,,,,,,,,,,,,,,,,,,,,,,,,,,,,,,,96273.921875,,,,,,,,,,,
2025-02-24,6000.75,21420.25,43535.0,2184.39990234375,38040.0,5453.759765625,22425.9296875,18.979999542236328,4.190000057220459,4.176000118255615,4.230000019073486,4.39300012588501,4.6479997634887695,70.69999694824219,74.77999877929688,3.99399995803833,2.010999917984009,2.435800075531006,25.65999984741211,2947.89990234375,32.57500076293945,961.2000122070312,940.5999755859375,4.517000198364258,2620.25,1029.0,291.79998779296875,45.70000076293945,482.5,579.0,354.0,13.444999694824219,393.79998779296875,8352.0,21.09000015258789,66.51000213623047,198.89999389648438,272.29998779296875,87.4000015258789,307.70001220703125,106.5999984741211,1.048449993133545,0.006697000004351139,1.263200044631958,0.7034500241279602,1.117900013923645,0.6357499957084656,0.5744500160217285,91418.171875,102.93359375,106.9453125,109.875,116.34375,597.2100219726562,89.87000274658203,519.8699951171875,192.8699951171875,61.0,79.75,108.52999877929688
2025-02-25,5970.0,21149.0,43690.0,2176.300048828125,37975.0,5447.89990234375,22410.26953125,19.43000030517578,4.182000160217285,4.107999801635742,4.132999897003174,4.297999858856201,4.557000160217285,68.93000030517578,73.0199966430664,4.173999786376953,1.9673000574111938,2.3903000354766846,25.18000030517578,2904.5,31.801000595092773,960.5999755859375,920.5,4.486000061035156,2585.5,1031.25,293.79998779296875,45.439998626708984,479.75,572.75,374.0,13.454999923706055,380.5,8675.0,21.459999084472656,65.95999908447266,199.5,274.2250061035156,86.57499694824219,292.1499938964844,106.30999755859375,1.052049994468689,0.006723000202327967,1.2668999433517456,0.6998000144958496,1.1227999925613403,0.6342999935150146,0.5722000002861023,88736.171875,103.05859375,107.34375,110.515625,117.65625,594.239990234375,91.41999816894531,513.3200073242188,193.11000061035156,61.369998931884766,79.94999694824219,109.36000061035156
2025-02-26,5970.75,21187.0,43506.0,2178.199951171875,38075.0,5527.990234375,22794.109375,19.100000381469727,4.192999839782715,4.074999809265137,4.077000141143799,4.249000072479248,4.506999969482422,68.62000274658203,72.52999877929688,3.9059998989105225,1.9488999843597412,2.3443000316619873,25.709999084472656,2916.800048828125,32.25299835205078,967.7999877929688,920.5,4.541999816894531,2597.25,1024.5,293.3999938964844,44.970001220703125,478.25,566.0,362.25,13.220000267028809,379.45001220703125,9100.0,20.639999389648438,65.37000274658203,198.8249969482422,274.375,88.30000305175781,296.8500061035156,106.41999816894531,1.0501500368118286,0.00673400005325675,1.268399953842163,0.6982499957084656,1.121250033378601,0.6309000253677368,0.5701500177383423,84347.0234375,103.09375,107.5234375,110.84375,118.28125,594.5399780273438,91.95999908447266,514.5599975585938,192.41000366210938,61.58000183105469,80.05999755859375,109.58999633789062
2025-02-27,5876.25,20605.75,43297.0,2144.5,37600.0,5472.56005859375,22550.890625,21.1299991607666,4.195000171661377,4.085000038146973,4.103000164031982,4.284999847412109,4.553999900817871,70.3499984741211,74.04000091552734,3.934000015258789,1.9966000318527222,2.395900011062622,24.719999313354492,2883.199951171875,31.801000595092773,951.9000244140625,901.2999877929688,4.579999923706055,2596.25,1022.75,290.8999938964844,44.75,464.75,546.75,360.25,13.279999732971191,378.75,9130.0,19.690000534057617,65.19999694824219,199.39999389648438,276.45001220703125,84.375,293.29998779296875,107.23999786376953,1.0413000583648682,0.006684999912977219,1.2608000040054321,0.6930000185966492,1.1136000156402588,0.6244000196456909,0.5638499855995178,84704.2265625,103.0625,107.421875,110.609375,117.71875,585.0499877929688,91.30999755859375,500.2699890136719,191.7899932861328,60.7599983215332,79.91000366210938,109.12999725341797
2025-02-28,5963.25,20919.5,43889.0,2165.300048828125,37605.0,5463.5400390625,22551.4296875,19.6299991607666,4.192999839782715,3.996999979019165,4.0279998779296875,4.230999946594238,4.515999794006348,69.76000213623047,73.18000030517578,3.8340001106262207,1.9702999591827393,2.3548998832702637,24.799999237060547,2836.800048828125,31.2189998626709,932.2999877929688,899.7000122070312,4.514500141143799,2561.5,1011.5,291.70001220703125,43.529998779296875,453.5,537.0,360.25,13.28499984741211,379.04998779296875,9014.0,19.510000228881836,63.880001068115234,197.72500610351562,274.9750061035156,83.67500305175781,297.25,107.61000061035156,1.037500023841858,0.006653999909758568,1.257200002670288,0.6920499801635742,1.1086499691009521,0.6198499798774719,0.5589500069618225,84373.0078125,103.2265625,107.7421875,111.0625,118.3125,594.1799926757812,92.43000030517578,508.1700134277344,194.3699951171875,60.599998474121094,80.12999725341797,109.61000061035156
2025-03-01,,,,,,,,,,,,,,,,,,,,,,,,,,,,,,,,,,,,,,,,,,,,,,,,,86031.9140625,,,,,,,,,,,
2025-03-02,,,,,,,,,,,,,,,,,,,,,,,,,,,,,,,,,,,,,,,,,,,,,,,,,94248.3515625,,,,,,,,,,,
2025-03-03,5860.75,20468.25,43247.0,2105.89990234375,37320.0,5540.68994140625,23147.01953125,22.780000686645508,4.192999839782715,3.9690001010894775,3.990999937057495,4.179999828338623,4.464000225067139,68.37000274658203,71.62000274658203,4.122000217437744,2.1877999305725098,2.2604000568389893,23.489999771118164,2890.199951171875,32.03200149536133,966.5999755859375,951.2000122070312,4.576499938964844,2567.75,998.25,290.1000061035156,42.900001525878906,440.25,532.0,353.5,13.345000267028809,392.70001220703125,8082.0,18.219999313354492,64.13999938964844,192.25,274.0249938964844,83.69999694824219,304.54998779296875,106.75,1.0480999946594238,0.006666000001132488,1.2690000534057617,0.6900500059127808,1.1159000396728516,0.6223000288009644,0.5618500113487244,86065.671875,103.25,107.8828125,111.375,119.03125,583.77001953125,92.56999969482422,497.04998779296875,192.4600067138672,60.810001373291016,79.58999633789062,109.54000091552734
2025-03-04,5789.5,20399.0,42594.0,2083.10009765625,36965.0,5387.31005859375,22326.810546875,23.510000228881836,4.195000171661377,3.9200000762939453,4.002999782562256,4.210000038146973,4.517000198364258,68.26000213623047,71.04000091552734,4.349999904632568,2.194200038909912,2.2871999740600586,24.049999237060547,2909.60009765625,32.108001708984375,966.5,946.2999877929688,4.527500152587891,2575.75,984.0,285.8999938964844,42.27000045776367,436.0,518.5,374.75,13.279999732971191,403.75,8225.0,18.100000381469727,62.040000915527344,194.64999389648438,273.8500061035156,82.3499984741211,296.54998779296875,105.73999786376953,1.0607999563217163,0.006707000080496073,1.2788000106811523,0.6906499862670898,1.1264499425888062,0.6247000098228455,0.5644999742507935,87222.1953125,103.3046875,107.8515625,111.21875,118.4375,576.8599853515625,91.43000030517578,495.54998779296875,188.7100067138672,60.86000061035156,79.58000183105469,109.18000030517578
2025-03-05,5851.25,20665.0,43066.0,2105.199951171875,37700.0,5489.1201171875,23081.029296875,21.93000030517578,4.204999923706055,3.9830000400543213,4.056000232696533,4.264999866485596,4.557000160217285,66.30999755859375,69.30000305175781,4.449999809265137,2.13700008392334,2.240799903869629,24.670000076293945,2915.300048828125,32.858001708984375,969.4000244140625,939.4000244140625,4.766499996185303,2610.0,997.75,293.0,42.439998626708984,440.25,530.75,370.0,13.0600004196167,415.5,7915.0,18.200000762939453,62.36000061035156,196.5500030517578,276.1000061035156,84.69999694824219,306.70001220703125,105.73999786376953,1.079699993133545,0.006730000022798777,1.2897000312805176,0.6980000138282776,1.1245499849319458,0.6340000033378601,0.572950005531311,90623.5625,103.26171875,107.640625,110.84375,117.75,583.0599975585938,90.69999694824219,502.010009765625,190.3300018310547,62.40999984741211,79.62000274658203,108.83000183105469
2025-03-06,5746.25,20089.25,42616.0,2070.39990234375,36910.0,5520.47021484375,23419.48046875,24.8700008392334,4.197000026702881,3.9660000801086426,4.060999870300293,4.285999774932861,4.579999923706055,66.36000061035156,69.45999908447266,4.302000045776367,2.1012001037597656,2.22379994392395,24.219999313354492,2916.60009765625,33.0629997253418,974.7999877929688,942.0,4.7789998054504395,2656.75,1014.0,297.1000061035156,42.599998474121094,449.5,537.0,366.25,12.890000343322754,393.0,8036.0,18.1299991607666,63.900001525878906,196.27499389648438,274.0249938964844,86.6500015258789,289.0,104.05999755859375,1.0807499885559082,0.006777999922633171,1.2894999980926514,0.6995999813079834,1.1340999603271484,0.6337000131607056,0.574150025844574,89961.7265625,103.32421875,107.6328125,110.78125,117.34375,572.7100219726562,90.4000015258789,488.20001220703125,188.4499969482422,61.869998931884766,79.31999969482422,108.48999786376953
2025-03-07,5776.0,20229.75,42838.0,2077.300048828125,37280.0,5468.41015625,23008.939453125,23.3700008392334,4.197000026702881,3.984999895095825,4.0929999351501465,4.316999912261963,4.616000175476074,67.04000091552734,70.36000061035156,4.39900016784668,2.1087000370025635,2.2160000801086426,23.940000534057617,2904.699951171875,32.54800033569336,961.5999755859375,945.7999877929688,4.683000087738037,2661.5,1010.25,296.5,42.869998931884766,455.25,533.75,360.5,13.244999885559082,390.20001220703125,8141.0,18.309999465942383,64.76000213623047,200.27499389648438,276.9750061035156,87.3499984741211,303.0,103.83999633789062,1.0846999883651733,0.006761999800801277,1.2920000553131104,0.6963499784469604,1.1374499797821045,0.6309499740600586,0.5709499716758728,86742.671875,103.25390625,107.484375,110.546875,116.90625,575.9199829101562,90.11000061035156,491.7900085449219,189.6699981689453,62.40999984741211,79.44999694824219,108.31999969482422
2025-03-08,,,,,,,,,,,,,,,,,,,,,,,,,,,,,,,,,,,,,,,,,,,,,,,,,86154.59375,,,,,,,,,,,
2025-03-09,,,,,,,,,,,,,,,,,,,,,,,,,,,,,,,,,,,,,,,,,,,,,,,,,80601.0390625,,,,,,,,,,,
2025-03-10,5620.75,19452.75,41947.0,2023.4000244140625,36480.0,5386.97998046875,22620.94921875,27.860000610351562,4.184999942779541,3.875,3.9739999771118164,4.2129998207092285,4.539000034332275,66.02999877929688,69.27999877929688,4.491000175476074,2.0924999713897705,2.1798999309539795,23.110000610351562,2891.0,32.275001525878906,962.0,939.7999877929688,4.639500141143799,2651.0,999.75,294.3999938964844,41.709999084472656,458.75,545.25,366.0,13.680000305175781,389.3500061035156,8279.0,18.850000381469727,66.0,200.5749969482422,277.04998779296875,88.30000305175781,278.3999938964844,103.91000366210938,1.083400011062622,0.0067969998344779015,1.2869000434875488,0.6916499733924866,1.1356500387191772,0.6269500255584717,0.5695000290870667,78532.0,103.46484375,107.9921875,111.28125,118.15625,560.5800170898438,91.05000305175781,472.7300109863281,186.88999938964844,61.0099983215332,79.1500015258789,108.69000244140625
2025-03-11,5577.0,19399.0,41475.0,2025.0,36530.0,5309.89990234375,22328.76953125,26.920000076293945,4.195000171661377,3.8970000743865967,4.041999816894531,4.288000106811523,4.603000164031982,66.25,69.55999755859375,4.453000068664551,2.1050000190734863,2.1967999935150146,23.65999984741211,2912.89990234375,32.88800048828125,975.4000244140625,938.2000122070312,4.739999771118164,2649.0,997.75,294.1000061035156,41.43000030517578,456.5,541.0,358.5,13.75,399.45001220703125,8151.0,18.670000076293945,66.0,199.5500030517578,277.5,86.55000305175781,273.5,103.44000244140625,1.093500018119812,0.006769999861717224,1.2961000204086304,0.694599986076355,1.1341500282287598,0.6306999921798706,0.5721499919891357,82862.2109375,103.3984375,107.71875,110.8125,117.1875,555.9199829101562,90.4000015258789,471.6000061035156,184.6699981689453,60.959999084472656,78.87000274658203,107.9800033569336
2025-03-12,5604.75,19618.5,41395.0,2027.699951171875,37105.0,5359.419921875,22676.41015625,24.229999542236328,4.197000026702881,3.9670000076293945,4.078999996185303,4.317999839782715,4.632999897003174,67.68000030517578,70.94999694824219,4.084000110626221,2.150099992752075,2.2063000202178955,23.84000015258789,2939.10009765625,33.48400115966797,992.2000122070312,943.2000122070312,4.821000099182129,2648.75,987.5,292.3999938964844,41.18000030517578,448.75,538.75,357.25,13.539999961853027,392.20001220703125,8204.0,18.860000610351562,66.9800033569336,201.39999389648438,280.25,86.5,276.45001220703125,103.61000061035156,1.0887500047683716,0.0067449999041855335,1.2967000007629395,0.696399986743927,1.1340500116348267,0.6315500140190125,0.5727499723434448,83722.359375,103.30859375,107.546875,110.625,116.8125,558.8699951171875,89.86000061035156,476.9200134277344,183.97000122070312,61.33000183105469,78.95999908447266,107.66000366210938
2025-03-13,5527.5,19249.0,40863.0,1996.0999755859375,36710.0,5328.39013671875,22567.140625,24.65999984741211,4.188000202178955,3.940999984741211,4.0279998779296875,4.27400016784668,4.5970001220703125,66.55000305175781,69.87999725341797,4.111000061035156,2.1331000328063965,2.1621999740600586,23.510000228881836,2984.300048828125,34.05099868774414,1002.5,953.0,4.898499965667725,2645.25,996.75,300.29998779296875,40.779998779296875,453.5,547.25,359.5,13.524999618530273,390.6000061035156,8031.0,19.25,66.52999877929688,202.0500030517578,280.2250061035156,85.625,264.0,103.83000183105469,1.0855000019073486,0.006769999861717224,1.2950999736785889,0.6934499740600586,1.132599949836731,0.6286500096321106,0.5703999996185303,81066.703125,103.38671875,107.7734375,110.90625,117.4375,551.4199829101562,90.6500015258789,468.3399963378906,182.82000732421875,60.959999084472656,78.5199966430664,108.0
2025-03-14,5640.0,19712.0,41510.0,2044.0999755859375,37465.0,5404.18017578125,22986.8203125,21.770000457763672,4.188000202178955,3.9830000400543213,4.081999778747559,4.308000087738037,4.614999771118164,67.18000030517578,70.58000183105469,4.104000091552734,2.148699998855591,2.166599988937378,23.899999618530273,2994.5,34.1870002746582,1010.0,962.2999877929688,4.869500160217285,2624.5,999.25,298.8999938964844,41.0,445.5,545.75,359.5,13.425000190734863,382.1000061035156,7728.0,19.190000534057617,67.37000274658203,203.1750030517578,281.9750061035156,86.625,259.3500061035156,103.72000122070312,1.0881500244140625,0.006732999812811613,1.2933000326156616,0.6957499980926514,1.1299999952316284,0.6323999762535095,0.5748000144958496,83969.1015625,103.265625,107.53125,110.625,117.03125,562.8099975585938,90.16999816894531,479.6600036621094,186.1300048828125,62.09000015258789,78.87999725341797,107.94999694824219
2025-03-15,,,,,,,,,,,,,,,,,,,,,,,,,,,,,,,,,,,,,,,,,,,,,,,,,84343.109375,,,,,,,,,,,
2025-03-16,,,,,,,,,,,,,,,,,,,,,,,,,,,,,,,,,,,,,,,,,,,,,,,,,82579.6875,,,,,,,,,,,
2025-03-17,5680.25,19831.75,41883.0,2068.89990234375,37800.0,5445.5498046875,23154.5703125,20.510000228881836,4.188000202178955,4.014999866485596,4.0980000495910645,4.306000232696533,4.598999977111816,67.58000183105469,71.06999969482422,4.01800012588501,2.1812000274658203,2.2037999629974365,24.639999389648438,3000.0,34.07400131225586,1023.5,963.5999755859375,4.933499813079834,2633.25,1015.5,304.29998779296875,42.099998474121094,461.0,568.5,369.0,13.479999542236328,389.3500061035156,7827.0,19.969999313354492,66.9800033569336,205.02499389648438,284.625,88.07499694824219,258.8999938964844,103.37000274658203,1.0910999774932861,0.00672199996188283,1.2977999448776245,0.7002000212669373,1.1342999935150146,0.6360499858856201,0.5802500247955322,84075.6875,103.19921875,107.4375,110.59375,117.25,567.1500244140625,90.62000274658203,482.7699890136719,188.60000610351562,62.869998931884766,79.06999969482422,108.16999816894531
2025-03-18,5618.0,19496.75,41600.0,2051.0,37650.0,5485.009765625,23380.69921875,21.700000762939453,4.195000171661377,4.006999969482422,4.070000171661377,4.281000137329102,4.578999996185303,66.9000015258789,70.55999755859375,4.052000045776367,2.1684000492095947,2.194499969482422,24.450000762939453,3035.10009765625,34.57899856567383,1020.5,966.2000122070312,4.993000030517578,2596.75,1012.75,299.8999938964844,42.540000915527344,458.75,565.0,366.0,13.529999732971191,387.1499938964844,8021.0,19.989999771118164,66.47000122070312,205.375,284.9750061035156,87.5999984741211,243.89999389648438,103.23999786376953,1.0959500074386597,0.00672100018709898,1.3004000186920166,0.6999499797821045,1.1529500484466553,0.6362000107765198,0.5829499959945679,82718.5,103.24609375,107.5625,110.78125,117.53125,561.02001953125,90.70999908447266,474.5400085449219,187.1300048828125,62.790000915527344,78.93000030517578,108.43000030517578
2025-03-19,5678.5,19746.75,41995.0,2083.0,37720.0,5507.35986328125,23288.060546875,19.899999618530273,4.190000057220459,4.006999969482422,4.03000020980835,4.25600004196167,4.567999839782715,67.16000366210938,70.77999877929688,4.247000217437744,2.169600009918213,2.2318999767303467,25.190000534057617,3035.89990234375,33.974998474121094,1006.2999877929688,949.2000122070312,5.076000213623047,2604.0,1008.25,297.70001220703125,42.36000061035156,462.0,563.5,371.5,13.274999618530273,394.6000061035156,8121.0,19.690000534057617,66.3499984741211,206.8249969482422,286.82501220703125,85.57499694824219,266.95001220703125,103.43000030517578,1.0923999547958374,0.0067369998432695866,1.3007999658584595,0.6996999979019165,1.1512999534606934,0.6359000205993652,0.581849992275238,86854.2265625,103.36328125,107.765625,110.984375,117.78125,567.1300048828125,91.18000030517578,480.8900146484375,188.47000122070312,62.97999954223633,79.44999694824219,109.06999969482422
2025-03-20,5662.5,19678.5,41961.0,2070.0,37530.0,5450.93017578125,22999.150390625,19.799999237060547,4.182000160217285,3.937000036239624,4.006999969482422,4.232999801635742,4.557000160217285,68.26000213623047,72.0,3.9749999046325684,2.1910998821258545,2.254300117492676,25.3799991607666,3040.0,33.7859992980957,989.5,939.0999755859375,5.085000038146973,2597.5,1013.0,297.1000061035156,42.709999084472656,469.0,557.25,378.5,13.3100004196167,392.1499938964844,8071.0,20.0,66.08000183105469,208.47500610351562,288.3500061035156,85.55000305175781,272.54998779296875,103.8499984741211,1.0861999988555908,0.006738000083714724,1.2960000038146973,0.6988499760627747,1.145400047302246,0.6302000284194946,0.5767999887466431,84167.1953125,103.41015625,107.8515625,111.15625,118.15625,565.489990234375,91.23999786376953,479.260009765625,187.99000549316406,62.47999954223633,79.33999633789062,108.91000366210938
2025-03-21,5617.7998046875,19450.810546875,41620.0,2045.6500244140625,37450.0,5423.830078125,22891.6796875,19.280000686645508,4.184999942779541,3.9210000038146973,4.007999897003174,4.251999855041504,4.5960001945495605,68.27999877929688,72.16000366210938,3.9800000190734863,2.1953999996185303,2.2495999336242676,25.0,3018.199951171875,33.290000915527344,976.2000122070312,951.2000122070312,5.087500095367432,2553.5,1009.75,300.29998779296875,42.0099983215332,464.25,558.25,380.75,13.420000076293945,391.3999938964844,7765.0,19.719999313354492,65.2699966430664,206.9499969482422,286.4750061035156,86.125,276.1499938964844,104.08999633789062,1.0833499431610107,0.006719000171869993,1.2926000356674194,0.6977999806404114,1.1438499689102173,0.6276500225067139,0.5745499730110168,84043.2421875,103.42578125,107.84375,111.09375,117.375,563.97998046875,90.69999694824219,480.8399963378906,187.14999389648438,62.0099983215332,79.22000122070312,108.76000213623047
2025-03-22,,,,,,,,,,,,,,,,,,,,,,,,,,,,,,,,,,,,,,,,,,,,,,,,,83832.484375,,,,,,,,,,,
2025-03-23,,,,,,,,,,,,,,,,,,,,,,,,,,,,,,,,,,,,,,,,,,,,,,,,,86054.375,,,,,,,,,,,
2025-03-24,5815.5,20374.25,42898.0,2125.199951171875,37835.0,5415.7900390625,22852.66015625,17.479999542236328,4.182000160217285,4.000999927520752,4.0970001220703125,4.330999851226807,4.65500020980835,69.11000061035156,73.0,3.9140000343322754,2.2065999507904053,2.2571001052856445,25.389999389648438,3013.10009765625,33.26499938964844,962.5999755859375,947.7000122070312,5.064000129699707,2538.5,1007.25,297.6000061035156,42.150001525878906,464.5,548.25,373.5,13.364999771118164,393.3999938964844,8079.0,19.260000228881836,65.41999816894531,205.89999389648438,286.6000061035156,85.69999694824219,268.54998779296875,104.26000213623047,1.0817999839782715,0.006657999940216541,1.2926000356674194,0.6993499994277954,1.1434500217437744,0.6284499764442444,0.5734500288963318,87498.9140625,103.3046875,107.46875,110.546875,116.40625,574.0800170898438,89.7699966430664,490.6600036621094,189.75,62.04999923706055,79.44999694824219,108.29000091552734
2025-03-25,5826.5,20488.5,42906.0,2112.300048828125,37905.0,5475.080078125,23109.7890625,17.149999618530273,4.182000160217285,3.992000102996826,4.058000087738037,4.307000160217285,4.656000137329102,69.0,73.0199966430664,3.8399999141693115,2.208699941635132,2.285900115966797,24.8700008392334,3023.699951171875,34.00199890136719,973.0999755859375,953.7999877929688,5.183000087738037,2526.75,1001.75,295.1000061035156,42.29999923706055,457.75,543.25,367.5,13.1850004196167,398.54998779296875,7995.0,19.510000228881836,65.13999938964844,206.375,286.9750061035156,86.6500015258789,264.8500061035156,104.18000030517578,1.080899953842163,0.006688999943435192,1.294600009918213,0.7000499963760376,1.1443500518798828,0.6299499869346619,0.5742499828338623,87471.703125,103.37109375,107.640625,110.75,116.59375,575.4600219726562,89.76000213623047,493.4599914550781,189.33999633789062,62.290000915527344,79.41000366210938,108.4000015258789
2025-03-26,5759.5,20116.5,42746.0,2090.300048828125,37550.0,5411.68994140625,22839.029296875,18.329999923706055,4.190000057220459,4.011000156402588,4.083000183105469,4.3379998207092285,4.683000087738037,69.6500015258789,73.79000091552734,3.8610000610351562,2.232800006866455,2.2887001037597656,24.290000915527344,3020.89990234375,34.03300094604492,967.9000244140625,962.5,5.216000080108643,2533.5,1001.0,293.6000061035156,42.63999938964844,451.25,535.25,361.25,13.180000305175781,392.0,8044.0,19.350000381469727,65.68000030517578,207.0749969482422,286.79998779296875,87.55000305175781,262.1000061035156,104.55000305175781,1.076550006866455,0.006659999955445528,1.2884999513626099,0.7005500197410583,1.1413999795913696,0.6287999749183655,0.5735499858856201,86900.8828125,103.31640625,107.53125,110.5625,116.15625,568.5900268554688,89.16999816894531,484.3800048828125,189.2899932861328,61.630001068115234,79.08999633789062,107.95999908447266
2025-03-27,5739.25,19990.25,42602.0,2080.699951171875,37475.0,5381.080078125,22678.740234375,18.690000534057617,4.188000202178955,3.997999906539917,4.0980000495910645,4.36899995803833,4.728000164031982,69.91999816894531,74.02999877929688,3.950000047683716,2.2464001178741455,2.2846999168395996,23.639999389648438,3060.199951171875,34.89699935913086,983.2000122070312,973.7999877929688,5.097499847412109,2479.0,1016.75,294.5,44.27000045776367,450.0,532.0,357.0,13.46500015258789,378.79998779296875,7979.0,19.09000015258789,67.06999969482422,209.5500030517578,287.6499938964844,87.0250015258789,247.5,104.06999969482422,1.0800000429153442,0.006628999952226877,1.294800043106079,0.6989499926567078,1.1438499689102173,0.630050003528595,0.5747500061988831,87177.1015625,103.33984375,107.5234375,110.421875,115.65625,567.0800170898438,88.91000366210938,481.6199951171875,188.8300018310547,61.79999923706055,78.94000244140625,107.83000183105469
2025-03-28,5623.0,19457.0,41851.0,2037.0999755859375,36465.0,5331.39990234375,22461.51953125,21.649999618530273,4.188000202178955,3.9149999618530273,3.9809999465942383,4.255000114440918,4.632999897003174,69.36000061035156,73.62999725341797,4.065000057220459,2.2346999645233154,2.2609000205993652,23.100000381469727,3086.5,34.64400100708008,977.7000122070312,974.2999877929688,5.112500190734863,2459.5,1023.0,293.5,45.15999984741211,453.25,528.25,350.25,13.515000343322754,379.95001220703125,8042.0,18.959999084472656,66.9000015258789,208.8249969482422,286.92498779296875,86.69999694824219,237.3000030517578,104.04000091552734,1.083299994468689,0.006680000107735395,1.2940000295639038,0.6991000175476074,1.1444499492645264,0.6287000179290771,0.5724999904632568,84353.1484375,103.47265625,108.015625,111.203125,117.09375,555.6599731445312,90.13999938964844,468.94000244140625,186.27000427246094,61.02000045776367,78.80000305175781,108.4800033569336
2025-03-29,,,,,,,,,,,,,,,,,,,,,,,,,,,,,,,,,,,,,,,,,,,,,,,,,82597.5859375,,,,,,,,,,,
2025-03-30,,,,,,,,,,,,,,,,,,,,,,,,,,,,,,,,,,,,,,,,,,,,,,,,,82334.5234375,,,,,,,,,,,
2025-03-31,5653.25,19439.5,42259.0,2027.0999755859375,36130.0,5248.39013671875,22163.490234375,22.280000686645508,4.192999839782715,3.9140000343322754,3.9830000400543213,4.245999813079834,4.61299991607666,71.4800033569336,74.73999786376953,4.11899995803833,2.283099889755249,2.313999891281128,22.920000076293945,3122.800048828125,34.457000732421875,1009.7000122070312,991.2000122070312,5.019999980926514,2432.25,1014.75,292.70001220703125,44.88999938964844,457.25,537.0,346.25,13.569999694824219,379.75,7902.0,18.860000610351562,66.83000183105469,207.8000030517578,286.45001220703125,87.7249984741211,243.5500030517578,104.20999908447266,1.0822999477386475,0.0066720000468194485,1.291100025177002,0.696150004863739,1.1406999826431274,0.625,0.5687000155448914,82548.9140625,103.53515625,108.0,111.21875,117.28125,559.3900146484375,91.02999877929688,468.9200134277344,188.16000366210938,60.65999984741211,78.88999938964844,108.69000244140625
2025-04-01,5674.5,19604.5,42241.0,2026.699951171875,35865.0,5320.2998046875,22539.98046875,21.770000457763672,4.199999809265137,3.815000057220459,3.9100000858306885,4.156000137329102,4.515999794006348,71.19999694824219,74.48999786376953,3.9509999752044678,2.302500009536743,2.2888998985290527,23.079999923706055,3118.89990234375,34.15800094604492,987.0999755859375,991.2999877929688,5.019000053405762,2400.5,1034.25,292.29998779296875,47.439998626708984,461.75,540.5,355.0,13.300000190734863,389.04998779296875,8177.0,19.350000381469727,68.25,209.125,288.2749938964844,87.375,258.20001220703125,104.26000213623047,1.079450011253357,0.006703000050038099,1.2908999919891357,0.6980000138282776,1.1413999795913696,0.6264500021934509,0.5699999928474426,85169.171875,103.67578125,108.46875,111.78125,118.59375,560.969970703125,91.48999786376953,472.70001220703125,187.89999389648438,60.84000015258789,78.69000244140625,108.66000366210938
2025-04-02,5712.25,19758.0,42492.0,2059.10009765625,36085.0,5303.9501953125,22390.83984375,21.510000228881836,4.203000068664551,3.8399999141693115,3.9509999752044678,4.196000099182129,4.552999973297119,71.70999908447266,74.94999694824219,4.054999828338623,2.3310000896453857,2.322000026702881,23.170000076293945,3139.89990234375,34.499000549316406,977.9000244140625,974.5,5.023499965667725,2366.5,1029.5,287.20001220703125,48.5,457.75,539.25,366.0,13.225000381469727,388.8500061035156,8968.0,19.59000015258789,67.80000305175781,210.375,288.875,87.44999694824219,249.60000610351562,103.80999755859375,1.086150050163269,0.006678999867290258,1.2979999780654907,0.6984999775886536,1.1433000564575195,0.6294000148773193,0.5745999813079834,82485.7109375,103.59765625,108.265625,111.5,118.0,564.52001953125,91.43000030517578,476.1499938964844,189.1300048828125,60.9900016784668,78.8499984741211,108.91000366210938
2025-04-03,5432.75,18675.5,40776.0,1923.800048828125,34000.0,5113.27978515625,21717.390625,30.020000457763672,4.184999942779541,3.694999933242798,3.760999917984009,4.054999828338623,4.485000133514404,66.94999694824219,70.13999938964844,4.138000011444092,2.164299964904785,2.1888999938964844,22.459999084472656,3097.0,31.8439998626709,942.5,919.0999755859375,4.810999870300293,2296.25,1011.5,288.0,47.060001373291016,457.5,536.0,352.0,13.074999809265137,385.25,9291.0,19.110000610351562,64.80000305175781,208.0500030517578,285.3999938964844,87.375,234.60000610351562,102.06999969482422,1.1042499542236328,0.006837000139057636,1.309399962425232,0.7105000019073486,1.1712000370025635,0.6337500214576721,0.5810999870300293,83102.828125,103.94921875,109.125,112.640625,119.40625,536.7000122070312,91.8499984741211,450.6600036621094,181.39999389648438,59.7599983215332,77.87000274658203,108.9000015258789
2025-04-04,5110.25,17539.0,38530.0,1839.4000244140625,32345.0,4878.31005859375,20641.720703125,45.310001373291016,4.15500020980835,3.566999912261963,3.7090001106262207,3.984999895095825,4.388000011444092,61.9900016784668,65.58000183105469,3.8369998931884766,2.054500102996826,2.081899881362915,20.81999969482422,3012.0,29.115999221801758,902.0,896.2000122070312,4.384500026702881,2209.5,977.0,283.1000061035156,45.84000015258789,460.25,529.0,342.75,13.074999809265137,365.70001220703125,8512.0,18.84000015258789,63.36000061035156,202.625,279.42498779296875,87.375,226.89999389648438,103.0199966430664,1.094849944114685,0.006814999971538782,1.2879999876022339,0.702750027179718,1.1720999479293823,0.6018999814987183,0.5587000250816345,83843.8046875,104.0703125,109.3359375,113.046875,120.59375,505.2799987792969,92.8499984741211,422.6700134277344,170.38999938964844,56.099998474121094,76.76000213623047,108.77999877929688
2025-04-05,,,,,,,,,,,,,,,,,,,,,,,,,,,,,,,,,,,,,,,,,,,,,,,,,83504.796875,,,,,,,,,,,
2025-04-06,,,,,,,,,,,,,,,,,,,,,,,,,,,,,,,,,,,,,,,,,,,,,,,,,78214.484375,,,,,,,,,,,
2025-04-07,5097.25,17563.25,38165.0,1822.699951171875,32340.0,4656.41015625,19789.619140625,46.97999954223633,4.150000095367432,3.638000011444092,3.8399999141693115,4.15500020980835,4.5929999351501465,60.70000076293945,64.20999908447266,3.6549999713897705,2.0201001167297363,2.0699000358581543,20.510000228881836,2951.300048828125,29.510000228881836,894.0,876.5999755859375,4.169000148773193,2199.25,983.0,288.3999938964844,45.150001525878906,464.5,536.5,336.75,13.319999694824219,344.79998779296875,8053.0,18.68000030517578,65.98999786376953,198.9250030517578,277.82501220703125,87.80000305175781,211.89999389648438,103.26000213623047,1.093999981880188,0.006767999846488237,1.274899959564209,0.7044000029563904,1.176800012588501,0.5974000096321106,0.5540500283241272,79235.3359375,103.94140625,108.8125,112.0625,117.625,504.3800048828125,90.05000305175781,423.69000244140625,169.1699981689453,54.58000183105469,76.0999984741211,106.66000366210938
2025-04-08,5020.25,17243.75,37862.0,1774.0,32345.0,4773.64990234375,20280.259765625,52.33000183105469,4.177999973297119,3.677999973297119,3.9140000343322754,4.26200008392334,4.715000152587891,59.58000183105469,62.81999969482422,3.4649999141693115,1.9914000034332275,2.056999921798706,20.260000228881836,2968.39990234375,29.591999053955078,899.5999755859375,877.9000244140625,4.127500057220459,2190.75,992.75,291.0,44.939998626708984,469.0,540.0,330.0,13.510000228881836,342.8999938964844,7755.0,18.309999465942383,65.55000305175781,199.10000610351562,280.42498779296875,87.82499694824219,234.64999389648438,102.95999908447266,1.0955499410629272,0.0068350001238286495,1.2789000272750854,0.7026000022888184,1.1888500452041626,0.5965499877929688,0.555899977684021,76271.953125,103.93359375,108.53125,111.46875,115.75,496.4800109863281,88.3499984741211,416.05999755859375,166.82000732421875,54.189998626708984,75.75,105.30999755859375
2025-04-09,5491.0,19288.75,40836.0,1924.9000244140625,35000.0,4622.14013671875,19670.880859375,33.619998931884766,4.228000164031982,3.927000045776367,4.10099983215332,4.400000095367432,4.793000221252441,62.349998474121094,65.4800033569336,3.815999984741211,2.0383999347686768,2.113600015640259,22.1200008392334,3056.5,30.322999954223633,908.5999755859375,878.0999755859375,4.17549991607666,2166.25,1012.75,294.5,46.189998626708984,474.0,542.25,330.25,13.550000190734863,341.70001220703125,8447.0,17.90999984741211,66.62999725341797,202.8000030517578,283.75,86.9749984741211,259.6499938964844,102.9000015258789,1.096500039100647,0.006783999968320131,1.280500054359436,0.7086499929428101,1.1793999671936035,0.6142500042915344,0.5659000277519226,82573.953125,103.5078125,107.6796875,110.328125,114.53125,548.6199951171875,88.87000274658203,466.0,178.72999572753906,58.09000015258789,77.77999877929688,107.06999969482422
2025-04-10,5302.0,18484.5,39797.0,1844.5999755859375,33530.0,4818.919921875,20562.73046875,40.720001220703125,4.197000026702881,3.816999912261963,4.038000106811523,4.394000053405762,4.848999977111816,60.06999969482422,63.33000183105469,3.556999921798706,1.961300015449524,2.0464000701904297,21.59000015258789,3155.199951171875,30.67099952697754,922.4000244140625,888.9000244140625,4.321000099182129,2251.0,1029.0,297.8999938964844,46.31999969482422,483.0,538.0,339.5,13.244999885559082,342.8500061035156,8088.0,18.1200008392334,66.47000122070312,200.85000610351562,282.7749938964844,86.0,264.25,100.87000274658203,1.121749997138977,0.006918000057339668,1.2980999946594238,0.7152000069618225,1.2228000164031982,0.6233000159263611,0.5763499736785889,79626.140625,103.6953125,107.953125,110.59375,113.875,524.5800170898438,86.41999816894531,446.17999267578125,173.4499969482422,57.099998474121094,76.51000213623047,105.25
2025-04-11,5391.25,18807.5,40399.0,1869.0,33815.0,4787.22998046875,20374.099609375,37.560001373291016,4.2129998207092285,3.88100004196167,4.159999847412109,4.493000030517578,4.876999855041504,61.5,64.76000213623047,3.5269999504089355,1.9990999698638916,2.0652999877929688,22.649999618530273,3222.199951171875,31.823999404907227,934.2999877929688,896.7999877929688,4.507500171661377,2300.0,1042.75,299.6000061035156,47.349998474121094,490.25,555.75,345.75,13.505000114440918,357.70001220703125,8511.0,18.0,65.88999938964844,202.47500610351562,285.17498779296875,85.42500305175781,279.25,99.77999877929688,1.131350040435791,0.006955000106245279,1.305899977684021,0.7200499773025513,1.2337499856948853,0.628250002861023,0.583050012588501,83404.8359375,103.4921875,107.40625,109.734375,113.1875,533.9400024414062,86.88999938964844,454.3999938964844,176.1199951171875,58.599998474121094,76.73999786376953,105.2300033569336
2025-04-12,,,,,,,,,,,,,,,,,,,,,,,,,,,,,,,,,,,,,,,,,,,,,,,,,85287.109375,,,,,,,,,,,
2025-04-13,,,,,,,,,,,,,,,,,,,,,,,,,,,,,,,,,,,,,,,,,,,,,,,,,83684.9765625,,,,,,,,,,,
2025-04-14,5440.75,18934.75,40741.0,1891.300048828125,34410.0,4911.39013671875,20954.830078125,30.889999389648438,4.195000171661377,3.821000099182129,3.997999906539917,4.363999843597412,4.797999858856201,61.529998779296875,64.87999725341797,3.325000047683716,2.022200107574463,2.0917000770568848,22.84000015258789,3204.800048828125,32.09199905395508,948.5999755859375,946.5999755859375,4.610499858856201,2306.75,1041.75,297.1000061035156,46.31999969482422,485.0,547.5,346.75,13.710000038146973,360.3999938964844,8247.0,17.8700008392334,64.08999633789062,203.9499969482422,288.04998779296875,85.4749984741211,304.25,99.63999938964844,1.1340999603271484,0.006969999987632036,1.316100001335144,0.7214000225067139,1.2380000352859497,0.6302499771118164,0.5898000001907349,84542.390625,103.7265625,108.078125,110.75,114.5,539.1199951171875,87.51000213623047,457.4800109863281,178.27000427246094,59.209999084472656,77.12000274658203,105.87999725341797
2025-04-15,5428.25,18960.25,40575.0,1892.9000244140625,34590.0,4970.43017578125,21253.69921875,30.1200008392334,4.199999809265137,3.819000005722046,3.9630000591278076,4.322999954223633,4.776000022888184,61.33000183105469,64.66999816894531,3.3289999961853027,2.024399995803833,2.078399896621704,22.729999542236328,3218.699951171875,32.22700119018555,960.2000122070312,968.2000122070312,4.611000061035156,2317.5,1036.0,294.20001220703125,47.33000183105469,481.25,542.0,342.75,13.729999542236328,369.3999938964844,8002.0,17.520000457763672,65.08000183105469,204.8000030517578,289.375,88.19999694824219,306.6000061035156,100.22000122070312,1.1296499967575073,0.0070130000822246075,1.3217999935150146,0.7197499871253967,1.225350022315979,0.6348000168800354,0.5910000205039978,83668.9921875,103.734375,108.25,111.078125,114.84375,537.6099853515625,87.81999969482422,457.989990234375,177.77000427246094,59.529998779296875,77.33000183105469,106.44999694824219
2025-04-16,5305.75,18385.25,39853.0,1874.4000244140625,33950.0,4966.5,21311.01953125,32.63999938964844,4.208000183105469,3.7769999504089355,3.9089999198913574,4.2789998054504395,4.747000217437744,62.470001220703125,65.8499984741211,3.246999979019165,2.0434000492095947,2.1154000759124756,22.709999084472656,3326.60009765625,32.92599868774414,969.7000122070312,969.7999877929688,4.673999786376953,2310.5,1038.75,296.70001220703125,47.47999954223633,484.25,547.75,347.5,13.399999618530273,376.04998779296875,8096.0,17.860000610351562,65.79000091552734,207.0749969482422,289.95001220703125,90.1500015258789,318.45001220703125,99.37999725341797,1.1406999826431274,0.007065000012516975,1.323199987411499,0.7218000292778015,1.2368500232696533,0.6369500160217285,0.5936499834060669,84033.8671875,103.8125,108.5,111.421875,115.28125,525.6599731445312,88.30999755859375,444.17999267578125,175.8000030517578,59.20000076293945,77.31999969482422,106.9000015258789
2025-04-17,5312.75,18380.75,39329.0,1889.5999755859375,34570.0,4935.33984375,21205.859375,29.649999618530273,4.204999923706055,3.756999969482422,3.941999912261963,4.333000183105469,4.809000015258789,64.68000030517578,67.95999908447266,3.244999885559082,2.09879994392395,2.1522998809814453,22.8700008392334,3308.699951171875,32.41999816894531,967.2999877929688,955.4000244140625,4.731500148773193,2307.5,1036.5,295.6000061035156,47.869998931884766,482.25,548.75,356.5,13.470000267028809,375.5,8365.0,17.93000030517578,66.31999969482422,209.8249969482422,293.3500061035156,90.4000015258789,304.0,99.37999725341797,1.1394000053405762,0.007044999860227108,1.3270000219345093,0.7236499786376953,1.2297999858856201,0.6392999887466431,0.5985999703407288,84895.75,103.79296875,108.4140625,111.171875,114.5625,526.4099731445312,87.52999877929688,444.1000061035156,176.32000732421875,59.79999923706055,77.7699966430664,106.75
2025-04-18,,,,,,,,,,,,,,,,,,,,,,,,,,,,,,,,,,,,,,,,,,,,,,,,,84450.8046875,,,,,,,,,,,
2025-04-19,,,,,,,,,,,,,,,,,,,,,,,,,,,,,,,,,,,,,,,,,,,,,,,,,85063.4140625,,,,,,,,,,,
2025-04-20,,,,,,,,,,,,,,,,,,,,,,,,,,,,,,,,,,,,,,,,,,,,,,,,,85174.3046875,,,,,,,,,,,
2025-04-21,5184.75,17922.25,38328.0,1850.5999755859375,34255.0,,,33.81999969482422,4.210000038146973,3.73799991607666,3.9590001106262207,4.40500020980835,4.910999774932861,63.08000183105469,66.26000213623047,3.0160000324249268,2.0652999877929688,2.1089000701904297,22.450000762939453,3406.199951171875,32.49599838256836,957.7999877929688,925.7000122070312,4.7210001945495605,2330.5,1029.5,292.8999938964844,47.81999969482422,481.75,538.5,355.75,13.545000076293945,366.79998779296875,8810.0,17.809999465942383,65.7699966430664,209.77499389648438,285.5249938964844,91.0250015258789,289.0,98.27999877929688,1.1541999578475952,0.007137000095099211,1.3380999565124512,0.7237499952316284,1.2473499774932861,0.6414999961853027,0.6014999747276306,87518.90625,103.88671875,108.359375,110.8125,113.03125,513.8800048828125,86.0,433.1099853515625,172.89999389648438,59.59000015258789,77.30999755859375,105.5999984741211
2025-04-22,5314.75,18385.0,39357.0,1898.9000244140625,34945.0,4961.4501953125,21293.529296875,30.56999969482422,4.2129998207092285,3.809999942779541,3.9769999980926514,4.388999938964844,4.879000186920166,64.30999755859375,67.44000244140625,3.006999969482422,2.099600076675415,2.1486001014709473,22.65999984741211,3400.800048828125,32.880001068115234,953.4000244140625,928.7999877929688,4.870500087738037,2303.25,1035.0,291.8999938964844,47.58000183105469,475.75,535.5,357.75,13.305000305175781,377.6499938964844,9310.0,17.989999771118164,67.04000091552734,211.375,286.92498779296875,92.2249984741211,278.70001220703125,98.91999816894531,1.1445499658584595,0.007089000195264816,1.3336000442504883,0.7249500155448914,1.2295000553131104,0.6376500129699707,0.5988500118255615,93441.890625,103.76953125,108.2578125,110.796875,113.59375,527.25,86.4800033569336,444.4800109863281,177.02000427246094,60.709999084472656,77.61000061035156,105.86000061035156
2025-04-23,5401.75,18804.0,39775.0,1926.0999755859375,35455.0,5098.740234375,21961.970703125,28.450000762939453,4.208000183105469,3.8469998836517334,4.013999938964844,4.38700008392334,4.833000183105469,62.27000045776367,66.12000274658203,3.0220000743865967,2.083899974822998,2.1268999576568604,23.65999984741211,3276.300048828125,33.518001556396484,970.7000122070312,937.7000122070312,4.8354997634887695,2345.75,1040.25,290.79998779296875,47.90999984741211,472.0,528.25,355.75,13.204999923706055,392.3999938964844,9104.0,17.940000534057617,68.75,212.6999969482422,288.3500061035156,91.875,268.0,99.83999633789062,1.1340999603271484,0.00699200015515089,1.3265999555587769,0.7210500240325928,1.2130999565124512,0.6366000175476074,0.5965499877929688,93699.109375,103.62890625,108.078125,110.65625,114.15625,535.4199829101562,87.31999969482422,454.55999755859375,178.49000549316406,61.029998779296875,78.0,106.33000183105469
2025-04-24,5511.25,19322.0,40262.0,1964.5,35660.0,5114.97998046875,22064.509765625,26.469999313354492,4.197000026702881,3.8010001182556152,3.927000045776367,4.304999828338623,4.764999866485596,62.790000915527344,66.55000305175781,2.930000066757202,2.1057000160217285,2.143699884414673,24.59000015258789,3332.0,33.481998443603516,971.5999755859375,947.9000244140625,4.849999904632568,2390.0,1053.0,288.70001220703125,49.650001525878906,477.25,529.25,358.5,13.109999656677246,408.0,9391.0,17.920000076293945,67.30000305175781,213.5,289.07501220703125,91.94999694824219,253.0,99.29000091552734,1.139449954032898,0.007023999933153391,1.3327000141143799,0.7224000096321106,1.2151000499725342,0.6404500007629395,0.6000499725341797,93943.796875,103.7578125,108.4453125,111.21875,115.1875,546.6900024414062,88.23999786376953,467.3500061035156,180.80999755859375,61.779998779296875,78.69999694824219,107.41999816894531
2025-04-25,5549.75,19535.25,40254.0,1964.300048828125,36105.0,5154.1201171875,22242.44921875,24.84000015258789,4.192999839782715,3.753999948501587,3.884000062942505,4.265999794006348,4.73799991607666,63.02000045776367,66.87000274658203,2.937000036239624,2.1189000606536865,2.16729998588562,24.450000762939453,3282.39990234375,32.98899841308594,964.7999877929688,931.0,4.8354997634887695,2351.25,1049.75,290.0,49.279998779296875,478.75,530.0,364.75,12.9350004196167,408.25,9652.0,18.18000030517578,66.8499984741211,214.25,290.5249938964844,92.80000305175781,260.95001220703125,99.47000122070312,1.139549970626831,0.006982999853789806,1.3329999446868896,0.7224500179290771,1.2164000272750854,0.6403499841690063,0.5978999733924866,94720.5,103.8125,108.625,111.515625,115.8125,550.6400146484375,88.88999938964844,472.55999755859375,180.42999267578125,61.86000061035156,78.7699966430664,107.98999786376953
2025-04-26,,,,,,,,,,,,,,,,,,,,,,,,,,,,,,,,,,,,,,,,,,,,,,,,,94646.9296875,,,,,,,,,,,
2025-04-27,,,,,,,,,,,,,,,,,,,,,,,,,,,,,,,,,,,,,,,,,,,,,,,,,93754.84375,,,,,,,,,,,
2025-04-28,5553.0,19528.0,40368.0,1971.9000244140625,36005.0,5170.490234375,22271.669921875,25.149999618530273,4.192999839782715,3.693000078201294,3.815999984741211,4.216000080108643,4.693999767303467,62.04999923706055,65.86000061035156,3.1700000762939453,2.105799913406372,2.17549991607666,25.049999237060547,3332.5,32.9900016784668,987.4000244140625,943.4000244140625,4.8379998207092285,2347.5,1052.0,287.0,49.90999984741211,475.5,515.5,369.25,12.510000228881836,421.54998779296875,9217.0,17.84000015258789,66.37999725341797,215.64999389648438,291.79998779296875,92.94999694824219,268.8999938964844,99.01000213623047,1.142799973487854,0.007052000146359205,1.3427000045776367,0.7231500148773193,1.225450038909912,0.6426500082015991,0.5976999998092651,94978.75,103.9609375,108.9296875,111.90625,116.375,550.8499755859375,89.44999694824219,472.4100036621094,181.0500030517578,62.220001220703125,78.80999755859375,108.23999786376953
2025-04-29,5583.75,19642.0,40658.0,1983.5999755859375,36155.0,5161.89990234375,22425.830078125,24.170000076293945,4.190000057220459,3.6579999923706055,3.7750000953674316,4.172999858856201,4.6479997634887695,60.41999816894531,64.25,3.385999917984009,2.071199893951416,2.1203999519348145,25.1299991607666,3318.800048828125,33.275001525878906,978.7000122070312,932.5,4.822999954223633,2354.0,1041.0,290.5,48.849998474121094,460.5,505.75,381.25,12.475000381469727,412.6499938964844,9146.0,17.6200008392334,66.3499984741211,216.35000610351562,294.0249938964844,92.55000305175781,265.3500061035156,99.23999786376953,1.1395000219345093,0.007044000085443258,1.3401999473571777,0.7229499816894531,1.2201000452041626,0.638700008392334,0.5948500037193298,94284.7890625,104.00390625,109.09375,112.15625,117.0625,554.3200073242188,90.19999694824219,475.5299987792969,182.07000732421875,62.380001068115234,79.0199966430664,108.48999786376953
2025-04-30,5587.0,19658.5,40770.0,1969.800048828125,36235.0,5160.22021484375,22496.98046875,24.700000762939453,4.190000057220459,3.621999979019165,3.752000093460083,4.177000045776367,4.681000232696533,58.209999084472656,63.119998931884766,3.3259999752044678,2.0369999408721924,2.0367000102996826,25.0,3305.0,32.53099822998047,963.7999877929688,930.2000122070312,4.559999942779541,2292.75,1034.75,290.0,48.58000183105469,467.25,513.0,356.25,12.944999694824219,413.6000061035156,9127.0,17.459999084472656,65.7699966430664,215.75,292.57501220703125,91.92500305175781,265.29998779296875,99.47000122070312,1.1360000371932983,0.007019000127911568,1.3339999914169312,0.7261499762535095,1.2216999530792236,0.6404500007629395,0.5946999788284302,94207.3125,104.07421875,109.1953125,112.21875,116.625,554.5399780273438,89.47000122070312,475.4700012207031,182.27000427246094,62.34000015258789,78.5999984741211,107.9800033569336
2025-05-01,5623.25,19870.75,40855.0,1982.0,36915.0,,,24.600000381469727,4.184999942779541,3.6530001163482666,3.811000108718872,4.230999946594238,4.736999988555908,59.2400016784668,62.130001068115234,3.4790000915527344,2.0492000579833984,2.01200008392334,25.309999465942383,3210.0,32.18899917602539,964.7999877929688,939.7000122070312,4.580999851226807,2293.25,1040.25,286.5,49.36000061035156,464.25,515.25,365.0,12.805000305175781,395.70001220703125,8973.0,17.15999984741211,65.61000061035156,209.64999389648438,293.2250061035156,92.4000015258789,273.70001220703125,100.25,1.129699945449829,0.006874999962747097,1.3278000354766846,0.7228500247001648,1.2088500261306763,0.638700008392334,0.5915499925613403,96492.3359375,103.91015625,108.9140625,111.859375,115.875,558.469970703125,88.69000244140625,481.67999267578125,182.11000061035156,62.20000076293945,78.30000305175781,107.16999816894531
2025-05-02,5709.0,20195.25,41427.0,2026.800048828125,37280.0,5285.18994140625,23086.650390625,22.68000030517578,4.208000183105469,3.7909998893737793,3.931999921798706,4.322000026702881,4.795000076293945,58.290000915527344,61.290000915527344,3.630000114440918,2.01990008354187,1.9931999444961548,25.84000015258789,3231.89990234375,31.98900032043457,962.9000244140625,946.9000244140625,4.627500057220459,2307.75,1048.75,290.20001220703125,49.08000183105469,461.25,526.5,361.25,12.614999771118164,395.3999938964844,9127.0,17.200000762939453,70.18000030517578,211.10000610351562,294.95001220703125,92.94999694824219,282.8999938964844,100.0,1.13100004196167,0.006905000191181898,1.3274999856948853,0.7245000004768372,1.215250015258789,0.6444000005722046,0.5950999855995178,96910.0703125,103.6328125,108.359375,111.15625,114.90625,566.760009765625,87.7300033569336,488.8299865722656,184.89999389648438,63.45000076293945,78.54000091552734,106.91000366210938
2025-05-03,,,,,,,,,,,,,,,,,,,,,,,,,,,,,,,,,,,,,,,,,,,,,,,,,95891.796875,,,,,,,,,,,
2025-05-04,,,,,,,,,,,,,,,,,,,,,,,,,,,,,,,,,,,,,,,,,,,,,,,,,94315.9765625,,,,,,,,,,,
2025-05-05,5671.75,20055.5,41319.0,2010.9000244140625,37220.0,5283.0498046875,23344.5390625,23.639999389648438,4.208000183105469,3.805999994277954,3.943000078201294,4.3429999351501465,4.829999923706055,57.130001068115234,60.22999954223633,3.549999952316284,2.0227999687194824,1.9744999408721924,25.649999618530273,3311.300048828125,32.20500183105469,957.5,938.5,4.65500020980835,2306.75,1038.0,288.70001220703125,48.369998931884766,446.5,514.25,361.0,12.444999694824219,398.95001220703125,8758.0,17.469999313354492,70.3499984741211,213.64999389648438,296.07501220703125,92.25,290.79998779296875,99.83000183105469,1.132349967956543,0.0069599999114871025,1.3289999961853027,0.724399983882904,1.2213499546051025,0.6467999815940857,0.5972499847412109,94748.0546875,103.6328125,108.328125,111.0625,114.5,563.510009765625,87.23999786376953,485.92999267578125,184.1199951171875,63.68000030517578,78.51000213623047,106.76000213623047
2025-05-06,5625.75,19876.5,40918.0,1988.9000244140625,36820.0,5263.3798828125,23249.650390625,24.760000228881836,4.210000038146973,3.76200008392334,3.8980000019073486,4.308000087738037,4.813000202178955,59.09000015258789,62.150001525878906,3.4630000591278076,2.064500093460083,2.0088000297546387,26.389999389648438,3411.39990234375,33.112998962402344,987.7999877929688,976.2999877929688,4.735000133514404,2310.25,1034.75,286.1000061035156,47.97999954223633,447.5,519.0,368.75,12.600000381469727,401.1000061035156,9175.0,17.440000534057617,71.94000244140625,213.6750030517578,295.70001220703125,91.55000305175781,282.70001220703125,99.23999786376953,1.1380499601364136,0.007031000219285488,1.3377000093460083,0.7265499830245972,1.2230000495910645,0.6498000025749207,0.6015499830245972,96802.4765625,103.734375,108.5234375,111.3125,114.75,558.7999877929688,87.52999877929688,481.4100036621094,182.9199981689453,63.59000015258789,78.44999694824219,106.97000122070312
2025-05-07,5652.0,19961.0,41214.0,1995.300048828125,37030.0,5230.18994140625,23115.9609375,23.549999237060547,4.215000152587891,3.739000082015991,3.872999906539917,4.275000095367432,4.7729997634887695,58.06999969482422,61.119998931884766,3.621000051498413,2.0278000831604004,1.9766000509262085,26.770000457763672,3381.39990234375,32.53099822998047,979.7999877929688,978.2999877929688,4.616499900817871,2269.75,1030.5,288.0,46.95000076293945,441.0,518.0,370.0,12.71500015258789,396.20001220703125,9398.0,17.1299991607666,70.47000122070312,212.52499389648438,294.45001220703125,91.1500015258789,283.20001220703125,99.61000061035156,1.1342999935150146,0.006978000048547983,1.3323999643325806,0.7248499989509583,1.2239999771118164,0.6452999711036682,0.5969499945640564,97032.3203125,103.7265625,108.609375,111.546875,115.375,561.1500244140625,87.9000015258789,483.29998779296875,183.88999938964844,63.20000076293945,78.5199966430664,107.19000244140625
2025-05-08,5684.5,20148.0,41468.0,2033.300048828125,37535.0,5288.93994140625,23352.689453125,22.479999542236328,4.215000152587891,3.8320000171661377,3.99399995803833,4.373000144958496,4.835999965667725,59.90999984741211,62.84000015258789,3.5920000076293945,2.085400104522705,2.0399999618530273,26.68000030517578,3296.60009765625,32.37799835205078,976.2999877929688,979.4000244140625,4.560999870300293,2294.25,1036.75,287.79998779296875,48.029998779296875,439.0,513.0,370.0,12.475000381469727,397.79998779296875,9268.0,17.5,66.69000244140625,214.25,297.4750061035156,90.6500015258789,271.20001220703125,100.63999938964844,1.1231499910354614,0.006862000096589327,1.3251999616622925,0.7183499932289124,1.2084499597549438,0.6397500038146973,0.5909000039100647,103241.4609375,103.52734375,108.0703125,110.796875,114.40625,565.0599975585938,86.91999816894531,488.2900085449219,185.08999633789062,63.04999923706055,78.5,106.6500015258789
2025-05-09,5678.0,20136.75,41323.0,2028.800048828125,37530.0,5309.740234375,23499.3203125,21.899999618530273,4.215000152587891,3.819000005722046,3.986999988555908,4.375,4.833000183105469,61.02000045776367,63.90999984741211,3.7950000762939453,2.1084001064300537,2.0664000511169434,27.15999984741211,3335.39990234375,32.67599868774414,998.5,978.0,4.611000061035156,2309.25,1044.0,287.20001220703125,48.150001525878906,441.5,505.5,375.0,12.404999732971191,397.1499938964844,9387.0,17.780000686645508,66.61000061035156,214.6750030517578,297.9750061035156,90.375,256.20001220703125,100.33999633789062,1.1264499425888062,0.006889999844133854,1.3315000534057617,0.7182499766349792,1.2085000276565552,0.6413499712944031,0.5921000242233276,102970.8515625,103.546875,108.09375,110.8125,114.34375,564.3400268554688,87.05000305175781,487.9700012207031,185.0500030517578,63.41999816894531,78.55000305175781,106.61000061035156
2025-05-10,,,,,,,,,,,,,,,,,,,,,,,,,,,,,,,,,,,,,,,,,,,,,,,,,104696.328125,,,,,,,,,,,
2025-05-11,,,,,,,,,,,,,,,,,,,,,,,,,,,,,,,,,,,,,,,,,,,,,,,,,104106.359375,,,,,,,,,,,
2025-05-12,5865.0,20948.75,42493.0,2100.300048828125,38820.0,5392.35986328125,23566.5390625,18.389999389648438,4.28000020980835,3.9539999961853027,4.10099983215332,4.456999778747559,4.888000011444092,61.95000076293945,64.95999908447266,3.6459999084472656,2.1331000328063965,2.1110999584198,27.290000915527344,3220.0,32.38800048828125,974.2999877929688,938.0,4.578499794006348,2382.0,1066.0,291.1000061035156,49.4900016784668,440.25,499.0,381.25,12.3149995803833,382.45001220703125,9340.0,17.700000762939453,66.62999725341797,216.8249969482422,303.1000061035156,90.7249984741211,232.8000030517578,101.79000091552734,1.1094000339508057,0.0067460001446306705,1.3179999589920044,0.7148500084877014,1.187250018119812,0.6368499994277954,0.5862500071525574,102812.953125,103.3203125,107.5703125,110.15625,113.5,582.989990234375,86.23999786376953,507.8500061035156,188.9499969482422,64.04000091552734,79.33000183105469,106.58999633789062
2025-05-13,5904.5,21278.0,42228.0,2108.300048828125,38410.0,5416.2099609375,23638.560546875,18.219999313354492,4.284999847412109,3.9679999351501465,4.120999813079834,4.499000072479248,4.942999839782715,63.66999816894531,66.62999725341797,3.6470000743865967,2.1659998893737793,2.171299934387207,27.84000015258789,3240.300048828125,32.86800003051758,991.0,952.2000122070312,4.68149995803833,2400.75,1067.25,285.8999938964844,51.099998474121094,436.0,501.5,377.25,12.024999618530273,384.8500061035156,10171.0,18.219999313354492,66.27999877929688,216.3249969482422,302.82501220703125,90.9749984741211,243.8000030517578,101.0,1.118899941444397,0.006783999968320131,1.3300000429153442,0.7175499796867371,1.1944999694824219,0.6477500200271606,0.5946499705314636,104169.8125,103.2890625,107.4921875,109.96875,112.6875,586.8400268554688,85.88999938964844,515.5900268554688,188.6199951171875,64.16000366210938,79.47000122070312,106.68000030517578
2025-05-14,5908.5,21392.5,42117.0,2089.199951171875,37765.0,5403.43994140625,23527.009765625,18.6200008392334,4.284999847412109,4.000999927520752,4.1620001792907715,4.5279998779296875,4.9670000076293945,63.150001525878906,66.08999633789062,3.492000102996826,2.1700000762939453,2.2060999870300293,28.149999618530273,3181.39990234375,32.22600173950195,980.7999877929688,950.2999877929688,4.611000061035156,2457.25,1067.0,285.3999938964844,51.619998931884766,438.5,508.75,377.25,12.46500015258789,373.95001220703125,10129.0,18.059999465942383,65.4800033569336,213.9499969482422,299.57501220703125,91.0,257.6499938964844,101.04000091552734,1.1181999444961548,0.006819999776780605,1.3265000581741333,0.715749979019165,1.1915500164031982,0.642799973487854,0.5904499888420105,103539.4140625,103.2109375,107.3046875,109.71875,112.375,587.5900268554688,85.31999969482422,518.6799926757812,187.36000061035156,64.08000183105469,79.18000030517578,106.13999938964844
2025-05-15,5933.25,21400.25,42385.0,2101.39990234375,37810.0,5412.080078125,23695.58984375,17.829999923706055,4.257999897003174,3.934000015258789,4.072999954223633,4.454999923706055,4.918000221252441,61.619998931884766,64.52999877929688,3.361999988555908,2.134399890899658,2.1659998893737793,28.010000228881836,3220.699951171875,32.48099899291992,996.5,964.2000122070312,4.644499778747559,2403.5,1051.25,296.3999938964844,49.31999969482422,448.5,532.75,340.0,12.90999984741211,384.95001220703125,10257.0,17.670000076293945,65.43000030517578,211.1750030517578,296.17498779296875,100.69999694824219,266.1000061035156,100.87999725341797,1.117799997329712,0.0068660001270473,1.329800009727478,0.7161499857902527,1.2000499963760376,0.640500009059906,0.5878000259399414,103744.640625,103.35546875,107.6796875,110.25,113.0625,590.4600219726562,86.06999969482422,519.25,189.25999450683594,64.55999755859375,79.33000183105469,106.9000015258789
2025-05-16,5975.5,21506.0,42736.0,2119.39990234375,38035.0,5427.52978515625,23767.4296875,17.239999771118164,4.236999988555908,3.9779999256134033,4.064000129699707,4.440999984741211,4.89900016784668,62.4900016784668,65.41000366210938,3.3340001106262207,2.1417999267578125,2.1405999660491943,27.709999084472656,3182.0,32.15800094604492,990.2000122070312,956.7999877929688,4.555500030517578,2389.75,1050.0,291.8999938964844,48.93000030517578,443.5,525.0,342.5,12.8149995803833,376.25,10898.0,17.520000457763672,64.88999938964844,212.22500610351562,296.8500061035156,100.32499694824219,251.10000610351562,101.08999633789062,1.1152499914169312,0.00685499981045723,1.3278000354766846,0.7150999903678894,1.1959500312805176,0.640500009059906,0.5885000228881836,103489.2890625,103.328125,107.7109375,110.328125,113.375,594.2000122070312,86.30000305175781,521.510009765625,191.08999633789062,64.63999938964844,79.41999816894531,107.0999984741211
2025-05-17,,,,,,,,,,,,,,,,,,,,,,,,,,,,,,,,,,,,,,,,,,,,,,,,,103191.0859375,,,,,,,,,,,
2025-05-18,,,,,,,,,,,,,,,,,,,,,,,,,,,,,,,,,,,,,,,,,,,,,,,,,106446.0078125,,,,,,,,,,,
2025-05-19,5982.5,21527.0,42885.0,2109.5,37635.0,5427.22998046875,23934.98046875,18.139999389648438,4.239999771118164,3.9779999256134033,4.080999851226807,4.474999904632568,4.940000057220459,62.689998626708984,65.54000091552734,3.11299991607666,2.1387999057769775,2.127700090408325,27.809999465942383,3228.89990234375,32.3129997253418,1004.5,979.2000122070312,4.633500099182129,2355.25,1050.75,291.1000061035156,49.439998626708984,447.5,529.0,357.25,12.6899995803833,376.1499938964844,10974.0,17.450000762939453,65.63999938964844,212.97500610351562,295.67498779296875,99.25,251.8000030517578,100.43000030517578,1.125,0.006891999859362841,1.3366999626159668,0.7164499759674072,1.2019000053405762,0.6450999975204468,0.5926499962806702,105606.1796875,103.3359375,107.6640625,110.140625,112.78125,594.8499755859375,86.05000305175781,522.010009765625,191.3000030517578,65.0999984741211,79.37999725341797,107.11000061035156
2025-05-20,5959.75,21447.25,42772.0,2110.800048828125,37650.0,5454.64990234375,24036.109375,18.09000015258789,4.248000144958496,3.9639999866485596,4.066999912261963,4.480999946594238,4.9670000076293945,62.560001373291016,65.37999725341797,3.427000045776367,2.152100086212158,2.1289000511169434,28.010000228881836,3280.300048828125,32.97999954223633,1053.800048828125,1021.5999755859375,4.619500160217285,2372.25,1053.0,292.6000061035156,49.5,454.5,546.0,356.5,12.699999809265137,369.29998779296875,10874.0,17.34000015258789,66.12000274658203,213.1750030517578,296.0,100.0250015258789,263.29998779296875,100.12000274658203,1.1291500329971313,0.006938999984413385,1.3380999565124512,0.7178999781608582,1.2089500427246094,0.641700029373169,0.5920000076293945,106791.0859375,103.359375,107.7265625,110.203125,112.5625,592.8499755859375,85.43000030517578,520.27001953125,190.97999572753906,65.30999755859375,79.33999633789062,106.8499984741211
2025-05-21,5861.25,21156.75,41947.0,2051.5,36955.0,5454.4599609375,24122.400390625,20.8700008392334,4.235000133514404,3.9800000190734863,4.1570000648498535,4.5960001945495605,5.090000152587891,61.56999969482422,64.91000366210938,3.368000030517578,2.1498000621795654,2.1391000747680664,28.229999542236328,3309.300048828125,33.4630012512207,1082.5999755859375,1046.5999755859375,4.638000011444092,2374.25,1062.75,294.1000061035156,49.83000183105469,461.0,549.25,359.5,13.15999984741211,370.29998779296875,10719.0,17.700000762939453,66.06999969482422,214.14999389648438,296.29998779296875,99.5250015258789,274.20001220703125,99.55999755859375,1.135200023651123,0.006982999853789806,1.3430999517440796,0.7235000133514404,1.2157000303268433,0.644349992275238,0.5949500203132629,109678.078125,103.27734375,107.359375,109.5,110.78125,582.8599853515625,83.97000122070312,513.0399780273438,187.19000244140625,65.0199966430664,78.80999755859375,105.66000366210938
2025-05-22,5856.75,21178.25,41925.0,2050.199951171875,37075.0,5424.47998046875,23999.169921875,20.280000686645508,4.23199987411499,3.9800000190734863,4.11299991607666,4.552999973297119,5.065000057220459,61.20000076293945,64.44000244140625,3.253000020980835,2.131200075149536,2.117500066757202,28.520000457763672,3292.300048828125,33.047000885009766,1078.199951171875,1024.0,4.648499965667725,2350.25,1067.5,298.5,49.11000061035156,463.0,544.5,359.25,12.914999961853027,360.75,10278.0,17.399999618530273,65.62999725341797,215.625,295.3999938964844,98.69999694824219,289.20001220703125,99.95999908447266,1.1294000148773193,0.006953999865800142,1.3424999713897705,0.7220500111579895,1.2091000080108643,0.6415500044822693,0.5905500054359436,111673.28125,103.3046875,107.5390625,109.828125,111.1875,583.0900268554688,84.41000366210938,514.0,186.66000366210938,64.91999816894531,78.97000122070312,106.19999694824219
2025-05-23,5817.0,20975.0,41674.0,2042.9000244140625,36890.0,5326.31005859375,23629.580078125,22.290000915527344,4.230000019073486,3.940999984741211,4.078000068664551,4.508999824523926,5.031000137329102,61.529998779296875,64.77999877929688,3.3340001106262207,2.1092000007629395,2.10479998588562,31.829999923706055,3363.60009765625,33.44200134277344,1087.4000244140625,1001.5,4.80649995803833,2357.5,1060.25,296.20001220703125,49.349998474121094,459.5,542.5,354.75,13.170000076293945,361.0,9764.0,17.290000915527344,66.11000061035156,215.8000030517578,300.375,98.30000305175781,273.1499938964844,99.11000061035156,1.1375999450683594,0.007034999784082174,1.3532999753952026,0.7296000123023987,1.2214000225067139,0.6498000025749207,0.5991500020027161,107287.796875,103.3203125,107.6875,110.078125,111.65625,579.1099853515625,84.55000305175781,509.239990234375,186.27000427246094,65.0999984741211,78.94999694824219,106.27999877929688
2025-05-24,,,,,,,,,,,,,,,,,,,,,,,,,,,,,,,,,,,,,,,,,,,,,,,,,107791.15625,,,,,,,,,,,
2025-05-25,,,,,,,,,,,,,,,,,,,,,,,,,,,,,,,,,,,,,,,,,,,,,,,,,109035.390625,,,,,,,,,,,
2025-05-26,,,,,,5395.330078125,24027.650390625,,,,,,,,,,,,,,,,,,,,,,,,,,,,,,,,,,98.93000030517578,,,,,,,,109440.3671875,,,,,,,,,,,
2025-05-27,5934.25,21460.5,42410.0,2093.699951171875,38375.0,5415.4501953125,24226.490234375,18.959999084472656,4.203000068664551,3.9749999046325684,4.0229997634887695,4.434000015258789,4.940000057220459,60.88999938964844,64.08999633789062,3.3980000019073486,2.071500062942505,2.079400062561035,32.970001220703125,3299.10009765625,33.145999908447266,1075.5999755859375,977.2999877929688,4.710000038146973,2373.5,1062.5,296.29998779296875,49.56999969482422,459.5,528.5,360.0,13.324999809265137,361.70001220703125,9739.0,17.219999313354492,65.56999969482422,215.125,298.1499938964844,99.0999984741211,276.29998779296875,99.5199966430664,1.1352499723434448,0.006947999820113182,1.3514000177383423,0.7257000207901001,1.2117500305175781,0.6448500156402588,0.5953500270843506,108994.640625,103.36328125,107.9140625,110.515625,112.90625,591.1500244140625,85.7300033569336,521.219970703125,189.32000732421875,65.68000030517578,79.43000030517578,107.23999786376953
2025-05-28,5902.75,21379.75,42170.0,2072.300048828125,37885.0,5378.39013671875,24038.189453125,19.309999465942383,4.224999904632568,3.9800000190734863,4.065000057220459,4.4770002365112305,4.974999904632568,61.84000015258789,64.9000015258789,3.2039999961853027,2.089200019836426,2.088099956512451,32.900001525878906,3293.60009765625,33.0,1070.5999755859375,962.2000122070312,4.644000053405762,2358.25,1048.5,293.70001220703125,48.93000030517578,451.0,530.25,370.0,13.494999885559082,351.95001220703125,9634.0,16.899999618530273,65.33000183105469,213.9250030517578,295.625,100.2750015258789,276.54998779296875,99.87999725341797,1.1307499408721924,0.006918999832123518,1.347100019454956,0.723800003528595,1.2115999460220337,0.6427000164985657,0.5965499877929688,107802.328125,103.28125,107.71875,110.21875,112.34375,587.72998046875,85.36000061035156,518.9099731445312,187.8000030517578,65.12000274658203,79.37999725341797,106.9800033569336
2025-05-29,5922.75,21408.5,42267.0,2078.0,37940.0,,23933.23046875,19.18000030517578,4.230000019073486,3.934000015258789,3.997999906539917,4.423999786376953,4.922999858856201,60.939998626708984,64.1500015258789,3.5220000743865967,2.0594000816345215,2.0481998920440674,32.2599983215332,3317.10009765625,33.28300094604492,1074.699951171875,967.2999877929688,4.653500080108643,2344.25,1051.75,296.3999938964844,48.38999938964844,447.0,534.0,375.5,13.354999542236328,348.3999938964844,9110.0,17.0,64.83999633789062,215.52499389648438,299.92498779296875,100.0250015258789,274.8500061035156,99.27999877929688,1.138700008392334,0.006957000121474266,1.3499000072479248,0.7253000140190125,1.218400001525879,0.6451500058174133,0.5986999869346619,105641.7578125,103.3671875,107.9765625,110.640625,113.1875,590.0499877929688,86.1500015258789,519.9299926757812,188.5,65.37000274658203,79.5,107.45999908447266
2025-05-30,5916.0,21376.75,42294.0,2068.300048828125,37725.0,5366.58984375,23997.48046875,18.56999969482422,4.23199987411499,3.9100000858306885,3.9790000915527344,4.415999889373779,4.928999900817871,60.790000915527344,63.900001525878906,3.447000026702881,2.0383999347686768,2.017199993133545,32.0099983215332,3288.89990234375,32.891998291015625,1051.699951171875,961.2999877929688,4.652500152587891,2348.5,1041.75,296.29998779296875,46.88999938964844,444.0,534.0,378.75,13.494999885559082,342.45001220703125,9791.0,17.049999237060547,65.05999755859375,215.47500610351562,298.82501220703125,101.32499694824219,285.04998779296875,99.33000183105469,1.1369999647140503,0.006961999926716089,1.347000002861023,0.7295500040054321,1.2182999849319458,0.644349992275238,0.5976999998092651,103998.5703125,103.42578125,108.0859375,110.71875,113.1875,589.3900146484375,86.27999877929688,519.1099853515625,188.6199951171875,65.2300033569336,79.56999969482422,107.7699966430664
2025-05-31,,,,,,,,,,,,,,,,,,,,,,,,,,,,,,,,,,,,,,,,,,,,,,,,,104638.09375,,,,,,,,,,,
2025-06-01,,,,,,,,,,,,,,,,,,,,,,,,,,,,,,,,,,,,,,,,,,,,,,,,,105652.1015625,,,,,,,,,,,
2025-06-02,5947.25,21534.5,42374.0,2073.300048828125,37825.0,5355.56005859375,23930.669921875,18.360000610351562,4.23199987411499,3.871999979019165,4.017000198364258,4.461999893188477,4.994999885559082,62.52000045776367,64.62999725341797,3.694000005722046,2.052500009536743,2.0445001125335693,31.8700008392334,3370.60009765625,34.5629997253418,1060.300048828125,988.5999755859375,4.834499835968018,2381.75,1033.5,293.8999938964844,46.279998779296875,438.25,539.0,380.0,13.375,344.45001220703125,9474.0,16.8799991607666,66.12999725341797,216.5500030517578,301.75,100.8499984741211,281.45001220703125,98.69999694824219,1.1452000141143799,0.0070130000822246075,1.354200005531311,0.7298499941825867,1.2260500192642212,0.649399995803833,0.6037499904632568,105881.53125,103.37109375,107.9296875,110.46875,112.375,592.7100219726562,85.16000366210938,523.2100219726562,188.91000366210938,65.87999725341797,79.18000030517578,107.06999969482422
2025-06-03,5981.5,21706.0,42598.0,2106.10009765625,37775.0,5375.7001953125,24091.619140625,17.690000534057617,4.235000133514404,3.9019999504089355,4.0279998779296875,4.460000038146973,4.982999801635742,63.40999984741211,65.62999725341797,3.7219998836517334,2.0787999629974365,2.099900007247925,32.7400016784668,3350.199951171875,34.50299835205078,1071.300048828125,1015.0,4.809500217437744,2371.0,1040.75,294.5,46.810001373291016,438.5,536.0,384.75,13.175000190734863,340.8500061035156,9775.0,16.899999618530273,66.05000305175781,215.97500610351562,301.2250061035156,100.2249984741211,283.3999938964844,99.25,1.138450026512146,0.006959000136703253,1.3525999784469604,0.7296500205993652,1.2158499956130981,0.6470000147819519,0.6007500290870667,105432.46875,103.3515625,107.8828125,110.453125,112.625,596.0900268554688,85.01000213623047,527.2999877929688,190.00999450683594,65.58000183105469,79.33000183105469,107.12000274658203
2025-06-04,5981.0,21766.5,42500.0,2100.300048828125,37590.0,5405.14990234375,24276.48046875,17.610000610351562,4.239999771118164,3.9059998989105225,3.931999921798706,4.364999771118164,4.88700008392334,62.849998474121094,64.86000061035156,3.7160000801086426,2.0339999198913574,2.0701000690460205,33.08000183105469,3373.5,34.51900100708008,1088.699951171875,1000.2999877929688,4.864500045776367,2390.75,1045.0,297.1000061035156,46.810001373291016,438.75,543.25,387.75,13.494999885559082,346.1499938964844,9948.0,16.75,64.98999786376953,218.39999389648438,303.875,99.9749984741211,276.6499938964844,98.79000091552734,1.1429500579833984,0.0070119998417794704,1.3559999465942383,0.7322499752044678,1.2245999574661255,0.6499500274658203,0.6033999919891357,104731.984375,103.5,108.2890625,111.09375,114.0625,595.9299926757812,86.38999938964844,528.77001953125,189.27000427246094,66.0,79.4800033569336,107.9000015258789
2025-06-05,5946.0,21582.25,42369.0,2099.39990234375,37495.0,5410.5498046875,24323.580078125,18.479999542236328,4.23199987411499,3.8469998836517334,3.989000082015991,4.394000053405762,4.883999824523926,63.369998931884766,65.33999633789062,3.677000045776367,2.0629000663757324,2.0945000648498535,33.16999816894531,3350.699951171875,35.68899917602539,1133.699951171875,1006.5,4.91349983215332,2404.0,1051.75,297.1000061035156,46.650001525878906,439.5,545.5,378.25,13.614999771118164,359.75,10076.0,16.56999969482422,65.36000061035156,222.89999389648438,309.1499938964844,100.8499984741211,272.95001220703125,98.73999786376953,1.144950032234192,0.0069690002128481865,1.358199954032898,0.732450008392334,1.2200499773025513,0.651199996471405,0.604200005531311,101575.953125,103.4296875,108.0234375,110.78125,113.96875,593.0499877929688,86.44999694824219,524.7899780273438,188.91000366210938,66.04000091552734,79.30999755859375,107.56999969482422
2025-06-06,6006.75,21789.5,42809.0,2133.5,38000.0,5430.169921875,24304.4609375,16.770000457763672,4.23199987411499,3.999000072479248,4.125999927520752,4.510000228881836,4.9629998207092285,64.58000183105469,66.47000122070312,3.7839999198913574,2.0768001079559326,2.1252999305725098,33.63999938964844,3322.699951171875,36.025001525878906,1166.699951171875,1060.5999755859375,4.829999923706055,2365.75,1057.25,295.70001220703125,47.5,442.5,554.75,383.0,13.649999618530273,358.04998779296875,10259.0,16.489999771118164,65.62000274658203,226.3000030517578,310.1499938964844,102.625,284.95001220703125,99.19000244140625,1.1403000354766846,0.006909999996423721,1.3530000448226929,0.7304999828338623,1.2173500061035156,0.6498000025749207,0.6023499965667725,104390.34375,103.21875,107.453125,109.9375,112.65625,599.1400146484375,85.3499984741211,529.9199829101562,190.75999450683594,66.27999877929688,79.30000305175781,106.91999816894531
2025-06-07,,,,,,,,,,,,,,,,,,,,,,,,,,,,,,,,,,,,,,,,,,,,,,,,,105615.625,,,,,,,,,,,
2025-06-08,,,,,,,,,,,,,,,,,,,,,,,,,,,,,,,,,,,,,,,,,,,,,,,,,105793.6484375,,,,,,,,,,,
2025-06-09,6010.25,21821.5,42796.0,2147.39990234375,38230.0,,24174.3203125,17.15999984741211,4.239999771118164,3.9730000495910645,4.085999965667725,4.48199987411499,4.953999996185303,65.29000091552734,67.04000091552734,3.634999990463257,2.0952000617980957,2.146399974822998,35.18000030517578,3332.10009765625,36.6879997253418,1213.5999755859375,1084.4000244140625,4.9095001220703125,2394.75,1056.0,295.5,47.380001068115234,433.5,542.0,380.25,13.619999885559082,361.54998779296875,10174.0,16.670000076293945,65.98999786376953,227.0,311.6499938964844,102.7750015258789,279.45001220703125,98.94000244140625,1.1433500051498413,0.0069229998625814915,1.3564000129699707,0.7315000295639038,1.2186000347137451,0.6525999903678894,0.605650007724762,110294.1015625,103.3125,107.640625,110.171875,112.875,599.6799926757812,85.44000244140625,530.7000122070312,190.8300018310547,66.44000244140625,79.33999633789062,107.23999786376953
2025-06-10,6045.0,21962.5,42911.0,2159.39990234375,38370.0,5415.3798828125,23987.560546875,16.950000762939453,4.25,3.9719998836517334,4.084000110626221,4.473999977111816,4.940000057220459,64.9800033569336,66.87000274658203,3.5329999923706055,2.0880000591278076,2.1415998935699463,34.04999923706055,3320.89990234375,36.54199981689453,1209.800048828125,1068.0,4.883999824523926,2419.25,1057.75,295.8999938964844,47.790000915527344,438.75,534.5,370.0,13.71500015258789,355.04998779296875,9602.0,16.479999542236328,65.41999816894531,227.0749969482422,313.1499938964844,103.1500015258789,275.04998779296875,99.05000305175781,1.1425000429153442,0.006903000175952911,1.3494999408721924,0.7307500243186951,1.21589994430542,0.6520500183105469,0.6043499708175659,110257.234375,103.2890625,107.640625,110.21875,113.09375,603.0800170898438,85.87999725341797,534.2100219726562,191.5500030517578,66.66999816894531,79.52999877929688,107.5
2025-06-11,6029.0,21887.5,42908.0,2150.39990234375,38335.0,5393.14990234375,23948.900390625,17.260000228881836,4.25,3.9110000133514404,4.008999824523926,4.4120001792907715,4.9079999923706055,68.1500015258789,69.7699966430664,3.506999969482422,2.166800022125244,2.2053000926971436,35.869998931884766,3321.300048828125,36.16600036621094,1258.0999755859375,1087.0999755859375,4.801000118255615,2443.0,1050.5,294.20001220703125,48.02000045776367,437.0,534.25,376.25,13.670000076293945,350.6499938964844,9549.0,16.420000076293945,65.47000122070312,227.8249969482422,311.07501220703125,103.375,274.79998779296875,98.62999725341797,1.149049997329712,0.0069240001030266285,1.3549000024795532,0.7321500182151794,1.219599962234497,0.6508499979972839,0.6035000085830688,108686.625,103.4375,107.9765625,110.6875,113.78125,601.3599853515625,86.13999938964844,532.4099731445312,191.3000030517578,66.69000244140625,79.51000213623047,107.83999633789062
2025-06-12,6049.5,21932.5,42990.0,2141.199951171875,38195.0,5360.81982421875,23771.44921875,18.020000457763672,4.257999897003174,3.9110000133514404,3.9600000381469727,4.35699987411499,4.8420000076293945,68.04000091552734,69.36000061035156,3.492000102996826,2.142899990081787,2.188699960708618,36.0099983215332,3380.89990234375,36.2130012512207,1272.699951171875,1062.0999755859375,4.821499824523926,2439.75,1042.25,294.5,47.61000061035156,438.5,526.5,379.75,13.734999656677246,347.79998779296875,9858.0,16.270000457763672,65.13999938964844,228.1999969482422,311.25,103.6500015258789,273.70001220703125,97.91999816894531,1.1579999923706055,0.006969999987632036,1.3595999479293823,0.7353000044822693,1.2326500415802002,0.6529499888420105,0.6064500212669373,105929.0546875,103.51171875,108.171875,111.046875,114.78125,603.75,87.16999816894531,533.6599731445312,191.74000549316406,67.08000183105469,79.5999984741211,108.44000244140625
2025-06-13,5979.25,21644.25,42207.0,2101.5,38060.0,5290.47021484375,23516.23046875,20.81999969482422,4.239999771118164,3.924999952316284,4.02400016784668,4.423999786376953,4.914999961853027,72.9800033569336,74.2300033569336,3.5810000896453857,2.22760009765625,2.3587000370025635,36.130001068115234,3431.199951171875,36.28099822998047,1210.800048828125,1039.5999755859375,4.802999973297119,2436.0,1069.75,291.8999938964844,50.61000061035156,444.5,543.75,386.5,13.770000457763672,349.70001220703125,9768.0,16.1299991607666,65.36000061035156,225.10000610351562,306.42498779296875,103.69999694824219,274.1000061035156,98.18000030517578,1.1542500257492065,0.006947000045329332,1.3561999797821045,0.7356500029563904,1.2324999570846558,0.6490499973297119,0.6018999814987183,106090.96875,103.4140625,107.9375,110.625,113.75,597.0,86.33000183105469,526.9600219726562,189.8300018310547,66.16999816894531,79.36000061035156,107.79000091552734
2025-06-14,,,,,,,,,,,,,,,,,,,,,,,,,,,,,,,,,,,,,,,,,,,,,,,,,105472.40625,,,,,,,,,,,
2025-06-15,,,,,,,,,,,,,,,,,,,,,,,,,,,,,,,,,,,,,,,,,,,,,,,,,105552.0234375,,,,,,,,,,,
2025-06-16,6035.75,21941.5,42537.0,2125.0,38640.0,5339.56982421875,23699.119140625,19.110000610351562,4.248000144958496,3.9010000228881836,4.034999847412109,4.452000141143799,4.953999996185303,71.7699966430664,73.2300033569336,3.747999906539917,2.219899892807007,2.3933000564575195,38.06999969482422,3396.39990234375,36.37900161743164,1251.5,1036.699951171875,4.826499938964844,2441.0,1069.75,283.70001220703125,55.11000061035156,434.75,536.5,379.5,13.420000076293945,343.95001220703125,10035.0,16.520000457763672,65.44000244140625,227.02499389648438,310.2250061035156,111.80000305175781,259.8999938964844,98.0,1.1611499786376953,0.0069599999114871025,1.3619999885559082,0.7375500202178955,1.23580002784729,0.6549999713897705,0.6085000038146973,106796.7578125,103.41796875,107.875,110.5,113.125,602.6799926757812,85.45999908447266,534.2899780273438,190.33999633789062,66.58999633789062,79.5199966430664,107.5999984741211
2025-06-17,5985.0,21730.5,42228.0,2102.699951171875,38360.0,5288.68017578125,23434.650390625,21.600000381469727,4.2179999351501465,3.9010000228881836,3.989000082015991,4.39300012588501,4.89300012588501,74.83999633789062,76.44999694824219,3.8510000705718994,2.271899938583374,2.5051000118255615,37.560001373291016,3386.60009765625,37.09000015258789,1260.0999755859375,1062.300048828125,4.80049991607666,2479.5,1074.0,285.1000061035156,54.790000915527344,431.5,549.0,371.0,13.529999732971191,335.8500061035156,9943.0,16.079999923706055,65.05000305175781,223.25,303.3500061035156,111.6500015258789,253.5500030517578,98.81999969482422,1.1499500274658203,0.006899000145494938,1.343000054359436,0.7361000180244446,1.2376999855041504,0.6474000215530396,0.6032000184059143,104601.1171875,103.453125,108.0390625,110.84375,114.09375,597.530029296875,86.5,529.0800170898438,188.77000427246094,65.7699966430664,79.43000030517578,107.97000122070312
2025-06-18,5981.5,21720.25,42188.0,2113.39990234375,38745.0,5266.91015625,23317.810546875,20.139999389648438,4.2230000495910645,3.9010000228881836,3.993000030517578,4.396999835968018,4.894999980926514,75.13999938964844,76.69999694824219,3.989000082015991,2.3085999488830566,2.533400058746338,37.77000045776367,3389.800048828125,36.86600112915039,1311.5,1061.800048828125,4.84499979019165,2503.75,1074.75,284.8999938964844,54.77000045776367,433.5,574.25,363.25,13.5600004196167,324.8999938964844,9680.0,15.880000114440918,64.83999633789062,224.3000030517578,304.17498779296875,112.17500305175781,238.5500030517578,98.91000366210938,1.149549961090088,0.0069149998016655445,1.3416999578475952,0.7311999797821045,1.2346999645233154,0.6503000259399414,0.6040999889373779,104883.328125,103.421875,108.0546875,111.0625,114.5625,597.4400024414062,86.6500015258789,528.989990234375,189.1300048828125,65.81999969482422,79.55000305175781,108.05000305175781
2025-06-19,,,,,,5197.02978515625,23057.380859375,,,,,,,,,,,,,,,,,,,,,,,,,,,,,,,,,,,,,,,,,,104684.2890625,,,,,,,,,,,
2025-06-20,6010.2099609375,21889.890625,42356.0,2128.860107421875,38405.0,5233.580078125,23350.55078125,20.6200008392334,4.195000171661377,3.9010000228881836,3.9609999656677246,4.375,4.888999938964844,74.93000030517578,77.01000213623047,3.8469998836517334,2.3294999599456787,2.541800022125244,36.77000045776367,3368.10009765625,35.97600173950195,1263.699951171875,1052.800048828125,4.826000213623047,2470.75,1068.0,284.1000061035156,54.470001220703125,428.75,567.75,360.75,13.529999732971191,319.04998779296875,8459.0,16.100000381469727,64.04000091552734,223.02499389648438,302.45001220703125,112.7750015258789,233.1999969482422,98.70999908447266,1.1546000242233276,0.00686699990183115,1.34660005569458,0.7292500138282776,1.2367500066757202,0.6456500291824341,0.5986999869346619,103309.6015625,103.4921875,108.171875,110.984375,113.78125,594.280029296875,86.48999786376953,526.8300170898438,189.4199981689453,64.8499984741211,79.80000305175781,108.13999938964844
2025-06-21,,,,,,,,,,,,,,,,,,,,,,,,,,,,,,,,,,,,,,,,,,,,,,,,,102257.40625,,,,,,,,,,,
2025-06-22,,,,,,,,,,,,,,,,,,,,,,,,,,,,,,,,,,,,,,,,,,,,,,,,,100987.140625,,,,,,,,,,,
2025-06-23,6077.0,22073.5,42901.0,2149.5,38695.0,5221.89990234375,23269.009765625,19.829999923706055,4.1579999923706055,3.888000011444092,3.884000062942505,4.320000171661377,4.85699987411499,68.51000213623047,71.4800033569336,3.697999954223633,2.2181999683380127,2.363100051879883,37.540000915527344,3377.699951171875,36.15299987792969,1283.4000244140625,1088.5999755859375,4.8429999351501465,2528.5,1058.75,282.3999938964844,53.2400016784668,419.25,552.75,366.75,13.40999984741211,330.29998779296875,9189.0,16.040000915527344,63.959999084472656,222.3000030517578,302.79998779296875,113.44999694824219,234.0,98.41999816894531,1.1590499877929688,0.006858000066131353,1.3522000312805176,0.728600025177002,1.2439500093460083,0.6456999778747559,0.5990999937057495,105577.7734375,103.6171875,108.515625,111.453125,114.34375,600.1500244140625,86.7699966430664,531.6500244140625,190.99000549316406,65.33999633789062,79.94999694824219,108.41000366210938
2025-06-24,6146.25,22412.75,43424.0,2177.89990234375,38865.0,5297.06982421875,23641.580078125,17.479999542236328,4.182000160217285,3.799999952316284,3.8559999465942383,4.293000221252441,4.828999996185303,64.37000274658203,67.13999938964844,3.5369999408721924,2.085700035095215,2.285099983215332,38.66999816894531,3317.39990234375,35.70100021362305,1304.199951171875,1067.0,4.867000102996826,2507.75,1046.75,280.5,52.16999816894531,416.25,535.75,363.5,13.5600004196167,315.3500061035156,9436.0,15.770000457763672,66.01000213623047,221.60000610351562,302.25,112.2249984741211,228.8000030517578,97.86000061035156,1.1640000343322754,0.006928000133484602,1.3631999492645264,0.7293999791145325,1.2561999559402466,0.6506500244140625,0.6035500168800354,106045.6328125,103.68359375,108.6796875,111.65625,114.71875,606.780029296875,87.4000015258789,539.780029296875,192.57000732421875,66.33000183105469,80.16999816894531,108.91999816894531
2025-06-25,6147.0,22461.0,43306.0,2153.300048828125,39030.0,5252.009765625,23498.330078125,16.760000228881836,4.188000202178955,3.799999952316284,3.8469998836517334,4.293000221252441,4.8420000076293945,64.91999816894531,67.68000030517578,3.4059998989105225,2.08240008354187,2.2964000701904297,37.84000015258789,3327.10009765625,36.084999084472656,1329.5999755859375,1065.4000244140625,4.913000106811523,2497.25,1025.25,276.0,51.81999969482422,410.25,528.25,359.25,13.260000228881836,308.6499938964844,9081.0,15.979999542236328,66.44000244140625,221.60000610351562,302.29998779296875,112.82499694824219,236.8000030517578,97.68000030517578,1.1676000356674194,0.006903999950736761,1.3664000034332275,0.729200005531311,1.256250023841858,0.6511499881744385,0.605400025844574,107361.2578125,103.72265625,108.71875,111.6875,114.5625,607.1199951171875,87.51000213623047,541.1599731445312,191.47999572753906,66.12000274658203,80.1500015258789,108.79000091552734
2025-06-26,6195.0,22669.25,43718.0,2187.60009765625,39835.0,5244.02978515625,23649.30078125,16.59000015258789,4.192999839782715,3.759999990463257,3.7990000247955322,4.252999782562256,4.815999984741211,65.23999786376953,67.7300033569336,3.260999917984009,2.0989999771118164,2.360100030899048,38.709999084472656,3333.5,36.58599853515625,1399.800048828125,1137.300048828125,5.065499782562256,2510.5,1022.75,270.8999938964844,52.52000045776367,409.5,521.0,365.25,13.039999961853027,309.5,9361.0,15.649999618530273,67.06999969482422,221.6999969482422,303.29998779296875,112.32499694824219,231.3000030517578,97.1500015258789,1.17330002784729,0.006947999820113182,1.374899983406067,0.734499990940094,1.2637499570846558,0.6560500264167786,0.6087999939918518,106960.0,103.80859375,108.9375,112.015625,114.9375,611.8699951171875,87.94999694824219,546.219970703125,192.83999633789062,66.76000213623047,80.37999725341797,109.19000244140625
2025-06-27,6223.75,22751.5,44125.0,2188.800048828125,40625.0,5325.64013671875,24033.220703125,16.31999969482422,4.197000026702881,3.819999933242798,3.828000068664551,4.2829999923706055,4.84499979019165,65.5199966430664,67.7699966430664,3.739000082015991,2.0897998809814453,2.3071999549865723,38.06999969482422,3273.699951171875,36.0369987487793,1340.9000244140625,1145.5999755859375,5.06850004196167,2507.5,1027.75,271.1000061035156,52.45000076293945,417.5,524.75,385.25,13.104999542236328,309.8999938964844,9231.0,15.8100004196167,67.5199966430664,224.75,307.8999938964844,113.25,223.60000610351562,97.4000015258789,1.1711499691009521,0.006922000087797642,1.3696999549865723,0.7297499775886536,1.2625499963760376,0.6519500017166138,0.6061499714851379,107088.4296875,103.77734375,108.8359375,111.8125,114.46875,614.9099731445312,87.38999938964844,548.0900268554688,193.3699951171875,67.08000183105469,80.33999633789062,109.01000213623047
2025-06-28,,,,,,,,,,,,,,,,,,,,,,,,,,,,,,,,,,,,,,,,,,,,,,,,,107327.703125,,,,,,,,,,,
2025-06-29,,,,,,,,,,,,,,,,,,,,,,,,,,,,,,,,,,,,,,,,,,,,,,,,,108385.5703125,,,,,,,,,,,
2025-06-30,6253.75,22893.25,44389.0,2191.699951171875,40395.0,5303.240234375,23909.609375,16.729999542236328,4.190000057220459,3.7200000286102295,3.7950000762939453,4.230000019073486,4.7789998054504395,65.11000061035156,67.61000061035156,3.4560000896453857,2.0797998905181885,2.3457999229431152,38.810001373291016,3294.39990234375,35.85200119018555,1334.0,1102.0999755859375,5.03000020980835,2515.25,1024.25,271.29998779296875,52.5099983215332,420.5,528.75,386.75,12.954999923706055,306.75,9356.0,15.479999542236328,66.27999877929688,225.875,310.67498779296875,110.0999984741211,217.64999389648438,96.87999725341797,1.1786999702453613,0.006945000030100346,1.371899962425232,0.7344499826431274,1.2726500034332275,0.658050000667572,0.611050009727478,107135.3359375,103.796875,108.859375,112.125,115.46875,617.8499755859375,88.25,551.6400146484375,194.22999572753906,67.22000122070312,80.6500015258789,109.61000061035156
2025-07-01,6248.75,22692.75,44807.0,2213.39990234375,39750.0,5282.43017578125,23673.2890625,16.829999923706055,4.224999904632568,3.694999933242798,3.8420000076293945,4.250999927520752,4.7789998054504395,65.44999694824219,67.11000061035156,3.4149999618530273,2.1003000736236572,2.326900005340576,37.41999816894531,3336.699951171875,36.082000732421875,1345.9000244140625,1105.5,5.047999858856201,2518.25,1024.75,269.20001220703125,53.7599983215332,420.0,537.25,388.0,12.65999984741211,298.8500061035156,9000.0,15.699999809265137,66.27999877929688,210.75,306.0249938964844,109.0,215.4499969482422,96.81999969482422,1.1790499687194824,0.0069670001976192,1.373900055885315,0.7330499887466431,1.2734999656677246,0.6575499773025513,0.6105499863624573,105698.28125,103.89453125,108.7734375,111.859375,115.375,617.6500244140625,88.13999938964844,546.989990234375,196.02999877929688,67.2300033569336,80.16999816894531,109.33999633789062
2025-07-02,6275.0,22843.0,44776.0,2244.300048828125,39800.0,5318.72021484375,23790.109375,16.639999389648438,4.2230000495910645,3.680999994277954,3.869999885559082,4.293000221252441,4.822999954223633,67.44999694824219,69.11000061035156,3.48799991607666,2.1229000091552734,2.4117000102996826,37.709999084472656,3348.0,36.42599868774414,1421.0,1157.0,5.14900016784668,2530.0,1050.5,272.3999938964844,55.060001373291016,429.25,556.0,400.5,12.614999771118164,297.95001220703125,8904.0,15.579999923706055,66.7699966430664,212.4499969482422,309.0249938964844,109.6500015258789,198.10000610351562,96.77999877929688,1.1806999444961548,0.006971000228077173,1.3636000156402588,0.736050009727478,1.274899959564209,0.6583499908447266,0.6102499961853027,108859.3203125,103.875,108.65625,111.625,114.6875,620.4500122070312,87.58000183105469,550.7999877929688,196.38999938964844,67.44999694824219,80.31999969482422,109.31999969482422
2025-07-03,6324.25,23062.5,45098.0,2262.699951171875,40205.0,5343.14990234375,23934.130859375,16.3799991607666,4.239999771118164,3.8499999046325684,3.938999891281128,4.3480000495910645,4.861999988555908,67.0,68.80000305175781,3.4089999198913574,2.1185998916625977,2.369800090789795,37.900001525878906,3331.60009765625,36.784000396728516,1372.0,1136.5,5.0970001220703125,2524.75,1056.25,273.79998779296875,54.70000076293945,431.5,547.75,403.5,12.609999656677246,292.6499938964844,8780.0,16.3799991607666,65.66000366210938,214.0500030517578,309.5,107.9749984741211,210.5,97.18000030517578,1.1755499839782715,0.006897999905049801,1.3640999794006348,0.7375500202178955,1.2675000429153442,0.6571000218391418,0.6080999970436096,109647.9765625,103.6875,108.3515625,111.21875,114.25,625.3400268554688,86.97000122070312,556.219970703125,197.41000366210938,67.56999969482422,80.37000274658203,109.05999755859375
2025-07-04,6283.5,22906.75,44847.0,2239.0,39810.0,5288.81005859375,23787.44921875,,,,,,,66.5,68.29000091552734,3.38700008392334,2.1171000003814697,2.4089999198913574,,3332.5,36.775001525878906,1382.5,,5.018499851226807,,,,,,,,,292.6499938964844,8780.0,16.3799991607666,65.66000366210938,,,,210.5,,1.1782499551773071,0.006926000118255615,1.364799976348877,0.7363499999046326,1.2717499732971191,0.6560999751091003,0.6068999767303467,108034.3359375,103.73046875,108.4609375,111.359375,114.28125,,,,,,,
2025-07-05,,,,,,,,,,,,,,,,,,,,,,,,,,,,,,,,,,,,,,,,,,,,,,,,,108231.1796875,,,,,,,,,,,
2025-07-06,,,,,,,,,,,,,,,,,,,,,,,,,,,,,,,,,,,,,,,,,,,,,,,,,109232.0703125,,,,,,,,,,,
2025-07-07,6276.0,22884.75,44677.0,2229.10009765625,39540.0,5341.5400390625,24073.669921875,17.790000915527344,4.244999885559082,3.8499999046325684,3.9660000801086426,4.394999980926514,4.931000232696533,67.93000030517578,69.58000183105469,3.4119999408721924,2.1521999835968018,2.421099901199341,37.97999954223633,3332.199951171875,36.6150016784668,1361.800048828125,1103.699951171875,4.984499931335449,2467.25,1031.75,268.5,54.06999969482422,418.0,539.75,403.25,12.414999961853027,280.04998779296875,8879.0,16.280000686645508,65.38999938964844,215.89999389648438,313.7250061035156,106.94999694824219,225.4499969482422,97.4800033569336,1.1725000143051147,0.006845999974757433,1.361199975013733,0.7322999835014343,1.263800024986267,0.6500999927520752,0.6017000079154968,108299.8515625,103.65234375,108.21875,110.921875,113.21875,620.6799926757812,86.13999938964844,552.030029296875,195.8800048828125,66.75,80.0999984741211,108.41000366210938
2025-07-08,6272.0,22896.75,44512.0,2245.10009765625,40055.0,5371.9501953125,24206.91015625,16.809999465942383,4.25,3.8499999046325684,3.984999895095825,4.414999961853027,4.943999767303467,68.33000183105469,70.1500015258789,3.3399999141693115,2.184999942779541,2.4412999153137207,37.02000045776367,3307.0,36.47200012207031,1376.5999755859375,1110.9000244140625,5.644999980926514,2469.5,1024.25,267.20001220703125,54.11000061035156,411.0,543.0,395.5,12.680000305175781,287.3999938964844,8760.0,16.1299991607666,64.68000030517578,219.97500610351562,319.125,106.9749984741211,254.5,97.51000213623047,1.1729999780654907,0.006823000032454729,1.3594000339508057,0.7313500046730042,1.2675000429153442,0.652999997138977,0.6014000177383423,108950.2734375,103.640625,108.140625,110.78125,113.03125,620.3400268554688,86.02999877929688,552.3400268554688,195.72000122070312,67.16999816894531,79.98999786376953,108.0999984741211
2025-07-09,6307.25,23052.75,44719.0,2268.39990234375,39985.0,5445.64990234375,24549.560546875,15.9399995803833,4.244999885559082,3.8499999046325684,3.9200000762939453,4.3420000076293945,4.875999927520752,68.37999725341797,70.19000244140625,3.2139999866485596,2.1879000663757324,2.4091999530792236,36.72999954223633,3311.60009765625,36.35100173950195,1370.5999755859375,1130.800048828125,5.44350004196167,2486.25,1012.25,266.1000061035156,53.349998474121094,412.5,542.75,390.25,12.795000076293945,285.8500061035156,9046.0,16.559999465942383,64.95999908447266,219.77499389648438,320.4750061035156,107.0999984741211,250.85000610351562,97.47000122070312,1.1717000007629395,0.006837999913841486,1.3587000370025635,0.7304499745368958,1.2688000202178955,0.6538000106811523,0.6012499928474426,111326.5546875,103.7265625,108.4140625,111.265625,114.0625,624.0599975585938,86.93000030517578,556.25,196.25999450683594,67.47000122070312,80.20999908447266,108.72000122070312
2025-07-10,6324.25,23013.25,44908.0,2280.0,39750.0,5438.27001953125,24456.810546875,15.779999732971191,4.239999771118164,3.8359999656677246,3.930999994277954,4.3460001945495605,4.861000061035156,66.56999969482422,68.63999938964844,3.3369998931884766,2.152400016784668,2.383500099182129,37.029998779296875,3317.39990234375,37.03799819946289,1394.9000244140625,1186.9000244140625,5.547999858856201,2504.5,1012.5,268.5,53.66999816894531,407.25,550.25,392.25,12.579999923706055,289.8999938964844,8742.0,16.260000228881836,66.25,219.22500610351562,321.2749938964844,107.25,279.95001220703125,97.6500015258789,1.1693999767303467,0.006839999929070473,1.3573999404907227,0.7315499782562256,1.2647500038146973,0.6583999991416931,0.604200005531311,115987.203125,103.70703125,108.3671875,111.21875,114.25,625.8200073242188,86.98999786376953,555.4500122070312,197.33999633789062,67.56999969482422,80.12999725341797,108.73999786376953
2025-07-11,6300.0,22959.0,44599.0,2247.60009765625,39560.0,5383.47998046875,24255.310546875,16.399999618530273,4.236999988555908,3.8359999656677246,3.992000102996826,4.422999858856201,4.956999778747559,68.44999694824219,70.36000061035156,3.313999891281128,2.187000036239624,2.4474000930786133,37.5099983215332,3356.0,38.67599868774414,1452.0,1273.0,5.561999797821045,2491.25,1004.0,267.6000061035156,54.40999984741211,403.0,540.75,370.5,12.444999694824219,288.6000061035156,8840.0,16.56999969482422,66.19999694824219,222.1999969482422,325.32501220703125,106.7249984741211,300.8500061035156,97.8499984741211,1.169100046157837,0.006783000193536282,1.3509999513626099,0.7312999963760376,1.264549970626831,0.658050000667572,0.6021999716758728,117516.9921875,103.61328125,108.09375,110.71875,112.90625,623.6199951171875,85.79000091552734,554.2000122070312,196.3000030517578,67.08000183105469,80.02999877929688,108.08000183105469
2025-07-12,,,,,,,,,,,,,,,,,,,,,,,,,,,,,,,,,,,,,,,,,,,,,,,,,117435.2265625,,,,,,,,,,,
2025-07-13,,,,,,,,,,,,,,,,,,,,,,,,,,,,,,,,,,,,,,,,,,,,,,,,,119116.1171875,,,,,,,,,,,
2025-07-14,6311.0,23035.5,44692.0,2262.5,39565.0,5370.85009765625,24160.640625,17.200000762939453,4.228000164031982,3.8450000286102295,3.984999895095825,4.427000045776367,4.9730000495910645,66.9800033569336,69.20999908447266,3.4660000801086426,2.1654000282287598,2.3898000717163086,38.970001220703125,3351.5,38.46200180053711,1399.699951171875,1230.5,5.514999866485596,2470.25,997.0,265.20001220703125,54.40999984741211,412.75,534.0,348.75,12.375,305.70001220703125,8950.0,16.299999237060547,66.41000366210938,219.35000610351562,319.4750061035156,106.69999694824219,313.8500061035156,98.08000183105469,1.1685500144958496,0.006787999998778105,1.347599983215332,0.7299500107765198,1.2631499767303467,0.6559000015258789,0.5989000201225281,119849.703125,103.64453125,108.140625,110.765625,112.75,624.8099975585938,85.61000061035156,556.2100219726562,196.6300048828125,67.16000366210938,80.08999633789062,108.05000305175781
2025-07-15,6284.0,23056.75,44247.0,2218.300048828125,39665.0,5354.169921875,24060.2890625,17.3799991607666,4.23199987411499,3.859999895095825,4.050000190734863,4.488999843597412,5.01800012588501,66.5199966430664,68.70999908447266,3.5230000019073486,2.169600009918213,2.4052000045776367,39.18000030517578,3329.800048828125,37.83399963378906,1395.0,1239.0,5.546000003814697,2447.5,995.0,265.29998779296875,54.560001373291016,401.25,538.0,366.0,12.664999961853027,301.6000061035156,8567.0,16.559999465942383,67.20999908447266,222.39999389648438,322.2749938964844,106.8499984741211,314.5,98.62000274658203,1.162950038909912,0.006742999888956547,1.3393000364303589,0.7297000288963318,1.2569500207901,0.6520000100135803,0.5959500074386597,117777.1875,103.5234375,107.8359375,110.28125,111.96875,622.1400146484375,85.01000213623047,556.719970703125,194.1300048828125,66.81999969482422,79.8499984741211,107.66000366210938
2025-07-16,6303.25,23076.5,44459.0,2239.60009765625,39610.0,5298.06982421875,24009.380859375,17.15999984741211,4.224999904632568,3.815999984741211,3.984999895095825,4.454999923706055,5.013999938964844,66.37999725341797,68.5199966430664,3.5510001182556152,2.1440000534057617,2.3914999961853027,39.9900016784668,3352.5,37.85300064086914,1417.0999755859375,1278.0,5.496500015258789,2433.25,1013.5,268.3999938964844,54.81999969482422,405.25,541.25,372.25,12.65999984741211,314.54998779296875,8322.0,16.559999465942383,66.94999694824219,223.89999389648438,325.57501220703125,104.42500305175781,311.25,98.38999938964844,1.1653499603271484,0.006783999968320131,1.3410999774932861,0.7310500144958496,1.256850004196167,0.6523000001907349,0.5950999855995178,118738.5078125,103.66015625,108.1328125,110.625,112.15625,624.219970703125,85.12999725341797,557.2899780273438,194.82000732421875,67.08999633789062,80.05999755859375,107.83000183105469
2025-07-17,6340.5,23251.0,44718.0,2267.5,40095.0,5377.14990234375,24370.9296875,16.520000457763672,4.235000133514404,3.871000051498413,4.00600004196167,4.4629998207092285,5.013999938964844,67.54000091552734,69.5199966430664,3.5420000553131104,2.1703999042510986,2.464600086212158,40.41999816894531,3340.10009765625,38.055999755859375,1454.4000244140625,1291.0,5.486000061035156,2428.75,1021.5,268.70001220703125,56.220001220703125,402.0,533.5,367.25,12.520000457763672,312.5,7309.0,16.739999771118164,67.25,223.6750030517578,325.0,105.82499694824219,312.70001220703125,98.7300033569336,1.1607999801635742,0.0067449999041855335,1.3411999940872192,0.7285000085830688,1.2502000331878662,0.6489999890327454,0.5936499834060669,119289.84375,103.59765625,108.03125,110.515625,112.125,628.0399780273438,85.11000061035156,561.7999877929688,196.00999450683594,67.31999969482422,80.13999938964844,108.08999633789062
2025-07-18,6334.75,23224.25,44540.0,2251.0,39750.0,5359.22998046875,24289.509765625,16.40999984741211,4.230000019073486,3.8359999656677246,3.9619998931884766,4.432000160217285,5.000999927520752,67.33999633789062,69.27999877929688,3.565000057220459,2.15339994430542,2.453000068664551,40.93000030517578,3353.0,38.222999572753906,1438.5,1291.9000244140625,5.578000068664551,2507.25,1027.75,274.0,55.81999969482422,408.5,546.25,366.25,12.364999771118164,308.8999938964844,7800.0,16.81999969482422,67.12000274658203,223.5500030517578,324.0,106.4749984741211,318.70001220703125,98.4800033569336,1.1644500494003296,0.006742999888956547,1.3420000076293945,0.7296000123023987,1.2562999725341797,0.6508499979972839,0.5972999930381775,118003.2265625,103.66796875,108.21875,110.78125,112.4375,627.5800170898438,85.23999786376953,561.260009765625,195.8800048828125,67.16999816894531,80.25,108.29000091552734
2025-07-19,,,,,,,,,,,,,,,,,,,,,,,,,,,,,,,,,,,,,,,,,,,,,,,,,117939.9765625,,,,,,,,,,,
2025-07-20,,,,,,,,,,,,,,,,,,,,,,,,,,,,,,,,,,,,,,,,,,,,,,,,,117300.7890625,,,,,,,,,,,
2025-07-21,6344.75,23342.0,44547.0,2242.300048828125,39840.0,5342.97998046875,24307.80078125,16.649999618530273,4.2230000495910645,3.8299999237060547,3.9079999923706055,4.372000217437744,4.936999797821045,67.19999694824219,69.20999908447266,3.325000047683716,2.1319000720977783,2.509200096130371,40.13999938964844,3401.89990234375,39.10100173950195,1477.699951171875,1291.4000244140625,5.610499858856201,2552.0,1015.0,270.5,56.06999969482422,403.75,542.25,359.0,12.319999694824219,297.25,8156.0,16.3700008392334,66.54000091552734,225.22500610351562,327.6000061035156,107.3499984741211,327.29998779296875,97.8499984741211,1.1714999675750732,0.006808999925851822,1.3493000268936157,0.7318000197410583,1.2620999813079834,0.6529499888420105,0.5985999703407288,117439.5390625,103.71875,108.4453125,111.1875,113.4375,628.77001953125,86.0,564.1699829101562,195.8300018310547,67.56999969482422,80.36000061035156,108.70999908447266
2025-07-22,6346.75,23226.25,44711.0,2260.699951171875,39655.0,5290.47998046875,24041.900390625,16.5,4.230000019073486,3.8489999771118164,3.875999927520752,4.335999965667725,4.9019999504089355,66.20999908447266,68.58999633789062,3.252000093460083,2.101900100708008,2.4518001079559326,40.220001220703125,3439.199951171875,39.31999969482422,1465.5,1312.9000244140625,5.697000026702881,2584.25,1010.25,273.79998779296875,55.630001068115234,399.25,549.5,352.25,12.380000114440918,296.3500061035156,8149.0,16.280000686645508,66.58999633789062,224.97500610351562,328.2749938964844,107.75,331.25,97.38999938964844,1.176900029182434,0.0068430001847445965,1.3530000448226929,0.7358499765396118,1.2701499462127686,0.6552500128746033,0.6011000275611877,119995.4140625,103.7578125,108.5703125,111.40625,113.96875,628.8599853515625,86.5199966430664,561.25,197.5,67.83999633789062,80.5,108.97000122070312
2025-07-23,6396.25,23310.75,45214.0,2294.800048828125,41700.0,5344.25,24240.8203125,15.369999885559082,4.239999771118164,3.8489999771118164,3.934000015258789,4.388000011444092,4.948999881744385,65.25,68.51000213623047,3.0769999027252197,2.121299982070923,2.4489998817443848,41.209999084472656,3394.10009765625,39.27799987792969,1437.699951171875,1315.5999755859375,5.795000076293945,2566.75,1005.75,272.0,56.13999938964844,398.5,540.5,352.25,12.53499984741211,301.3500061035156,8440.0,16.239999771118164,66.62000274658203,227.02499389648438,331.5249938964844,108.4749984741211,336.54998779296875,97.20999908447266,1.1792000532150269,0.00684799998998642,1.3581000566482544,0.736299991607666,1.269950032234192,0.6600499749183655,0.605400025844574,118754.9609375,103.66015625,108.3203125,111.015625,113.34375,634.2100219726562,86.04000091552734,563.8099975585938,199.02999877929688,69.12999725341797,80.54000091552734,108.80000305175781
2025-07-24,6401.5,23377.5,44899.0,2263.60009765625,41655.0,5355.2001953125,24295.9296875,15.390000343322754,4.244999885559082,3.8980000019073486,3.9709999561309814,4.4079999923706055,4.948999881744385,66.02999877929688,69.18000030517578,3.0940001010894775,2.1041998863220215,2.412899971008301,42.15999984741211,3371.0,39.020999908447266,1424.5999755859375,1277.0,5.7769999504089355,2564.25,1004.25,269.70001220703125,56.66999816894531,401.75,541.5,357.0,12.545000076293945,304.8500061035156,8124.0,16.56999969482422,67.33999633789062,225.8000030517578,328.8999938964844,108.19999694824219,338.95001220703125,97.37999725341797,1.1784000396728516,0.006823999807238579,1.3518999814987183,0.7340999841690063,1.2668999433517456,0.6603500247001648,0.6052500009536743,118368.0,103.57421875,108.1484375,110.828125,113.28125,634.4199829101562,85.88999938964844,565.010009765625,198.32000732421875,68.68000030517578,80.44000244140625,108.63999938964844
2025-07-25,6425.0,23421.25,45084.0,2271.300048828125,41430.0,5352.16015625,24217.5,14.930000305175781,4.244999885559082,3.8980000019073486,3.9519999027252197,4.386000156402588,4.928999900817871,65.16000366210938,68.44000244140625,3.109999895095825,2.0969998836517334,2.4061999320983887,41.83000183105469,3334.0,38.16699981689453,1407.4000244140625,1243.4000244140625,5.763500213623047,2546.5,998.75,267.79998779296875,56.4900016784668,399.5,538.25,362.0,12.614999771118164,297.54998779296875,8329.0,16.290000915527344,67.01000213623047,226.47500610351562,331.375,108.69999694824219,322.3500061035156,97.6500015258789,1.1763499975204468,0.006794000044465065,1.3437999486923218,0.7301999926567078,1.2661000490188599,0.6566500067710876,0.6025000214576721,117635.8828125,103.58984375,108.2421875,110.984375,113.59375,637.0999755859375,86.43000030517578,566.3699951171875,199.0800018310547,68.52999877929688,80.48999786376953,108.98999786376953
2025-07-26,,,,,,,,,,,,,,,,,,,,,,,,,,,,,,,,,,,,,,,,,,,,,,,,,117947.3671875,,,,,,,,,,,
2025-07-27,,,,,,,,,,,,,,,,,,,,,,,,,,,,,,,,,,,,,,,,,,,,,,,,,119448.4921875,,,,,,,,,,,
2025-07-28,6422.75,23491.25,45012.0,2269.300048828125,40845.0,5337.580078125,23970.359375,15.029999732971191,4.235000133514404,3.9010000228881836,3.9769999980926514,4.420000076293945,4.964000225067139,66.70999908447266,70.04000091552734,2.98799991607666,2.135200023651123,2.4265999794006348,40.9900016784668,3309.10009765625,38.0260009765625,1404.0999755859375,1280.5,5.59499979019165,2533.5,988.75,264.8999938964844,56.54999923706055,393.75,538.5,369.75,12.470000267028809,301.70001220703125,8518.0,16.43000030517578,67.4000015258789,227.875,333.5249938964844,108.5250015258789,325.45001220703125,98.66000366210938,1.1610499620437622,0.0067460001446306705,1.3353999853134155,0.728950023651123,1.252500057220459,0.6518499851226807,0.5979499816894531,117924.4765625,103.5625,108.140625,110.765625,113.15625,636.9400024414062,85.87000274658203,568.1400146484375,198.1999969482422,67.69000244140625,80.44999694824219,108.7699966430664
2025-07-29,6406.0,23452.0,44816.0,2253.60009765625,40690.0,5379.2001953125,24217.369140625,15.979999542236328,4.230000019073486,3.9010000228881836,3.9059998989105225,4.329999923706055,4.870999813079834,69.20999908447266,72.51000213623047,3.0810000896453857,2.218400001525879,2.4637999534606934,40.25,3323.39990234375,38.08399963378906,1404.0,1268.199951171875,5.603499889373779,2507.0,981.75,261.70001220703125,57.540000915527344,389.25,529.75,369.0,12.385000228881836,296.5,8220.0,16.59000015258789,66.30000305175781,229.72500610351562,336.20001220703125,107.25,305.45001220703125,98.91000366210938,1.156499981880188,0.006752000190317631,1.3357000350952148,0.7271000146865845,1.2488000392913818,0.6517000198364258,0.5967000126838684,117922.1484375,103.65234375,108.4453125,111.359375,114.53125,635.260009765625,87.31999969482422,567.260009765625,198.0500030517578,67.6500015258789,80.5,109.48999786376953
2025-07-30,6396.25,23480.5,44633.0,2241.5,40680.0,5393.18017578125,24262.220703125,15.479999542236328,4.23199987411499,3.8919999599456787,3.9649999141693115,4.375999927520752,4.910999774932861,70.0,73.23999786376953,3.0450000762939453,2.2690999507904053,2.4184999465942383,40.09000015258789,3295.800048828125,37.566001892089844,1360.699951171875,1255.199951171875,5.570000171661377,2502.5,967.75,260.70001220703125,56.5,391.75,523.75,357.0,12.354999542236328,293.3999938964844,8192.0,16.450000762939453,65.9000015258789,233.0749969482422,338.95001220703125,107.0250015258789,285.1499938964844,99.94000244140625,1.1440000534057617,0.006709999870508909,1.3241000175476074,0.7245000004768372,1.236449956893921,0.6433500051498413,0.5902500152587891,117831.1875,103.52734375,108.1875,111.0,113.875,634.4600219726562,86.87000274658203,568.02001953125,197.07000732421875,67.18000030517578,80.33000183105469,109.08000183105469
2025-07-31,6374.25,23365.0,44305.0,2220.199951171875,40795.0,5319.919921875,24065.470703125,16.719999313354492,4.235000133514404,3.944999933242798,3.9600000381469727,4.360000133514404,4.886000156402588,69.26000213623047,72.52999877929688,3.1059999465942383,2.21560001373291,2.3994998931884766,39.36000061035156,3293.199951171875,36.551998138427734,1286.4000244140625,1196.0999755859375,4.33050012588501,2446.75,961.75,261.79998779296875,55.58000183105469,394.0,523.25,353.25,12.279999732971191,295.79998779296875,8506.0,16.350000381469727,65.61000061035156,227.77499389648438,331.375,107.125,260.1499938964844,100.02999877929688,1.1439000368118286,0.006645000074058771,1.3220000267028809,0.7228500247001648,1.2377500534057617,0.6432499885559082,0.5903000235557556,115758.203125,103.4921875,108.171875,111.0625,114.1875,632.0800170898438,86.91999816894531,565.010009765625,195.4199981689453,66.5999984741211,80.37999725341797,109.11000061035156
2025-08-01,6264.5,22883.75,43710.0,2173.10009765625,40045.0,,23425.970703125,20.3799991607666,4.182000160217285,3.7200000286102295,3.7709999084472656,4.21999979019165,4.807000160217285,67.33000183105469,69.66999816894531,3.0829999446868896,2.1185998916625977,2.2999000549316406,38.220001220703125,3347.699951171875,36.7869987487793,1304.0,1207.9000244140625,4.412499904632568,2432.0,961.75,267.5,54.720001220703125,389.5,516.75,350.25,12.25,284.20001220703125,8232.0,16.18000030517578,64.41999816894531,230.125,334.57501220703125,107.3499984741211,235.14999389648438,98.69000244140625,1.1536999940872192,0.006773999892175198,1.3228000402450562,0.7242500185966492,1.2441500425338745,0.6441500186920166,0.5902000069618225,113320.0859375,103.9609375,109.0234375,112.203125,115.6875,621.719970703125,87.81999969482422,553.8800048828125,192.75999450683594,66.37999725341797,79.9800033569336,109.62999725341797
2025-08-02,,,,,,,,,,,,,,,,,,,,,,,,,,,,,,,,,,,,,,,,,,,,,,,,,112526.9140625,,,,,,,,,,,
2025-08-03,,,,,,,,,,,,,,,,,,,,,,,,,,,,,,,,,,,,,,,,,,,,,,,,,114217.671875,,,,,,,,,,,
2025-08-04,6356.0,23296.5,44303.0,2220.10009765625,40625.0,5242.31982421875,23757.689453125,17.520000457763672,4.1529998779296875,3.700000047683716,3.743000030517578,4.199999809265137,4.796999931335449,66.29000091552734,68.76000213623047,2.931999921798706,2.1022000312805176,2.3176000118255615,39.4900016784668,3374.39990234375,37.19200134277344,1326.4000244140625,1194.800048828125,4.414999961853027,2427.0,969.0,273.79998779296875,54.5,387.0,516.75,339.25,12.279999732971191,288.54998779296875,8102.0,16.25,64.55999755859375,230.89999389648438,335.3999938964844,108.17500305175781,234.3000030517578,98.77999877929688,1.1574499607086182,0.006816000211983919,1.3278000354766846,0.7259500026702881,1.2438000440597534,0.6460999846458435,0.5907999873161316,115071.8828125,104.0,109.140625,112.375,115.90625,631.1699829101562,88.05999755859375,564.0999755859375,194.80999755859375,67.19000244140625,80.25,109.81999969482422
2025-08-05,6325.25,23132.0,44236.0,2232.10009765625,40570.0,5249.58984375,23846.0703125,17.850000381469727,4.150000095367432,3.7249999046325684,3.76200008392334,4.196000099182129,4.769000053405762,65.16000366210938,67.63999938964844,3.009999990463257,2.0915000438690186,2.250200033187866,40.43000030517578,3381.89990234375,37.6870002746582,1317.199951171875,1193.5,4.363999843597412,2432.75,969.0,273.6000061035156,53.84000015258789,381.5,508.25,328.75,12.524999618530273,298.70001220703125,8363.0,16.09000015258789,65.58999633789062,234.27499389648438,341.04998779296875,108.7750015258789,234.64999389648438,98.77999877929688,1.1583499908447266,0.006783999968320131,1.329699993133545,0.7259500026702881,1.2447500228881836,0.6469500064849854,0.5902000069618225,114141.4453125,103.9296875,109.0546875,112.296875,116.125,627.969970703125,88.33000183105469,560.27001953125,194.60000610351562,67.31999969482422,80.20999908447266,109.9000015258789
2025-08-06,6371.0,23422.75,44312.0,2229.10009765625,40890.0,5263.2900390625,23924.359375,16.770000457763672,4.132999897003174,3.700000047683716,3.7639999389648438,4.21999979019165,4.810999870300293,64.3499984741211,66.88999938964844,3.0769999027252197,2.090399980545044,2.2627999782562256,41.189998626708984,3380.0,37.76599884033203,1326.0,1137.4000244140625,4.390999794006348,2483.25,961.5,269.3999938964844,53.790000915527344,379.75,508.5,332.75,12.515000343322754,293.3999938964844,8470.0,16.010000228881836,65.69999694824219,236.3000030517578,345.0249938964844,108.875,232.85000610351562,98.18000030517578,1.167099952697754,0.006808999925851822,1.3365000486373901,0.7281500101089478,1.246399998664856,0.6505500078201294,0.5945000052452087,115028.0,103.95703125,109.0546875,112.234375,115.5625,632.780029296875,87.81999969482422,567.3200073242188,194.64999389648438,67.77999877929688,80.29000091552734,109.87000274658203
2025-08-07,6366.5,23496.25,44080.0,2221.800048828125,41125.0,5332.06982421875,24192.5,16.56999969482422,4.138000011444092,3.700000047683716,3.7899999618530273,4.24399995803833,4.815999984741211,63.880001068115234,66.43000030517578,3.066999912261963,2.077500104904175,2.2667999267578125,40.59000015258789,3400.300048828125,38.15800094604492,1339.9000244140625,1160.9000244140625,4.378499984741211,2500.0,971.75,272.70001220703125,53.540000915527344,384.5,518.25,332.0,12.704999923706055,297.79998779296875,8644.0,16.010000228881836,64.95999908447266,238.75,348.6499938964844,108.7750015258789,225.3000030517578,98.4000015258789,1.162850022315979,0.0067819999530911446,1.3411999940872192,0.7268000245094299,1.2430000305175781,0.6499000191688538,0.5949500203132629,117496.8984375,103.890625,108.921875,112.09375,115.53125,632.25,87.66999816894531,569.239990234375,194.6699981689453,68.26000213623047,80.20999908447266,109.76000213623047
2025-08-08,6413.5,23713.75,44278.0,2226.10009765625,42315.0,5347.740234375,24162.859375,15.149999618530273,4.132999897003174,3.700000047683716,3.8299999237060547,4.284999847412109,4.855000019073486,63.880001068115234,66.58999633789062,2.990000009536743,2.0861001014709473,2.2792999744415283,39.95000076293945,3439.10009765625,38.41699981689453,1325.5999755859375,1133.199951171875,4.45550012588501,2501.75,966.75,273.3999938964844,52.7599983215332,382.75,514.5,333.0,12.720000267028809,309.3500061035156,8526.0,16.25,65.31999969482422,232.5500030517578,339.3999938964844,108.9000015258789,236.4499969482422,98.18000030517578,1.166200041770935,0.006777000147849321,1.3453999757766724,0.7275000214576721,1.243499994277954,0.6529499888420105,0.5963500142097473,116688.7265625,103.83984375,108.7421875,111.828125,115.0,637.1799926757812,87.29000091552734,574.5499877929688,195.66000366210938,68.51000213623047,80.22000122070312,109.41000366210938
2025-08-09,,,,,,,,,,,,,,,,,,,,,,,,,,,,,,,,,,,,,,,,,,,,,,,,,116500.359375,,,,,,,,,,,
2025-08-10,,,,,,,,,,,,,,,,,,,,,,,,,,,,,,,,,,,,,,,,,,,,,,,,,119306.7578125,,,,,,,,,,,
2025-08-11,6399.75,23637.5,44084.0,2224.800048828125,42325.0,5331.85009765625,24081.33984375,16.25,4.14300012588501,3.700000047683716,3.822999954223633,4.2729997634887695,4.841000080108643,63.959999084472656,66.62999725341797,2.9539999961853027,2.0766000747680664,2.2909998893737793,39.630001068115234,3353.10009765625,37.6619987487793,1329.9000244140625,1149.4000244140625,4.423500061035156,2469.5,989.5,277.70001220703125,53.290000915527344,385.0,515.0,333.5,12.970000267028809,320.70001220703125,8778.0,16.489999771118164,65.29000091552734,233.0749969482422,340.2250061035156,109.67500305175781,249.1999969482422,98.5199966430664,1.1617000102996826,0.006754999980330467,1.3437000513076782,0.7260000109672546,1.2364000082015991,0.6516000032424927,0.5945500135421753,118731.4453125,103.84375,108.765625,111.890625,115.15625,635.9199829101562,87.38999938964844,572.8499755859375,195.14999389648438,68.2699966430664,80.22000122070312,109.58000183105469
2025-08-12,6468.5,23938.0,44558.0,2291.199951171875,43295.0,5335.97021484375,24024.779296875,14.729999542236328,4.130000114440918,3.700000047683716,3.822000026702881,4.293000221252441,4.885000228881836,63.16999816894531,66.12000274658203,2.808000087738037,2.074399948120117,2.2441000938415527,40.40999984741211,3348.89990234375,37.89899826049805,1341.9000244140625,1131.199951171875,4.508500099182129,2507.75,1011.75,278.3999938964844,53.29999923706055,371.5,505.0,334.25,12.779999732971191,315.1499938964844,8793.0,16.940000534057617,67.06999969482422,235.8249969482422,345.375,109.55000305175781,253.64999389648438,98.0999984741211,1.1672999858856201,0.006773000117391348,1.3496999740600586,0.7260000109672546,1.2438499927520752,0.652999997138977,0.5961499810218811,120172.90625,103.890625,108.78125,111.8125,114.65625,642.6900024414062,86.94999694824219,580.0499877929688,197.2899932861328,69.04000091552734,80.4000015258789,109.68000030517578
2025-08-13,6488.75,23946.5,45025.0,2336.10009765625,43170.0,5388.25,24185.58984375,14.489999771118164,4.110000133514404,3.683000087738037,3.7699999809265137,4.23799991607666,4.828000068664551,62.650001525878906,65.62999725341797,2.828000068664551,2.0703999996185303,2.242799997329712,39.45000076293945,3358.699951171875,38.499000549316406,1331.5,1121.0999755859375,4.48199987411499,2510.5,1023.5,284.1000061035156,53.349998474121094,374.0,507.25,331.75,12.78499984741211,319.6000061035156,8566.0,16.850000381469727,66.41000366210938,235.5500030517578,345.875,109.625,245.1999969482422,97.83999633789062,1.17044997215271,0.006787000223994255,1.3568999767303467,0.7264000177383423,1.2466000318527222,0.6541000008583069,0.5979499816894531,123344.0625,103.96484375,109.0,112.171875,115.5,644.8900146484375,87.66999816894531,580.3400268554688,199.24000549316406,69.51000213623047,80.61000061035156,110.26000213623047
2025-08-14,6490.5,23930.5,44997.0,2305.199951171875,42865.0,5434.7001953125,24377.5,14.829999923706055,4.111999988555908,3.683000087738037,3.821000099182129,4.293000221252441,4.882999897003174,63.959999084472656,66.83999633789062,2.8410000801086426,2.1092000007629395,2.234499931335449,39.029998779296875,3335.199951171875,37.981998443603516,1350.300048828125,1144.5,4.4644999504089355,2501.5,1008.5,282.1000061035156,51.9900016784668,375.0,503.5,332.0,12.779999732971191,326.5,8225.0,16.579999923706055,66.16999816894531,233.35000610351562,340.3999938964844,109.6500015258789,249.0500030517578,98.25,1.1642500162124634,0.006763999816030264,1.3532999753952026,0.7240999937057495,1.2414499521255493,0.6494500041007996,0.5921000242233276,118359.578125,103.8671875,108.7734375,111.796875,114.65625,644.9500122070312,87.0199966430664,579.8900146484375,198.66000366210938,69.22000122070312,80.4000015258789,109.87999725341797
2025-08-15,6471.5,23804.0,45040.0,2292.699951171875,43475.0,5448.60986328125,24359.30078125,15.09000015258789,4.111999988555908,3.683000087738037,3.8450000286102295,4.328000068664551,4.926000118255615,62.79999923706055,65.8499984741211,2.9159998893737793,2.072499990463257,2.2249999046325684,39.0099983215332,3336.0,37.89400100708008,1334.300048828125,1107.5999755859375,4.478000164031982,2480.75,1022.25,283.3999938964844,53.18000030517578,383.75,506.5,334.5,12.699999809265137,341.6499938964844,8235.0,16.440000534057617,66.0999984741211,236.25,346.1499938964844,90.0999984741211,247.89999389648438,97.8499984741211,1.1703499555587769,0.006794000044465065,1.3554999828338623,0.7239500284194946,1.2448999881744385,0.6504999995231628,0.5929999947547913,117398.3515625,103.8203125,108.6796875,111.59375,114.0,643.4400024414062,86.4000015258789,577.3400268554688,198.2899932861328,69.52999877929688,80.45999908447266,109.73999786376953
2025-08-16,,,,,,,,,,,,,,,,,,,,,,,,,,,,,,,,,,,,,,,,,,,,,,,,,117491.3515625,,,,,,,,,,,
2025-08-17,,,,,,,,,,,,,,,,,,,,,,,,,,,,,,,,,,,,,,,,,,,,,,,,,117453.0625,,,,,,,,,,,
2025-08-18,6469.25,23797.75,44986.0,2301.60009765625,43830.0,5434.64013671875,24314.76953125,14.989999771118164,4.123000144958496,3.683000087738037,3.8550000190734863,4.341000080108643,4.941999912261963,63.41999816894531,66.5999984741211,2.890000104904175,2.0987000465393066,2.240299940109253,39.20000076293945,3331.699951171875,37.95100021362305,1326.4000244140625,1121.4000244140625,4.456999778747559,2458.5,1020.75,280.3999938964844,53.27000045776367,383.0,502.75,337.0,12.585000038146973,343.6000061035156,8047.0,16.25,66.41999816894531,236.72500610351562,348.8999938964844,90.125,240.39999389648438,98.16999816894531,1.1679500341415405,0.006767999846488237,1.353700041770935,0.7239999771118164,1.242550015449524,0.6496999859809875,0.5926499962806702,116252.3125,103.7890625,108.625,111.515625,113.78125,643.2999877929688,86.1500015258789,577.1099853515625,198.30999755859375,69.58000183105469,80.4000015258789,109.54000091552734
2025-08-19,6432.5,23469.5,44999.0,2283.60009765625,43410.0,5483.27978515625,24423.0703125,15.569999694824219,4.110000133514404,3.683000087738037,3.822000026702881,4.302000045776367,4.9019999504089355,62.349998474121094,65.79000091552734,2.7660000324249268,2.0889999866485596,2.2511000633239746,36.959999084472656,3313.39990234375,37.26100158691406,1302.300048828125,1101.800048828125,4.408999919891357,2428.0,1013.0,287.3999938964844,51.68000030517578,379.5,498.5,331.0,12.510000228881836,356.20001220703125,8012.0,16.309999465942383,66.25,236.3249969482422,350.54998779296875,90.1500015258789,242.14999389648438,98.2699966430664,1.1668000221252441,0.006798999849706888,1.3488999605178833,0.722350001335144,1.2423499822616577,0.6455000042915344,0.5899500250816345,112831.1796875,103.8203125,108.75,111.765625,114.34375,639.8099975585938,86.6500015258789,569.280029296875,198.9499969482422,69.41000366210938,80.37999725341797,109.70999908447266
2025-08-20,6413.25,23324.0,44995.0,2274.800048828125,42860.0,5472.31982421875,24276.970703125,15.6899995803833,4.114999771118164,3.683000087738037,3.809999942779541,4.296000003814697,4.9039998054504395,63.209999084472656,66.83999633789062,2.752000093460083,2.1282999515533447,2.279599905014038,36.45000076293945,3343.39990234375,37.70500183105469,1334.0,1111.199951171875,4.426000118255615,2459.75,1015.0,292.0,51.20000076293945,380.0,505.5,325.5,12.055000305175781,360.25,7675.0,16.56999969482422,66.63999938964844,238.52499389648438,355.7749938964844,89.94999694824219,242.3000030517578,98.22000122070312,1.1675000190734863,0.006810000166296959,1.3454999923706055,0.7218000292778015,1.2477999925613403,0.6433500051498413,0.5831000208854675,114274.7421875,103.83984375,108.8125,111.859375,114.40625,638.1099853515625,86.83999633789062,565.9000244140625,199.14999389648438,69.5199966430664,80.3499984741211,109.76000213623047
2025-08-21,6388.25,23219.75,44854.0,2280.60009765625,42670.0,5462.16015625,24293.33984375,16.600000381469727,4.127999782562256,3.683000087738037,3.8570001125335693,4.329999923706055,4.923999786376953,63.52000045776367,67.66999816894531,2.8259999752044678,2.1596999168395996,2.3250999450683594,37.18000030517578,3336.89990234375,38.027000427246094,1351.199951171875,1105.5,4.43149995803833,2484.5,1034.5,296.79998779296875,53.63999938964844,387.25,507.0,323.25,11.734999656677246,375.25,7435.0,16.350000381469727,65.88999938964844,238.64999389648438,356.375,89.92500305175781,236.3000030517578,98.62000274658203,1.162750005722046,0.006759000010788441,1.3422000408172607,0.7203500270843506,1.2398500442504883,0.6427500247955322,0.5823500156402588,112419.03125,103.7578125,108.6015625,111.546875,114.0625,635.5499877929688,86.41000366210938,563.280029296875,198.41000366210938,69.23999786376953,80.19999694824219,109.33999633789062
2025-08-22,6483.25,23569.75,45715.0,2368.89990234375,42980.0,5488.22998046875,24363.08984375,14.220000267028809,4.0879998207092285,3.6600000858306885,3.759000062942505,4.260000228881836,4.883999824523926,63.65999984741211,67.7300033569336,2.697999954223633,2.1584999561309814,2.3080999851226807,39.439998626708984,3374.39990234375,39.00299835205078,1355.4000244140625,1123.5,4.447500228881836,2505.25,1036.5,296.70001220703125,54.84000015258789,388.25,504.75,318.25,11.524999618530273,390.6499938964844,7582.0,16.479999542236328,66.43000030517578,239.9499969482422,360.3500061035156,91.19999694824219,240.25,97.72000122070312,1.1739000082015991,0.0068259998224675655,1.3528000116348267,0.7240999937057495,1.2517999410629272,0.649150013923645,0.587149977684021,116874.0859375,103.94140625,109.046875,112.140625,114.84375,645.3099975585938,87.05000305175781,571.969970703125,201.77000427246094,70.38999938964844,80.8499984741211,110.19999694824219
2025-08-23,,,,,,,,,,,,,,,,,,,,,,,,,,,,,,,,,,,,,,,,,,,,,,,,,115374.328125,,,,,,,,,,,
2025-08-24,,,,,,,,,,,,,,,,,,,,,,,,,,,,,,,,,,,,,,,,,,,,,,,,,113458.4296875,,,,,,,,,,,
2025-08-25,6455.5,23498.25,45351.0,2344.10009765625,42550.0,5443.9599609375,24273.119140625,14.789999961853027,4.0929999351501465,3.6600000858306885,3.7850000858306885,4.275000095367432,4.888000011444092,64.80000305175781,68.80000305175781,2.696000099182129,2.1482999324798584,2.3475000858306885,39.4900016784668,3373.800048828125,38.676998138427734,1331.5999755859375,1087.5,4.4664998054504395,2527.0,1025.5,295.70001220703125,54.310001373291016,389.25,506.75,312.0,11.670000076293945,389.95001220703125,7957.0,16.399999618530273,65.98999786376953,240.22500610351562,360.8500061035156,91.4000015258789,255.25,98.43000030517578,1.163599967956543,0.006781000178307295,1.3461999893188477,0.7226499915122986,1.2438000440597534,0.6485499739646912,0.5854499936103821,110124.3515625,103.85546875,108.90625,111.96875,114.71875,642.469970703125,86.80000305175781,570.3200073242188,200.41000366210938,69.66999816894531,80.69000244140625,109.91000366210938
2025-08-26,6482.5,23591.5,45489.0,2364.10009765625,42515.0,5383.68017578125,24152.869140625,14.619999885559082,4.0879998207092285,3.6600000858306885,3.740000009536743,4.257999897003174,4.908999919891357,63.25,67.22000122070312,2.7170000076293945,2.122299909591675,2.2804999351501465,40.45000076293945,3388.60009765625,38.582000732421875,1342.4000244140625,1084.199951171875,4.450500011444092,2541.25,1028.75,297.20001220703125,52.7599983215332,387.5,509.5,308.25,11.864999771118164,384.04998779296875,7532.0,16.40999984741211,65.47000122070312,242.5,363.2250061035156,93.42500305175781,265.3500061035156,98.2300033569336,1.1658999919891357,0.006800000090152025,1.3482999801635742,0.7235000133514404,1.2480000257492065,0.649649977684021,0.5863999724388123,111802.65625,103.94921875,109.125,112.203125,114.59375,645.1599731445312,86.75,572.6099853515625,200.77999877929688,69.62999725341797,80.87000274658203,109.98999786376953
2025-08-27,6496.0,23628.75,45642.0,2379.699951171875,42580.0,5393.06982421875,24046.2109375,14.850000381469727,4.059999942779541,3.6600000858306885,3.7049999237060547,4.23799991607666,4.913000106811523,64.1500015258789,68.05000305175781,2.867000102996826,2.148900032043457,2.295300006866455,39.68000030517578,3404.60009765625,38.68899917602539,1341.4000244140625,1082.0,4.4145002365112305,2506.0,1027.25,293.1000061035156,52.470001220703125,382.5,502.25,306.5,11.524999618530273,393.79998779296875,7731.0,16.469999313354492,65.41000366210938,243.25,365.45001220703125,93.9000015258789,255.60000610351562,98.2300033569336,1.1645499467849731,0.006798999849706888,1.350000023841858,0.7255499958992004,1.2490999698638916,0.651199996471405,0.5864999890327454,111222.0625,103.984375,109.2578125,112.40625,114.625,646.6300048828125,86.6500015258789,573.489990234375,201.50999450683594,69.4000015258789,80.97000122070312,110.02999877929688
2025-08-28,6517.5,23769.0,45706.0,2382.199951171875,42935.0,5396.72998046875,24039.919921875,14.430000305175781,4.072000026702881,3.6600000858306885,3.696000099182129,4.206999778747559,4.874000072479248,64.5999984741211,68.62000274658203,2.944000005722046,2.1991000175476074,2.309799909591675,40.97999954223633,3431.800048828125,39.189998626708984,1356.4000244140625,1104.5999755859375,4.463500022888184,2516.25,1028.25,286.29998779296875,51.75,385.5,510.25,301.25,11.520000457763672,387.75,7738.0,16.479999542236328,66.04000091552734,237.0,365.92498779296875,94.2750015258789,240.60000610351562,97.80999755859375,1.170050024986267,0.006821999792009592,1.3517999649047852,0.7281500101089478,1.2503999471664429,0.6536999940872192,0.5891000032424927,112544.8046875,103.9609375,109.2890625,112.53125,115.1875,648.9199829101562,87.22000122070312,577.0800170898438,201.60000610351562,69.68000030517578,81.01000213623047,110.19999694824219
2025-08-29,6472.75,23461.75,45601.0,2369.800048828125,42100.0,5351.72998046875,23902.2109375,15.359999656677246,4.043000221252441,3.619999885559082,3.6989998817443848,4.2270002365112305,4.916999816894531,64.01000213623047,68.12000274658203,2.996999979019165,2.1875998973846436,2.266700029373169,40.66999816894531,3473.699951171875,40.20000076293945,1365.699951171875,1105.199951171875,4.518499851226807,2514.75,1036.75,283.6000061035156,51.470001220703125,398.0,518.0,308.5,11.789999961853027,396.8500061035156,7635.0,16.3700008392334,65.20999908447266,241.89999389648438,364.7749938964844,95.0250015258789,232.3000030517578,97.7699966430664,1.171049952507019,0.006814000196754932,1.3513000011444092,0.7289999723434448,1.2523000240325928,0.6547499895095825,0.5904499888420105,108410.8359375,103.98828125,109.296875,112.453125,114.65625,645.0499877929688,86.5999984741211,570.4000244140625,201.6300048828125,69.36000061035156,80.86000061035156,109.80000305175781
2025-08-30,,,,,,,,,,,,,,,,,,,,,,,,,,,,,,,,,,,,,,,,,,,,,,,,,108808.0703125,,,,,,,,,,,
2025-08-31,,,,,,,,,,,,,,,,,,,,,,,,,,,,,,,,,,,,,,,,,,,,,,,,,108236.7109375,,,,,,,,,,,
2025-09-01,,,,,,5367.080078125,24037.330078125,,,,,,,,,,,,,,,,,,,,,,,,,,,,,,,,,,,,,,,,,,109250.59375,,,,,,,,,,,
2025-09-02,6425.5,23275.0,45351.0,2357.0,42100.0,5291.0400390625,23487.330078125,17.170000076293945,4.0320000648498535,3.5799999237060547,3.743000030517578,4.2769999504089355,4.9710001945495605,65.58999633789062,69.13999938964844,3.009000062942505,2.042799949645996,2.3743999004364014,40.619998931884766,3549.39990234375,41.07099914550781,1405.800048828125,1136.4000244140625,4.569499969482422,2514.5,1025.75,275.5,51.970001220703125,403.0,513.0,303.75,11.6850004196167,382.20001220703125,7420.0,16.149999618530273,64.56999969482422,239.52499389648438,364.25,95.55000305175781,225.3000030517578,98.4000015258789,1.1643500328063965,0.0067449999041855335,1.3380999565124512,0.7257999777793884,1.24399995803833,0.6516500115394592,0.5861499905586243,111200.5859375,103.9296875,109.1015625,112.140625,113.875,640.27001953125,85.62999725341797,565.6199951171875,200.60000610351562,68.87999725341797,80.38999938964844,109.05000305175781
2025-09-03,6457.25,23448.75,45308.0,2353.699951171875,42120.0,5325.009765625,23594.80078125,16.350000381469727,4.01800012588501,3.5799999237060547,3.684999942779541,4.210999965667725,4.892000198364258,63.970001220703125,67.5999984741211,3.063999891281128,2.01200008392334,2.3608999252319336,41.34000015258789,3593.199951171875,41.54199981689453,1448.5999755859375,1168.5,4.558499813079834,2505.5,1016.0,275.8999938964844,51.15999984741211,397.75,504.0,300.5,11.75,385.25,7475.0,16.030000686645508,64.7300033569336,238.3249969482422,362.07501220703125,93.82499694824219,231.25,98.13999938964844,1.167099952697754,0.006767000071704388,1.3443000316619873,0.7252500057220459,1.2454500198364258,0.654699981212616,0.5878000259399414,111723.2109375,104.0078125,109.3359375,112.59375,115.0,643.739990234375,86.56999969482422,570.0700073242188,200.4499969482422,69.04000091552734,80.61000061035156,109.69999694824219
2025-09-04,6510.75,23668.0,45688.0,2383.300048828125,42895.0,5346.7099609375,23770.330078125,15.300000190734863,3.997999906539917,3.5799999237060547,3.6530001163482666,4.176000118255615,4.874000072479248,63.47999954223633,66.98999786376953,3.0739998817443848,2.009500026702881,2.330699920654297,40.400001525878906,3565.800048828125,40.9109992980957,1371.199951171875,1125.5,4.48799991607666,2488.75,1012.0,279.3999938964844,51.22999954223633,399.75,502.25,297.25,11.614999771118164,385.75,7205.0,15.6899995803833,64.69000244140625,236.9499969482422,359.82501220703125,95.0250015258789,223.35000610351562,98.3499984741211,1.1650999784469604,0.006738000083714724,1.3428000211715698,0.723550021648407,1.2416499853134155,0.6514999866485596,0.5841000080108643,110723.6015625,104.046875,109.4609375,112.828125,115.34375,649.1199951171875,87.2300033569336,575.22998046875,202.08999633789062,69.30000305175781,80.83000183105469,110.44999694824219
2025-09-05,6489.75,23684.0,45459.0,2393.5,42910.0,5318.14990234375,23596.98046875,15.180000305175781,3.9100000858306885,3.575000047683716,3.5829999446868896,4.085999965667725,4.775000095367432,61.869998931884766,65.5,3.0480000972747803,1.9642000198364258,2.2869999408721924,40.72999954223633,3613.199951171875,41.07400131225586,1381.699951171875,1111.5999755859375,4.482500076293945,2495.25,1006.5,280.5,50.560001373291016,399.0,501.0,297.75,11.579999923706055,385.6000061035156,7382.0,15.550000190734863,64.38999938964844,235.97500610351562,359.82501220703125,96.0250015258789,222.89999389648438,97.7699966430664,1.1722500324249268,0.006787000223994255,1.3507000207901,0.7224000096321106,1.2539000511169434,0.6553500294685364,0.5891000032424927,110650.984375,104.19921875,109.7578125,113.359375,116.90625,647.239990234375,88.55999755859375,576.0599975585938,201.58999633789062,69.73999786376953,80.87000274658203,111.16999816894531
2025-09-06,,,,,,,,,,,,,,,,,,,,,,,,,,,,,,,,,,,,,,,,,,,,,,,,,110224.6953125,,,,,,,,,,,
2025-09-07,,,,,,,,,,,,,,,,,,,,,,,,,,,,,,,,,,,,,,,,,,,,,,,,,111167.6171875,,,,,,,,,,,
2025-09-08,6506.0,23799.75,45575.0,2398.39990234375,43975.0,5362.81005859375,23807.130859375,15.109999656677246,3.927999973297119,3.450000047683716,3.569999933242798,4.046000003814697,4.689000129699707,62.2599983215332,66.0199966430664,3.0899999141693115,1.9586000442504883,2.3118999004364014,41.529998779296875,3638.10009765625,41.42599868774414,1380.800048828125,1139.4000244140625,4.490499973297119,2511.0,1013.5,284.70001220703125,50.72999954223633,403.0,505.5,297.5,11.345000267028809,397.79998779296875,7131.0,15.630000114440918,64.56999969482422,235.8000030517578,360.95001220703125,95.1500015258789,230.39999389648438,97.44999694824219,1.176650047302246,0.006787000223994255,1.3553999662399292,0.7242000102996826,1.2617499828338623,0.6594499945640564,0.5942500233650208,112071.4296875,104.21875,109.8125,113.5,117.90625,648.8300170898438,89.73999786376953,578.8699951171875,201.50999450683594,70.4000015258789,80.87000274658203,111.55999755859375
2025-09-09,6521.75,23874.0,45757.0,2384.60009765625,43495.0,5368.81982421875,23718.44921875,15.039999961853027,3.943000078201294,3.450000047683716,3.6010000705718994,4.073999881744385,4.7179999351501465,62.630001068115234,66.38999938964844,3.117000102996826,1.9924999475479126,2.3199000358581543,41.970001220703125,3643.300048828125,40.87799835205078,1367.300048828125,1124.699951171875,4.500999927520752,2516.0,1011.5,291.70001220703125,49.70000076293945,401.25,500.75,296.0,11.345000267028809,393.0,7270.0,15.84000015258789,64.6500015258789,230.1750030517578,351.70001220703125,96.125,240.9499969482422,97.79000091552734,1.1711000204086304,0.0067889997735619545,1.3523000478744507,0.7224000096321106,1.2545499801635742,0.6585000157356262,0.5926499962806702,111530.546875,104.12890625,109.6640625,113.3125,117.5625,650.3300170898438,89.2300033569336,580.510009765625,201.74000549316406,70.3499984741211,80.77999877929688,111.36000061035156
2025-09-10,6539.75,23877.75,45540.0,2379.699951171875,43900.0,5361.47021484375,23632.94921875,15.350000381469727,3.930000066757202,3.450000047683716,3.5820000171661377,4.0320000648498535,4.677999973297119,63.66999816894531,67.48999786376953,3.0290000438690186,2.007999897003174,2.333699941635132,42.220001220703125,3643.60009765625,41.132999420166016,1392.9000244140625,1194.300048828125,4.550000190734863,2518.25,1005.5,286.3999938964844,50.220001220703125,397.25,495.0,293.5,11.324999809265137,401.0,7356.0,15.930000305175781,65.55999755859375,231.14999389648438,353.20001220703125,96.82499694824219,245.3000030517578,97.77999877929688,1.1708500385284424,0.006790999788790941,1.353700041770935,0.7215999960899353,1.252500057220459,0.6621000170707703,0.5947999954223633,113955.359375,104.140625,109.7265625,113.515625,118.125,652.2100219726562,89.73999786376953,580.7000122070312,201.22999572753906,70.48999786376953,80.83999633789062,111.69000244140625
2025-09-11,6592.5,24017.75,46141.0,2423.10009765625,44765.0,5386.77001953125,23703.650390625,14.710000038146973,3.927999973297119,3.450000047683716,3.578000068664551,4.011000156402588,4.651000022888184,62.369998931884766,66.37000274658203,2.934000015258789,1.9793000221252441,2.281899929046631,42.650001525878906,3636.89990234375,41.696998596191406,1395.4000244140625,1219.5999755859375,4.5904998779296875,2587.75,1015.25,288.29998779296875,50.81999969482422,399.0,503.0,294.0,11.375,400.04998779296875,7451.0,15.819999694824219,65.37000274658203,232.27499389648438,355.2250061035156,98.17500305175781,242.3000030517578,97.54000091552734,1.1737500429153442,0.006796000059694052,1.3580000400543213,0.7228999733924866,1.257200002670288,0.6662499904632568,0.5974500179290771,115507.5390625,104.16015625,109.7265625,113.59375,118.40625,657.6300048828125,90.33999633789062,584.0800170898438,203.86000061035156,71.29000091552734,81.04000091552734,112.20999908447266
2025-09-12,6588.25,24113.25,45854.0,2397.89990234375,44535.0,5390.7099609375,23698.150390625,14.760000228881836,3.927999973297119,3.496000051498413,3.625,4.060999870300293,4.678999900817871,62.689998626708984,66.98999786376953,2.940999984741211,1.9853999614715576,2.2899999618530273,42.04999923706055,3649.39990234375,42.387001037597656,1407.300048828125,1229.300048828125,4.588500022888184,2583.75,1025.75,288.29998779296875,51.380001068115234,399.0,503.0,294.25,11.225000381469727,410.6499938964844,7315.0,15.789999961853027,65.19000244140625,229.97500610351562,350.3999938964844,97.125,246.35000610351562,97.55000305175781,1.1742500066757202,0.006781000178307295,1.357100009918213,0.7226999998092651,1.2566499710083008,0.6653000116348267,0.5961499810218811,116101.578125,104.1015625,109.53125,113.25,117.84375,657.4099731445312,89.94999694824219,586.6599731445312,202.6300048828125,71.05999755859375,80.95999908447266,112.01000213623047
2025-09-13,,,,,,,,,,,,,,,,,,,,,,,,,,,,,,,,,,,,,,,,,,,,,,,,,115950.5078125,,,,,,,,,,,
2025-09-14,,,,,,,,,,,,,,,,,,,,,,,,,,,,,,,,,,,,,,,,,,,,,,,,,115407.65625,,,,,,,,,,,
2025-09-15,6621.5,24309.25,45921.0,2407.39990234375,44740.0,5440.39990234375,23748.859375,15.6899995803833,3.9000000953674316,3.496000051498413,3.6019999980926514,4.033999919891357,4.656000137329102,63.29999923706055,67.44000244140625,3.0429999828338623,2.013400077819824,2.3310999870300293,45.97999954223633,3682.199951171875,42.516998291015625,1412.800048828125,1204.0,4.6554999351501465,2591.0,1042.75,285.20001220703125,51.7599983215332,423.25,525.0,318.25,11.529999732971191,432.3500061035156,7539.0,16.0,65.41999816894531,234.60000610351562,358.79998779296875,97.5250015258789,259.8999938964844,97.30000305175781,1.1753499507904053,0.006783000193536282,1.3588000535964966,0.725849986076355,1.2574000358581543,0.6657999753952026,0.5960500240325928,115444.875,104.1328125,109.625,113.40625,118.28125,660.9099731445312,90.16000366210938,591.6799926757812,202.5500030517578,71.5999984741211,81.19000244140625,112.36000061035156
2025-09-16,6610.75,24284.0,45784.0,2403.199951171875,44605.0,5372.31005859375,23329.240234375,16.360000610351562,3.890000104904175,3.496000051498413,3.5829999446868896,4.026000022888184,4.645999908447266,64.5199966430664,68.47000122070312,3.1029999256134033,2.041599988937378,2.3935000896453857,44.36000061035156,3688.89990234375,42.47100067138672,1398.5,1179.9000244140625,4.632999897003174,2614.75,1049.75,285.79998779296875,52.689998626708984,429.5,534.0,319.0,11.739999771118164,422.25,7371.0,15.899999618530273,66.38999938964844,233.4499969482422,358.32501220703125,97.375,268.95001220703125,96.62999725341797,1.1886999607086182,0.00685400003567338,1.3661999702453613,0.727649986743927,1.28534996509552,0.6686499714851379,0.6007000207901001,116843.1875,104.171875,109.71875,113.515625,118.40625,660.0,90.3499984741211,591.1799926757812,201.49000549316406,71.63999938964844,81.12999725341797,112.26000213623047
2025-09-17,6601.25,24222.5,46021.0,2409.39990234375,44660.0,5369.7001953125,23359.1796875,15.720000267028809,3.868000030517578,3.496000051498413,3.6489999294281006,4.076000213623047,4.675000190734863,64.05000305175781,67.94999694824219,3.0999999046325684,2.028700113296509,2.35479998588562,44.54999923706055,3681.800048828125,41.72200012207031,1372.699951171875,1154.4000244140625,4.571000099182129,2583.75,1043.75,283.8999938964844,51.2400016784668,426.75,528.25,321.0,11.59000015258789,388.54998779296875,7385.0,15.539999961853027,65.86000061035156,231.10000610351562,355.0249938964844,97.32499694824219,253.9499969482422,96.87000274658203,1.185349941253662,0.0068350001238286495,1.3640999794006348,0.7271000146865845,1.28125,0.6658499836921692,0.5978500247001648,116468.5078125,104.08984375,109.4453125,113.09375,117.90625,659.1799926757812,90.12000274658203,590.0,202.08999633789062,71.58999633789062,81.05000305175781,112.05999755859375
2025-09-18,6635.0,24460.25,46168.0,2468.800048828125,45685.0,5456.669921875,23674.529296875,15.699999809265137,3.880000114440918,3.569999933242798,3.6630001068115234,4.104000091552734,4.71999979019165,63.56999969482422,67.44000244140625,2.938999891281128,2.011399984359741,2.3399999141693115,45.720001220703125,3643.699951171875,41.707000732421875,1397.4000244140625,1168.0,4.540999889373779,2579.0,1037.5,283.0,50.56999969482422,423.75,524.25,321.5,11.520000457763672,385.8500061035156,7233.0,15.380000114440918,65.19000244140625,232.375,358.17498779296875,97.4749984741211,240.35000610351562,97.3499984741211,1.1804499626159668,0.006779000163078308,1.3554999828338623,0.7257500290870667,1.2748500108718872,0.6618499755859375,0.590149998664856,117137.203125,104.0625,109.390625,112.96875,117.28125,662.260009765625,89.19000244140625,595.3200073242188,203.11000061035156,71.68000030517578,81.2300033569336,111.83000183105469
2025-09-19,6658.77001953125,24568.0703125,46328.0,2472.0400390625,45100.0,5458.419921875,23639.41015625,15.449999809265137,3.878000020980835,3.569999933242798,3.690999984741211,4.138999938964844,4.75600004196167,62.68000030517578,66.68000030517578,2.888000011444092,1.9707000255584717,2.2988998889923096,49.43000030517578,3671.5,42.5359992980957,1414.300048828125,1150.800048828125,4.568999767303467,2559.75,1025.5,282.8999938964844,50.029998779296875,424.0,522.5,321.25,11.5,366.5,7243.0,15.460000038146973,64.94000244140625,233.5749969482422,359.1499938964844,97.9749984741211,243.75,97.63999938964844,1.1764500141143799,0.006773999892175198,1.3472000360488892,0.7266499996185303,1.2696000337600708,0.6596999764442444,0.5875499844551086,115688.859375,104.0390625,109.28125,112.828125,116.78125,663.7000122070312,89.0199966430664,599.3499755859375,202.77000427246094,71.11000061035156,81.26000213623047,111.73999786376953
2025-09-20,,,,,,,,,,,,,,,,,,,,,,,,,,,,,,,,,,,,,,,,,,,,,,,,,115721.9609375,,,,,,,,,,,
2025-09-21,,,,,,,,,,,,,,,,,,,,,,,,,,,,,,,,,,,,,,,,,,,,,,,,,115306.09375,,,,,,,,,,,
2025-09-22,6752.5,25003.0,46724.0,2481.89990234375,45555.0,5442.0498046875,23527.05078125,16.100000381469727,3.8480000495910645,3.571000099182129,3.696000099182129,4.14300012588501,4.761000156402588,62.63999938964844,66.56999969482422,2.805999994277954,1.9781999588012695,2.29229998588562,50.400001525878906,3740.699951171875,43.79899978637695,1423.699951171875,1193.699951171875,4.572999954223633,2530.25,1011.0,278.8999938964844,49.16999816894531,421.75,510.75,310.0,11.46500015258789,367.3500061035156,6959.0,15.25,64.31999969482422,237.14999389648438,362.7250061035156,98.80000305175781,238.6999969482422,97.33000183105469,1.1812000274658203,0.006783999968320131,1.3518999814987183,0.7243000268936157,1.2743500471115112,0.6601499915122986,0.5888000130653381,112748.5078125,104.015625,109.2578125,112.703125,116.25,666.8400268554688,88.69999694824219,602.2000122070312,202.47999572753906,71.3499984741211,81.31999969482422,111.48999786376953
2025-09-23,6715.0,24827.25,46637.0,2477.0,45395.0,5472.39013671875,23611.330078125,16.639999389648438,3.8450000286102295,3.571000099182129,3.677000045776367,4.119999885559082,4.73799991607666,63.40999984741211,67.62999725341797,2.8529999256134033,1.9990999698638916,2.328000068664551,50.36000061035156,3780.60009765625,44.19200134277344,1504.199951171875,1232.300048828125,4.584499835968018,2522.0,1012.0,275.1000061035156,49.349998474121094,426.25,520.5,308.5,11.479999542236328,350.1499938964844,6992.0,15.65999984741211,64.52999877929688,235.60000610351562,364.8500061035156,100.5250015258789,244.75,97.26000213623047,1.1825499534606934,0.0067900000140070915,1.3517999649047852,0.7226999998092651,1.2755500078201294,0.6596500277519226,0.5872499942779541,112014.5,104.02734375,109.3203125,112.875,116.59375,663.2100219726562,89.31999969482422,598.2000122070312,202.6300048828125,71.27999877929688,81.26000213623047,111.70999908447266
2025-09-24,6692.25,24739.25,46441.0,2454.10009765625,45460.0,5464.56005859375,23666.810546875,16.18000030517578,3.8580000400543213,3.571000099182129,3.7100000381469727,4.146999835968018,4.757999897003174,64.98999786376953,69.30999755859375,2.8580000400543213,2.0188000202178955,2.37719988822937,48.59000015258789,3732.10009765625,43.777000427246094,1484.5,1221.4000244140625,4.752500057220459,2533.5,1009.0,271.70001220703125,49.290000915527344,424.25,519.5,308.75,11.430000305175781,367.75,7048.0,15.640000343322754,64.04000091552734,234.0500030517578,365.375,99.42500305175781,244.4499969482422,97.87000274658203,1.1750500202178955,0.006732000038027763,1.3451000452041626,0.7198500037193298,1.2692500352859497,0.6581500172615051,0.5827500224113464,113328.6328125,103.98828125,109.1484375,112.640625,116.3125,661.0999755859375,88.9800033569336,596.0999755859375,202.22999572753906,70.87999725341797,81.1500015258789,111.26000213623047
2025-09-25,6659.75,24629.25,46268.0,2430.0,45460.0,5444.89013671875,23534.830078125,16.739999771118164,3.882999897003174,3.615999937057495,3.7669999599456787,4.171999931335449,4.751999855041504,64.9800033569336,69.41999816894531,2.9040000438690186,2.00219988822937,2.426500082015991,49.16999816894531,3736.89990234375,44.696998596191406,1530.699951171875,1264.4000244140625,4.699999809265137,2551.0,1012.25,268.6000061035156,49.7400016784668,425.75,527.0,313.0,11.369999885559082,371.3500061035156,6925.0,15.760000228881836,63.83000183105469,232.0500030517578,365.42498779296875,100.0999984741211,242.35000610351562,98.55000305175781,1.1663999557495117,0.006682999897748232,1.333400011062622,0.7178000211715698,1.2608000040054321,0.6535000205039978,0.5780500173568726,109049.2890625,103.8671875,108.9453125,112.328125,116.21875,658.0499877929688,88.9800033569336,593.530029296875,201.2899932861328,70.44999694824219,80.91999816894531,111.05999755859375
2025-09-26,6696.5,24726.75,46556.0,2450.39990234375,45215.0,5499.7001953125,23739.470703125,15.289999961853027,3.859999895095825,3.615999937057495,3.7699999809265137,4.186999797821045,4.765999794006348,65.72000122070312,70.12999725341797,2.8350000381469727,2.037600040435791,2.4289000034332275,48.40999984741211,3775.300048828125,46.22100067138672,1582.699951171875,1291.4000244140625,4.7154998779296875,2544.75,1013.75,268.79998779296875,49.599998474121094,422.0,519.75,309.0,11.244999885559082,378.04998779296875,6908.0,15.869999885559082,63.95000076293945,231.8000030517578,357.0,101.5,240.75,98.1500015258789,1.1714500188827515,0.006701999809592962,1.340999960899353,0.7179999947547913,1.2653499841690063,0.6552000045776367,0.5790500044822693,109712.828125,103.8984375,108.953125,112.265625,116.03125,661.8200073242188,88.9000015258789,595.969970703125,202.97999572753906,70.72000122070312,81.08000183105469,111.20999908447266
2025-09-27,,,,,,,,,,,,,,,,,,,,,,,,,,,,,,,,,,,,,,,,,,,,,,,,,109681.9453125,,,,,,,,,,,
2025-09-28,,,,,,,,,,,,,,,,,,,,,,,,,,,,,,,,,,,,,,,,,,,,,,,,,112122.640625,,,,,,,,,,,
2025-09-29,6713.5,24837.75,46612.0,2450.800048828125,45260.0,5506.85009765625,23745.060546875,16.1200008392334,3.86299991607666,3.631999969482422,3.740999937057495,4.140999794006348,4.703999996185303,63.45000076293945,67.97000122070312,3.2669999599456787,1.9951000213623047,2.356600046157837,48.709999084472656,3820.89990234375,46.61199951171875,1609.300048828125,1265.699951171875,4.841000080108643,2583.5,1010.5,268.1000061035156,49.11000061035156,421.5,519.5,308.25,11.359999656677246,372.20001220703125,6998.0,16.020000457763672,63.04999923706055,231.3249969482422,356.20001220703125,101.1500015258789,237.6999969482422,97.91000366210938,1.1742000579833984,0.006738000083714724,1.3437999486923218,0.7192000150680542,1.2656500339508057,0.6582000255584717,0.5799999833106995,114400.3828125,103.921875,109.046875,112.515625,116.84375,663.6799926757812,89.62999725341797,598.72998046875,203.22000122070312,71.12000274658203,81.22000122070312,111.58000183105469
2025-09-30,6738.75,24901.75,46689.0,2455.5,44940.0,5529.9599609375,23880.720703125,16.280000686645508,3.8450000286102295,3.5989999771118164,3.7320001125335693,4.1479997634887695,4.73199987411499,62.369998931884766,67.0199966430664,3.302999973297119,1.9729000329971313,2.3324999809265137,47.66999816894531,3840.800048828125,46.25299835205078,1584.5999755859375,1263.5,4.804999828338623,2594.0,1001.75,265.70001220703125,48.869998931884766,415.5,508.0,307.5,11.164999961853027,374.8500061035156,6749.0,16.100000381469727,63.31999969482422,231.85000610351562,361.0249938964844,99.8499984741211,243.5500030517578,97.7699966430664,1.1750500202178955,0.006771999876946211,1.3450000286102295,0.7189499735832214,1.267300009727478,0.6617500185966492,0.5814499855041504,114056.0859375,103.97265625,109.1640625,112.5,116.59375,666.1799926757812,89.37000274658203,600.3699951171875,203.58999633789062,71.37000274658203,81.19000244140625,111.47000122070312
2025-10-01,6761.5,25017.5,46725.0,2460.10009765625,44915.0,5581.2099609375,24113.619140625,16.290000915527344,3.8450000286102295,3.5899999141693115,3.680000066757202,4.105999946594238,4.715000152587891,61.779998779296875,65.3499984741211,3.4760000705718994,1.8859000205993652,2.3018999099731445,48.2599983215332,3867.5,47.290000915527344,1569.9000244140625,1250.5,4.83050012588501,2597.5,1013.0,264.70001220703125,49.75,416.5,509.25,303.75,11.074999809265137,383.8999938964844,6675.0,16.1299991607666,63.150001525878906,231.10000610351562,358.9750061035156,98.42500305175781,229.5,97.70999908447266,1.1743500232696533,0.006806999910622835,1.3486000299453735,0.7177500128746033,1.2656500339508057,0.6618499755859375,0.5834500193595886,118648.9296875,104.30859375,109.4375,112.84375,116.96875,668.4500122070312,89.29000091552734,603.25,203.8699951171875,71.94999694824219,80.95999908447266,111.51000213623047
2025-10-02,6766.75,25110.0,46806.0,2474.10009765625,45175.0,5645.81005859375,24422.560546875,16.6299991607666,3.8480000495910645,3.5899999141693115,3.6730000972747803,4.0879998207092285,4.695000171661377,60.47999954223633,64.11000061035156,3.441999912261963,1.8509999513626099,2.243499994277954,50.20000076293945,3839.699951171875,46.0,1563.800048828125,1239.800048828125,4.8979997634887695,2596.5,1023.75,271.29998779296875,49.81999969482422,421.75,514.75,299.75,11.010000228881836,378.1000061035156,6481.0,16.399999618530273,62.650001525878906,230.52499389648438,354.29998779296875,98.67500305175781,231.85000610351562,97.8499984741211,1.1727999448776245,0.006798999849706888,1.3449000120162964,0.7166000008583069,1.2642500400543213,0.6599000096321106,0.5837000012397766,120681.2578125,104.30078125,109.4453125,112.921875,117.28125,669.219970703125,89.55000305175781,605.72998046875,204.05999755859375,72.12000274658203,80.93000030517578,111.69000244140625
2025-10-03,6764.0,24992.0,47031.0,2492.10009765625,46100.0,5651.7099609375,24378.80078125,16.649999618530273,3.8580000400543213,3.5899999141693115,3.7079999446868896,4.11899995803833,4.714000225067139,60.880001068115234,64.52999877929688,3.3239998817443848,1.8604999780654907,2.236299991607666,49.599998474121094,3880.800048828125,47.59700012207031,1619.300048828125,1273.0,5.058000087738037,2612.75,1018.0,270.70001220703125,49.43000030517578,419.0,515.25,299.25,11.109999656677246,390.75,6190.0,16.469999313354492,62.86000061035156,231.02499389648438,357.17498779296875,98.9749984741211,233.10000610351562,97.72000122070312,1.1745500564575195,0.006785000208765268,1.348099946975708,0.716949999332428,1.2675000429153442,0.6603000164031982,0.584850013256073,122266.53125,104.25,109.2890625,112.671875,116.9375,669.2100219726562,89.37999725341797,603.1799926757812,204.9600067138672,72.62999725341797,80.83999633789062,111.55000305175781
2025-10-04,,,,,,,,,,,,,,,,,,,,,,,,,,,,,,,,,,,,,,,,,,,,,,,,,122425.4296875,,,,,,,,,,,
2025-10-05,,,,,,,,,,,,,,,,,,,,,,,,,,,,,,,,,,,,,,,,,,,,,,,,,123513.4765625,,,,,,,,,,,
2025-10-06,6788.75,25184.75,46958.0,2501.0,48665.0,5628.72021484375,24378.2890625,16.3700008392334,3.859999895095825,3.5899999141693115,3.744999885559082,4.1620001792907715,4.757999897003174,61.689998626708984,65.47000122070312,3.3570001125335693,1.9016000032424927,2.24429988861084,51.209999084472656,3948.5,48.082000732421875,1634.9000244140625,1326.800048828125,4.986999988555908,2636.25,1017.75,268.79998779296875,49.790000915527344,421.75,512.75,288.75,11.03499984741211,381.3500061035156,6283.0,16.809999465942383,62.70000076293945,231.875,362.3999938964844,98.32499694824219,224.6999969482422,98.11000061035156,1.1718000173568726,0.006659000180661678,1.3482999801635742,0.7170000076293945,1.267549991607666,0.661899983882904,0.5856999754905701,124752.53125,104.203125,109.1328125,112.390625,116.25,671.6099853515625,88.66999816894531,607.7100219726562,205.22000122070312,72.81999969482422,80.86000061035156,111.19000244140625
2025-10-07,6761.5,25039.25,46852.0,2473.5,48090.0,5613.6201171875,24385.779296875,17.239999771118164,3.8429999351501465,3.5899999141693115,3.7060000896453857,4.126999855041504,4.72599983215332,61.72999954223633,65.44999694824219,3.497999906539917,1.8939000368118286,2.2653000354766846,51.209999084472656,3976.60009765625,47.17900085449219,1626.5999755859375,1347.5999755859375,5.047999858856201,2662.0,1022.0,268.8999938964844,50.529998779296875,419.75,506.75,287.75,10.890000343322754,375.3999938964844,6179.0,16.6299991607666,62.02000045776367,233.10000610351562,365.5,97.8499984741211,212.39999389648438,98.58000183105469,1.1662499904632568,0.0065910001285374165,1.3430999517440796,0.7170500159263611,1.2630000114440918,0.6585999727249146,0.5814999938011169,121451.3828125,104.25390625,109.296875,112.671875,116.78125,669.1199951171875,89.18000030517578,604.510009765625,204.5399932861328,72.25,80.7699966430664,111.4000015258789
2025-10-08,6801.25,25331.0,46867.0,2499.5,48215.0,5649.72998046875,24597.130859375,16.299999237060547,3.8429999351501465,3.5899999141693115,3.7200000286102295,4.129000186920166,4.723999977111816,62.54999923706055,66.25,3.3329999446868896,1.909500002861023,2.291300058364868,51.02000045776367,4043.300048828125,48.65599822998047,1678.0,1454.199951171875,5.046000003814697,2681.25,1029.5,270.79998779296875,50.970001220703125,422.0,507.25,287.25,10.725000381469727,385.1000061035156,6000.0,16.290000915527344,62.470001220703125,233.85000610351562,369.5,97.625,209.39999389648438,98.8499984741211,1.162350058555603,0.006550999823957682,1.3389999866485596,0.71670001745224,1.256600022315979,0.6585000157356262,0.5797500014305115,123354.8671875,104.22265625,109.234375,112.609375,116.8125,673.1099853515625,89.25,611.4400024414062,204.9499969482422,72.54000091552734,80.6500015258789,111.26000213623047
2025-10-09,6779.25,25289.25,46593.0,2483.199951171875,48745.0,5625.56005859375,24611.25,16.43000030517578,3.8529999256134033,3.5899999141693115,3.740999937057495,4.1479997634887695,4.732999801635742,61.5099983215332,65.22000122070312,3.2690000534057617,1.882599949836731,2.2802999019622803,51.4900016784668,3946.300048828125,46.849998474121094,1634.0999755859375,1430.5,5.075500011444092,2727.75,1022.25,269.70001220703125,50.380001068115234,418.25,506.5,295.75,10.885000228881836,377.25,5945.0,16.260000228881836,62.029998779296875,235.02499389648438,374.0249938964844,97.0,205.5500030517578,99.54000091552734,1.1547000408172607,0.006529000122100115,1.3280999660491943,0.7128000259399414,1.2475500106811523,0.6543499827384949,0.5753499865531921,121705.5859375,104.1875,109.140625,112.484375,116.625,671.1599731445312,89.18000030517578,610.7000122070312,203.6999969482422,71.9000015258789,80.41999816894531,111.04000091552734
2025-10-10,6595.25,24397.0,45706.0,2408.5,46090.0,5531.31982421875,24241.4609375,21.65999984741211,3.8529999256134033,3.5850000381469727,3.6459999084472656,4.051000118255615,4.633999824523926,58.900001525878906,62.72999954223633,3.1059999465942383,1.8203999996185303,2.204400062561035,51.869998931884766,3975.89990234375,46.9379997253418,1600.699951171875,1447.5999755859375,4.848499774932861,2603.5,1006.75,267.3999938964844,49.400001525878906,413.0,498.5,297.25,10.680000305175781,373.04998779296875,5848.0,16.100000381469727,63.84000015258789,238.47500610351562,375.5,97.0,203.60000610351562,98.9800033569336,1.157349944114685,0.006556000094860792,1.3281999826431274,0.7142999768257141,1.257200002670288,0.6546000242233276,0.5738000273704529,113214.3671875,104.3359375,109.5546875,113.140625,118.0625,653.02001953125,90.62000274658203,589.5,199.44000244140625,70.19999694824219,79.94999694824219,111.3499984741211
2025-10-11,,,,,,,,,,,,,,,,,,,,,,,,,,,,,,,,,,,,,,,,,,,,,,,,,110807.8828125,,,,,,,,,,,
2025-10-12,,,,,,,,,,,,,,,,,,,,,,,,,,,,,,,,,,,,,,,,,,,,,,,,,115169.765625,,,,,,,,,,,
2025-10-13,6694.75,24922.25,46298.0,2474.800048828125,47125.0,5568.18994140625,24387.9296875,19.030000686645508,3.8529999256134033,3.5850000381469727,3.6459999084472656,4.051000118255615,4.63100004196167,59.4900016784668,63.31999969482422,3.118000030517578,1.8437999486923218,2.2497000694274902,55.4900016784668,4108.60009765625,50.130001068115234,1669.5999755859375,1509.4000244140625,5.100500106811523,2653.5,1007.75,266.5,50.040000915527344,410.75,496.75,297.75,10.71500015258789,385.20001220703125,5822.0,15.609999656677246,63.59000015258789,240.5749969482422,375.5,97.42500305175781,204.14999389648438,99.2699966430664,1.15910005569458,0.00658900011330843,1.333400011062622,0.7124000191688538,1.2525999546051025,0.6517999768257141,0.5744500160217285,115271.078125,104.37890625,109.6171875,113.15625,117.9375,663.0399780273438,90.56999969482422,602.010009765625,201.57000732421875,71.26000213623047,80.44999694824219,111.7300033569336
2025-10-14,6686.5,24762.5,46500.0,2510.699951171875,47095.0,5552.0498046875,24236.939453125,20.809999465942383,3.8529999256134033,3.5,3.6040000915527344,4.021999835968018,4.623000144958496,58.70000076293945,62.38999938964844,3.0280001163482666,1.8286000490188599,2.1975998878479004,56.959999084472656,4138.7001953125,50.31399917602539,1655.0999755859375,1569.4000244140625,4.980500221252441,2636.0,1006.5,267.0,49.91999816894531,413.0,500.25,296.25,10.725000381469727,399.6499938964844,5899.0,15.880000114440918,63.5099983215332,241.8249969482422,380.17498779296875,97.4749984741211,203.10000610351562,99.05000305175781,1.162750005722046,0.006612000055611134,1.332800030708313,0.7124500274658203,1.2571500539779663,0.6493499875068665,0.5731499791145325,113118.6640625,104.421875,109.75,113.40625,118.28125,662.22998046875,90.86000061035156,598.0,203.1199951171875,71.2699966430664,80.54000091552734,112.0999984741211
2025-10-15,6715.0,24924.5,46492.0,2535.5,48100.0,5605.02978515625,24181.369140625,20.639999389648438,3.8580000400543213,3.5,3.630000114440918,4.046000003814697,4.638999938964844,58.27000045776367,61.90999984741211,3.0160000324249268,1.8344000577926636,2.174799919128418,58.11000061035156,4176.89990234375,51.073001861572266,1668.699951171875,1569.0999755859375,4.9720001220703125,2643.0,1006.5,275.8999938964844,50.79999923706055,416.75,498.75,293.0,10.585000038146973,394.8999938964844,5809.0,15.6899995803833,63.7599983215332,242.1750030517578,379.7250061035156,83.5999984741211,193.0,98.79000091552734,1.1655999422073364,0.006630000192672014,1.3382999897003174,0.7128000259399414,1.262850046157837,0.650950014591217,0.5732499957084656,110783.1640625,104.3671875,109.6328125,113.234375,117.96875,665.1699829101562,90.66000366210938,602.219970703125,203.8699951171875,71.94000244140625,80.80000305175781,112.0999984741211
2025-10-16,6668.75,24831.25,46160.0,2481.699951171875,48135.0,5652.009765625,24272.189453125,25.309999465942383,3.8529999256134033,3.5,3.549999952316284,3.9760000705718994,4.583000183105469,57.459999084472656,61.060001373291016,2.937999963760376,1.8116999864578247,2.1535000801086426,55.7400016784668,4280.2001953125,53.02299880981445,1734.9000244140625,1655.0,4.958000183105469,2686.25,1010.75,276.8999938964844,50.869998931884766,421.75,502.5,291.5,10.6899995803833,393.79998779296875,5991.0,15.800000190734863,63.72999954223633,243.9499969482422,379.67498779296875,82.5999984741211,193.3000030517578,98.38999938964844,1.1710000038146973,0.006672999821603298,1.3436000347137451,0.7128499746322632,1.2696000337600708,0.6486499905586243,0.5740000009536743,108186.0390625,104.515625,109.984375,113.75,118.84375,660.6400146484375,91.33999633789062,599.989990234375,201.83999633789062,72.22000122070312,80.51000213623047,112.41999816894531
2025-10-17,6702.5,24986.5,46381.0,2464.39990234375,48365.0,5607.39013671875,23830.990234375,20.780000686645508,3.8320000171661377,3.4800000190734863,3.5920000076293945,4.006999969482422,4.603000164031982,57.540000915527344,61.290000915527344,3.007999897003174,1.8377000093460083,2.180000066757202,53.310001373291016,4189.89990234375,49.86399841308594,1602.300048828125,1499.199951171875,4.93149995803833,2683.0,1019.5,281.0,51.130001068115234,422.5,503.75,295.0,10.619999885559082,397.45001220703125,5895.0,15.5,64.27999877929688,240.25,371.95001220703125,82.375,183.3000030517578,98.43000030517578,1.1687999963760376,0.0066650002263486385,1.343500018119812,0.7145000100135803,1.2700999975204468,0.6499999761581421,0.5747500061988831,106467.7890625,104.4375,109.7890625,113.46875,118.46875,664.3900146484375,91.19999694824219,603.9299926757812,202.83999633789062,72.19999694824219,80.72000122070312,112.19999694824219
2025-10-18,,,,,,,,,,,,,,,,,,,,,,,,,,,,,,,,,,,,,,,,,,,,,,,,,107198.265625,,,,,,,,,,,
2025-10-19,,,,,,,,,,,,,,,,,,,,,,,,,,,,,,,,,,,,,,,,,,,,,,,,,108666.7109375,,,,,,,,,,,
2025-10-20,6773.75,25305.25,46913.0,2511.89990234375,49775.0,5680.93017578125,24258.80078125,18.229999542236328,3.7980000972747803,3.437000036239624,3.578000068664551,3.9860000610351562,4.576000213623047,57.52000045776367,61.0099983215332,3.3970000743865967,1.830199956893921,2.1921000480651855,53.41999816894531,4336.39990234375,51.11899948120117,1634.9000244140625,1514.800048828125,4.998000144958496,2689.25,1031.75,285.0,51.310001373291016,423.25,504.75,299.75,10.479999542236328,406.04998779296875,5899.0,15.720000267028809,64.16000366210938,241.85000610351562,372.95001220703125,82.07499694824219,186.4499969482422,98.58999633789062,1.1665500402450562,0.006655000150203705,1.340999960899353,0.713450014591217,1.2709499597549438,0.6517000198364258,0.575950026512146,110588.9296875,104.4375,109.8359375,113.59375,118.78125,671.2999877929688,91.55000305175781,611.5399780273438,204.91000366210938,72.97000122070312,80.87999725341797,112.54000091552734
2025-10-21,6773.25,25294.75,47135.0,2500.0,49450.0,5686.830078125,24330.029296875,17.8700008392334,3.7850000858306885,3.437000036239624,3.559999942779541,3.9630000591278076,4.547999858856201,57.81999969482422,61.31999969482422,3.4739999771118164,1.8252999782562256,2.2058000564575195,49.900001525878906,4087.699951171875,47.45000076293945,1504.0,1412.5999755859375,4.929999828338623,2681.25,1030.75,286.8999938964844,50.650001525878906,419.75,500.25,301.5,10.470000267028809,413.54998779296875,5916.0,15.239999771118164,64.41999816894531,243.6750030517578,372.92498779296875,83.2750015258789,185.89999389648438,98.93000030517578,1.162350058555603,0.00660100020468235,1.3372999429702759,0.7142999768257141,1.2641500234603882,0.6492499709129333,0.5756999850273132,108476.890625,104.453125,109.90625,113.75,119.1875,671.2899780273438,92.0,611.3800048828125,205.0800018310547,72.30999755859375,80.76000213623047,112.55999755859375
2025-10-22,6737.0,25039.25,46782.0,2463.0,48915.0,5639.2099609375,24151.130859375,18.600000381469727,3.7880001068115234,3.437000036239624,3.552000045776367,3.953000068664551,4.539000034332275,58.5,62.59000015258789,3.450000047683716,1.8650000095367432,2.2495999336242676,48.939998626708984,4044.39990234375,47.46099853515625,1536.0,1439.699951171875,4.960999965667725,2708.0,1034.75,290.0,50.06999969482422,423.0,503.75,302.0,10.260000228881836,420.8500061035156,6298.0,15.100000381469727,63.7400016784668,239.0500030517578,365.07501220703125,82.4000015258789,175.89999389648438,98.9000015258789,1.1627000570297241,0.0066019999794662,1.3357000350952148,0.7157999873161316,1.2641500234603882,0.6487500071525574,0.574999988079071,107688.5859375,104.46875,109.9375,113.796875,119.28125,667.7999877929688,92.05999755859375,605.489990234375,204.22999572753906,72.30000305175781,80.68000030517578,112.66999816894531
2025-10-23,6775.0,25254.0,46922.0,2493.39990234375,49095.0,5668.330078125,24207.7890625,17.299999237060547,3.7880001068115234,3.437000036239624,3.5969998836517334,3.990999937057495,4.572999954223633,61.790000915527344,65.98999786376953,3.3440001010894775,1.926900029182434,2.4030001163482666,49.939998626708984,4125.5,48.481998443603516,1587.5999755859375,1470.9000244140625,5.081999778747559,2768.75,1044.75,292.29998779296875,50.869998931884766,428.0,513.0,307.5,10.239999771118164,410.1499938964844,6339.0,15.289999961853027,64.06999969482422,239.72500610351562,363.3500061035156,81.7750015258789,195.89999389648438,98.94000244140625,1.1633000373840332,0.006572000216692686,1.3322999477386475,0.7157999873161316,1.2649500370025635,0.6518499851226807,0.5766000151634216,110069.7265625,104.390625,109.734375,113.484375,118.84375,671.760009765625,91.43000030517578,610.5800170898438,205.08999633789062,72.69000244140625,80.86000061035156,112.52999877929688
2025-10-24,6827.0,25509.25,47396.0,2523.699951171875,49635.0,5674.5,24239.890625,16.3700008392334,3.763000011444092,3.437000036239624,3.6019999980926514,3.996999979019165,4.585000038146973,61.5,65.94000244140625,3.303999900817871,1.922700047492981,2.40310001373291,51.5,4118.39990234375,48.37699890136719,1593.9000244140625,1463.5999755859375,5.093500137329102,2776.75,1041.75,294.1000061035156,50.27000045776367,423.25,512.5,309.0,10.15999984741211,403.0,6319.0,14.970000267028809,64.19999694824219,233.75,354.29998779296875,81.9000015258789,193.3000030517578,98.94999694824219,1.1641000509262085,0.006556999869644642,1.330399990081787,0.7149999737739563,1.2640000581741333,0.6511499881744385,0.5758500099182129,111033.921875,104.3828125,109.71875,113.4375,118.59375,677.25,91.47000122070312,617.0999755859375,206.3000030517578,73.0,81.08000183105469,112.72000122070312
2025-10-25,,,,,,,,,,,,,,,,,,,,,,,,,,,,,,,,,,,,,,,,,,,,,,,,,111641.7265625,,,,,,,,,,,
2025-10-26,,,,,,,,,,,,,,,,,,,,,,,,,,,,,,,,,,,,,,,,,,,,,,,,,114472.4453125,,,,,,,,,,,
2025-10-27,6908.25,25963.75,47712.0,2532.0,50575.0,5711.06005859375,24308.779296875,15.789999961853027,3.7179999351501465,3.437000036239624,3.614000082015991,3.996999979019165,4.570000171661377,61.310001373291016,65.62000274658203,3.441999912261963,1.9204000234603882,2.4361000061035156,50.7599983215332,4001.89990234375,46.5620002746582,1578.4000244140625,1415.9000244140625,5.140500068664551,2800.25,1067.25,298.20001220703125,50.77000045776367,428.75,526.0,297.0,10.28499984741211,390.1000061035156,6182.0,14.460000038146973,64.55999755859375,228.8249969482422,345.5,81.5,193.6999969482422,98.77999877929688,1.166450023651123,0.006558000110089779,1.333799958229065,0.715399980545044,1.2647500038146973,0.6557999849319458,0.5781999826431274,114119.328125,104.34765625,109.671875,113.421875,118.78125,685.239990234375,91.77999877929688,628.0900268554688,207.5,73.52999877929688,81.27999877929688,112.91000366210938
2025-10-28,6925.75,26163.5,47895.0,2518.0,50785.0,5704.35009765625,24278.630859375,16.420000076293945,3.7200000286102295,3.437000036239624,3.61299991607666,3.9830000400543213,4.546999931335449,60.150001525878906,64.4000015258789,3.3450000286102295,1.9251999855041504,2.387200117111206,55.02000045776367,3966.199951171875,47.125,1577.0,1402.699951171875,5.140500068664551,2821.5,1078.25,306.5,50.2599983215332,432.0,529.0,291.0,10.28499984741211,387.8999938964844,6002.0,14.369999885559082,65.05000305175781,227.5,344.1000061035156,80.82499694824219,184.25,98.69000244140625,1.167549967765808,0.006587999872863293,1.3279000520706177,0.7179999947547913,1.2680000066757202,0.6590999960899353,0.5796999931335449,112956.1640625,104.34765625,109.6796875,113.46875,119.0625,687.0599975585938,92.0199966430664,632.9199829101562,206.10000610351562,73.48999786376953,81.19999694824219,112.91999816894531
2025-10-29,6922.75,26262.5,47797.0,2494.199951171875,51200.0,5705.81005859375,24124.2109375,16.920000076293945,3.7300000190734863,3.484999895095825,3.697000026702881,4.058000087738037,4.599999904632568,60.47999954223633,64.91999816894531,3.375999927520752,1.9737000465393066,2.424299955368042,56.470001220703125,3983.699951171875,47.72100067138672,1591.300048828125,1429.5,5.233500003814697,2829.25,1080.25,308.70001220703125,50.15999984741211,434.0,532.25,289.5,10.015000343322754,390.70001220703125,6044.0,14.420000076293945,66.01000213623047,231.39999389648438,347.875,80.7750015258789,182.0500030517578,99.22000122070312,1.1607500314712524,0.006556000094860792,1.315999984741211,0.7184000015258789,1.2555500268936157,0.6578500270843506,0.577750027179718,110055.3046875,104.1796875,109.3046875,112.90625,118.21875,687.3900146484375,91.08999633789062,635.77001953125,204.72999572753906,73.26000213623047,80.94999694824219,112.27999877929688
2025-10-30,6855.5,25882.75,47677.0,2475.60009765625,51405.0,5699.18017578125,24118.890625,16.90999984741211,3.756999969482422,3.484999895095825,3.7200000286102295,4.0929999351501465,4.646999835968018,60.56999969482422,65.0,3.9560000896453857,2.0034000873565674,2.4600000381469727,56.189998626708984,4001.300048828125,48.428001403808594,1608.300048828125,1461.5,5.078000068664551,2815.25,1091.25,315.6000061035156,49.650001525878906,430.25,524.25,283.0,10.234999656677246,392.0,6058.0,14.279999732971191,65.12000274658203,235.27499389648438,347.2749938964844,80.82499694824219,172.8000030517578,99.52999877929688,1.1577500104904175,0.006500000134110451,1.3145999908447266,0.7157999873161316,1.253100037574768,0.6554499864578247,0.5752500295639038,108305.546875,104.12109375,109.2109375,112.703125,117.59375,679.8300170898438,90.55999755859375,626.0499877929688,203.8000030517578,72.87000274658203,80.80000305175781,111.68000030517578
2025-10-31,6874.0,26004.0,47722.0,2489.89990234375,52360.0,5662.0400390625,23958.30078125,17.440000534057617,3.7179999351501465,3.6050000190734863,3.7170000076293945,4.10099983215332,4.670000076293945,60.97999954223633,65.06999969482422,4.124000072479248,1.9931000471115112,2.4312000274658203,55.119998931884766,3982.199951171875,47.99399948120117,1569.800048828125,1444.699951171875,5.065499782562256,2824.75,1099.75,321.6000061035156,48.68000030517578,431.5,534.0,289.75,10.265000343322754,392.04998779296875,6151.0,14.430000305175781,65.54000091552734,236.60000610351562,338.875,81.2750015258789,168.8000030517578,99.80000305175781,1.15339994430542,0.006498999893665314,1.3140000104904175,0.7141500115394592,1.2489999532699585,0.6543999910354614,0.5733000040054321,109556.1640625,104.12109375,109.2109375,112.671875,117.3125,682.0599975585938,90.29000091552734,629.0700073242188,204.57000732421875,72.66000366210938,80.80000305175781,111.2300033569336
2025-11-01,,,,,,,,,,,,,,,,,,,,,,,,,,,,,,,,,,,,,,,,,,,,,,,,,110064.015625,,,,,,,,,,,
2025-11-02,,,,,,,,,,,,,,,,,,,,,,,,,,,,,,,,,,,,,,,,,,,,,,,,,110639.625,,,,,,,,,,,
2025-11-03,6882.75,26103.25,47473.0,2479.699951171875,52620.0,5679.25,24132.41015625,17.170000076293945,3.7829999923706055,3.50600004196167,3.7149999141693115,4.105999946594238,4.689000129699707,61.04999923706055,64.88999938964844,4.265999794006348,1.916100025177002,2.4052999019622803,52.58000183105469,4000.300048828125,47.88800048828125,1574.0,1446.9000244140625,5.046999931335449,2852.25,1119.75,320.79998779296875,49.84000015258789,434.25,543.5,296.25,10.234999656677246,406.6499938964844,6559.0,14.649999618530273,65.68000030517578,232.1999969482422,342.57501220703125,80.5999984741211,174.5500030517578,99.87000274658203,1.1527999639511108,0.00649499986320734,1.3137999773025513,0.712149977684021,1.2439500093460083,0.6540499925613403,0.5719000101089478,106547.5234375,104.13671875,109.21875,112.671875,117.15625,683.3400268554688,89.73999786376953,632.0800170898438,204.05999755859375,72.9000015258789,80.13999938964844,110.52999877929688
2025-11-04,6801.75,25575.25,47214.0,2437.5,51265.0,5660.2001953125,23949.109375,19.0,3.7929999828338623,3.50600004196167,3.7009999752044678,4.089000225067139,4.670000076293945,60.560001373291016,64.44000244140625,4.3429999351501465,1.9227999448776245,2.4446001052856445,49.72999954223633,3947.699951171875,47.130001068115234,1542.300048828125,1412.9000244140625,4.926000118255615,2778.25,1108.25,317.3999938964844,49.529998779296875,431.5,550.25,302.0,10.199999809265137,405.25,6600.0,14.220000267028809,65.19999694824219,227.77499389648438,334.9750061035156,79.92500305175781,185.35000610351562,100.22000122070312,1.148800015449524,0.006517999805510044,1.3013999462127686,0.7096499800682068,1.2396999597549438,0.6484500169754028,0.5659000277519226,101590.5234375,104.16796875,109.2734375,112.78125,117.40625,675.239990234375,89.94000244140625,619.25,202.8699951171875,71.94000244140625,80.1500015258789,110.68000030517578
2025-11-05,6825.25,25746.25,47436.0,2473.300048828125,51280.0,5669.1298828125,24049.740234375,18.010000228881836,3.7880001068115234,3.568000078201294,3.765000104904175,4.1570000648498535,4.736000061035156,59.599998474121094,63.52000045776367,4.23199987411499,1.9092999696731567,2.432499885559082,50.040000915527344,3980.300048828125,47.862998962402344,1553.5,1442.4000244140625,4.9629998207092285,2762.75,1119.75,324.79998779296875,49.689998626708984,435.25,554.75,301.0,9.944999694824219,413.6000061035156,6396.0,14.109999656677246,65.2300033569336,220.52499389648438,325.7250061035156,80.5999984741211,185.14999389648438,100.19999694824219,1.1493500471115112,0.006496000103652477,1.3044999837875366,0.7090499997138977,1.239650011062622,0.6506500244140625,0.5669500231742859,103891.8359375,104.0703125,108.9921875,112.328125,116.4375,677.5800170898438,88.95999908447266,623.280029296875,204.19000244140625,72.43000030517578,80.2300033569336,110.3499984741211
2025-11-06,6747.5,25244.25,47028.0,2427.39990234375,50290.0,5611.18017578125,23734.01953125,19.5,3.763000011444092,3.568000078201294,3.688999891281128,4.0929999351501465,4.688000202178955,59.43000030517578,63.380001068115234,4.35699987411499,1.9656000137329102,2.4960999488830566,47.13999938964844,3979.89990234375,47.79399871826172,1528.300048828125,1388.0999755859375,4.945499897003174,2771.5,1091.75,312.70001220703125,49.349998474121094,428.75,535.5,294.5,10.015000343322754,396.75,6185.0,14.1899995803833,64.54000091552734,218.77499389648438,322.04998779296875,78.9749984741211,177.3000030517578,99.7300033569336,1.1549999713897705,0.006535999942570925,1.313099980354309,0.7089499831199646,1.2449500560760498,0.6484500169754028,0.5645999908447266,101301.2890625,104.1953125,109.3359375,112.828125,117.21875,670.3099975585938,89.76000213623047,611.6699829101562,203.10000610351562,72.19000244140625,80.26000213623047,110.93000030517578
2025-11-07,6753.75,25166.25,47085.0,2440.60009765625,50490.0,5566.52978515625,23569.9609375,19.079999923706055,3.756999969482422,3.568000078201294,3.680000066757202,4.0929999351501465,4.699999809265137,59.75,63.630001068115234,4.315000057220459,1.9402999877929688,2.482100009918213,47.81999969482422,3999.39990234375,48.016998291015625,1539.300048828125,1397.300048828125,4.938000202178955,2775.0,1101.75,317.1000061035156,49.68000030517578,427.25,527.75,291.75,10.024999618530273,407.79998779296875,6013.0,14.100000381469727,63.619998931884766,221.35000610351562,326.3999938964844,79.4000015258789,168.39999389648438,99.5999984741211,1.1563999652862549,0.006517000030726194,1.3157000541687012,0.7125999927520752,1.2461999654769897,0.6495500206947327,0.5634999871253967,103372.40625,104.2109375,109.3671875,112.859375,117.0625,670.969970703125,89.56999969482422,609.739990234375,204.4199981689453,72.31999969482422,80.33000183105469,110.70999908447266
2025-11-08,,,,,,,,,,,,,,,,,,,,,,,,,,,,,,,,,,,,,,,,,,,,,,,,,102282.1171875,,,,,,,,,,,
2025-11-09,,,,,,,,,,,,,,,,,,,,,,,,,,,,,,,,,,,,,,,,,,,,,,,,,104719.640625,,,,,,,,,,,
2025-11-10,6856.75,25714.5,47462.0,2464.300048828125,51335.0,5664.4599609375,23959.990234375,17.600000381469727,3.7829999923706055,3.568000078201294,3.7100000381469727,4.110000133514404,4.702000141143799,60.130001068115234,64.05999755859375,4.3379998207092285,1.9710999727249146,2.5104000568389893,48.900001525878906,4111.7998046875,50.176998138427734,1591.0999755859375,1443.0999755859375,5.086999893188477,2803.0,1116.0,320.0,50.58000183105469,429.75,535.75,298.0,10.125,414.75,6102.0,14.199999809265137,64.30999755859375,228.5500030517578,335.6499938964844,82.7750015258789,181.6999969482422,99.62000274658203,1.156599998474121,0.006496000103652477,1.3179999589920044,0.7135999798774719,1.247499942779541,0.6538000106811523,0.5652999877929688,105996.59375,104.14453125,109.234375,112.6875,117.0,681.4400024414062,89.55000305175781,623.22998046875,205.85000610351562,73.23999786376953,80.5999984741211,110.7699966430664
2025-11-11,6871.5,25640.75,48030.0,2466.199951171875,51185.0,5725.7001953125,24088.060546875,17.280000686645508,3.7829999923706055,3.568000078201294,3.7190001010894775,4.119999885559082,4.710000038146973,61.040000915527344,65.16000366210938,4.565000057220459,2.01200008392334,2.575700044631958,47.439998626708984,4106.7998046875,50.61800003051758,1589.4000244140625,1467.5999755859375,5.048500061035156,2786.0,1113.25,316.8999938964844,51.099998474121094,432.0,536.0,305.0,10.335000038146973,422.70001220703125,5829.0,14.25,63.880001068115234,227.1999969482422,337.67498779296875,82.3499984741211,176.60000610351562,99.45999908447266,1.1588000059127808,0.006492000073194504,1.3166999816894531,0.7139999866485596,1.2541999816894531,0.652999997138977,0.5665500164031982,102997.46875,104.21484375,109.4609375,113.03125,117.5,683.0,89.95999908447266,621.5700073242188,207.25,73.58999633789062,80.69000244140625,111.20999908447266
2025-11-12,6875.75,25623.75,48368.0,2459.89990234375,51315.0,5787.31005859375,24381.4609375,17.510000228881836,3.7780001163482666,3.568000078201294,3.6679999828338623,4.065000057220459,4.660999774932861,58.4900016784668,62.709999084472656,4.5329999923706055,1.955399990081787,2.481600046157837,47.63999938964844,4204.39990234375,53.332000732421875,1622.300048828125,1499.9000244140625,5.0894999504089355,2815.75,1120.5,321.0,50.619998931884766,435.25,536.0,306.25,10.28499984741211,403.6499938964844,5625.0,14.520000457763672,63.29999923706055,225.27499389648438,339.0249938964844,80.625,169.8000030517578,99.4800033569336,1.159000039100647,0.006467999890446663,1.312999963760376,0.7146000266075134,1.2582000494003296,0.6545000076293945,0.5673499703407288,101663.1875,104.18359375,109.40625,113.0,117.625,683.3800048828125,90.12000274658203,621.0800170898438,208.00999450683594,73.91999816894531,80.52999877929688,111.0999984741211
2025-11-13,6760.0,25094.75,47547.0,2390.0,50150.0,5742.7900390625,24041.619140625,20.0,3.7929999828338623,3.568000078201294,3.703000068664551,4.111999988555908,4.702000141143799,58.689998626708984,63.0099983215332,4.645999908447266,1.9596999883651733,2.4646999835968018,45.34000015258789,4186.89990234375,53.07400131225586,1603.9000244140625,1470.4000244140625,5.087500095367432,2830.0,1132.0,328.3999938964844,50.25,441.5,535.75,311.75,10.125,401.70001220703125,5487.0,14.4399995803833,62.900001525878906,219.0,337.0,78.07499694824219,165.6999969482422,99.18000030517578,1.1637500524520874,0.00647500017657876,1.319000005722046,0.7127500176429749,1.2659000158309937,0.6528499722480774,0.5662999749183655,99697.4921875,104.13671875,109.2578125,112.765625,117.09375,672.0399780273438,89.37999725341797,608.4000244140625,205.47000122070312,73.0999984741211,80.19999694824219,110.55000305175781
2025-11-14,6755.25,25094.0,47229.0,2396.0,50490.0,5693.77001953125,23876.55078125,19.829999923706055,3.7880001068115234,3.568000078201294,3.734999895095825,4.1479997634887695,4.747000217437744,60.09000015258789,64.38999938964844,4.565999984741211,2.0116000175476074,2.531100034713745,44.75,4087.60009765625,50.59000015258789,1555.199951171875,1420.699951171875,5.049499988555908,2786.5,1112.75,322.5,50.150001525878906,430.25,527.25,306.25,10.140000343322754,399.79998779296875,5287.0,14.960000038146973,62.4900016784668,219.14999389648438,338.67498779296875,78.5,157.85000610351562,99.2699966430664,1.1619000434875488,0.006471000146120787,1.3164000511169434,0.713100016117096,1.2636499404907227,0.6538000106811523,0.5686500072479248,94397.7890625,104.0859375,109.125,112.53125,116.5,671.9299926757812,88.87000274658203,608.8599853515625,204.7899932861328,73.02999877929688,80.22000122070312,110.25
2025-11-15,,,,,,,,,,,,,,,,,,,,,,,,,,,,,,,,,,,,,,,,,,,,,,,,,95549.1484375,,,,,,,,,,,
2025-11-16,,,,,,,,,,,,,,,,,,,,,,,,,,,,,,,,,,,,,,,,,,,,,,,,,94177.078125,,,,,,,,,,,
2025-11-17,6692.0,24879.0,46665.0,2348.199951171875,49830.0,5640.93994140625,23590.51953125,22.3799991607666,3.7720000743865967,3.568000078201294,3.7209999561309814,4.132999897003174,4.736000061035156,59.90999984741211,64.19999694824219,4.361000061035156,1.9901000261306763,2.546999931335449,43.720001220703125,4068.300048828125,50.625,1545.699951171875,1413.9000244140625,5.0,2732.25,1157.25,330.79998779296875,51.13999938964844,434.75,544.25,308.5,10.4399995803833,402.54998779296875,5264.0,14.800000190734863,62.36000061035156,221.27499389648438,339.8500061035156,78.57499694824219,155.5500030517578,99.58999633789062,1.1585500240325928,0.0064409999176859856,1.3164000511169434,0.7114999890327454,1.259600043296814,0.6506999731063843,0.565750002861023,92093.875,104.09375,109.171875,112.640625,116.71875,665.6699829101562,89.08999633789062,603.6599731445312,202.5800018310547,72.12000274658203,80.08999633789062,110.31999969482422
2025-11-18,6639.75,24595.75,46184.0,2355.699951171875,48895.0,5534.7099609375,23180.529296875,24.690000534057617,3.7720000743865967,3.568000078201294,3.694000005722046,4.123000144958496,4.743000030517578,60.7400016784668,64.88999938964844,4.370999813079834,1.9993000030517578,2.7011001110076904,43.72999954223633,4061.300048828125,50.45000076293945,1545.199951171875,1419.4000244140625,4.962500095367432,2684.0,1153.5,327.0,52.16999816894531,436.75,546.5,309.25,10.350000381469727,415.3500061035156,5262.0,14.699999809265137,62.56999969482422,220.02499389648438,340.7749938964844,77.9000015258789,158.1999969482422,99.55000305175781,1.1603000164031982,0.006446999963372946,1.3154000043869019,0.7135999798774719,1.2552000284194946,0.6518499851226807,0.5672000050544739,92948.875,104.14453125,109.296875,112.78125,116.71875,660.0800170898438,89.05999755859375,596.3099975585938,202.3300018310547,71.44999694824219,80.11000061035156,110.37000274658203
2025-11-19,6661.5,24721.75,46208.0,2354.89990234375,49325.0,5542.0498046875,23162.919921875,23.65999984741211,3.7720000743865967,3.568000078201294,3.7079999446868896,4.132999897003174,4.751999855041504,59.439998626708984,63.5099983215332,4.550000190734863,1.9321000576019287,2.635699987411499,45.13999938964844,4077.699951171875,50.790000915527344,1546.9000244140625,1402.0999755859375,5.007999897003174,2713.5,1136.25,318.8999938964844,51.099998474121094,429.75,536.75,311.5,10.104999542236328,404.5,4943.0,14.65999984741211,62.29999923706055,216.3000030517578,341.8500061035156,78.8499984741211,148.39999389648438,100.2300033569336,1.153749942779541,0.006384999956935644,1.3044999837875366,0.7123500108718872,1.243749976158142,0.6465499997138977,0.5598999857902527,91465.9921875,104.109375,109.2265625,112.6875,116.59375,662.6300048828125,88.87999725341797,599.8699951171875,202.0800018310547,71.2699966430664,80.1500015258789,110.37999725341797
2025-11-20,6557.5,24131.5,45825.0,2310.699951171875,48505.0,5569.919921875,23278.849609375,26.420000076293945,3.7750000953674316,3.568000078201294,3.6730000972747803,4.105999946594238,4.73199987411499,59.13999938964844,63.380001068115234,4.473999977111816,1.9184000492095947,2.5332999229431152,42.11000061035156,4056.5,50.24700164794922,1506.199951171875,1382.4000244140625,4.959499835968018,2728.75,1122.5,314.0,50.65999984741211,426.5,527.0,305.75,10.029999732971191,406.5,5108.0,14.65999984741211,61.68000030517578,214.72500610351562,340.6499938964844,79.4749984741211,152.3000030517578,100.16000366210938,1.1552499532699585,0.006360999774187803,1.3085999488830566,0.7105500102043152,1.2448999881744385,0.6457499861717224,0.5605000257492065,86631.8984375,104.1796875,109.3828125,112.875,116.90625,652.530029296875,89.2300033569336,585.6699829101562,199.94000244140625,70.31999969482422,80.0999984741211,110.52999877929688
2025-11-21,6620.25,24305.5,46321.0,2375.300048828125,48825.0,5515.08984375,23091.869140625,23.43000030517578,3.740000009536743,3.568000078201294,3.618000030517578,4.063000202178955,4.715000152587891,58.060001373291016,62.560001373291016,4.579999923706055,1.8833999633789062,2.456399917602539,41.59000015258789,4076.699951171875,49.87300109863281,1513.800048828125,1383.5999755859375,5.008500099182129,2695.25,1125.0,315.1000061035156,50.2599983215332,425.5,527.0,305.5,10.444999694824219,400.0,5084.0,14.779999732971191,61.349998474121094,214.4499969482422,314.2250061035156,77.80000305175781,142.39999389648438,100.18000030517578,1.152750015258789,0.006409999914467335,1.3101999759674072,0.710349977016449,1.2410000562667847,0.6456999778747559,0.5618000030517578,85090.6875,104.265625,109.6171875,113.25,117.21875,659.030029296875,89.5,590.0700073242188,203.0399932861328,71.0199966430664,80.37000274658203,110.91999816894531
2025-11-22,,,,,,,,,,,,,,,,,,,,,,,,,,,,,,,,,,,,,,,,,,,,,,,,,84648.359375,,,,,,,,,,,
2025-11-23,,,,,,,,,,,,,,,,,,,,,,,,,,,,,,,,,,,,,,,,,,,,,,,,,86805.0078125,,,,,,,,,,,
2025-11-24,6721.25,24948.25,46514.0,2418.800048828125,49565.0,5528.669921875,23239.1796875,20.520000457763672,3.7300000190734863,3.568000078201294,3.6050000190734863,4.038000106811523,4.677999973297119,58.84000015258789,63.369998931884766,4.548999786376953,1.8966000080108643,2.406100034713745,43.290000915527344,4091.89990234375,50.29499816894531,1542.5,1403.0999755859375,4.961999893188477,2740.5,1123.25,314.20001220703125,50.18000030517578,423.75,522.25,301.0,10.414999961853027,407.45001220703125,5090.0,14.819999694824219,61.439998626708984,207.1999969482422,304.9750061035156,78.19999694824219,136.85000610351562,100.13999938964844,1.154099941253662,0.006393999792635441,1.3107999563217163,0.7095999717712402,1.2410500049591064,0.6463000178337097,0.5615500211715698,88270.5625,104.2734375,109.6640625,113.375,117.71875,668.72998046875,90.01000213623047,605.1599731445312,204.47999572753906,71.11000061035156,80.58999633789062,111.36000061035156
2025-11-25,6781.5,25085.5,47179.0,2471.300048828125,49180.0,5573.91015625,23464.630859375,18.559999465942383,3.7320001125335693,3.568000078201294,3.565000057220459,4.001999855041504,4.6579999923706055,57.95000076293945,62.47999954223633,4.423999786376953,1.857200026512146,2.353800058364868,43.90999984741211,4139.2001953125,50.933998107910156,1556.9000244140625,1402.199951171875,4.999499797821045,2725.0,1124.75,317.0,50.29999923706055,423.5,527.25,310.0,10.170000076293945,414.20001220703125,4999.0,14.90999984741211,62.43000030517578,207.0,307.07501220703125,78.44999694824219,140.85000610351562,99.66000366210938,1.159600019454956,0.006430000066757202,1.3210999965667725,0.7103999853134155,1.2427500486373901,0.6474999785423279,0.5629000067710876,87341.890625,104.30859375,109.8359375,113.640625,118.09375,675.02001953125,90.23999786376953,608.8900146484375,207.25999450683594,71.9800033569336,80.87000274658203,111.66999816894531
2025-11-26,6828.0,25302.25,47490.0,2492.800048828125,50135.0,5655.580078125,23726.220703125,17.190000534057617,3.753000020980835,3.4700000286102295,3.572000026702881,3.997999906539917,4.644000053405762,58.650001525878906,63.130001068115234,4.558000087738037,1.8890000581741333,2.325500011444092,44.790000915527344,4165.2001953125,52.91600036621094,1578.9000244140625,1422.5,5.104499816894531,2790.25,1131.5,317.1000061035156,50.869998931884766,431.75,529.0,304.0,10.135000228881836,411.5,4993.0,15.140000343322754,62.77000045776367,211.02499389648438,315.125,80.42500305175781,150.39999389648438,99.5999984741211,1.160599946975708,0.0064039998687803745,1.3234000205993652,0.7129999995231628,1.2460500001907349,0.6519500017166138,0.5698999762535095,90518.3671875,104.26953125,109.78125,113.625,118.21875,679.6799926757812,90.63999938964844,614.27001953125,208.47999572753906,72.70999908447266,80.94999694824219,112.05000305175781
2025-11-27,,,,,,5653.169921875,23767.9609375,,,,,,,,,,,,,,,,,,,,,,,,,,,,,,,,,,,,,,,,,,91285.375,,,,,,,,,,,
2025-11-28,6859.5,25482.0,47743.0,2505.10009765625,50245.0,5668.169921875,23836.7890625,16.350000381469727,3.697000026702881,3.503999948501587,3.5999999046325684,4.017000198364258,4.664999961853027,58.54999923706055,63.20000076293945,4.849999904632568,1.895900011062622,2.3329999446868896,45.279998779296875,4218.2998046875,56.44599914550781,1677.699951171875,1468.5999755859375,5.185500144958496,2808.0,1137.75,314.3999938964844,51.7599983215332,435.5,531.0,294.75,10.074999809265137,413.0,5404.0,15.210000038146973,62.90999984741211,215.5749969482422,323.9750061035156,80.5999984741211,156.0500030517578,99.45999908447266,1.1611499786376953,0.006411000154912472,1.3235000371932983,0.7162500023841858,1.2472000122070312,0.6553000211715698,0.5742499828338623,90919.265625,104.25390625,109.671875,113.421875,117.875,683.3900146484375,90.20999908447266,619.25,209.97999572753906,72.97000122070312,80.98999786376953,111.86000061035156
2025-11-29,,,,,,,,,,,,,,,,,,,,,,,,,,,,,,,,,,,,,,,,,,,,,,,,,90851.7578125,,,,,,,,,,,
2025-11-30,,,,,,,,,,,,,,,,,,,,,,,,,,,,,,,,,,,,,,,,,,,,,,,,,90394.3125,,,,,,,,,,,
2025-12-01,6826.75,25391.25,47352.0,2473.39990234375,49500.0,5667.47998046875,23589.439453125,17.239999771118164,3.693000078201294,3.4189999103546143,3.6730000972747803,4.0960001945495605,4.74399995803833,59.31999969482422,63.16999816894531,4.921000003814697,1.868899941444397,2.3399999141693115,44.20000076293945,4239.2998046875,58.417999267578125,1670.0999755859375,1444.800048828125,5.218999862670898,2843.25,1128.0,311.1000061035156,52.060001373291016,432.75,530.25,291.75,10.175000190734863,411.5,5456.0,14.760000228881836,62.83000183105469,214.1999969482422,321.07501220703125,80.2249984741211,148.5500030517578,99.41000366210938,1.1617499589920044,0.0064409999176859856,1.3212000131607056,0.7149999737739563,1.2452000379562378,0.6543499827384949,0.5730000138282776,86321.5703125,104.16796875,109.375,112.9375,116.71875,680.27001953125,88.7699966430664,617.1699829101562,208.5500030517578,72.6500015258789,80.47000122070312,110.8499984741211
2025-12-02,6840.25,25606.0,47544.0,2469.699951171875,49565.0,5686.169921875,23710.859375,16.59000015258789,3.671999931335449,3.4200000762939453,3.6589999198913574,4.085999965667725,4.741000175476074,58.63999938964844,62.45000076293945,4.840000152587891,1.830299973487854,2.312700033187866,45.2599983215332,4186.60009765625,57.983001708984375,1644.0,1470.9000244140625,5.160999774932861,2849.75,1124.75,308.6000061035156,52.349998474121094,438.0,537.75,292.5,10.114999771118164,405.54998779296875,5401.0,14.979999542236328,62.77000045776367,218.47500610351562,329.875,80.5,150.9499969482422,99.36000061035156,1.1628999710083008,0.006422999780625105,1.3209999799728394,0.7162500023841858,1.246749997138977,0.6565499901771545,0.5737000107765198,91350.203125,104.2109375,109.453125,113.0,116.84375,681.530029296875,88.80999755859375,622.0,208.42999267578125,72.81999969482422,80.62000274658203,110.91999816894531
2025-12-03,6862.0,25657.5,47954.0,2514.199951171875,49880.0,5694.56005859375,23693.7109375,16.079999923706055,3.634999990463257,3.4200000762939453,3.624000072479248,4.057000160217285,4.724999904632568,58.95000076293945,62.66999816894531,4.994999885559082,1.8272000551223755,2.300800085067749,46.619998931884766,4199.2998046875,57.92100143432617,1656.5,1476.800048828125,5.308000087738037,2867.5,1115.75,308.3999938964844,51.349998474121094,431.5,537.75,298.25,9.914999961853027,403.75,5453.0,14.930000305175781,62.65999984741211,218.9499969482422,331.8500061035156,80.55000305175781,148.85000610351562,98.8499984741211,1.1680500507354736,0.006453000009059906,1.3350000381469727,0.7174500226974487,1.2526500225067139,0.6601499915122986,0.5778499841690063,93527.8046875,104.26171875,109.59375,113.21875,117.21875,683.8900146484375,89.05999755859375,623.52001953125,210.3300018310547,73.08999633789062,80.69000244140625,111.16999816894531
2025-12-04,6866.75,25622.75,47916.0,2535.5,50585.0,5718.080078125,23882.029296875,15.779999732971191,3.611999988555908,3.4200000762939453,3.681999921798706,4.107999801635742,4.764999866485596,59.66999816894531,63.2599983215332,5.063000202178955,1.8271000385284424,2.3036999702453613,49.20000076293945,4211.7998046875,56.84700012207031,1654.4000244140625,1451.9000244140625,5.291500091552734,2877.75,1119.5,308.5,51.529998779296875,437.75,541.0,303.0,10.09000015258789,411.95001220703125,5434.0,14.880000114440918,62.279998779296875,221.4499969482422,336.57501220703125,81.125,150.39999389648438,98.98999786376953,1.1657999753952026,0.0064570000395178795,1.3339999914169312,0.717199981212616,1.2462999820709229,0.6614000201225281,0.577049970626831,92141.625,104.1875,109.3515625,112.84375,116.5625,684.3900146484375,88.58000183105469,622.9400024414062,210.24000549316406,73.2699966430664,80.75,110.97000122070312
2025-12-05,6878.25,25732.0,48001.0,2524.39990234375,50690.0,5723.93017578125,24028.140625,15.40999984741211,3.6029999256134033,3.430000066757202,3.7149999141693115,4.138999938964844,4.791999816894531,60.08000183105469,63.75,5.289000034332275,1.8341000080108643,2.3629000186920166,47.91999816894531,4212.89990234375,58.422000885009766,1655.0,1472.4000244140625,5.381999969482422,2861.0,1105.25,304.70001220703125,51.36000061035156,436.75,537.5,296.5,9.984999656677246,406.25,5643.0,14.800000190734863,62.130001068115234,227.14999389648438,339.04998779296875,81.6500015258789,145.6999969482422,98.98999786376953,1.1648000478744507,0.006444000173360109,1.333400011062622,0.7229999899864197,1.2443000078201294,0.6639500260353088,0.5778999924659729,89387.7578125,104.13671875,109.2109375,112.640625,116.125,685.6900024414062,88.16999816894531,625.47998046875,210.47000122070312,73.48999786376953,80.75,110.86000061035156
2025-12-06,,,,,,,,,,,,,,,,,,,,,,,,,,,,,,,,,,,,,,,,,,,,,,,,,89272.375,,,,,,,,,,,
2025-12-07,,,,,,,,,,,,,,,,,,,,,,,,,,,,,,,,,,,,,,,,,,,,,,,,,90405.640625,,,,,,,,,,,
2025-12-08,6855.75,25664.0,47793.0,2525.10009765625,50330.0,5725.58984375,24046.009765625,16.65999984741211,3.618000030517578,3.430000066757202,3.753000020980835,4.171999931335449,4.815999984741211,58.880001068115234,62.4900016784668,4.9120001792907715,1.7980999946594238,2.2981998920440674,47.810001373291016,4187.2001953125,57.77899932861328,1655.0,1483.5999755859375,5.364500045776367,2837.25,1093.75,303.6000061035156,50.900001525878906,436.25,536.0,287.5,10.145000457763672,396.04998779296875,5648.0,14.819999694824219,61.880001068115234,227.3249969482422,335.6499938964844,82.30000305175781,153.10000610351562,99.08999633789062,1.1643999814987183,0.006417999975383282,1.3325999975204468,0.722350001335144,1.2404999732971191,0.6624000072479248,0.5776000022888184,90640.203125,104.1171875,109.0546875,112.390625,115.65625,683.6300048828125,87.87999725341797,624.280029296875,209.1300048828125,73.2699966430664,80.55000305175781,110.62999725341797
2025-12-09,6848.25,25699.75,47613.0,2529.39990234375,50860.0,5718.31982421875,24162.650390625,16.93000030517578,3.631999969482422,3.430000066757202,3.7799999713897705,4.185999870300293,4.809000015258789,58.25,61.939998626708984,4.573999881744385,1.7897000312805176,2.2600998878479004,48.130001068115234,4206.7001953125,60.16899871826172,1695.0999755859375,1511.4000244140625,5.240499973297119,2796.25,1087.25,298.20001220703125,50.72999954223633,440.75,536.25,288.75,10.095000267028809,394.20001220703125,5829.0,14.670000076293945,63.86000061035156,226.8249969482422,335.5,82.5,153.5,99.22000122070312,1.1632000207901,0.006380000151693821,1.330199956893921,0.7224000096321106,1.2416499853134155,0.6639500260353088,0.5781000256538391,92691.7109375,104.05859375,108.921875,112.234375,115.75,683.0399780273438,87.97000122070312,625.0499877929688,208.63999938964844,73.16999816894531,80.45999908447266,110.48999786376953
2025-12-10,6891.75,25798.0,48107.0,2563.89990234375,50865.0,5708.1201171875,24130.140625,15.770000457763672,3.5929999351501465,3.430000066757202,3.756999969482422,4.164000034332275,4.796999931335449,58.459999084472656,62.209999084472656,4.59499979019165,1.781499981880188,2.2730000019073486,47.689998626708984,4196.39990234375,60.37900161743164,1641.800048828125,1458.300048828125,5.2754998207092285,2804.5,1091.25,298.20001220703125,50.810001373291016,434.75,531.25,280.5,9.9350004196167,400.79998779296875,6168.0,14.90999984741211,64.12000274658203,226.8000030517578,338.375,82.44999694824219,148.75,98.79000091552734,1.1681499481201172,0.006403000093996525,1.3365000486373901,0.7243000268936157,1.2489999532699585,0.6668000221252441,0.5806499719619751,92020.9453125,104.15625,109.046875,112.359375,115.9375,687.5700073242188,88.30999755859375,627.6099853515625,211.49000549316406,73.9800033569336,80.7300033569336,111.0
2025-12-11,6907.25,25713.5,48746.0,2593.199951171875,50895.0,5753.9599609375,24294.609375,14.850000381469727,3.568000078201294,3.430000066757202,3.7149999141693115,4.140999794006348,4.789999961853027,57.599998474121094,61.279998779296875,4.230999946594238,1.7597999572753906,2.2288999557495117,49.0,4285.5,63.92900085449219,1707.800048828125,1512.699951171875,5.427000045776367,2825.0,1093.5,298.79998779296875,50.560001373291016,435.25,534.5,279.25,9.824999809265137,405.45001220703125,6235.0,14.850000381469727,63.970001220703125,230.375,343.3999938964844,83.4000015258789,153.14999389648438,98.3499984741211,1.1742500066757202,0.006428000051528215,1.3389999866485596,0.7258999943733215,1.2580000162124634,0.6665999889373779,0.5809999704360962,92511.3359375,104.20703125,109.2109375,112.609375,116.1875,689.1699829101562,88.19000244140625,625.5800170898438,212.85000610351562,74.16000366210938,80.72000122070312,110.83999633789062
2025-12-12,6830.75,25213.5,48474.0,2553.699951171875,50160.0,5720.7099609375,24186.490234375,15.739999771118164,3.5250000953674316,3.430000066757202,3.750999927520752,4.193999767303467,4.857999801635742,57.439998626708984,61.119998931884766,4.11299991607666,1.7520999908447266,2.197999954223633,46.04999923706055,4300.10009765625,61.36199951171875,1757.0999755859375,1514.199951171875,5.2835001945495605,2788.0,1076.75,300.6000061035156,49.72999954223633,431.5,534.5,279.25,9.859999656677246,397.20001220703125,6226.0,15.100000381469727,63.83000183105469,229.8000030517578,339.1000061035156,83.32499694824219,163.14999389648438,98.4000015258789,1.1741000413894653,0.006415000185370445,1.3365999460220337,0.7264999747276306,1.2566499710083008,0.6652500033378601,0.5803499817848206,90270.4140625,104.20703125,109.09375,112.34375,115.28125,681.760009765625,87.33999633789062,613.6199951171875,211.7899932861328,73.66000366210938,80.56999969482422,110.16999816894531
2025-12-13,,,,,,,,,,,,,,,,,,,,,,,,,,,,,,,,,,,,,,,,,,,,,,,,,90298.7109375,,,,,,,,,,,
2025-12-14,,,,,,,,,,,,,,,,,,,,,,,,,,,,,,,,,,,,,,,,,,,,,,,,,88175.1796875,,,,,,,,,,,
2025-12-15,6823.0,25093.25,48461.0,2534.699951171875,50250.0,5752.52001953125,24229.91015625,16.5,3.5380001068115234,3.430000066757202,3.7330000400543213,4.182000160217285,4.85099983215332,56.81999969482422,60.560001373291016,4.01200008392334,1.732300043106079,2.1805999279022217,44.630001068115234,4306.7001953125,62.939998626708984,1810.5,1592.800048828125,5.338500022888184,2763.5,1071.75,303.5,49.47999954223633,439.75,520.75,281.0,9.75,387.70001220703125,5823.0,14.949999809265137,63.939998626708984,230.8249969482422,339.92498779296875,83.8499984741211,166.14999389648438,98.1500015258789,1.1764999628067017,0.006453999783843756,1.3392000198364258,0.7261499762535095,1.2585500478744507,0.6648499965667725,0.5797500014305115,86419.78125,104.24609375,109.171875,112.453125,115.46875,680.72998046875,87.4000015258789,610.5399780273438,212.10000610351562,73.94000244140625,80.61000061035156,110.30000305175781
2025-12-16,6801.0,25139.0,48131.0,2521.800048828125,49825.0,5717.830078125,24076.869140625,16.479999542236328,3.5450000762939453,3.430000066757202,3.693000078201294,4.14900016784668,4.823999881744385,55.27000045776367,58.91999816894531,3.885999917984009,1.680899977684021,2.1285998821258545,44.27000045776367,4304.5,62.70000076293945,1870.0999755859375,1626.5999755859375,5.2870001792907715,2775.75,1062.75,302.3999938964844,48.36000061035156,436.5,509.5,277.25,9.494999885559082,379.29998779296875,5998.0,14.819999694824219,63.099998474121094,231.14999389648438,343.32501220703125,84.7750015258789,168.0,98.1500015258789,1.1778500080108643,0.006486999802291393,1.3424999713897705,0.7272999882698059,1.270799994468689,0.6637499928474426,0.5808500051498413,87843.984375,104.296875,109.3671875,112.6875,115.96875,678.8699951171875,87.87999725341797,611.75,209.32000732421875,73.5199966430664,80.66000366210938,110.55000305175781
2025-12-17,6726.5,24668.75,47908.0,2494.699951171875,49110.0,5681.669921875,23960.58984375,17.6200008392334,3.5429999828338623,3.430000066757202,3.694999933242798,4.151000022888184,4.828000068664551,55.939998626708984,59.68000030517578,4.02400016784668,1.6943000555038452,2.1494998931884766,42.709999084472656,4347.5,66.23699951171875,1932.699951171875,1684.199951171875,5.363500118255615,2816.0,1058.25,298.20001220703125,48.52000045776367,440.5,506.25,286.75,9.380000114440918,351.8999938964844,5978.0,14.760000228881836,63.43000030517578,230.3000030517578,341.5249938964844,83.0,169.75,98.37000274658203,1.1764500141143799,0.006446000188589096,1.3378000259399414,0.7264500260353088,1.269700050354004,0.6606000065803528,0.57955002784729,86143.7578125,104.2890625,109.328125,112.671875,115.84375,671.4000244140625,87.80000305175781,600.4099731445312,208.64999389648438,72.98999786376953,80.55999755859375,110.43000030517578
2025-12-18,6778.25,25028.25,47988.0,2510.10009765625,49435.0,5741.7099609375,24199.5,16.8700008392334,3.5220000743865967,3.430000066757202,3.6600000858306885,4.116000175476074,4.798999786376953,56.150001525878906,59.81999969482422,3.9079999923706055,1.701300024986267,2.1315999031066895,43.959999084472656,4339.5,64.59200286865234,1955.5,1737.9000244140625,5.366499900817871,2823.75,1052.25,298.3999938964844,48.11000061035156,444.5,507.75,297.25,9.574999809265137,345.45001220703125,5934.0,14.479999542236328,63.5099983215332,228.4250030517578,340.2749938964844,84.125,178.10000610351562,98.43000030517578,1.1743500232696533,0.0064489999786019325,1.3386000394821167,0.7268499732017517,1.271299958229065,0.6614999771118164,0.5791500210762024,85462.5078125,104.33984375,109.4921875,112.9375,116.3125,676.469970703125,88.22000122070312,609.1099853515625,209.05999755859375,73.55999755859375,80.77999877929688,110.8499984741211
2025-12-19,6796.5400390625,25132.7890625,48090.0,2509.56005859375,50455.0,5760.35009765625,24288.400390625,14.90999984741211,3.5220000743865967,3.430000066757202,3.693000078201294,4.151000022888184,4.828000068664551,56.65999984741211,60.470001220703125,3.9839999675750732,1.7081999778747559,2.1219000816345215,45.88999938964844,4361.39990234375,66.84500122070312,2013.199951171875,1749.0,5.439499855041504,2868.0,1049.25,297.6000061035156,47.900001525878906,443.75,509.75,298.0,9.78499984741211,340.6499938964844,5845.0,14.819999694824219,63.75,230.39999389648438,345.6000061035156,84.5,198.10000610351562,98.5999984741211,1.174149990081787,0.006364999804645777,1.3391000032424927,0.7264999747276306,1.270050048828125,0.6620000004768372,0.5784000158309937,88103.3828125,104.3125,109.3359375,112.703125,115.9375,680.5900268554688,87.55000305175781,617.0499877929688,209.8800048828125,72.87000274658203,80.36000061035156,110.12999725341797
2025-12-20,,,,,,,,,,,,,,,,,,,,,,,,,,,,,,,,,,,,,,,,,,,,,,,,,88344.0,,,,,,,,,,,
2025-12-21,,,,,,,,,,,,,,,,,,,,,,,,,,,,,,,,,,,,,,,,,,,,,,,,,88621.75,,,,,,,,,,,
2025-12-22,6930.25,25692.25,48688.0,2574.89990234375,50440.0,5743.68994140625,24283.970703125,14.079999923706055,3.5280001163482666,3.430000066757202,3.7179999351501465,4.169000148773193,4.8420000076293945,58.0099983215332,62.06999969482422,3.9649999141693115,1.7422000169754028,2.158099889755249,46.18000030517578,4444.60009765625,67.90599822998047,2084.0,1793.4000244140625,5.4375,2850.25,1053.25,298.6000061035156,48.54999923706055,447.0,515.5,297.75,9.84000015258789,347.3500061035156,5887.0,14.989999771118164,63.61000061035156,230.72500610351562,346.5,85.3499984741211,208.9499969482422,98.29000091552734,1.177150011062622,0.006391000002622604,1.3458000421524048,0.7285000085830688,1.2744499444961548,0.6655499935150146,0.581250011920929,88490.015625,104.26953125,109.2265625,112.34375,115.125,684.8300170898438,87.36000061035156,619.2100219726562,211.47999572753906,73.22000122070312,80.43000030517578,110.11000061035156
2025-12-23,6961.0,25812.25,48762.0,2559.10009765625,50685.0,5749.27978515625,24340.060546875,14.0,3.546999931335449,3.430000066757202,3.7339999675750732,4.169000148773193,4.830999851226807,58.380001068115234,62.380001068115234,4.4079999923706055,1.7431999444961548,2.1905999183654785,46.560001373291016,4482.7998046875,70.48500061035156,2282.0,1918.5999755859375,5.47599983215332,2857.5,1051.5,301.1000061035156,48.29999923706055,447.5,517.0,293.5,9.8100004196167,346.95001220703125,5958.0,15.199999809265137,64.01000213623047,228.8249969482422,344.625,85.9749984741211,214.6999969482422,97.94000244140625,1.1803499460220337,0.006419000215828419,1.3496999740600586,0.731249988079071,1.2804499864578247,0.669950008392334,0.5856999754905701,87414.0,104.1953125,109.1640625,112.296875,115.28125,687.9600219726562,87.5,622.1099853515625,211.61000061035156,73.69000244140625,80.48999786376953,110.22000122070312
2025-12-24,6982.5,25880.5,49029.0,2566.10009765625,50555.0,,,13.470000267028809,3.555000066757202,3.430000066757202,3.7170000076293945,4.136000156402588,4.797999858856201,58.349998474121094,62.2400016784668,4.242000102996826,1.7470999956130981,2.157599925994873,46.560001373291016,4480.60009765625,71.03099822998047,2242.39990234375,1766.300048828125,5.498499870300293,2865.75,1063.25,304.70001220703125,49.029998779296875,451.0,521.75,304.0,9.914999961853027,345.1499938964844,5966.0,15.289999961853027,64.23999786376953,228.6999969482422,344.7250061035156,85.05000305175781,210.0500030517578,97.9800033569336,1.1790000200271606,0.006428000051528215,1.3499000072479248,0.7322999835014343,1.2789499759674072,0.6708499789237976,0.585099995136261,87611.9609375,104.234375,109.3046875,112.515625,115.78125,690.3800048828125,88.02999877929688,623.9299926757812,212.5500030517578,73.73999786376953,80.63999938964844,110.6500015258789
2025-12-25,,,,,,,,,,,,,,,,,,,,,,,,,,,,,,,,,,,,,,,,,,,,,,,,,87234.7421875,,,,,,,,,,,
2025-12-26,6979.25,25863.25,48998.0,2551.39990234375,50810.0,,,13.600000381469727,3.5429999828338623,3.430000066757202,3.697000026702881,4.136000156402588,4.820000171661377,56.7400016784668,60.63999938964844,4.366000175476074,1.697100043296814,2.1070001125335693,45.880001068115234,4529.10009765625,76.48600006103516,2467.699951171875,1984.699951171875,5.766499996185303,2924.75,1058.75,303.70001220703125,48.720001220703125,450.0,519.0,308.0,9.78499984741211,350.25,5953.0,15.170000076293945,64.48999786376953,229.8249969482422,346.17498779296875,84.5250015258789,202.25,98.0199966430664,1.1789000034332275,0.006403000093996525,1.350100040435791,0.7322999835014343,1.2779500484466553,0.6711999773979187,0.5846999883651733,87301.4296875,104.28515625,109.390625,112.578125,115.53125,690.3099975585938,87.73999786376953,623.8900146484375,212.4499969482422,73.9800033569336,80.5999984741211,110.63999938964844
2025-12-27,,,,,,,,,,,,,,,,,,,,,,,,,,,,,,,,,,,,,,,,,,,,,,,,,87802.15625,,,,,,,,,,,
2025-12-28,,,,,,,,,,,,,,,,,,,,,,,,,,,,,,,,,,,,,,,,,,,,,,,,,87835.8359375,,,,,,,,,,,
2025-12-29,6955.0,25739.75,48749.0,2536.199951171875,50465.0,5751.7099609375,24351.119140625,14.199999809265137,3.5380001068115234,3.430000066757202,3.677000045776367,4.116000175476074,4.804999828338623,58.08000183105469,61.939998626708984,4.686999797821045,1.7151999473571777,2.127500057220459,45.7400016784668,4325.10009765625,69.85600280761719,2104.800048828125,1648.300048828125,5.490499973297119,2835.5,1049.5,298.79998779296875,48.779998779296875,442.25,513.0,305.25,9.510000228881836,352.1499938964844,6242.0,15.260000228881836,64.3499984741211,228.89999389648438,347.0,84.4749984741211,206.3000030517578,98.04000091552734,1.1779999732971191,0.006419000215828419,1.3507000207901,0.7316499948501587,1.2770500183105469,0.6697999835014343,0.5823000073432922,87138.140625,104.32421875,109.4609375,112.71875,115.875,687.8499755859375,88.06999969482422,620.8699951171875,212.0399932861328,73.75,80.62999725341797,110.79000091552734
2025-12-30,6944.25,25675.25,48650.0,2517.699951171875,50700.0,5796.22021484375,24490.41015625,14.329999923706055,3.5399999618530273,3.430000066757202,3.681999921798706,4.130000114440918,4.813000202178955,57.95000076293945,61.91999816894531,3.9719998836517334,1.7209999561309814,2.1505000591278076,42.810001373291016,4370.10009765625,77.3740005493164,2232.300048828125,1706.699951171875,5.727499961853027,2899.25,1046.25,296.70001220703125,48.93000030517578,440.5,510.75,304.75,9.479999542236328,350.20001220703125,6063.0,14.84000015258789,64.31999969482422,231.1750030517578,349.54998779296875,85.44999694824219,201.89999389648438,98.23999786376953,1.1757500171661377,0.006397999823093414,1.346500039100647,0.73089998960495,1.2727999687194824,0.6696500182151794,0.5807999968528748,88430.1328125,104.359375,109.46875,112.640625,115.8125,687.010009765625,87.86000061035156,619.4299926757812,211.94000244140625,73.87999725341797,80.70999908447266,110.66000366210938
2025-12-31,6892.5,25456.75,48336.0,2498.0,50575.0,,,14.949999809265137,3.546999931335449,3.4579999446868896,3.7219998836517334,4.163000106811523,4.840000152587891,57.41999816894531,60.849998474121094,3.686000108718872,1.705399990081787,2.1205999851226807,42.72999954223633,4325.60009765625,70.13400268554688,2034.5,1629.199951171875,5.630000114440918,2906.25,1030.5,294.5,48.06999969482422,440.25,507.0,302.5,9.595000267028809,348.75,6065.0,15.010000228881836,64.2699966430664,232.0,350.25,85.0999984741211,205.1999969482422,98.27999877929688,1.1749000549316406,0.006388000212609768,1.3459999561309814,0.729449987411499,1.2707500457763672,0.6672999858856201,0.5767999887466431,87508.828125,104.38671875,109.34375,112.4375,115.59375,681.9199829101562,87.16000366210938,614.3099975585938,210.33999633789062,73.55999755859375,80.62999725341797,110.19000244140625
2026-01-01,,,,,,,,,,,,,,,,,,,,,,,,,,,,,,,,,,,,,,,,,,,,,,,,,88731.984375,,,,,,,,,,,
2026-01-02,6900.5,25385.25,48616.0,2522.5,51185.0,,24539.33984375,14.510000228881836,3.5329999923706055,3.378999948501587,3.739000082015991,4.186999797821045,4.863999843597412,57.31999969482422,60.75,3.618000030517578,1.698199987411499,2.1150999069213867,46.060001373291016,4314.39990234375,70.55599975585938,2125.699951171875,1668.0,5.639999866485596,2938.0,1029.5,291.0,48.869998931884766,437.5,506.5,298.0,9.404999732971191,357.29998779296875,5871.0,14.600000381469727,64.01000213623047,236.0,356.1000061035156,84.0999984741211,201.60000610351562,98.41999816894531,1.1731499433517456,0.006382999941706657,1.3453999757766724,0.7286499738693237,1.2721500396728516,0.6690000295639038,0.5781499743461609,89944.6953125,104.37109375,109.1640625,112.203125,115.0625,683.1699829101562,87.02999877929688,613.1199951171875,212.1999969482422,74.69000244140625,80.66999816894531,110.16000366210938
2026-01-03,,,,,,,,,,,,,,,,,,,,,,,,,,,,,,,,,,,,,,,,,,,,,,,,,90603.1875,,,,,,,,,,,
2026-01-04,,,,,,,,,,,,,,,,,,,,,,,,,,,,,,,,,,,,,,,,,,,,,,,,,91413.4921875,,,,,,,,,,,
2026-01-05,6943.75,25577.75,49228.0,2562.5,52300.0,5923.68994140625,24868.689453125,14.899999618530273,3.515000104904175,3.378999948501587,3.7100000381469727,4.164999961853027,4.854000091552734,58.31999969482422,61.7599983215332,3.5230000019073486,1.7200000286102295,2.1428000926971436,48.630001068115234,4436.89990234375,76.16400146484375,2269.5,1742.199951171875,5.924499988555908,3010.0,1047.25,294.8999938964844,49.470001220703125,444.5,512.5,304.5,9.920000076293945,359.3500061035156,6077.0,14.729999542236328,64.6500015258789,235.875,358.9750061035156,86.1500015258789,207.85000610351562,98.2699966430664,1.1734999418258667,0.006407999899238348,1.354200005531311,0.727400004863739,1.2727999687194824,0.6716499924659729,0.5806499719619751,93882.5546875,104.4140625,109.296875,112.421875,115.3125,687.719970703125,87.45999908447266,617.989990234375,214.6199951171875,75.48999786376953,80.87999725341797,110.47000122070312
2026-01-06,6987.75,25822.0,49721.0,2596.5,52165.0,5931.7900390625,24892.19921875,14.75,3.5199999809265137,3.378999948501587,3.7200000286102295,4.178999900817871,4.866000175476074,57.130001068115234,60.70000076293945,3.3499999046325684,1.700600028038025,2.0829999446868896,49.369998931884766,4482.2001953125,80.52999877929688,2434.0,1865.5999755859375,6.010499954223633,3053.75,1042.0,294.70001220703125,49.0,444.0,510.5,308.0,10.069999694824219,373.8500061035156,5954.0,14.760000228881836,65.05999755859375,236.625,362.17498779296875,85.67500305175781,217.85000610351562,98.58000183105469,1.169700026512146,0.006391999777406454,1.350100040435791,0.7249000072479248,1.2665499448776245,0.67330002784729,0.5797500014305115,93729.03125,104.37109375,109.2421875,112.328125,115.15625,691.8099975585938,87.27999877929688,623.4199829101562,216.57000732421875,75.76000213623047,80.9000015258789,110.47000122070312
2026-01-07,6963.25,25838.75,49239.0,2589.5,52095.0,5923.56982421875,25122.259765625,15.380000114440918,3.515000104904175,3.378999948501587,3.694000005722046,4.138000011444092,4.815000057220459,55.9900016784668,59.959999084472656,3.5250000953674316,1.6944999694824219,2.0566999912261963,49.83000183105469,4449.2998046875,77.13500213623047,2253.39990234375,1767.199951171875,5.809000015258789,2993.75,1052.75,301.5,48.81999969482422,446.75,518.0,308.75,10.109999656677246,375.45001220703125,5915.0,14.979999542236328,64.8499984741211,234.52499389648438,359.6000061035156,84.80000305175781,239.60000610351562,98.68000030517578,1.1688499450683594,0.006386000197380781,1.346500039100647,0.7226999998092651,1.2631499767303467,0.6728500127792358,0.5792999863624573,91308.0546875,104.37890625,109.3359375,112.578125,115.90625,689.5800170898438,87.79000091552734,624.02001953125,214.35000610351562,75.36000061035156,80.87999725341797,110.55000305175781
2026-01-08,6962.0,25687.5,49493.0,2618.39990234375,51700.0,5904.31982421875,25127.4609375,15.449999809265137,3.506999969482422,3.378999948501587,3.7360000610351562,4.183000087738037,4.857999801635742,57.7599983215332,61.9900016784668,3.4070000648498535,1.7603000402450562,2.119499921798706,49.5099983215332,4449.7001953125,74.71600341796875,2251.699951171875,1781.0999755859375,5.746500015258789,3001.25,1047.0,300.3999938964844,49.029998779296875,446.0,518.0,307.0,9.9350004196167,372.3500061035156,6077.0,14.970000267028809,64.45999908447266,235.27499389648438,362.4750061035156,85.875,237.0,98.93000030517578,1.1654499769210815,0.0063749998807907104,1.3430999517440796,0.7214499711990356,1.2595000267028809,0.6693999767303467,0.5760999917984009,91027.125,104.33984375,109.1640625,112.25,115.375,689.510009765625,87.3499984741211,620.469970703125,216.13999938964844,75.43000030517578,80.94000244140625,110.23999786376953
2026-01-09,7005.0,25938.25,49726.0,2636.89990234375,53685.0,5997.47021484375,25261.640625,14.489999771118164,3.513000011444092,3.4000000953674316,3.756999969482422,4.171000003814697,4.818999767303467,59.119998931884766,63.34000015258789,3.1689999103546143,1.7805999517440796,2.134999990463257,50.310001373291016,4490.2998046875,78.88400268554688,2278.300048828125,1853.0,5.855500221252441,3037.0,1048.5,300.0,49.2599983215332,445.75,517.25,303.5,9.979999542236328,357.6499938964844,5345.0,14.890000343322754,64.41000366210938,233.72500610351562,360.7250061035156,85.30000305175781,223.25,99.12999725341797,1.1639000177383423,0.006337999831885099,1.3407000303268433,0.7191500067710876,1.2569999694824219,0.6686999797821045,0.574400007724762,90513.1015625,104.23828125,109.046875,112.21875,115.78125,694.0700073242188,87.93000030517578,626.6500244140625,217.58999633789062,75.95999908447266,81.0,110.63999938964844
2026-01-10,,,,,,,,,,,,,,,,,,,,,,,,,,,,,,,,,,,,,,,,,,,,,,,,,90386.6484375,,,,,,,,,,,
2026-01-11,,,,,,,,,,,,,,,,,,,,,,,,,,,,,,,,,,,,,,,,,,,,,,,,,90827.4609375,,,,,,,,,,,
2026-01-12,7016.5,25956.75,49809.0,2649.300048828125,54265.0,6016.2998046875,25405.33984375,15.119999885559082,3.5329999923706055,3.4179999828338623,3.7669999599456787,4.186999797821045,4.840000152587891,59.5,63.869998931884766,3.4089999198913574,1.7937999963760376,2.154400110244751,51.7599983215332,4604.2998046875,84.61000061035156,2359.60009765625,1921.300048828125,5.985000133514404,3086.25,1033.0,294.6000061035156,49.81999969482422,421.5,511.25,293.5,9.989999771118164,356.04998779296875,5443.0,14.84000015258789,64.91000366210938,235.25,362.04998779296875,84.42500305175781,195.39999389648438,98.86000061035156,1.167549967765808,0.006326999980956316,1.34660005569458,0.7211499810218811,1.263100028038025,0.671500027179718,0.5780500173568726,91192.9921875,104.23046875,109.015625,112.140625,115.625,695.1599731445312,87.66999816894531,627.1699829101562,217.72000122070312,76.66999816894531,81.04000091552734,110.51000213623047
2026-01-13,7001.75,25906.0,49409.0,2647.800048828125,54075.0,6029.830078125,25420.66015625,15.979999542236328,3.559999942779541,3.4179999828338623,3.743000030517578,4.171000003814697,4.828000068664551,61.150001525878906,65.47000122070312,3.4189999103546143,1.8265000581741333,2.2383999824523926,50.77000045776367,4589.2001953125,85.87699890136719,2333.800048828125,1900.4000244140625,5.96999979019165,3102.75,1023.25,286.3999938964844,50.779998779296875,419.75,510.5,291.75,10.34000015258789,360.25,5224.0,14.890000343322754,64.87999725341797,237.25,366.2749938964844,84.625,201.3000030517578,99.12999725341797,1.1651999950408936,0.0062870001420378685,1.343500018119812,0.7202500104904175,1.2571500539779663,0.6680999994277954,0.5753499865531921,95321.78125,104.26171875,109.1171875,112.265625,115.8125,693.77001953125,87.81999969482422,626.239990234375,217.50999450683594,76.25,81.04000091552734,110.75
2026-01-14,6966.25,25631.0,49356.0,2666.10009765625,54200.0,6005.0498046875,25286.240234375,16.75,3.559999942779541,3.4179999828338623,3.7170000076293945,4.139999866485596,4.795000076293945,62.02000045776367,66.5199966430664,3.119999885559082,1.830399990081787,2.281899929046631,52.59000015258789,4626.2998046875,90.86900329589844,2367.10009765625,1886.9000244140625,6.008999824523926,3086.75,1030.5,287.20001220703125,50.7599983215332,422.0,512.5,287.25,10.255000114440918,356.0,5090.0,14.680000305175781,64.98999786376953,235.14999389648438,364.75,85.69999694824219,197.64999389648438,99.12999725341797,1.163849949836731,0.006312000099569559,1.343000054359436,0.7208999991416931,1.257449984550476,0.6679999828338623,0.5757499933242798,96929.328125,104.28515625,109.2265625,112.46875,116.3125,690.3599853515625,88.33000183105469,619.5499877929688,218.32000732421875,76.58000183105469,81.04000091552734,111.02999877929688
2026-01-15,6981.75,25705.75,49639.0,2688.39990234375,54100.0,6041.14013671875,25352.390625,15.84000015258789,3.565000057220459,3.4800000190734863,3.76200008392334,4.159999847412109,4.7870001792907715,59.189998626708984,63.7599983215332,3.128000020980835,1.7838000059127808,2.2083001136779785,52.779998779296875,4616.2998046875,91.8759994506836,2390.0,1859.0,5.947999954223633,3069.5,1053.0,289.20001220703125,52.970001220703125,420.25,510.5,293.25,10.600000381469727,358.1000061035156,4966.0,14.569999694824219,64.70999908447266,236.0500030517578,368.42498779296875,87.80000305175781,199.5,99.31999969482422,1.1612999439239502,0.006308000069111586,1.3385000228881836,0.7199500203132629,1.2526500225067139,0.6702499985694885,0.5755500197410583,95551.1875,104.18359375,109.0078125,112.21875,116.3125,692.239990234375,88.30999755859375,621.780029296875,219.1999969482422,76.7300033569336,81.04000091552734,110.88999938964844
2026-01-16,6976.75,25689.0,49547.0,2691.199951171875,53830.0,6029.4501953125,25297.130859375,15.859999656677246,3.556999921798706,3.4800000190734863,3.828000068664551,4.230999946594238,4.840000152587891,59.439998626708984,64.12999725341797,3.1029999256134033,1.7851999998092651,2.237600088119507,54.400001525878906,4588.39990234375,88.09100341796875,2303.800048828125,1805.199951171875,5.78849983215332,3034.75,1057.75,290.0,52.61000061035156,424.75,518.0,302.0,10.600000381469727,355.29998779296875,5076.0,14.960000038146973,64.66000366210938,232.14999389648438,361.92498779296875,88.2750015258789,208.5,99.38999938964844,1.1627999544143677,0.006335999816656113,1.3401999473571777,0.7185500264167786,1.2522499561309814,0.6693999767303467,0.5764999985694885,95525.1171875,104.12109375,108.7265625,111.75,115.4375,691.6599731445312,87.80000305175781,621.260009765625,218.99000549316406,76.7300033569336,81.08999633789062,110.56999969482422
2026-01-17,,,,,,,,,,,,,,,,,,,,,,,,,,,,,,,,,,,,,,,,,,,,,,,,,95099.921875,,,,,,,,,,,
2026-01-18,,,,,,,,,,,,,,,,,,,,,,,,,,,,,,,,,,,,,,,,,,,,,,,,,93634.4296875,,,,,,,,,,,
2026-01-19,,,,,,5925.81982421875,24959.060546875,,,,,,,,,,,,,,,,,,,,,,,,,,,,,,,,,,,,,,,,,,92553.59375,,,,,,,,,,,
2026-01-20,6829.5,25129.25,48666.0,2658.699951171875,52230.0,5892.080078125,24703.119140625,20.09000015258789,3.572000026702881,3.4800000190734863,3.8580000400543213,4.295000076293945,4.920000076293945,60.34000015258789,64.91999816894531,3.9070000648498535,1.823799967765808,2.3385000228881836,54.119998931884766,4759.60009765625,94.20600128173828,2431.5,1890.9000244140625,5.7729997634887695,3015.75,1053.0,291.6000061035156,52.560001373291016,423.75,510.25,300.5,10.6899995803833,346.5,4648.0,14.720000267028809,64.33999633789062,232.375,362.625,87.8499984741211,202.4499969482422,98.63999938964844,1.1726499795913696,0.006331999786198139,1.3428000211715698,0.7228000164031982,1.2726999521255493,0.67330002784729,0.5842000246047974,88310.90625,104.12109375,108.625,111.421875,114.25,677.5800170898438,86.6500015258789,608.0599975585938,215.94000244140625,75.77999877929688,80.87999725341797,109.9000015258789
2026-01-21,6910.0,25471.0,49265.0,2710.800048828125,53310.0,5882.8798828125,24560.98046875,16.899999618530273,3.5880000591278076,3.4800000190734863,3.8310000896453857,4.252999782562256,4.870999813079834,60.619998931884766,65.23999786376953,4.875,1.8573999404907227,2.430500030517578,56.150001525878906,4831.7998046875,92.20999908447266,2480.39990234375,1865.199951171875,5.729499816894531,3032.25,1064.5,291.3999938964844,54.0099983215332,421.75,507.75,293.5,10.789999961853027,347.5,4448.0,14.739999771118164,64.30000305175781,233.10000610351562,363.2250061035156,87.8499984741211,203.85000610351562,98.76000213623047,1.1705000400543213,0.006328000221401453,1.3425999879837036,0.7239000201225281,1.264050006866455,0.6763499975204468,0.5860000252723694,89376.9609375,104.12109375,108.71875,111.65625,114.96875,685.4000244140625,87.30999755859375,616.280029296875,219.1300048828125,76.62999725341797,81.12000274658203,110.55999755859375
2026-01-22,6945.0,25658.25,49558.0,2730.800048828125,54140.0,5956.169921875,24856.470703125,15.640000343322754,3.5880000591278076,3.4860000610351562,3.8469998836517334,4.249000072479248,4.8470001220703125,59.36000061035156,64.05999755859375,5.045000076293945,1.817199945449829,2.36680006980896,56.560001373291016,4908.7998046875,95.97599792480469,2561.800048828125,1910.300048828125,5.742499828338623,3060.75,1064.0,296.20001220703125,53.779998779296875,424.0,515.5,291.25,10.6850004196167,347.70001220703125,4469.0,14.960000038146973,63.880001068115234,232.375,363.7250061035156,88.4749984741211,218.8000030517578,98.36000061035156,1.1756999492645264,0.006324999965727329,1.3490999937057495,0.7258999943733215,1.2725499868392944,0.6840000152587891,0.5917500257492065,89462.453125,104.0859375,108.640625,111.59375,115.1875,688.97998046875,87.69000244140625,620.760009765625,219.7100067138672,77.04000091552734,81.18000030517578,110.7699966430664
2026-01-23,6945.75,25738.25,49263.0,2679.60009765625,52985.0,5948.2001953125,24900.7109375,16.09000015258789,3.5820000171661377,3.4860000610351562,3.8389999866485596,4.238999843597412,4.833000183105469,61.06999969482422,65.87999725341797,5.275000095367432,1.8509999513626099,2.428499937057495,57.0,4976.2001953125,100.92500305175781,2722.10009765625,2010.0,5.910999774932861,3097.5,1067.75,299.8999938964844,53.9900016784668,430.5,529.5,297.25,10.654999732971191,350.8999938964844,4201.0,14.729999542236328,63.810001373291016,234.89999389648438,364.79998779296875,88.3499984741211,219.39999389648438,97.5999984741211,1.1823999881744385,0.006428000051528215,1.3624000549316406,0.7303000092506409,1.284749984741211,0.6887500286102295,0.5952500104904175,89503.875,104.10546875,108.6875,111.671875,115.34375,689.22998046875,87.93000030517578,622.719970703125,218.47999572753906,77.47000122070312,81.13999938964844,110.83999633789062
2026-01-24,,,,,,,,,,,,,,,,,,,,,,,,,,,,,,,,,,,,,,,,,,,,,,,,,89110.734375,,,,,,,,,,,
2026-01-25,,,,,,,,,,,,,,,,,,,,,,,,,,,,,,,,,,,,,,,,,,,,,,,,,86572.21875,,,,,,,,,,,
2026-01-26,6981.25,25848.5,49565.0,2670.89990234375,52685.0,5957.7998046875,24933.080078125,16.149999618530273,3.575000047683716,3.4860000610351562,3.818000078201294,4.2129998207092285,4.804999828338623,60.630001068115234,65.58999633789062,6.800000190734863,1.820099949836731,2.568000078201294,54.93000030517578,5079.7001953125,115.08000183105469,2852.39990234375,2169.89990234375,5.984000205993652,3137.0,1061.75,294.29998779296875,53.88999938964844,428.25,522.5,299.25,10.9350004196167,356.25,4348.0,14.789999961853027,62.970001220703125,236.02499389648438,366.70001220703125,88.30000305175781,219.3000030517578,97.04000091552734,1.1891000270843506,0.006502999924123287,1.3681999444961548,0.7297499775886536,1.2947499752044678,0.6918500065803528,0.5989999771118164,88267.140625,104.1328125,108.78125,111.828125,115.84375,692.72998046875,88.3499984741211,625.4600219726562,219.11000061035156,77.7699966430664,81.18000030517578,110.93000030517578
2026-01-27,7008.5,26073.0,49159.0,2677.60009765625,52930.0,5994.58984375,24894.439453125,16.350000381469727,3.569999933242798,3.4860000610351562,3.813999891281128,4.2230000495910645,4.831999778747559,62.38999938964844,67.56999969482422,6.953999996185303,1.8652000427246094,2.646199941635132,57.849998474121094,5079.89990234375,105.52300262451172,2513.199951171875,1861.800048828125,5.828499794006348,3111.5,1067.25,294.0,54.40999984741211,426.5,523.25,300.0,10.960000038146973,367.25,4433.0,14.829999923706055,63.83000183105469,235.60000610351562,366.8500061035156,89.05000305175781,220.0500030517578,96.22000122070312,1.1988999843597412,0.006560000125318766,1.3783999681472778,0.7351499795913696,1.311400055885315,0.697950005531311,0.6029999852180481,89102.5703125,104.171875,108.8125,111.796875,115.53125,695.489990234375,87.80000305175781,631.1300048828125,219.1199951171875,79.0,81.16999816894531,110.80999755859375
2026-01-28,7007.25,26156.25,49167.0,2663.10009765625,53785.0,5933.2001953125,24822.7890625,16.350000381469727,3.5820000171661377,3.4860000610351562,3.8420000076293945,4.250999927520752,4.860000133514404,63.209999084472656,68.4000015258789,7.460000038146973,1.892300009727478,2.666100025177002,61.810001373291016,5301.60009765625,113.11100006103516,2605.699951171875,2025.4000244140625,5.892499923706055,3165.75,1075.0,297.79998779296875,54.310001373291016,430.0,536.0,300.75,11.010000228881836,351.0,4150.0,14.710000038146973,63.72999954223633,236.8249969482422,368.1000061035156,87.94999694824219,226.60000610351562,96.44999694824219,1.1950500011444092,0.006525999866425991,1.3794000148773193,0.7376000285148621,1.3052500486373901,0.7009999752044678,0.605400025844574,89184.5703125,104.1484375,108.71875,111.640625,115.09375,695.4199829101562,87.5999984741211,633.219970703125,219.30999755859375,78.72000122070312,81.04000091552734,110.6500015258789
2026-01-29,6992.75,25999.25,49170.0,2664.10009765625,53405.0,5891.9501953125,24309.4609375,16.8799991607666,3.5799999237060547,3.4860000610351562,3.805000066757202,4.2270002365112305,4.854000091552734,65.41999816894531,70.70999908447266,3.9179999828338623,1.9199999570846558,2.585400104522705,59.33000183105469,5318.39990234375,114.03700256347656,2597.39990234375,2000.5999755859375,6.17549991607666,3138.5,1072.25,296.0,54.029998779296875,430.75,541.5,303.0,11.119999885559082,345.5,4177.0,14.699999809265137,63.47999954223633,235.5,369.17498779296875,87.69999694824219,226.10000610351562,96.27999877929688,1.1960500478744507,0.006541999988257885,1.3795000314712524,0.7415000200271606,1.3109500408172607,0.702750027179718,0.607450008392334,84561.5859375,104.203125,108.8828125,111.859375,115.21875,694.0399780273438,87.62000274658203,629.4299926757812,220.25,78.93000030517578,81.02999877929688,110.68000030517578
2026-01-30,6965.75,25670.0,49008.0,2624.60009765625,53560.0,5947.81005859375,24538.810546875,17.440000534057617,3.572000026702881,3.5239999294281006,3.796999931335449,4.241000175476074,4.872000217437744,65.20999908447266,70.69000244140625,4.354000091552734,1.9227999448776245,2.735599994659424,54.9900016784668,4713.89990234375,78.29000091552734,2102.800048828125,1688.300048828125,5.896999835968018,3034.5,1064.25,293.6000061035156,53.5099983215332,428.25,538.0,306.75,11.029999732971191,332.25,4165.0,14.270000457763672,63.16999816894531,235.85000610351562,360.2749938964844,87.25,211.10000610351562,96.98999786376953,1.1877000331878662,0.006477999966591597,1.3697999715805054,0.7364000082015991,1.3014999628067017,0.6972500085830688,0.6043000221252441,84128.65625,104.24609375,108.9296875,111.828125,115.125,691.969970703125,87.12999725341797,621.8699951171875,219.86000061035156,77.7300033569336,81.12000274658203,110.56999969482422
2026-01-31,,,,,,,,,,,,,,,,,,,,,,,,,,,,,,,,,,,,,,,,,,,,,,,,,78621.1171875,,,,,,,,,,,
2026-02-01,,,,,,,,,,,,,,,,,,,,,,,,,,,,,,,,,,,,,,,,,,,,,,,,,76974.4453125,,,,,,,,,,,
2026-02-02,7002.5,25850.0,49523.0,2650.300048828125,54010.0,6007.509765625,24797.51953125,16.34000015258789,3.578000068664551,3.447999954223633,3.8350000381469727,4.275000095367432,4.908999919891357,62.13999938964844,66.30000305175781,3.236999988555908,1.8514000177383423,2.359800100326538,53.27000045776367,4622.5,76.77799987792969,2093.5,1689.9000244140625,5.801499843597412,2926.75,1060.25,294.5,53.20000076293945,425.75,527.75,300.75,11.114999771118164,333.25,4210.0,14.260000228881836,62.66999816894531,238.1750030517578,366.3500061035156,87.75,188.3000030517578,97.61000061035156,1.1796499490737915,0.006432999856770039,1.3659000396728516,0.7311999797821045,1.288100004196167,0.6945000290870667,0.6010000109672546,78688.765625,104.171875,108.7578125,111.59375,114.625,695.4099731445312,86.55000305175781,626.1400146484375,221.6699981689453,78.16000366210938,80.7699966430664,110.05999755859375
2026-02-03,6941.75,25452.0,49350.0,2656.800048828125,54165.0,5995.35009765625,24780.7890625,18.0,3.5899999141693115,3.447999954223633,3.8369998931884766,4.27400016784668,4.906000137329102,63.209999084472656,67.33000183105469,3.311000108718872,1.8978999853134155,2.4093000888824463,56.279998779296875,4903.7001953125,83.04199981689453,2195.60009765625,1746.0999755859375,6.0625,3015.0,1065.75,291.8999938964844,54.4900016784668,428.5,528.75,304.75,11.09000015258789,317.1000061035156,4300.0,14.630000114440918,62.310001373291016,240.3249969482422,367.92498779296875,88.55000305175781,168.60000610351562,97.44000244140625,1.1820499897003174,0.006426000036299229,1.3687000274658203,0.7329000234603882,1.2949999570846558,0.7006499767303467,0.6052500009536743,75633.546875,104.16015625,108.7421875,111.59375,114.59375,689.530029296875,86.76000213623047,616.52001953125,221.91000366210938,78.37000274658203,80.72000122070312,110.11000061035156
2026-02-04,6906.25,24999.25,49589.0,2632.699951171875,54550.0,5970.47021484375,24603.0390625,18.639999389648438,3.5950000286102295,3.447999954223633,3.8329999446868896,4.275000095367432,4.914999961853027,65.13999938964844,69.45999908447266,3.4649999141693115,1.9651999473571777,2.4700000286102295,52.38999938964844,4920.39990234375,84.16500091552734,2162.699951171875,1726.199951171875,5.826000213623047,2973.25,1092.25,296.20001220703125,55.65999984741211,429.5,526.75,307.0,11.0649995803833,308.6499938964844,4086.0,14.4399995803833,62.2400016784668,240.52499389648438,370.07501220703125,88.0,169.64999389648438,97.62000274658203,1.1815500259399414,0.006382999941706657,1.3662999868392944,0.7320500016212463,1.2931499481201172,0.6998000144958496,0.6014500260353088,73019.703125,104.18359375,108.7578125,111.609375,114.53125,686.1900024414062,86.54000091552734,605.75,222.6300048828125,78.30000305175781,80.62000274658203,109.97000122070312
2026-02-05,6820.75,24651.0,48998.0,2586.800048828125,53980.0,5925.7001953125,24491.060546875,21.770000457763672,3.578000068664551,3.447999954223633,3.75,4.210000038146973,4.861999988555908,63.290000915527344,67.55000305175781,3.509000062942505,1.9265999794006348,2.393199920654297,49.11000061035156,4861.39990234375,76.52899932861328,2061.60009765625,1688.9000244140625,5.798999786376953,2925.25,1112.25,303.20001220703125,55.650001525878906,435.0,535.25,311.75,11.270000457763672,308.3999938964844,4209.0,14.270000457763672,61.7599983215332,235.25,364.07501220703125,87.30000305175781,159.64999389648438,97.81999969482422,1.1799499988555908,0.006378999911248684,1.3550000190734863,0.7312999963760376,1.2913999557495117,0.6959499716758728,0.5982000231742859,62702.09765625,104.32421875,109.125,112.125,115.375,677.6199951171875,87.4800033569336,597.030029296875,220.8300018310547,77.37000274658203,80.52999877929688,110.5
2026-02-06,6952.75,25163.25,50205.0,2677.89990234375,56530.0,5998.39990234375,24721.4609375,20.3700008392334,3.5899999141693115,3.447999954223633,3.755000114440918,4.205999851226807,4.855000019073486,63.54999923706055,68.05000305175781,3.421999931335449,1.9531999826431274,2.413300037384033,52.15999984741211,4951.2001953125,76.73500061035156,2093.300048828125,1732.699951171875,5.863500118255615,3004.0,1115.25,303.6000061035156,55.33000183105469,430.25,529.75,301.75,11.229999542236328,296.54998779296875,4197.0,14.109999656677246,61.060001373291016,237.75,367.42498779296875,87.375,158.85000610351562,97.62999725341797,1.1823999881744385,0.006370000075548887,1.3616000413894653,0.732450008392334,1.2946499586105347,0.7016500234603882,0.6025999784469604,70555.390625,104.29296875,109.09375,112.109375,115.5,690.6199951171875,87.54000091552734,609.6500244140625,224.57000732421875,79.19000244140625,80.80999755859375,110.55999755859375
2026-02-07,,,,,,,,,,,,,,,,,,,,,,,,,,,,,,,,,,,,,,,,,,,,,,,,,69281.96875,,,,,,,,,,,
2026-02-08,,,,,,,,,,,,,,,,,,,,,,,,,,,,,,,,,,,,,,,,,,,,,,,,,70264.7265625,,,,,,,,,,,
2026-02-09,6983.25,25354.0,50219.0,2696.10009765625,57245.0,6059.009765625,25014.869140625,17.360000610351562,3.5929999351501465,3.447999954223633,3.740999937057495,4.197999954223633,4.8480000495910645,64.36000061035156,69.04000091552734,3.138000011444092,1.9854999780654907,2.4168999195098877,54.900001525878906,5050.89990234375,82.06500244140625,2108.89990234375,1737.0999755859375,5.945000171661377,3028.75,1110.75,297.79998779296875,56.689998626708984,428.75,528.75,299.0,11.1899995803833,299.8500061035156,4102.0,14.350000381469727,61.61000061035156,239.3000030517578,367.45001220703125,87.0999984741211,168.85000610351562,96.81999969482422,1.1923999786376953,0.006426000036299229,1.3696000576019287,0.7376999855041504,1.3102999925613403,0.7096499800682068,0.6065999865531921,70120.78125,104.32421875,109.15625,112.1875,115.5625,693.9500122070312,87.5199966430664,614.3200073242188,224.6199951171875,80.1500015258789,80.91999816894531,110.55999755859375
2026-02-10,6961.5,25218.25,50273.0,2688.300048828125,57900.0,6047.06005859375,24987.849609375,17.790000915527344,3.5899999141693115,3.447999954223633,3.6989998817443848,4.146999835968018,4.788000106811523,63.959999084472656,68.80000305175781,3.115000009536743,1.9592000246047974,2.3987998962402344,53.5,5003.7998046875,80.21800231933594,2091.60009765625,1722.699951171875,5.895999908447266,3001.0,1122.5,300.79998779296875,57.27000045776367,428.75,528.25,302.5,11.229999542236328,294.20001220703125,3805.0,14.119999885559082,61.59000015258789,239.10000610351562,364.7749938964844,86.8499984741211,175.8000030517578,96.80000305175781,1.1905499696731567,0.00648299977183342,1.3655999898910522,0.7386000156402588,1.307800054550171,0.7078999876976013,0.6058499813079834,68793.9609375,104.375,109.328125,112.515625,116.46875,692.1199951171875,88.52999877929688,611.469970703125,224.33999633789062,80.37999725341797,80.83999633789062,110.81999969482422
2026-02-11,6960.5,25288.5,50205.0,2675.60009765625,58195.0,6035.64013671875,24856.150390625,17.649999618530273,3.5999999046325684,3.447999954223633,3.740999937057495,4.171999931335449,4.814000129699707,64.62999725341797,69.4000015258789,3.1589999198913574,1.9788999557495117,2.4403998851776123,53.709999084472656,5071.60009765625,83.75399780273438,2137.89990234375,1735.300048828125,5.948999881744385,3023.0,1124.0,303.0,57.04999923706055,427.5,537.25,305.0,11.135000228881836,294.79998779296875,3762.0,13.84000015258789,61.9900016784668,242.35000610351562,367.45001220703125,86.9000015258789,185.8000030517578,96.83000183105469,1.188249945640564,0.006541999988257885,1.3631999492645264,0.7373499870300293,1.3023500442504883,0.7129999995231628,0.6062999963760376,66991.96875,104.26171875,109.1328125,112.28125,116.09375,691.9600219726562,88.05999755859375,613.1099853515625,224.8300018310547,81.02999877929688,80.83000183105469,110.69999694824219
2026-02-12,6851.0,24768.0,49523.0,2621.10009765625,56775.0,6011.2900390625,24852.689453125,20.81999969482422,3.5980000495910645,3.447999954223633,3.6679999828338623,4.104000091552734,4.730999946594238,62.84000015258789,67.5199966430664,3.2170000076293945,1.9158999919891357,2.392699956893921,51.75,4923.7001953125,75.5459976196289,2014.0,1650.300048828125,5.770999908447266,3026.75,1137.25,307.8999938964844,57.540000915527344,431.25,552.5,309.0,11.199999809265137,299.6499938964844,3632.0,13.75,62.290000915527344,242.5,365.7250061035156,86.75,170.35000610351562,96.93000030517578,1.187000036239624,0.006541000213474035,1.3623000383377075,0.7348499894142151,1.3034499883651733,0.7096499800682068,0.6043999791145325,66221.84375,104.3359375,109.4375,112.796875,117.28125,681.27001953125,89.2300033569336,600.6400146484375,222.2100067138672,80.26000213623047,80.79000091552734,111.22000122070312
2026-02-13,6850.5,24803.25,49569.0,2653.10009765625,57630.0,5985.22998046875,24914.880859375,20.600000381469727,3.5929999351501465,3.447999954223633,3.6089999675750732,4.056000232696533,4.697999954223633,62.88999938964844,67.75,3.243000030517578,1.9110000133514404,2.3879001140594482,51.90999984741211,5022.0,77.85099792480469,2071.199951171875,1697.5,5.792500019073486,3015.75,1133.0,309.20001220703125,57.08000183105469,431.75,548.75,310.75,11.020000457763672,300.04998779296875,3581.0,13.779999732971191,62.11000061035156,243.0749969482422,366.1499938964844,86.94999694824219,184.0,96.87999725341797,1.187150001525879,0.006535999942570925,1.3641999959945679,0.7342000007629395,1.3057500123977661,0.7067499756813049,0.6046000123023987,68857.84375,104.4453125,109.6875,113.171875,117.78125,681.75,89.72000122070312,601.9199829101562,223.7100067138672,80.4800033569336,80.8499984741211,111.58999633789062
2026-02-14,,,,,,,,,,,,,,,,,,,,,,,,,,,,,,,,,,,,,,,,,,,,,,,,,69767.625,,,,,,,,,,,
2026-02-15,,,,,,,,,,,,,,,,,,,,,,,,,,,,,,,,,,,,,,,,,,,,,,,,,68788.1875,,,,,,,,,,,
2026-02-16,,,,,,5978.8798828125,24800.91015625,,,,,,,,,,,,,,,,,,,,,,,,,,,,,,,,,,,,,,,,,,68843.15625,,,,,,,,,,,
2026-02-17,6860.5,24767.75,49612.0,2653.60009765625,57105.0,6021.85009765625,24998.400390625,20.290000915527344,3.5929999351501465,3.447999954223633,3.621000051498413,4.052000045776367,4.683000087738037,62.33000183105469,67.41999816894531,3.0309998989105225,1.9143999814987183,2.3905999660491943,51.31999969482422,4882.89990234375,73.4469985961914,2012.5,1675.199951171875,5.632999897003174,2971.5,1134.0,305.79998779296875,57.290000915527344,426.25,537.75,312.25,10.755000114440918,284.6000061035156,3384.0,13.859999656677246,61.52000045776367,246.5500030517578,370.9750061035156,92.30000305175781,200.0,97.16000366210938,1.1863499879837036,0.006541000213474035,1.3560999631881714,0.7310500144958496,1.3020000457763672,0.7081500291824341,0.6054999828338623,67494.21875,104.390625,109.6328125,113.125,118.0,682.8499755859375,89.87000274658203,601.2999877929688,223.1999969482422,80.33999633789062,80.80999755859375,111.69999694824219
2026-02-18,6894.25,24956.0,49722.0,2662.89990234375,57580.0,6103.3701171875,25278.2109375,19.6200008392334,3.6029999256134033,3.447999954223633,3.6449999809265137,4.078999996185303,4.705999851226807,65.19000244140625,70.3499984741211,3.010999917984009,1.968000054359436,2.518699884414673,52.9900016784668,4986.5,77.50900268554688,2106.39990234375,1751.300048828125,5.793499946594238,3017.0,1133.5,303.8999938964844,58.59000015258789,427.0,547.0,320.75,10.274999618530273,287.54998779296875,3226.0,14.170000076293945,61.54999923706055,246.60000610351562,370.57501220703125,92.55000305175781,197.3000030517578,97.69999694824219,1.180150032043457,0.006477999966591597,1.3499000072479248,0.73089998960495,1.2977499961853027,0.7037000060081482,0.5969499945640564,66425.3203125,104.34765625,109.5234375,112.953125,117.625,686.2899780273438,89.52999877929688,605.7899780273438,224.30999755859375,80.58999633789062,80.91000366210938,111.58999633789062
2026-02-19,6877.0,24858.75,49458.0,2669.10009765625,57055.0,6059.6201171875,25043.5703125,20.229999542236328,3.5950000286102295,3.447999954223633,3.6470000743865967,4.074999809265137,4.703999996185303,66.43000030517578,71.66000366210938,2.996000051498413,2.0065999031066895,2.6147000789642334,53.91999816894531,4975.89990234375,77.56500244140625,2062.300048828125,1690.4000244140625,5.730000019073486,2992.5,1141.0,304.79998779296875,59.68000030517578,425.75,559.5,330.0,10.164999961853027,287.3999938964844,2968.0,14.069999694824219,61.93000030517578,247.5,370.2749938964844,93.44999694824219,187.3000030517578,97.93000030517578,1.177649974822998,0.006459999829530716,1.3450000286102295,0.7305999994277954,1.2919000387191772,0.7046999931335449,0.5970500111579895,66957.5234375,104.3203125,109.5,112.96875,117.65625,684.47998046875,89.62000274658203,603.469970703125,223.97000122070312,80.41000366210938,80.94000244140625,111.68000030517578
2026-02-20,6923.25,25067.5,49674.0,2668.800048828125,57155.0,6131.31005859375,25260.689453125,19.09000015258789,3.5950000286102295,3.447999954223633,3.6500000953674316,4.085999965667725,4.724999904632568,66.38999938964844,71.76000213623047,3.046999931335449,1.9973000288009644,2.5857999324798584,54.36000061035156,5059.2998046875,82.28299713134766,2169.699951171875,1774.199951171875,5.830999851226807,3021.75,1137.5,309.79998779296875,58.91999816894531,427.5,573.5,330.0,10.164999961853027,288.29998779296875,3080.0,14.300000190734863,63.029998779296875,246.5749969482422,368.0249938964844,93.67500305175781,181.0500030517578,97.80000305175781,1.1792999505996704,0.006457999814301729,1.3485000133514404,0.731249988079071,1.2925000190734863,0.7077999711036682,0.5978000164031982,68005.421875,104.29296875,109.4921875,112.9375,117.40625,689.4299926757812,89.41000366210938,608.8099975585938,225.27000427246094,81.43000030517578,81.0,111.58999633789062
2026-02-21,,,,,,,,,,,,,,,,,,,,,,,,,,,,,,,,,,,,,,,,,,,,,,,,,68003.765625,,,,,,,,,,,
2026-02-22,,,,,,,,,,,,,,,,,,,,,,,,,,,,,,,,,,,,,,,,,,,,,,,,,67659.390625,,,,,,,,,,,
2026-02-23,6851.5,24762.75,48849.0,2626.300048828125,56805.0,6113.919921875,24991.970703125,21.010000228881836,3.5880000591278076,3.447999954223633,3.5820000171661377,4.0289998054504395,4.696000099182129,66.30999755859375,71.48999786376953,2.984999895095825,1.9891999959945679,2.6782000064849854,53.439998626708984,5204.7001953125,86.52300262451172,2146.39990234375,1772.199951171875,5.7729997634887695,3014.75,1134.25,308.70001220703125,59.38999938964844,427.5,569.5,329.25,9.984999656677246,281.1499938964844,3004.0,14.449999809265137,63.560001373291016,244.97500610351562,364.29998779296875,93.69999694824219,173.64999389648438,97.69999694824219,1.180299997329712,0.006479000207036734,1.3487999439239502,0.7307999730110168,1.2942999601364136,0.7054499983787537,0.5960500240325928,64616.73828125,104.359375,109.7734375,113.375,118.0,682.3900146484375,89.73999786376953,601.4099731445312,223.05999755859375,80.94999694824219,80.87000274658203,111.70999908447266
2026-02-24,6903.75,25028.75,49236.0,2655.0,57975.0,6116.60009765625,24986.25,19.549999237060547,3.5880000591278076,3.447999954223633,3.5980000495910645,4.0329999923706055,4.689000129699707,65.62999725341797,70.7699966430664,2.9149999618530273,1.9714000225067139,2.6868999004364014,54.95000076293945,5155.7998046875,87.45700073242188,2181.10009765625,1813.5,5.922999858856201,3020.75,1139.5,310.70001220703125,60.029998779296875,427.75,567.5,329.25,9.859999656677246,288.25,2997.0,14.550000190734863,63.560001373291016,245.02499389648438,365.1000061035156,95.80000305175781,182.1999969482422,97.87999725341797,1.1790000200271606,0.006430000066757202,1.3502000570297241,0.730400025844574,1.2956000566482544,0.7059999704360962,0.5972999930381775,64080.04296875,104.32421875,109.703125,113.296875,118.03125,687.3499755859375,89.9000015258789,607.8699951171875,224.38999938964844,81.45999908447266,80.80999755859375,111.68000030517578
2026-02-25,6959.75,25382.0,49534.0,2667.699951171875,59700.0,6173.31982421875,25175.939453125,17.93000030517578,3.5880000591278076,3.447999954223633,3.61899995803833,4.047999858856201,4.693999767303467,65.41999816894531,70.8499984741211,2.9690001010894775,1.9914000034332275,2.6740000247955322,55.189998626708984,5206.39990234375,90.93900299072266,2325.60009765625,1834.0999755859375,5.979499816894531,3081.75,1148.25,318.29998779296875,60.2599983215332,430.5,565.75,313.75,9.904999732971191,288.29998779296875,2957.0,14.59000015258789,64.16999816894531,246.0,366.29998779296875,96.19999694824219,185.60000610351562,97.69999694824219,1.1816999912261963,0.006403000093996525,1.3551000356674194,0.7317000031471252,1.2965500354766846,0.7121999859809875,0.6000999808311462,67960.125,104.29296875,109.625,113.171875,117.90625,693.1500244140625,89.91000366210938,616.6799926757812,225.0399932861328,82.26000213623047,80.91999816894531,111.6500015258789
2026-02-26,6920.0,25081.0,49531.0,2680.60009765625,58735.0,6161.56005859375,25289.01953125,18.6299991607666,3.5880000591278076,3.447999954223633,3.5829999446868896,4.017000198364258,4.669000148773193,65.20999908447266,70.75,2.8269999027252197,2.0322999954223633,2.612499952316284,54.869998931884766,5176.5,86.99800109863281,2230.699951171875,1748.5999755859375,5.947000026702881,3071.75,1147.75,317.6000061035156,61.290000915527344,433.25,571.75,307.5,9.944999694824219,286.0,2974.0,14.40999984741211,63.36000061035156,246.0,361.6499938964844,95.7249984741211,175.60000610351562,97.79000091552734,1.1805499792099,0.0064130001701414585,1.3487000465393066,0.7315000295639038,1.2941499948501587,0.7108500003814697,0.5988500118255615,67453.7734375,104.33203125,109.7578125,113.421875,118.28125,689.2999877929688,90.2699966430664,609.239990234375,225.3800048828125,82.01000213623047,80.8499984741211,111.72000122070312
2026-02-27,6889.0,25004.75,49000.0,2634.699951171875,58715.0,6138.41015625,25284.259765625,19.860000610351562,3.578000068664551,3.375999927520752,3.51200008392334,3.9619998931884766,4.632999897003174,67.0199966430664,72.4800033569336,2.8589999675750732,2.077899932861328,2.6709001064300537,54.34000015258789,5230.5,92.68199920654297,2365.60009765625,1792.199951171875,6.004499912261963,3044.25,1157.25,315.5,61.290000915527344,438.75,591.25,315.25,10.395000457763672,284.6000061035156,2798.0,14.300000190734863,63.61000061035156,244.0,355.42498779296875,95.7249984741211,175.6999969482422,97.61000061035156,1.182800054550171,0.006417999975383282,1.3480000495910645,0.7340499758720398,1.3038500547409058,0.7113999724388123,0.5999500155448914,65881.796875,104.46484375,110.0703125,113.859375,118.875,685.989990234375,90.81999969482422,607.2899780273438,225.52000427246094,81.81999969482422,80.72000122070312,111.68000030517578
2026-02-28,,,,,,,,,,,,,,,,,,,,,,,,,,,,,,,,,,,,,,,,,,,,,,,,,66995.859375,,,,,,,,,,,
2026-03-01,,,,,,,,,,,,,,,,,,,,,,,,,,,,,,,,,,,,,,,,,,,,,,,,,65738.1015625,,,,,,,,,,,
2026-03-02,6888.25,25025.25,48945.0,2657.89990234375,57710.0,5986.93017578125,24638.0,21.440000534057617,3.5899999141693115,3.4100000858306885,3.621000051498413,4.047999858856201,4.697999954223633,71.2300033569336,77.73999786376953,2.9600000381469727,2.3705999851226807,2.900399923324585,56.45000076293945,5294.39990234375,88.28399658203125,2311.89990234375,1762.5999755859375,5.894499778747559,3109.25,1150.0,308.29998779296875,62.16999816894531,433.25,574.5,310.75,10.619999885559082,288.3500061035156,2931.0,13.90999984741211,62.59000015258789,233.10000610351562,357.2749938964844,95.57499694824219,166.5500030517578,98.37999725341797,1.1719499826431274,0.006370999850332737,1.3428000211715698,0.7324000000953674,1.2871999740600586,0.7103999853134155,0.5957499742507935,68775.8515625,104.265625,109.578125,113.15625,117.84375,686.3800048828125,89.61000061035156,608.0900268554688,225.14999389648438,80.4000015258789,80.27999877929688,110.91999816894531
2026-03-03,6824.75,24755.75,48560.0,2612.10009765625,55340.0,5771.72998046875,23790.650390625,23.56999969482422,3.5950000286102295,3.4100000858306885,3.63100004196167,4.056000232696533,4.702000141143799,74.55999755859375,81.4000015258789,3.053999900817871,2.45740008354187,3.1868999004364014,52.0,5107.39990234375,82.9229965209961,2074.800048828125,1635.0,5.773499965667725,3165.75,1155.75,310.5,62.27000045776367,434.25,572.25,314.75,10.585000038146973,286.95001220703125,2925.0,13.930000305175781,62.040000915527344,234.125,357.20001220703125,95.75,176.5500030517578,99.05000305175781,1.1619499921798706,0.00634999992325902,1.3355000019073486,0.7319499850273132,1.2811000347137451,0.7042499780654907,0.5898000001907349,68293.6484375,104.2265625,109.546875,113.109375,117.6875,680.3300170898438,89.43000030517578,601.5800170898438,222.27000427246094,77.62000274658203,80.12000274658203,110.87000274658203
2026-03-04,6876.0,25128.25,48796.0,2637.60009765625,56375.0,5870.919921875,24205.359375,21.149999618530273,3.5950000286102295,3.4100000858306885,3.6679999828338623,4.079999923706055,4.716000080108643,74.66000366210938,81.4000015258789,2.9170000553131104,2.514899969100952,3.293800115585327,52.77000045776367,5120.2001953125,82.63300323486328,2154.699951171875,1667.800048828125,5.855000019073486,3279.75,1154.5,306.1000061035156,63.09000015258789,431.75,566.75,321.25,10.4350004196167,290.70001220703125,2968.0,13.729999542236328,62.15999984741211,238.35000610351562,363.92498779296875,97.07499694824219,187.8000030517578,98.7699966430664,1.1646000146865845,0.0063760001212358475,1.337399959564209,0.7337999939918518,1.285599946975708,0.7081999778747559,0.5942500233650208,72710.578125,104.15234375,109.3828125,112.90625,117.46875,685.1300048828125,89.1500015258789,610.75,223.25,78.43000030517578,80.4000015258789,110.97000122070312
2026-03-05,6835.25,25049.5,47983.0,2586.39990234375,54625.0,5782.89013671875,23815.75,23.75,3.5880000591278076,3.4100000858306885,3.743000030517578,4.145999908447266,4.751999855041504,81.01000213623047,85.41000366210938,3.003000020980835,2.6709001064300537,3.614300012588501,50.060001373291016,5065.2998046875,81.68699645996094,2130.0,1620.199951171875,5.752999782562256,3215.75,1163.75,305.6000061035156,65.31999969482422,441.5,582.75,330.0,10.789999961853027,293.0,2963.0,13.720000267028809,63.029998779296875,238.52499389648438,362.6000061035156,95.67500305175781,183.39999389648438,99.31999969482422,1.1576999425888062,0.006341000087559223,1.3319000005722046,0.7307000160217285,1.2774499654769897,0.6980999708175659,0.5879499912261963,70841.125,104.05078125,109.0703125,112.421875,116.625,681.3099975585938,88.79000091552734,608.9099731445312,220.58999633789062,76.80000305175781,80.08000183105469,110.52999877929688
2026-03-06,6743.75,24670.25,47517.0,2526.699951171875,54020.0,5719.89990234375,23591.029296875,29.489999771118164,3.569999933242798,3.4100000858306885,3.7149999141693115,4.132999897003174,4.755000114440918,90.9000015258789,92.69000244140625,3.186000108718872,2.7465999126434326,3.6224000453948975,48.779998779296875,5146.10009765625,83.81600189208984,2142.39990234375,1631.699951171875,5.756999969482422,3327.5,1185.0,313.1000061035156,66.20999908447266,447.0,611.25,331.0,10.899999618530273,297.6000061035156,3138.0,14.100000381469727,63.189998626708984,234.5749969482422,355.625,95.625,174.0500030517578,98.98999786376953,1.1605499982833862,0.0063390000723302364,1.3387000560760498,0.7363499999046326,1.2879999876022339,0.7024999856948853,0.5902500152587891,68136.4921875,104.12109375,109.1875,112.5625,116.59375,672.3800048828125,88.45999908447266,599.75,217.72000122070312,76.18000030517578,79.69000244140625,110.16000366210938
2026-03-07,,,,,,,,,,,,,,,,,,,,,,,,,,,,,,,,,,,,,,,,,,,,,,,,,67272.59375,,,,,,,,,,,
2026-03-08,,,,,,,,,,,,,,,,,,,,,,,,,,,,,,,,,,,,,,,,,,,,,,,,,65969.78125,,,,,,,,,,,
2026-03-09,6801.0,24991.0,47769.0,2553.89990234375,54660.0,5685.2001953125,23409.369140625,25.5,3.5929999351501465,3.4100000858306885,3.7360000610351562,4.136000156402588,4.739999771118164,94.7699966430664,98.95999908447266,3.119999885559082,2.8083999156951904,3.5866000652313232,51.06999969482422,5091.5,84.03199768066406,2169.60009765625,1662.199951171875,5.80049991607666,3292.0,1180.5,308.79998779296875,65.75,437.5,598.0,334.25,11.015000343322754,301.75,3197.0,14.59000015258789,63.59000015258789,230.14999389648438,350.6499938964844,94.82499694824219,174.60000610351562,99.18000030517578,1.1580499410629272,0.006316999904811382,1.3384000062942505,0.7366499900817871,1.2826000452041626,0.7041500210762024,0.5914499759674072,68402.3828125,104.05078125,109.09375,112.484375,116.6875,678.27001953125,89.2300033569336,607.760009765625,218.72000122070312,76.95999908447266,80.16999816894531,110.81999969482422
2026-03-10,6787.25,24982.5,47745.0,2550.5,54880.0,5837.169921875,23968.630859375,24.93000030517578,3.5950000286102295,3.4100000858306885,3.7149999141693115,4.136000156402588,4.770999908447266,83.44999694824219,87.80000305175781,3.0199999809265137,2.6403000354766846,3.34660005569458,52.310001373291016,5229.7001953125,89.08300018310547,2235.0,1668.699951171875,5.9039998054504395,3322.0,1187.25,311.79998779296875,65.33000183105469,436.25,584.75,344.75,10.914999961853027,300.54998779296875,3356.0,14.380000114440918,65.30000305175781,232.375,353.3500061035156,96.07499694824219,184.3000030517578,98.83000183105469,1.162750005722046,0.006337999831885099,1.342900037765503,0.7367500066757202,1.285949945449829,0.7132999897003174,0.593999981880188,69926.921875,104.09375,109.1953125,112.578125,116.53125,677.1799926757812,88.27999877929688,607.77001953125,218.07000732421875,77.22000122070312,80.04000091552734,110.05999755859375
2026-03-11,6779.5,24983.5,47448.0,2545.0,54775.0,5794.68017578125,23640.029296875,24.229999542236328,3.5999999046325684,3.4100000858306885,3.7820000648498535,4.208000183105469,4.85699987411499,87.25,91.9800033569336,3.2090001106262207,2.788300037384033,3.678800106048584,51.36000061035156,5167.39990234375,85.06500244140625,2205.0,1624.4000244140625,5.8454999923706055,3369.5,1200.5,316.3999938964844,67.08000183105469,444.25,588.5,355.5,10.96500015258789,292.0,3337.0,14.25,65.16999816894531,230.14999389648438,348.7250061035156,95.19999694824219,192.9499969482422,99.2300033569336,1.1574000120162964,0.0062950002029538155,1.3415000438690186,0.7360000014305115,1.2829500436782837,0.7149500250816345,0.5916000008583069,70204.8828125,103.97265625,108.90625,112.125,115.21875,676.3300170898438,87.13999938964844,607.6900024414062,217.5800018310547,77.11000061035156,79.86000061035156,109.16000366210938
2026-03-12,6677.5,24560.0,46721.0,2491.0,53770.0,5748.89013671875,23589.650390625,27.290000915527344,3.6050000190734863,3.4100000858306885,3.884000062942505,4.2729997634887695,4.885000228881836,95.7300033569336,100.45999908447266,3.2330000400543213,2.964600086212158,3.898900032043457,50.77000045776367,5115.7998046875,84.66999816894531,2160.0,1621.9000244140625,5.82450008392334,3464.0,1213.0,319.8999938964844,67.33999633789062,448.25,592.25,363.5,11.005000114440918,296.5,3223.0,14.380000114440918,65.13999938964844,231.25,348.2250061035156,94.3499984741211,197.8000030517578,99.73999786376953,1.1512999534606934,0.006273999810218811,1.3342000246047974,0.7342000007629395,1.2731499671936035,0.7079499959945679,0.5854499936103821,70493.4609375,103.75,108.4375,111.5625,114.59375,666.0599975585938,86.97000122070312,597.260009765625,214.6699981689453,75.5999984741211,79.3499984741211,108.56999969482422
2026-03-13,6636.0,24394.25,46592.0,2480.89990234375,53130.0,5716.60986328125,23447.2890625,27.190000534057617,3.6029999256134033,3.4100000858306885,3.874000072479248,4.284999847412109,4.9079999923706055,98.70999908447266,103.13999938964844,3.13100004196167,3.0413999557495117,4.014699935913086,49.290000915527344,5052.5,80.91400146484375,2036.5999755859375,1554.0999755859375,5.7144999504089355,3383.25,1211.0,319.8999938964844,67.33999633789062,452.5,618.5,363.5,11.03499984741211,290.3500061035156,3205.0,14.369999885559082,65.8499984741211,230.89999389648438,349.4750061035156,93.44999694824219,199.3000030517578,100.36000061035156,1.1436500549316406,0.006264000199735165,1.3242000341415405,0.7287999987602234,1.2652000188827515,0.7003499865531921,0.5792499780654907,70968.265625,103.8046875,108.515625,111.5625,114.1875,662.2899780273438,86.54000091552734,593.719970703125,214.74000549316406,74.86000061035156,79.19999694824219,108.16999816894531
2026-03-14,,,,,,,,,,,,,,,,,,,,,,,,,,,,,,,,,,,,,,,,,,,,,,,,,71214.625,,,,,,,,,,,
2026-03-15,,,,,,,,,,,,,,,,,,,,,,,,,,,,,,,,,,,,,,,,,,,,,,,,,72789.9140625,,,,,,,,,,,
2026-03-16,6704.75,24675.75,46984.0,2505.0,54390.0,5739.009765625,23564.009765625,23.510000228881836,3.6050000190734863,3.4100000858306885,3.802999973297119,4.21999979019165,4.859000205993652,93.5,100.20999908447266,3.0230000019073486,3.0002999305725098,3.8375000953674316,49.95000076293945,4994.0,80.26300048828125,2089.5,1584.5,5.790500164031982,3289.5,1155.25,312.20001220703125,63.939998626708984,454.0,597.25,360.25,11.380000114440918,297.75,3328.0,14.1899995803833,68.19000244140625,233.25,355.45001220703125,93.5,199.8000030517578,99.70999908447266,1.149749994277954,0.0062939999625086784,1.3305000066757202,0.731249988079071,1.2700999975204468,0.7071499824523926,0.5854499936103821,74861.0859375,103.8984375,108.8046875,112.03125,115.09375,669.030029296875,87.20999908447266,600.3800048828125,216.61000061035156,76.41000366210938,79.44999694824219,108.69000244140625
2026-03-17,6721.75,24795.5,47039.0,2520.199951171875,54215.0,5769.25,23730.919921875,22.3700008392334,3.6050000190734863,3.4100000858306885,3.7860000133514404,4.202000141143799,4.8520002365112305,96.20999908447266,103.41999816894531,3.0329999923706055,3.1233999729156494,4.0157999992370605,50.52000045776367,5001.0,79.52999877929688,2131.800048828125,1614.0,5.726500034332275,3291.5,1157.0,311.70001220703125,65.97000122070312,454.0,589.75,355.75,11.34000015258789,302.04998779296875,3349.0,14.449999809265137,68.7699966430664,235.22500610351562,359.79998779296875,93.7249984741211,190.5,99.58000183105469,1.1553499698638916,0.006302000023424625,1.3357000350952148,0.7307500243186951,1.2866499423980713,0.7102500200271606,0.5879999995231628,73922.4765625,103.9140625,108.8671875,112.140625,115.3125,670.7899780273438,87.44999694824219,603.3099975585938,216.83999633789062,76.6500015258789,79.80999755859375,109.30000305175781
2026-03-18,6626.0,24434.5,46234.0,2479.39990234375,53550.0,5736.85009765625,23502.25,25.09000015258789,3.609999895095825,3.4100000858306885,3.861999988555908,4.258999824523926,4.88100004196167,96.31999969482422,107.37999725341797,3.065000057220459,3.0985000133514404,4.197800159454346,49.06999969482422,4889.89990234375,77.23799896240234,2052.0,1517.0999755859375,5.553999900817871,3282.25,1161.75,321.70001220703125,65.52999877929688,463.25,604.25,363.75,11.350000381469727,299.70001220703125,3260.0,14.800000190734863,68.69999694824219,235.39999389648438,358.7250061035156,93.75,180.5,100.08999633789062,1.1492500305175781,0.006273999810218811,1.3291000127792358,0.7298499941825867,1.2747000455856323,0.705049991607666,0.5833500027656555,71245.578125,103.78125,108.5234375,111.6875,114.71875,661.4299926757812,86.95999908447266,594.9000244140625,214.22000122070312,75.36000061035156,79.4000015258789,108.70999908447266
2026-03-19,6609.25,24364.0,46041.0,2495.60009765625,52885.0,5613.830078125,22839.560546875,24.059999465942383,3.611999988555908,3.7200000286102295,3.9189999103546143,4.281000137329102,4.8520002365112305,96.13999938964844,108.6500015258789,3.1659998893737793,3.1270999908447266,4.3420000076293945,48.27000045776367,4600.7001953125,70.9020004272461,1939.199951171875,1434.5999755859375,5.433000087738037,3119.75,1168.5,332.5,65.41000366210938,469.75,608.0,367.75,11.329999923706055,306.20001220703125,3331.0,15.369999885559082,67.66999816894531,233.27499389648438,355.2749938964844,92.05000305175781,167.0500030517578,99.2300033569336,1.1594500541687012,0.006353999953716993,1.3417999744415283,0.7293499708175659,1.2793500423431396,0.7071999907493591,0.5879499912261963,69912.7890625,103.625,108.2578125,111.359375,114.8125,659.7999877929688,87.48999786376953,593.02001953125,213.9499969482422,75.22000122070312,79.66000366210938,109.19000244140625
2026-03-20,6594.6298828125,24291.779296875,45897.0,2496.39990234375,51100.0,5501.27978515625,22380.189453125,26.780000686645508,3.618000030517578,3.7960000038146973,4.01200008392334,4.390999794006348,4.960000038146973,98.31999969482422,112.19000244140625,3.0950000286102295,3.2862000465393066,4.608399868011475,46.439998626708984,4570.39990234375,69.36000061035156,1970.5999755859375,1424.800048828125,5.34250020980835,3102.0,1161.25,328.0,65.51000213623047,465.5,595.25,358.0,11.095000267028809,309.75,3255.0,15.699999809265137,67.30999755859375,234.0500030517578,357.75,91.2750015258789,161.5,99.6500015258789,1.15625,0.006287999916821718,1.3325999975204468,0.7292500138282776,1.2797000408172607,0.7008500099182129,0.5839999914169312,70522.5859375,103.484375,107.859375,110.796875,113.3125,648.5700073242188,85.83000183105469,582.0599975585938,211.30999755859375,72.86000061035156,78.91999816894531,107.8499984741211
2026-03-21,,,,,,,,,,,,,,,,,,,,,,,,,,,,,,,,,,,,,,,,,,,,,,,,,68711.5234375,,,,,,,,,,,
2026-03-22,,,,,,,,,,,,,,,,,,,,,,,,,,,,,,,,,,,,,,,,,,,,,,,,,67845.2109375,,,,,,,,,,,
2026-03-23,6634.75,24408.25,46522.0,2509.60009765625,53030.0,5574.31982421875,22653.859375,26.149999618530273,3.611999988555908,3.7960000038146973,3.950000047683716,4.334000110626221,4.9120001792907715,88.12999725341797,99.94000244140625,2.8910000324249268,2.974900007247925,4.056000232696533,48.150001525878906,4404.10009765625,69.04900360107422,1860.300048828125,1411.300048828125,5.439499855041504,3076.0,1163.5,326.6000061035156,65.58000183105469,459.5,587.75,339.5,10.9350004196167,307.0,3180.0,15.520000457763672,67.18000030517578,235.3000030517578,358.45001220703125,90.80000305175781,161.9499969482422,98.94999694824219,1.1648000478744507,0.0063390000723302364,1.3453999757766724,0.7296500205993652,1.2858999967575073,0.7024999856948853,0.5895000100135803,70914.859375,103.59765625,108.125,110.921875,113.1875,655.3800048828125,86.38999938964844,588.0,213.1300048828125,74.69999694824219,79.44000244140625,108.55999755859375
2026-03-24,6606.0,24213.75,46415.0,2522.300048828125,52455.0,5581.2900390625,22636.91015625,26.950000762939453,3.619999885559082,3.7960000038146973,4.03000020980835,4.392000198364258,4.940999984741211,92.3499984741211,104.48999786376953,2.943000078201294,3.1480000019073486,4.290900230407715,48.189998626708984,4399.2998046875,69.27400207519531,1892.0,1411.199951171875,5.422500133514404,3138.0,1155.0,322.3999938964844,65.7300033569336,462.5,590.0,333.25,10.989999771118164,317.8500061035156,3235.0,15.880000114440918,67.62000274658203,235.375,360.29998779296875,91.05000305175781,171.9499969482422,99.43000030517578,1.1592999696731567,0.006300999782979488,1.3384000062942505,0.7268499732017517,1.2759499549865723,0.6965000033378601,0.5832499861717224,70517.859375,103.4296875,107.8125,110.421875,112.625,653.1799926757812,86.01000213623047,583.97998046875,213.82000732421875,74.12999725341797,79.16999816894531,108.33999633789062
2026-03-25,6640.75,24367.75,46711.0,2551.800048828125,53670.0,5649.330078125,22957.080078125,25.329999923706055,3.619999885559082,3.7960000038146973,3.9700000286102295,4.328000068664551,4.896999835968018,90.31999969482422,102.22000122070312,2.9519999027252197,3.012399911880493,4.00629997253418,48.95000076293945,4549.7998046875,72.36100006103516,1925.199951171875,1416.0,5.5289998054504395,3135.0,1171.75,319.79998779296875,67.0999984741211,467.25,597.75,332.5,10.975000381469727,316.1000061035156,3133.0,15.550000190734863,68.18000030517578,234.4250030517578,361.875,90.9000015258789,182.5500030517578,99.5999984741211,1.1576499938964844,0.006283000111579895,1.3365000486373901,0.7246000170707703,1.2741999626159668,0.6948999762535095,0.5825499892234802,71309.8828125,103.53515625,108.0234375,110.890625,113.5625,656.8200073242188,86.83999633789062,587.8200073242188,214.8699951171875,75.19999694824219,79.41999816894531,108.7300033569336
2026-03-26,6525.0,23794.25,46230.0,2508.199951171875,52170.0,5565.93017578125,22612.970703125,27.440000534057617,3.619999885559082,3.7960000038146973,4.09499979019165,4.415999889373779,4.935999870300293,94.4800033569336,108.01000213623047,2.999000072479248,3.130199909210205,4.273399829864502,46.70000076293945,4375.5,67.6709976196289,1838.300048828125,1341.300048828125,5.446499824523926,3161.5,1173.75,322.1000061035156,68.0199966430664,467.0,605.0,339.25,10.970000267028809,307.6499938964844,3164.0,15.869999885559082,69.41000366210938,235.10000610351562,363.5249938964844,90.82499694824219,180.39999389648438,99.9000015258789,1.1541999578475952,0.006269000004976988,1.332800030708313,0.7226999998092651,1.2689000368118286,0.6892499923706055,0.5777999758720398,68791.625,103.35546875,107.53125,110.171875,112.6875,645.0900268554688,86.11000061035156,573.7899780273438,212.50999450683594,73.37999725341797,78.91999816894531,107.87999725341797
2026-03-27,6412.25,23328.5,45424.0,2464.0,51385.0,5505.7998046875,22300.75,31.049999237060547,3.6070001125335693,3.7960000038146973,4.070000171661377,4.440000057220459,4.98199987411499,99.63999938964844,112.56999969482422,3.0950000286102295,3.2500998973846436,4.495500087738037,46.630001068115234,4492.0,69.54499816894531,1870.5999755859375,1390.9000244140625,5.4670000076293945,3187.5,1159.25,315.29998779296875,67.41000366210938,462.0,605.0,341.5,11.09000015258789,301.70001220703125,3165.0,15.760000228881836,69.45999908447266,238.5,361.45001220703125,90.7750015258789,176.5500030517578,100.1500015258789,1.152250051498413,0.006248000077903271,1.3270000219345093,0.7206000089645386,1.2630000114440918,0.6870999932289124,0.5757499933242798,66338.375,103.48046875,107.6875,110.15625,112.1875,634.0900268554688,85.63999938964844,562.5800170898438,210.0500030517578,72.81999969482422,78.72000122070312,107.62000274658203
2026-03-28,,,,,,,,,,,,,,,,,,,,,,,,,,,,,,,,,,,,,,,,,,,,,,,,,66319.6953125,,,,,,,,,,,
2026-03-29,,,,,,,,,,,,,,,,,,,,,,,,,,,,,,,,,,,,,,,,,,,,,,,,,65954.921875,,,,,,,,,,,
2026-03-30,6388.25,23139.75,45465.0,2428.199951171875,51115.0,5541.7900390625,22562.880859375,30.610000610351562,3.5980000495910645,3.7960000038146973,3.9790000915527344,4.3420000076293945,4.90500020980835,102.87999725341797,112.77999877929688,2.88700008392334,3.3515000343322754,4.364299774169922,45.290000915527344,4526.0,70.3239974975586,1885.5999755859375,1418.0,5.47599983215332,3336.25,1159.75,314.8999938964844,68.47000122070312,455.75,607.0,351.0,11.319999694824219,292.54998779296875,3155.0,15.550000190734863,70.19000244140625,239.5500030517578,363.29998779296875,90.4749984741211,180.10000610351562,100.51000213623047,1.1469000577926636,0.006271999794989824,1.31850004196167,0.7184500098228455,1.260849952697754,0.6851000189781189,0.5732499957084656,66691.4453125,103.625,108.0078125,110.8125,113.5,631.969970703125,86.77999877929688,558.280029296875,209.4199981689453,72.75,78.80999755859375,108.30999755859375
2026-03-31,6570.75,23915.0,46582.0,2512.199951171875,53085.0,5569.72998046875,22680.0390625,25.25,3.5999999046325684,3.7950000762939453,3.944999933242798,4.310999870300293,4.890999794006348,101.37999725341797,118.3499984741211,2.884000062942505,3.312299966812134,4.163400173187256,48.43000030517578,4647.60009765625,74.69000244140625,1950.0,1471.199951171875,5.587500095367432,3405.5,1171.0,316.3999938964844,68.87999725341797,457.75,616.25,354.25,11.375,298.3500061035156,3300.0,15.520000457763672,70.0,243.02499389648438,369.125,90.42500305175781,190.0,99.95999908447266,1.155150055885315,0.006300999782979488,1.3228000402450562,0.7180500030517578,1.2597999572753906,0.6888999938964844,0.5752999782562256,68233.3125,103.68359375,108.25,111.046875,113.875,650.3400268554688,86.69000244140625,577.1799926757812,213.6699981689453,75.0999984741211,79.55999755859375,108.98999786376953
2026-04-01,6617.75,24194.75,46806.0,2526.699951171875,54250.0,5732.7099609375,23298.890625,24.540000915527344,3.6050000190734863,3.805999994277954,3.9549999237060547,4.318999767303467,4.900000095367432,100.12000274658203,101.16000366210938,2.819000005722046,3.091399908065796,4.05679988861084,49.2599983215332,4783.2001953125,75.86699676513672,1969.300048828125,1478.4000244140625,5.624000072479248,3452.25,1168.5,318.20001220703125,67.11000061035156,454.25,597.5,347.0,11.279999732971191,297.79998779296875,3345.0,15.289999961853027,70.76000213623047,244.0500030517578,370.75,90.92500305175781,199.89999389648438,99.6500015258789,1.1583000421524048,0.006300999782979488,1.3301000595092773,0.7200999855995178,1.2681000232696533,0.6916000247001648,0.5759999752044678,68078.5546875,103.71875,108.125,110.984375,113.71875,655.239990234375,86.26000213623047,584.3099975585938,214.94000244140625,76.08999633789062,79.37000274658203,108.66000366210938
2026-04-02,6622.25,24218.0,46732.0,2544.0,53390.0,5692.85986328125,23168.080078125,23.8700008392334,3.6070001125335693,3.805999994277954,3.947999954223633,4.313000202178955,4.889999866485596,111.54000091552734,109.02999877929688,2.799999952316284,3.2880001068115234,4.361100196838379,48.900001525878906,4651.5,72.73500061035156,1963.800048828125,1491.4000244140625,5.563000202178955,3411.0,1163.5,315.20001220703125,68.94000244140625,452.25,598.25,345.5,11.229999542236328,295.3999938964844,3245.0,15.0,70.91999816894531,246.1999969482422,372.8999938964844,90.3499984741211,199.39999389648438,100.02999877929688,1.154099941253662,0.0062699997797608376,1.3222999572753906,0.71875,1.261199951171875,0.6905500292778015,0.5734000205993652,66888.5703125,103.7265625,108.15625,111.015625,113.9375,655.8300170898438,86.79000091552734,584.97998046875,215.52000427246094,75.58000183105469,79.55999755859375,109.12000274658203
2026-04-03,,,,,,,,,,,,,,,,,,,,,,,,,,,,,,,,,,,,,,,,,,,,,,,,,66931.1015625,,,,,,,,,,,
2026-04-04,,,,,,,,,,,,,,,,,,,,,,,,,,,,,,,,,,,,,,,,,,,,,,,,,67290.515625,,,,,,,,,,,
2026-04-05,,,,,,,,,,,,,,,,,,,,,,,,,,,,,,,,,,,,,,,,,,,,,,,,,68981.8984375,,,,,,,,,,,
2026-04-06,6651.0,24358.5,46902.0,2554.800048828125,53995.0,,,24.170000076293945,3.622999906539917,3.805999994277954,3.9809999465942383,4.335000038146973,4.890999794006348,112.41000366210938,109.7699966430664,2.811000108718872,3.308199882507324,4.328400135040283,48.61000061035156,4656.7998046875,72.66100311279297,1958.199951171875,1476.199951171875,5.583499908447266,3422.0,1166.75,316.6000061035156,69.94999694824219,454.0,595.25,348.75,11.079999923706055,298.04998779296875,3235.0,14.970000267028809,71.66999816894531,248.02499389648438,372.0249938964844,90.4749984741211,200.64999389648438,99.9800033569336,1.1549500226974487,0.006266000214964151,1.323699951171875,0.7186999917030334,1.2626500129699707,0.6917999982833862,0.572950005531311,68859.828125,103.625,107.984375,110.8125,113.875,658.9299926757812,86.6500015258789,588.5,216.61000061035156,75.9800033569336,79.69999694824219,108.94999694824219
2026-04-07,6656.75,24371.0,46812.0,2560.10009765625,53975.0,5633.22021484375,22921.58984375,25.780000686645508,3.615000009536743,3.805999994277954,3.9760000705718994,4.3429999351501465,4.921000003814697,112.94999694824219,109.2699966430664,2.869999885559082,3.3052000999450684,4.477399826049805,47.95000076293945,4657.10009765625,71.82599639892578,1929.0999755859375,1442.0,5.54449987411499,3396.75,1158.25,311.79998779296875,69.72000122070312,449.0,598.0,341.25,11.145000457763672,286.1000061035156,3028.0,14.579999923706055,71.30999755859375,248.1999969482422,368.8999938964844,90.7750015258789,199.60000610351562,99.63999938964844,1.1577500104904175,0.006258999928832054,1.3257999420166016,0.7193999886512756,1.2605500221252441,0.6946499943733215,0.5720000267028809,71940.703125,103.65625,108.015625,110.859375,113.5,659.219970703125,86.63999938964844,588.5900268554688,216.67999267578125,76.01000213623047,79.72000122070312,109.06999969482422
2026-04-08,6823.75,25074.25,48144.0,2635.699951171875,57085.0,5913.3701171875,24080.630859375,21.040000915527344,3.5999999046325684,3.805999994277954,3.9200000762939453,4.290999889373779,4.88700008392334,94.41000366210938,94.75,2.7239999771118164,3.0058999061584473,3.8083999156951904,51.400001525878906,4749.5,75.2239990234375,2050.60009765625,1586.9000244140625,5.759500026702881,3374.25,1162.0,314.1000061035156,67.41999816894531,447.25,580.25,332.5,11.055000305175781,294.04998779296875,3196.0,14.229999542236328,71.66999816894531,249.0,370.67498779296875,90.19999694824219,205.10000610351562,99.12999725341797,1.1653499603271484,0.006302999798208475,1.3386000394821167,0.7218000292778015,1.2714500427246094,0.7031499743461609,0.5825999975204468,71123.359375,103.734375,108.265625,111.234375,114.1875,676.010009765625,86.91999816894531,606.0900268554688,221.9499969482422,79.20999908447266,80.19000244140625,109.48999786376953
2026-04-09,6863.25,25251.5,48416.0,2651.60009765625,56695.0,5896.2900390625,23806.990234375,19.489999771118164,3.5880000591278076,3.805999994277954,3.9149999618530273,4.293000221252441,4.896999835968018,97.87000274658203,95.91999816894531,2.6700000762939453,3.000699996948242,3.937000036239624,50.93000030517578,4792.2001953125,76.2770004272461,2096.60009765625,1553.0,5.748000144958496,3373.75,1165.25,317.6000061035156,67.69999694824219,444.0,574.5,332.5,10.904999732971191,293.70001220703125,3162.0,13.920000076293945,73.26000213623047,249.77499389648438,372.5249938964844,90.67500305175781,193.8000030517578,98.81999969482422,1.1700999736785889,0.006289999932050705,1.3432999849319458,0.7237499952316284,1.274049997329712,0.7078999876976013,0.586899995803833,71767.828125,103.7578125,108.2890625,111.234375,114.125,679.9099731445312,86.69999694824219,610.1900024414062,223.1699981689453,79.01000213623047,80.27999877929688,109.48999786376953
2026-04-10,6855.25,25281.25,48129.0,2644.39990234375,57390.0,5926.10986328125,23803.94921875,19.229999542236328,3.5929999351501465,3.805999994277954,3.938999891281128,4.316999912261963,4.914000034332275,96.56999969482422,95.19999694824219,2.6480000019073486,3.0373001098632812,3.7616000175476074,50.959999084472656,4761.89990234375,76.3239974975586,2049.10009765625,1528.0999755859375,5.870500087738037,3429.75,1175.75,331.79998779296875,67.08999633789062,441.0,571.0,332.25,10.795000076293945,300.1000061035156,3246.0,13.75,73.22000122070312,251.77499389648438,374.1499938964844,90.7249984741211,197.4499969482422,98.6500015258789,1.1731499433517456,0.0062790000811219215,1.3468999862670898,0.7232000231742859,1.2766000032424927,0.7079499959945679,0.5857499837875366,72979.046875,103.71875,108.1796875,111.09375,113.78125,679.4600219726562,86.48999786376953,611.0700073242188,221.85000610351562,79.20999908447266,79.95999908447266,109.19999694824219
2026-04-11,,,,,,,,,,,,,,,,,,,,,,,,,,,,,,,,,,,,,,,,,,,,,,,,,73054.2734375,,,,,,,,,,,
2026-04-12,,,,,,,,,,,,,,,,,,,,,,,,,,,,,,,,,,,,,,,,,,,,,,,,,70753.40625,,,,,,,,,,,
2026-04-13,6922.75,25543.5,48425.0,2682.300048828125,57675.0,5905.02001953125,23742.439453125,19.1200008392334,3.6029999256134033,3.805999994277954,3.9170000553131104,4.296999931335449,4.900000095367432,99.08000183105469,99.36000061035156,2.627000093460083,3.115999937057495,3.8341000080108643,52.18000030517578,4742.39990234375,75.52300262451172,2061.800048828125,1569.800048828125,5.97599983215332,3582.0,1162.25,331.8999938964844,66.5,440.25,582.25,338.5,10.65999984741211,300.8500061035156,3278.0,13.680000305175781,74.52999877929688,250.64999389648438,374.4750061035156,90.5,195.5,98.37000274658203,1.1707500219345093,0.006266999989748001,1.3454999923706055,0.7251499891281128,1.2855000495910645,0.7060499787330627,0.5885000228881836,74484.640625,103.76171875,108.2890625,111.234375,114.0625,686.0999755859375,86.75,617.3900146484375,223.7100067138672,79.72000122070312,80.26000213623047,109.62000274658203
2026-04-14,7004.75,25996.75,48755.0,2718.10009765625,58850.0,5984.509765625,24044.220703125,18.360000610351562,3.611999988555908,3.805999994277954,3.871000051498413,4.25600004196167,4.868000030517578,91.27999877929688,94.79000091552734,2.5989999771118164,3.0394999980926514,3.624300003051758,52.84000015258789,4825.0,79.39099884033203,2084.60009765625,1579.4000244140625,6.070499897003174,3572.75,1158.0,329.70001220703125,66.44000244140625,443.0,592.0,344.5,10.78499984741211,302.6499938964844,3557.0,13.880000114440918,74.33999633789062,252.5500030517578,375.875,90.5,192.5,98.12000274658203,1.1812000274658203,0.0063149998895823956,1.3564000129699707,0.7278000116348267,1.2887500524520874,0.7124000191688538,0.5916500091552734,74181.609375,103.81640625,108.484375,111.53125,114.65625,694.4600219726562,87.20999908447266,628.5999755859375,224.75,80.68000030517578,80.5,109.9800033569336
2026-04-15,7060.5,26365.5,48669.0,2725.5,58590.0,5940.33984375,24066.69921875,18.170000076293945,3.611999988555908,3.805999994277954,3.8959999084472656,4.2820000648498535,4.890999794006348,91.29000091552734,94.93000030517578,2.609999895095825,3.069200038909912,3.753200054168701,54.84000015258789,4800.0,79.49099731445312,2112.89990234375,1578.0999755859375,6.072000026702881,3613.75,1167.0,334.3999938964844,67.5999984741211,451.25,593.75,345.75,10.904999732971191,304.25,3477.0,13.510000228881836,75.11000061035156,252.60000610351562,373.5,90.69999694824219,184.60000610351562,98.05999755859375,1.1819499731063843,0.006306000053882599,1.3574999570846558,0.7293499708175659,1.287750005722046,0.7171499729156494,0.5928500294685364,74805.078125,103.7890625,108.375,111.359375,114.34375,699.9400024414062,86.83000183105469,637.4000244140625,224.02000427246094,80.48999786376953,80.45999908447266,109.94000244140625
2026-04-16,7077.0,26487.25,48767.0,2730.800048828125,59350.0,5933.27978515625,24154.470703125,17.940000534057617,3.609999895095825,3.805999994277954,3.9130001068115234,4.309000015258789,4.928999900817871,94.69000244140625,99.38999938964844,2.6470000743865967,3.1637001037597656,3.832900047302246,55.27000045776367,4785.39990234375,78.60600280761719,2094.10009765625,1570.5,6.066500186920166,3647.75,1163.75,332.70001220703125,69.33000183105469,448.5,598.5,346.0,10.835000038146973,296.45001220703125,3367.0,13.65999984741211,75.69999694824219,250.3000030517578,373.07501220703125,94.05000305175781,176.10000610351562,98.22000122070312,1.1796499490737915,0.006297000218182802,1.3531999588012695,0.7307999730110168,1.284250020980835,0.715499997138977,0.5898000001907349,75152.1328125,103.76171875,108.296875,111.21875,113.75,701.6599731445312,86.27999877929688,640.469970703125,224.94000244140625,80.51000213623047,80.3499984741211,109.43000030517578
2026-04-17,7161.5,26825.5,49641.0,2788.89990234375,59855.0,6057.7099609375,24702.240234375,17.479999542236328,3.5999999046325684,3.805999994277954,3.8380000591278076,4.245999813079834,4.885000228881836,83.8499984741211,90.37999725341797,2.6740000247955322,3.0048000812530518,3.39739990234375,55.86000061035156,4857.60009765625,81.73799896240234,2124.5,1590.4000244140625,6.103499889373779,3596.75,1167.25,331.79998779296875,68.16000366210938,448.75,591.25,331.5,11.100000381469727,289.29998779296875,3186.0,13.3100004196167,77.4000015258789,249.9499969482422,371.32501220703125,93.4000015258789,186.10000610351562,98.0999984741211,1.1797000169754028,0.006326999980956316,1.353600025177002,0.7319499850273132,1.2888000011444092,0.7170500159263611,0.5902500152587891,77126.875,103.91015625,108.640625,111.71875,114.59375,710.1400146484375,87.06999969482422,648.8499755859375,227.14999389648438,81.62999725341797,80.6500015258789,110.04000091552734
2026-04-18,,,,,,,,,,,,,,,,,,,,,,,,,,,,,,,,,,,,,,,,,,,,,,,,,75726.2109375,,,,,,,,,,,
2026-04-19,,,,,,,,,,,,,,,,,,,,,,,,,,,,,,,,,,,,,,,,,,,,,,,,,73856.3515625,,,,,,,,,,,
2026-04-20,7148.0,26748.75,49639.0,2804.39990234375,59300.0,5982.6298828125,24417.80078125,18.8700008392334,3.5980000495910645,3.805999994277954,3.8499999046325684,4.25,4.88100004196167,89.61000061035156,95.4800033569336,2.688999891281128,3.11680006980896,3.5408999919891357,56.04999923706055,4806.60009765625,79.95099639892578,2070.699951171875,1559.5999755859375,6.035999774932861,3546.0,1165.75,325.1000061035156,69.62999725341797,452.0,597.0,322.75,11.03499984741211,292.20001220703125,3298.0,13.470000267028809,77.5999984741211,249.60000610351562,368.875,94.2249984741211,174.4499969482422,98.05000305175781,1.179550051689148,0.006306999828666449,1.3532999753952026,0.7338500022888184,1.291849970817566,0.717199981212616,0.5899500250816345,75872.5234375,103.87890625,108.5859375,111.65625,114.65625,708.719970703125,87.05000305175781,646.7899780273438,227.2899932861328,81.26000213623047,80.58000183105469,110.02999877929688
2026-04-21,7100.0,26634.75,49339.0,2775.199951171875,58520.0,5930.25,24270.869140625,19.5,3.5980000495910645,3.805999994277954,3.9079999923706055,4.291999816894531,4.8979997634887695,92.12999725341797,98.4800033569336,2.697000026702881,3.2098000049591064,3.728800058364868,53.7400016784668,4698.39990234375,76.41100311279297,2024.300048828125,1531.699951171875,6.001500129699707,3555.25,1174.5,325.29998779296875,72.13999938964844,453.75,605.0,324.0,10.989999771118164,289.0,3220.0,13.430000305175781,78.26000213623047,247.4250030517578,366.57501220703125,95.4000015258789,169.9499969482422,98.41000366210938,1.1755000352859497,0.006289000157266855,1.3502999544143677,0.73294997215271,1.2883000373840332,0.7149999737739563,0.590499997138977,76352.7734375,103.76171875,108.3203125,111.296875,114.1875,704.0800170898438,86.56999969482422,644.3300170898438,225.8699951171875,79.72000122070312,80.37000274658203,109.61000061035156
2026-04-22,7171.25,27083.0,49668.0,2795.300048828125,59905.0,5906.22021484375,24194.900390625,18.920000076293945,3.5950000286102295,3.805999994277954,3.9149999618530273,4.294000148773193,4.9019999504089355,92.95999908447266,101.91000366210938,2.7219998836517334,3.3578999042510986,3.9379000663757324,57.72999954223633,4732.5,77.89299774169922,2072.60009765625,1547.0999755859375,6.119999885559082,3599.0,1164.5,320.6000061035156,71.68000030517578,454.25,599.25,316.25,11.100000381469727,302.3999938964844,3339.0,13.569999694824219,76.33000183105469,246.85000610351562,366.79998779296875,95.05000305175781,165.10000610351562,98.58999633789062,1.1722999811172485,0.006283999886363745,1.3504999876022339,0.7325999736785889,1.2824000120162964,0.7156999707221985,0.5916000008583069,78203.1015625,103.73046875,108.2734375,111.28125,114.15625,711.2100219726562,86.73999786376953,655.1099853515625,226.5500030517578,80.33999633789062,80.5,109.81999969482422
2026-04-23,7143.5,26934.0,49490.0,2786.199951171875,59000.0,5894.72998046875,24155.44921875,19.309999465942383,3.5950000286102295,3.805999994277954,3.9519999027252197,4.322999954223633,4.918000221252441,95.8499984741211,105.06999969482422,2.614000082015991,3.462100028991699,3.9881999492645264,56.470001220703125,4705.10009765625,75.46499633789062,2022.5999755859375,1484.5999755859375,6.075500011444092,3616.75,1159.75,320.6000061035156,71.66000366210938,455.5,610.75,320.5,11.015000343322754,316.3500061035156,3369.0,13.600000381469727,76.80000305175781,247.0749969482422,366.625,95.6500015258789,157.25,98.80000305175781,1.170199990272522,0.006277000065892935,1.3473000526428223,0.7310000061988831,1.2791999578475952,0.7133499979972839,0.5870500206947327,78268.953125,103.67578125,108.1171875,111.046875,113.84375,708.4500122070312,86.55000305175781,651.4199829101562,227.49000549316406,79.58000183105469,80.37000274658203,109.5199966430664
2026-04-24,7194.75,27435.0,49392.0,2796.10009765625,60065.0,5883.47998046875,24128.98046875,18.709999084472656,3.5929999351501465,3.805999994277954,3.9200000762939453,4.309999942779541,4.915999889373779,94.4000015258789,105.33000183105469,2.5230000019073486,3.462599992752075,3.887399911880493,55.310001373291016,4722.2998046875,76.38300323486328,2015.0,1501.5,6.023499965667725,3607.75,1163.75,324.29998779296875,71.91000366210938,455.0,608.25,322.75,10.800000190734863,309.79998779296875,3349.0,13.930000305175781,77.0,248.3000030517578,367.625,94.30000305175781,147.25,98.51000213623047,1.172950029373169,0.006285000126808882,1.3528000116348267,0.7323499917984009,1.2802499532699585,0.7149500250816345,0.5890499949455261,77455.3125,103.76953125,108.28125,111.21875,114.0,713.9400024414062,86.70999908447266,663.8800048828125,227.64999389648438,80.37999725341797,80.4800033569336,109.5999984741211
2026-04-25,,,,,,,,,,,,,,,,,,,,,,,,,,,,,,,,,,,,,,,,,,,,,,,,,77612.015625,,,,,,,,,,,
2026-04-26,,,,,,,,,,,,,,,,,,,,,,,,,,,,,,,,,,,,,,,,,,,,,,,,,78657.5390625,,,,,,,,,,,
2026-04-27,7206.0,27440.5,49342.0,2799.60009765625,60245.0,5860.31982421875,24083.529296875,18.020000457763672,3.5899999141693115,3.805999994277954,3.947000026702881,4.335999965667725,4.941999912261963,96.37000274658203,108.2300033569336,2.549999952316284,3.490999937057495,3.9746999740600586,56.70000076293945,4675.39990234375,75.00299835205078,1981.0999755859375,1477.699951171875,6.01800012588501,3579.75,1177.25,333.79998779296875,72.26000213623047,460.75,621.5,332.75,10.739999771118164,304.1000061035156,3218.0,13.829999923706055,77.33000183105469,250.4250030517578,370.57501220703125,94.375,142.75,98.4800033569336,1.1730999946594238,0.006281999871134758,1.3531999588012695,0.734499990940094,1.2797000408172607,0.7183499932289124,0.591949999332428,77366.625,103.72265625,108.171875,111.03125,113.6875,715.1699829101562,86.27999877929688,664.22998046875,227.6699981689453,80.2300033569336,80.51000213623047,109.29000091552734
2026-04-28,7171.0,27168.75,49297.0,2767.39990234375,59160.0,5836.10009765625,24018.259765625,17.829999923706055,3.5899999141693115,3.805999994277954,3.9830000400543213,4.354000091552734,4.943999767303467,99.93000030517578,111.26000213623047,2.559000015258789,3.5604000091552734,3.9711999893188477,54.22999954223633,4591.5,73.20500183105469,1942.300048828125,1461.0999755859375,5.9145002365112305,3557.5,1173.0,333.3999938964844,73.37999725341797,465.25,649.0,334.5,10.574999809265137,306.3999938964844,3305.0,14.109999656677246,77.33999633789062,252.6750030517578,372.07501220703125,94.1500015258789,152.25,98.62000274658203,1.1722500324249268,0.006275000050663948,1.351699948310852,0.7314000129699707,1.2730499505996704,0.7181500196456909,0.5894500017166138,76350.671875,103.64453125,108.015625,110.859375,113.53125,711.6900024414062,86.37000274658203,657.5499877929688,227.0800018310547,79.7699966430664,80.4000015258789,109.33999633789062
2026-04-29,7168.0,27325.25,49012.0,2747.800048828125,58925.0,5816.47998046875,23954.560546875,18.809999465942383,3.5899999141693115,3.805999994277954,4.065000057220459,4.418000221252441,4.986999988555908,106.87999725341797,118.02999877929688,2.6470000743865967,3.7411000728607178,4.198699951171875,52.88999938964844,4545.2001953125,71.56900024414062,1885.300048828125,1461.800048828125,5.878499984741211,3466.75,1182.25,328.0,75.30999755859375,466.5,642.25,334.25,10.53499984741211,305.25,3335.0,14.680000305175781,76.86000061035156,256.875,372.2749938964844,95.0999984741211,157.39999389648438,98.91999816894531,1.1679999828338623,0.006246000062674284,1.347100019454956,0.731249988079071,1.2692999839782715,0.7110999822616577,0.5834500193595886,75776.1328125,103.4765625,107.6640625,110.359375,112.6875,711.5800170898438,85.69999694824219,661.5700073242188,227.07000732421875,79.12999725341797,80.12999725341797,108.7300033569336
2026-04-30,7243.75,27596.0,49835.0,2807.800048828125,59850.0,5881.509765625,24292.380859375,16.889999389648438,3.5850000381469727,3.882999897003174,4.0229997634887695,4.389999866485596,4.986999988555908,105.06999969482422,114.01000213623047,2.7669999599456787,3.7715001106262207,4.138400077819824,56.41999816894531,4614.7001953125,73.53399658203125,1979.0,1526.4000244140625,5.926000118255615,3450.5,1182.0,322.29998779296875,76.36000061035156,464.75,623.75,328.75,10.795000076293945,300.8999938964844,3494.0,14.579999923706055,79.86000061035156,258.4750061035156,373.75,93.44999694824219,167.3000030517578,98.08000183105469,1.1744500398635864,0.006401000078767538,1.3601000308990479,0.7365999817848206,1.2858500480651855,0.7196000218391418,0.5914999842643738,76304.3203125,103.5625,107.8359375,110.59375,112.84375,718.6599731445312,85.62000274658203,667.739990234375,231.25,80.91999816894531,80.37999725341797,108.8499984741211
2026-05-01,7258.0,27835.75,49646.0,2819.300048828125,59445.0,,,16.989999771118164,3.575000047683716,3.815999984741211,4.020999908447266,4.377999782562256,4.966000080108643,101.94000244140625,108.16999816894531,2.7799999713897705,3.5952000617980957,3.9463999271392822,55.84000015258789,4629.89990234375,75.95099639892578,1996.5999755859375,1539.199951171875,5.932000160217285,3496.25,1187.75,320.79998779296875,76.6500015258789,468.25,624.5,334.0,10.875,302.0,3521.0,14.949999809265137,81.8499984741211,253.0,371.3999938964844,92.82499694824219,166.35000610351562,98.20999908447266,1.1736500263214111,0.0063749998807907104,1.358199954032898,0.736549973487854,1.2862000465393066,0.72079998254776,0.5913500189781189,78179.0,103.55859375,107.84375,110.640625,113.09375,720.6500244140625,85.61000061035156,674.1500244140625,230.86000061035156,80.80999755859375,80.05999755859375,108.5999984741211
2026-05-02,,,,,,,,,,,,,,,,,,,,,,,,,,,,,,,,,,,,,,,,,,,,,,,,,78657.25,,,,,,,,,,,
2026-05-03,,,,,,,,,,,,,,,,,,,,,,,,,,,,,,,,,,,,,,,,,,,,,,,,,78538.2265625,,,,,,,,,,,
2026-05-04,7230.25,27776.0,49079.0,2804.60009765625,59505.0,5763.60986328125,23991.26953125,18.290000915527344,3.5899999141693115,3.799999952316284,4.0929999351501465,4.446000099182129,5.025000095367432,106.41999816894531,114.44000244140625,2.867000102996826,3.7381999492645264,4.073200225830078,54.77000045776367,4519.5,73.0719985961914,1946.9000244140625,1474.699951171875,5.795000076293945,3489.5,1207.5,320.70001220703125,78.0199966430664,473.75,629.5,341.5,11.369999885559082,302.20001220703125,3812.0,15.289999961853027,80.58000183105469,251.75,366.6000061035156,91.625,173.39999389648438,98.47000122070312,1.1704000234603882,0.006384999956935644,1.3535000085830688,0.7354999780654907,1.2824000120162964,0.7170000076293945,0.5882499814033508,79827.90625,103.41796875,107.5234375,110.171875,112.15625,718.010009765625,84.95999908447266,672.8800048828125,229.60000610351562,80.11000061035156,79.80000305175781,108.25
2026-05-05,7287.25,28136.0,49415.0,2852.89990234375,60640.0,5869.6298828125,24401.69921875,17.3799991607666,3.5999999046325684,3.799999952316284,4.072000026702881,4.415999889373779,4.984000205993652,102.2699966430664,109.87000274658203,2.7880001068115234,3.6205999851226807,4.030200004577637,54.20000076293945,4555.7998046875,73.10800170898438,1960.699951171875,1507.0999755859375,5.942999839782715,3565.25,1195.75,322.6000061035156,78.4000015258789,465.5,616.5,341.5,11.710000038146973,305.8500061035156,4003.0,15.369999885559082,82.45999908447266,253.22500610351562,371.82501220703125,92.80000305175781,167.1999969482422,98.4800033569336,1.1706500053405762,0.006341000087559223,1.3549000024795532,0.734749972820282,1.2831499576568604,0.7185999751091003,0.5898000001907349,80927.0546875,103.46484375,107.6171875,110.34375,112.71875,723.77001953125,85.43000030517578,681.6099853515625,232.02999877929688,81.26000213623047,79.91999816894531,108.6500015258789
2026-05-06,7389.5,28716.75,50034.0,2895.199951171875,62140.0,6027.1298828125,24918.689453125,17.389999389648438,3.5999999046325684,3.799999952316284,4.001999855041504,4.355999946594238,4.942999839782715,95.08000183105469,101.2699966430664,2.7300000190734863,3.4593000411987305,3.785599946975708,58.2599983215332,4681.89990234375,76.81099700927734,2048.699951171875,1546.0,6.136499881744385,3498.0,1179.0,319.79998779296875,76.51000213623047,452.75,606.0,329.25,11.8149995803833,299.45001220703125,4064.0,14.8100004196167,81.70999908447266,253.47500610351562,372.3999938964844,91.69999694824219,170.39999389648438,98.0199966430664,1.1756000518798828,0.006401000078767538,1.3594000339508057,0.7336999773979187,1.2898499965667725,0.723550021648407,0.5964499711990356,81427.53125,103.59375,107.9140625,110.796875,113.625,733.8300170898438,86.08000183105469,695.77001953125,234.47999572753906,83.45999908447266,80.16000366210938,109.19000244140625
2026-05-07,7363.0,28682.25,49700.0,2848.89990234375,62255.0,5972.64990234375,24663.609375,17.079999923706055,3.5980000495910645,3.799999952316284,4.044000148773193,4.392000198364258,4.968999862670898,94.80999755859375,100.05999755859375,2.7690000534057617,3.4560000896453857,3.8166000843048096,56.2599983215332,4699.7998046875,79.70099639892578,2048.10009765625,1517.800048828125,6.127500057220459,3480.0,1177.0,321.29998779296875,75.08999633789062,452.75,601.75,325.5,11.664999961853027,291.04998779296875,4356.0,14.539999961853027,83.0,250.0500030517578,366.32501220703125,91.5,163.64999389648438,98.25,1.1755000352859497,0.006384999956935644,1.3580000400543213,0.7336000204086304,1.288849949836731,0.7228500247001648,0.5960500240325928,80009.9921875,103.50390625,107.734375,110.515625,113.15625,731.5800170898438,85.6500015258789,694.9400024414062,232.02000427246094,82.23999786376953,79.86000061035156,108.73999786376953
2026-05-08,7419.0,29332.5,49691.0,2867.60009765625,63695.0,5911.52978515625,24338.630859375,17.190000534057617,3.5950000286102295,3.799999952316284,4.013000011444092,4.363999843597412,4.947000026702881,95.41999816894531,101.29000091552734,2.756999969482422,3.526700019836426,3.8991000652313232,55.18000030517578,4720.39990234375,80.3949966430664,2047.199951171875,1482.5999755859375,6.249000072479248,3507.0,1194.25,322.5,75.26000213623047,456.25,607.5,331.0,11.819999694824219,289.70001220703125,4113.0,14.6899995803833,84.7300033569336,248.89999389648438,367.375,90.875,173.64999389648438,97.83999633789062,1.1783000230789185,0.006386000197380781,1.3622000217437744,0.731249988079071,1.2927000522613525,0.7241500020027161,0.5966500043869019,80186.765625,103.546875,107.8671875,110.75,113.5625,737.6199951171875,86.08000183105469,711.22998046875,233.89999389648438,83.29000091552734,80.13999938964844,109.19999694824219
2026-05-09,,,,,,,,,,,,,,,,,,,,,,,,,,,,,,,,,,,,,,,,,,,,,,,,,80664.3671875,,,,,,,,,,,
2026-05-10,,,,,,,,,,,,,,,,,,,,,,,,,,,,,,,,,,,,,,,,,,,,,,,,,82138.9296875,,,,,,,,,,,
2026-05-11,7436.75,29424.0,49792.0,2878.89990234375,62955.0,5895.4501953125,24350.279296875,18.3799991607666,3.5999999046325684,3.799999952316284,4.067999839782715,4.409999847412109,4.986000061035156,98.06999969482422,104.20999908447266,2.9100000858306885,3.5998001098632812,3.968600034713745,57.22999954223633,4718.7001953125,85.48500061035156,2115.5,1513.800048828125,6.41349983215332,3592.5,1199.75,327.8999938964844,74.68000030517578,460.75,622.25,337.5,11.895000457763672,298.6000061035156,4632.0,14.90999984741211,87.7699966430664,249.39999389648438,368.3999938964844,90.875,183.60000610351562,97.94000244140625,1.177899956703186,0.006364999804645777,1.3629000186920166,0.7315999865531921,1.2898499965667725,0.7248499989509583,0.5968499779701233,81728.296875,103.453125,107.625,110.40625,112.96875,739.2999877929688,85.55999755859375,713.2899780273438,234.6300048828125,83.20999908447266,79.9800033569336,108.93000030517578
2026-05-12,7426.5,29170.0,49869.0,2850.39990234375,62520.0,5808.4501953125,23954.9296875,17.989999771118164,3.6029999256134033,3.816999912261963,4.124000072479248,4.4629998207092285,5.031000137329102,102.18000030517578,107.7699966430664,2.8429999351501465,3.697700023651123,4.15880012512207,54.349998474121094,4677.60009765625,85.12999725341797,2110.0,1485.699951171875,6.485000133514404,3652.5,1213.5,332.8999938964844,76.30000305175781,467.25,665.0,345.25,12.039999961853027,294.79998779296875,4503.0,15.010000228881836,86.31999969482422,247.6999969482422,365.8999938964844,90.92500305175781,192.60000610351562,98.29000091552734,1.174399971961975,0.00634900014847517,1.3531999588012695,0.7300999760627747,1.28534996509552,0.7234500050544739,0.59579998254776,80477.4921875,103.36328125,107.3828125,110.03125,112.28125,738.1799926757812,84.98999786376953,707.239990234375,234.2100067138672,82.11000061035156,79.87000274658203,108.55999755859375
2026-05-13,7469.5,29479.25,49792.0,2852.300048828125,63440.0,5861.06982421875,24136.810546875,17.8700008392334,3.5999999046325684,3.819999933242798,4.130000114440918,4.480999946594238,5.046999931335449,101.0199966430664,105.62999725341797,2.864000082015991,3.6187000274658203,3.9667000770568848,53.310001373291016,4697.7001953125,88.88800048828125,2187.10009765625,1531.0,6.635499954223633,3837.75,1215.25,342.70001220703125,75.26000213623047,466.5,665.0,350.25,12.350000381469727,296.25,4309.0,15.380000114440918,86.80999755859375,252.8000030517578,367.32501220703125,90.9000015258789,191.3000030517578,98.4800033569336,1.171049952507019,0.006335999816656113,1.351699948310852,0.7293000221252441,1.2825000286102295,0.7257000207901001,0.5939000248908997,79277.1171875,103.37109375,107.3515625,110.0,112.0625,742.3099975585938,84.80000305175781,714.7100219726562,234.69000244140625,82.95999908447266,79.91000366210938,108.62000274658203
2026-05-14,7525.5,29687.75,50154.0,2869.39990234375,63065.0,,24456.259765625,17.260000228881836,3.5880000591278076,3.819999933242798,4.120999813079834,4.460999965667725,5.01200008392334,101.16999816894531,105.72000122070312,2.8940000534057617,3.6057000160217285,3.905600070953369,52.5,4678.10009765625,84.91200256347656,2083.5,1456.5999755859375,6.567500114440918,3892.0,1174.5,342.70001220703125,74.81999969482422,451.5,647.0,345.5,12.40999984741211,294.45001220703125,4189.0,14.989999771118164,83.94000244140625,252.0749969482422,367.57501220703125,90.44999694824219,181.3000030517578,98.87999725341797,1.167799949645996,0.0063229999504983425,1.340499997138977,0.7287499904632568,1.2805999517440796,0.7224000096321106,0.5923500061035156,81051.25,103.36328125,107.3828125,110.109375,112.46875,748.1699829101562,84.91999816894531,719.7899780273438,235.1699981689453,82.87999725341797,79.8499984741211,108.55000305175781
2026-05-15,7432.25,29231.75,49617.0,2799.60009765625,61840.0,5827.759765625,23950.5703125,18.43000030517578,3.5880000591278076,3.819999933242798,4.257999897003174,4.59499979019165,5.127999782562256,105.41999816894531,109.26000213623047,2.9600000381469727,3.701900005340576,4.053400039672852,49.93000030517578,4555.7998046875,77.16100311279297,1981.300048828125,1422.9000244140625,6.251500129699707,3791.5,1177.0,334.29998779296875,73.87999725341797,455.75,635.75,363.75,12.569999694824219,284.6000061035156,4002.0,14.800000190734863,80.61000061035156,253.89999389648438,368.67498779296875,98.75,164.4499969482422,99.2699966430664,1.1621500253677368,0.006300999782979488,1.3321000337600708,0.7271000146865845,1.274649977684021,0.7152500152587891,0.5846499800682068,79065.6796875,103.203125,106.8125,109.171875,110.625,739.1699829101562,83.66000366210938,708.9299926757812,232.17999267578125,81.01000213623047,79.45999908447266,107.86000061035156
2026-05-16,,,,,,,,,,,,,,,,,,,,,,,,,,,,,,,,,,,,,,,,,,,,,,,,,78131.4375,,,,,,,,,,,
2026-05-17,,,,,,,,,,,,,,,,,,,,,,,,,,,,,,,,,,,,,,,,,,,,,,,,,77429.3515625,,,,,,,,,,,
2026-05-18,7425.75,29096.0,49768.0,2782.699951171875,61560.0,5849.0,24307.919921875,17.81999969482422,3.568000078201294,3.819999933242798,4.28000020980835,4.623000144958496,5.146999835968018,108.66000366210938,112.0999984741211,3.0239999294281006,3.760699987411499,4.114500045776367,48.68000030517578,4552.5,77.072998046875,1968.0999755859375,1417.800048828125,6.271999835968018,3850.0,1213.0,334.5,75.62999725341797,477.0,664.5,373.0,12.8149995803833,276.20001220703125,3791.0,14.729999542236328,83.69999694824219,253.375,368.79998779296875,98.5250015258789,160.3000030517578,98.97000122070312,1.1646499633789062,0.0062950002029538155,1.3387000560760498,0.7272499799728394,1.2760000228881836,0.7166000008583069,0.5864499807357788,76954.171875,103.1796875,106.7265625,109.015625,110.375,738.6500244140625,83.55999755859375,705.8800048828125,232.6699981689453,81.45999908447266,79.54000091552734,107.66000366210938
2026-05-19,7378.0,28924.25,49459.0,2753.199951171875,60685.0,5851.16015625,24400.650390625,18.059999465942383,3.575000047683716,3.819999933242798,4.329999923706055,4.666999816894531,5.181000232696533,107.7699966430664,111.27999877929688,3.114000082015991,3.696199893951416,4.162499904632568,47.20000076293945,4506.2998046875,74.8280029296875,1933.800048828125,1360.199951171875,6.164999961853027,3874.0,1209.5,332.29998779296875,75.44000244140625,475.25,667.25,380.5,12.970000267028809,270.1499938964844,3907.0,15.010000228881836,82.33000183105469,254.5500030517578,369.57501220703125,97.92500305175781,154.14999389648438,99.30000305175781,1.1618499755859375,0.006302000023424625,1.3396999835968018,0.7265999913215637,1.2707500457763672,0.7102500200271606,0.5839499831199646,76750.90625,103.12109375,106.53125,108.703125,109.8125,733.72998046875,83.0199966430664,701.530029296875,231.72000122070312,80.7699966430664,79.3499984741211,107.12000274658203
2026-05-20,7451.75,29390.5,50094.0,2821.0,61535.0,5976.06982421875,24737.240234375,17.440000534057617,3.556999921798706,3.819999933242798,4.224999904632568,4.572000026702881,5.116000175476074,98.26000213623047,105.0199966430664,3.003999948501587,3.4874000549316406,3.9470999240875244,48.040000915527344,4531.2998046875,75.85099792480469,1949.800048828125,1373.800048828125,6.290500164031982,3910.75,1199.75,330.8999938964844,74.66000366210938,465.75,660.5,362.5,12.925000190734863,268.29998779296875,3889.0,14.729999542236328,81.5999984741211,253.27499389648438,370.7250061035156,97.2750015258789,156.9499969482422,99.11000061035156,1.1644999980926514,0.006308999843895435,1.344099998474121,0.7281500101089478,1.2744499444961548,0.7154499888420105,0.5878499746322632,77457.7734375,103.2734375,106.9765625,109.40625,110.875,741.25,83.91000366210938,713.1500244140625,233.8000030517578,82.13999938964844,79.86000061035156,107.94999694824219
2026-05-21,7466.0,29447.25,50379.0,2847.300048828125,62190.0,5960.31982421875,24606.76953125,16.760000228881836,3.5820000171661377,3.819999933242798,4.256999969482422,4.585999965667725,5.111999988555908,96.3499984741211,102.58000183105469,3.0179998874664307,3.3796000480651855,3.8315999507904053,48.86000061035156,4539.7998046875,76.41400146484375,1955.0999755859375,1383.4000244140625,6.256999969482422,3941.0,1194.25,328.3999938964844,73.87000274658203,462.25,647.5,360.5,13.005000114440918,273.3999938964844,3767.0,14.899999618530273,77.9800033569336,249.14999389648438,369.125,95.125,166.60000610351562,99.19000244140625,1.1622999906539917,0.006297999992966652,1.3424999713897705,0.7263000011444092,1.2730000019073486,0.7143999934196472,0.5874000191688538,77539.171875,103.1875,106.8359375,109.234375,110.875,742.719970703125,84.22000122070312,714.510009765625,234.6999969482422,82.58000183105469,79.9000015258789,108.16999816894531
2026-05-22,7491.0,29558.75,50662.0,2872.10009765625,63335.0,6019.4501953125,24888.560546875,16.700000762939453,3.5850000381469727,3.819999933242798,4.25600004196167,4.558000087738037,5.064000129699707,96.5999984741211,103.54000091552734,2.9070000648498535,3.453900098800659,3.8877999782562256,48.959999084472656,4521.0,75.89299774169922,1931.5999755859375,1358.0,6.3420000076293945,3963.5,1196.5,331.8999938964844,73.9800033569336,463.25,646.25,366.0,12.984999656677246,272.3500061035156,3796.0,14.699999809265137,77.41999816894531,249.3000030517578,349.8500061035156,95.75,171.4499969482422,99.31999969482422,1.1624000072479248,0.006295999977737665,1.3446999788284302,0.7247999906539917,1.2776999473571777,0.7135499715805054,0.5862500071525574,75488.2421875,103.125,106.78125,109.25,111.21875,745.6400146484375,84.68000030517578,717.5399780273438,236.32000732421875,82.44000244140625,79.91000366210938,108.37000274658203
2026-05-23,,,,,,,,,,,,,,,,,,,,,,,,,,,,,,,,,,,,,,,,,,,,,,,,,76673.3671875,,,,,,,,,,,
2026-05-24,,,,,,,,,,,,,,,,,,,,,,,,,,,,,,,,,,,,,,,,,,,,,,,,,76981.125,,,,,,,,,,,
2026-05-25,,,,,,,25389.099609375,16.59000015258789,,,,,,,,,,,,,,,,,,,,,,,,,,,,,,,,,,,,,,,,,77279.9296875,,,,,,,,,,,
2026-05-26,7537.0,30073.5,50547.0,2925.0,65640.0,6064.14990234375,25184.890625,17.010000228881836,3.5820000171661377,3.819999933242798,4.183000087738037,4.493000030517578,5.026000022888184,93.88999938964844,99.58000183105469,2.8940000534057617,3.2204999923706055,3.714600086212158,50.86000061035156,4500.39990234375,76.30500030517578,1942.199951171875,1385.800048828125,6.361000061035156,4046.0,1186.0,328.6000061035156,74.36000061035156,457.5,635.5,368.25,13.0,274.0,4169.0,14.539999961853027,77.37000274658203,248.22500610351562,349.45001220703125,96.125,177.10000610351562,99.16999816894531,1.1640000343322754,0.0062870001420378685,1.3444000482559204,0.7246000170707703,1.2754499912261963,0.7165499925613403,0.5839499831199646,75825.734375,103.28125,107.1484375,109.828125,112.1875,750.5900268554688,85.0999984741211,730.280029296875,238.3000030517578,84.08999633789062,80.18000030517578,108.77999877929688
2026-05-27,7540.0,30047.25,50728.0,2924.699951171875,65210.0,6070.5400390625,25177.80078125,16.290000915527344,3.5850000381469727,3.819999933242798,4.177000045776367,4.480999946594238,5.011000156402588,88.68000030517578,94.29000091552734,3.0399999618530273,3.133699893951416,3.5975000858306885,50.15999984741211,4447.5,74.5989990234375,1918.699951171875,1395.5999755859375,6.304999828338623,4195.0,1185.25,330.6000061035156,75.26000213623047,452.5,622.5,377.25,12.805000305175781,269.8500061035156,4140.0,14.140000343322754,76.16000366210938,251.4250030517578,354.625,97.5999984741211,167.10000610351562,99.20999908447266,1.163949966430664,0.0062790000811219215,1.343000054359436,0.7233999967575073,1.2734999656677246,0.7136499881744385,0.5899999737739563,74344.703125,103.3125,107.1953125,109.90625,112.40625,750.4600219726562,85.30000305175781,729.4500122070312,237.92999267578125,83.81999969482422,80.12999725341797,108.93000030517578
2026-05-28,7581.75,30307.0,50743.0,2941.800048828125,65750.0,6055.10986328125,25092.25,15.739999771118164,3.5899999141693115,3.819999933242798,4.159999847412109,4.454999923706055,4.985000133514404,88.9000015258789,93.70999908447266,3.2850000858306885,3.1851999759674072,3.6187000274658203,50.75,4499.2998046875,75.6449966430664,1921.5999755859375,1377.5999755859375,6.395999908447266,3911.25,1194.5,334.1000061035156,76.69999694824219,455.75,624.0,371.0,12.930000305175781,274.25,4099.0,13.930000305175781,76.7699966430664,249.75,353.0249938964844,96.9749984741211,168.64999389648438,99.0199966430664,1.1656500101089478,0.0062870001420378685,1.343999981880188,0.7260500192642212,1.277500033378601,0.7160500288009644,0.5932999849319458,73536.5546875,103.328125,107.28125,110.046875,112.8125,754.5999755859375,85.73999786376953,735.5999755859375,238.02999877929688,83.91999816894531,80.2300033569336,109.26000213623047
2026-05-29,7595.75,30405.25,51077.0,2924.300048828125,66230.0,6050.5400390625,25104.69921875,15.319999694824219,3.5880000591278076,4.008999824523926,4.14900016784668,4.453000068664551,4.993000030517578,87.36000061035156,92.05000305175781,3.2899999618530273,3.126699924468994,3.5373001098632812,50.7599983215332,4560.5,75.61599731445312,1922.199951171875,1361.0,6.359499931335449,3917.75,1186.75,329.79998779296875,77.72000122070312,446.75,610.5,358.75,12.604999542236328,265.6000061035156,3923.0,14.0600004196167,76.1500015258789,248.25,348.42498779296875,95.8499984741211,159.25,98.91000366210938,1.1672999858856201,0.0062870001420378685,1.3460999727249146,0.725350022315979,1.2824000120162964,0.7180500030517578,0.5987499952316284,73372.5234375,103.34765625,107.3203125,110.078125,112.71875,756.47998046875,85.76000213623047,738.3099975585938,237.9600067138672,84.0,80.30999755859375,109.36000061035156
2026-05-30,,,,,,,,,,,,,,,,,,,,,,,,,,,,,,,,,,,,,,,,,,,,,,,,,73754.8359375,,,,,,,,,,,
2026-05-31,,,,,,,,,,,,,,,,,,,,,,,,,,,,,,,,,,,,,,,,,,,,,,,,,73579.6875,,,,,,,,,,,
2026-06-01,7613.25,30566.25,51134.0,2909.699951171875,67300.0,6034.9501953125,25003.0390625,16.049999237060547,3.619999885559082,3.8399999141693115,4.185999870300293,4.474999904632568,4.991000175476074,92.16000366210938,94.9800033569336,3.178999900817871,3.084700107574463,3.639400005340576,50.540000915527344,4475.2001953125,75.00700378417969,1922.4000244140625,1360.5,6.52400016784668,3980.75,1180.75,326.5,79.08999633789062,444.0,608.75,347.25,12.5,260.6000061035156,3895.0,14.449999809265137,76.63999938964844,249.0,351.54998779296875,95.0250015258789,150.0,99.19999694824219,1.163849949836731,0.006266999989748001,1.3457000255584717,0.7228500247001648,1.2734999656677246,0.7160000205039978,0.5939499735832214,71319.7734375,103.28515625,107.1640625,109.859375,112.71875,758.5399780273438,85.47000122070312,742.739990234375,237.4600067138672,84.37999725341797,79.83999633789062,108.93000030517578
2026-06-02,7623.75,30712.75,51400.0,2936.0,67540.0,6107.85009765625,25124.169921875,15.770000457763672,3.618000030517578,3.8399999141693115,4.177000045776367,4.454999923706055,4.9670000076293945,93.76000213623047,96.0,3.1670000553131104,3.1442999839782715,3.698699951171875,53.41999816894531,4489.10009765625,75.31099700927734,1937.4000244140625,1373.0999755859375,6.649499893188477,4054.25,1165.25,326.20001220703125,78.41000366210938,440.5,603.0,335.0,12.65999984741211,259.20001220703125,4108.0,14.380000114440918,77.04000091552734,247.6750030517578,348.42498779296875,95.69999694824219,160.0,99.22000122070312,1.1635500192642212,0.006260000169277191,1.3468999862670898,0.7233499884605408,1.2717499732971191,0.7177000045776367,0.5927500128746033,66703.65625,103.29296875,107.1953125,109.953125,113.03125,759.5700073242188,85.6500015258789,746.1599731445312,239.32000732421875,85.0,79.9000015258789,108.91999816894531
2026-06-03,7571.75,30633.25,50803.0,2895.39990234375,68245.0,6053.56982421875,24795.939453125,16.059999465942383,3.622999906539917,3.8399999141693115,4.214000225067139,4.491000175476074,4.989999771118164,96.0199966430664,97.80999755859375,3.2139999866485596,3.1315999031066895,3.848099946975708,50.38999938964844,4436.7001953125,73.47599792480469,1868.699951171875,1317.0999755859375,6.480999946594238,4026.25,1154.0,320.79998779296875,78.70999908447266,431.5,587.25,326.5,12.529999732971191,253.10000610351562,4072.0,14.239999771118164,76.7300033569336,246.625,342.625,96.05000305175781,168.39999389648438,99.52999877929688,1.1604499816894531,0.006254999898374081,1.3416999578475952,0.7200000286102295,1.2636499404907227,0.7128999829292297,0.5865499973297119,64014.3671875,103.23828125,107.0390625,109.71875,112.59375,754.239990234375,85.30999755859375,744.2100219726562,239.3000030517578,84.16999816894531,79.68000030517578,108.62000274658203
2026-06-04,7601.0,30488.25,51671.0,2939.300048828125,67770.0,6103.330078125,24944.94921875,15.399999618530273,3.619999885559082,3.8399999141693115,4.188000202178955,4.4770002365112305,4.978000164031982,93.04000091552734,95.02999877929688,3.3359999656677246,3.038300037384033,3.673799991607666,50.279998779296875,4475.7998046875,73.77899932861328,1894.0,1318.800048828125,6.511000156402588,3996.75,1129.5,313.70001220703125,76.29000091552734,424.5,581.75,318.5,12.395000457763672,247.14999389648438,3965.0,14.270000457763672,74.88999938964844,249.1750030517578,353.375,95.30000305175781,168.39999389648438,99.41000366210938,1.1619499921798706,0.006254000123590231,1.3423999547958374,0.7197999954223633,1.2682499885559082,0.7135499715805054,0.5871999859809875,63801.57421875,103.296875,107.15625,109.84375,112.78125,757.0900268554688,85.5,740.6099853515625,241.02999877929688,84.30000305175781,79.83000183105469,108.8499984741211
2026-06-05,7400.5,29026.5,50936.0,2834.800048828125,64015.0,6062.06982421875,24759.05078125,21.510000228881836,3.625,3.8399999141693115,4.28000020980835,4.535999774932861,4.999000072479248,90.54000091552734,93.08999633789062,3.2290000915527344,3.0459001064300537,3.587399959564209,45.310001373291016,4337.10009765625,68.94300079345703,1792.0,1247.0999755859375,6.263500213623047,3950.25,1121.5,308.5,74.12000274658203,417.5,580.0,312.5,12.395000457763672,246.5,3762.0,14.140000343322754,73.75,250.0749969482422,353.8999938964844,94.30000305175781,159.39999389648438,100.06999969482422,1.152750015258789,0.006248000077903271,1.3336000442504883,0.7171499729156494,1.2569500207901,0.7042499780654907,0.5798500180244446,60922.66796875,103.09765625,106.7578125,109.34375,112.25,737.5499877929688,85.05999755859375,705.0599975585938,236.4199981689453,81.12999725341797,79.43000030517578,108.16999816894531
2026-06-06,,,,,,,,,,,,,,,,,,,,,,,,,,,,,,,,,,,,,,,,,,,,,,,,,60867.4140625,,,,,,,,,,,
2026-06-07,,,,,,,,,,,,,,,,,,,,,,,,,,,,,,,,,,,,,,,,,,,,,,,,,63239.51953125,,,,,,,,,,,
2026-06-08,7416.0,29454.75,50856.0,2859.5,65570.0,6062.2900390625,24616.220703125,18.920000076293945,3.628000020980835,3.8399999141693115,4.281000137329102,4.552000045776367,5.02400016784668,91.30000305175781,94.25,3.1470000743865967,3.0706000328063965,3.599900007247925,45.91999816894531,4335.89990234375,68.42500305175781,1749.4000244140625,1200.9000244140625,6.329500198364258,3953.5,1115.75,302.70001220703125,74.55999755859375,418.75,583.25,312.25,12.470000267028809,245.89999389648438,3831.0,14.119999885559082,73.38999938964844,246.52499389648438,350.70001220703125,94.0250015258789,160.60000610351562,100.05000305175781,1.1532000303268433,0.00624299980700016,1.333799958229065,0.7167500257492065,1.2541999816894531,0.7043499946594238,0.5810999870300293,63090.58984375,103.10546875,106.7578125,109.296875,112.0,739.219970703125,84.62000274658203,716.0700073242188,237.27000427246094,81.86000061035156,79.54000091552734,108.05999755859375
2026-06-09,7392.75,29117.0,50909.0,2868.300048828125,64525.0,6049.740234375,24433.060546875,19.8700008392334,3.634999990463257,3.8399999141693115,4.252999782562256,4.5279998779296875,5.011000156402588,88.19999694824219,91.44999694824219,3.140000104904175,3.0211000442504883,3.541800022125244,44.119998931884766,4260.0,65.09400177001953,1708.5999755859375,1213.5999755859375,6.302499771118164,3881.5,1113.75,301.1000061035156,74.91000366210938,419.5,585.25,313.75,12.390000343322754,244.39999389648438,3831.0,14.079999923706055,71.26000213623047,248.02499389648438,354.1499938964844,93.57499694824219,170.35000610351562,99.91000366210938,1.1553000211715698,0.006238999776542187,1.3387000560760498,0.7168999910354614,1.25409996509552,0.7031999826431274,0.5821999907493591,61643.78125,103.15625,106.8828125,109.484375,112.28125,737.0499877929688,85.12000274658203,707.8300170898438,238.1699981689453,81.94999694824219,79.62000274658203,108.41000366210938
2026-06-10,7278.5,28554.0,49990.0,2838.800048828125,63335.0,6009.9501953125,24195.310546875,22.219999313354492,3.634999990463257,3.8399999141693115,4.263999938964844,4.541999816894531,5.025000095367432,90.02999877929688,93.0999984741211,3.184999942779541,3.1098999977111816,3.612600088119507,42.349998474121094,4108.2001953125,64.5989990234375,1688.0,1230.800048828125,6.249000072479248,3779.75,1123.0,301.8999938964844,75.33000183105469,419.0,587.5,318.5,12.324999809265137,248.39999389648438,3757.0,13.920000076293945,71.0999984741211,250.10000610351562,354.375,93.17500305175781,166.8000030517578,99.94999694824219,1.1550999879837036,0.0062339999713003635,1.3379000425338745,0.7177000045776367,1.2516499757766724,0.7009000182151794,0.5810499787330627,61449.2890625,103.1484375,106.8515625,109.40625,112.0625,725.4299926757812,84.87999725341797,693.6900024414062,235.24000549316406,80.7699966430664,79.47000122070312,108.16000366210938
2026-06-11,7396.0,29464.75,50875.0,2922.10009765625,66270.0,6056.9599609375,24209.7109375,19.440000534057617,3.622999906539917,3.8399999141693115,4.190000057220459,4.4629998207092285,4.951000213623047,87.70999908447266,90.37999725341797,3.0869998931884766,3.1013998985290527,3.5130999088287354,44.83000183105469,4090.300048828125,63.8849983215332,1662.5999755859375,1234.5999755859375,6.258999824523926,3794.5,1115.0,301.70001220703125,74.44999694824219,411.75,586.75,315.5,12.204999923706055,253.9499969482422,3710.0,13.789999961853027,72.48999786376953,251.47500610351562,359.6499938964844,92.7750015258789,165.8000030517578,99.86000061035156,1.1559499502182007,0.0062489998526871204,1.3398000001907349,0.7154499888420105,1.2550499439239502,0.7028999924659729,0.5819000005722046,63561.0546875,103.2421875,107.1484375,109.9375,113.1875,737.760009765625,85.9800033569336,717.1199951171875,239.77999877929688,83.45999908447266,79.94000244140625,109.08000183105469
2026-06-12,7435.0,29662.0,51227.0,2947.0,67335.0,6187.6298828125,24635.30078125,17.68000030517578,3.618000030517578,3.8399999141693115,4.2129998207092285,4.486999988555908,4.974999904632568,84.87999725341797,87.33000183105469,3.119999885559082,3.049799919128418,3.404400110244751,45.52000045776367,4215.0,67.85900115966797,1709.199951171875,1276.199951171875,6.430500030517578,3858.75,1113.5,301.29998779296875,74.27999877929688,412.75,584.5,306.0,12.039999961853027,257.20001220703125,3779.0,13.699999809265137,72.94000244140625,249.875,357.42498779296875,92.5250015258789,163.3000030517578,99.75,1.1575000286102295,0.0062420000322163105,1.3415000438690186,0.715399980545044,1.2552499771118164,0.7047500014305115,0.5833500027656555,63543.19921875,103.234375,107.0625,109.78125,112.875,741.75,85.7699966430664,721.3400268554688,242.1300048828125,83.79000091552734,79.94000244140625,109.01000213623047
2026-06-13,,,,,,,,,,,,,,,,,,,,,,,,,,,,,,,,,,,,,,,,,,,,,,,,,64421.32421875,,,,,,,,,,,
2026-06-14,,,,,,,,,,,,,,,,,,,,,,,,,,,,,,,,,,,,,,,,,,,,,,,,,65710.3984375,,,,,,,,,,,
2026-06-15,7561.25,30559.25,51742.0,2968.199951171875,69850.0,6229.43017578125,24894.009765625,16.200000762939453,3.618000030517578,3.8399999141693115,4.188000202178955,4.468999862670898,4.9710001945495605,80.75,83.16999816894531,3.1470000743865967,2.947200059890747,3.2664999961853027,48.060001373291016,4328.0,70.06600189208984,1770.0,1346.800048828125,6.482500076293945,3696.0,1119.25,302.0,74.37000274658203,415.5,589.75,297.0,11.8100004196167,262.95001220703125,3882.0,13.680000305175781,73.43000030517578,250.625,361.54998779296875,96.57499694824219,154.6999969482422,99.62999725341797,1.1614500284194946,0.006248000077903271,1.3437000513076782,0.7149500250816345,1.2616499662399292,0.7074499726295471,0.5842000246047974,66289.5,103.265625,107.1640625,109.90625,113.0625,754.8300170898438,85.72000122070312,744.0,243.77999877929688,85.0199966430664,80.04000091552734,108.98999786376953
2026-06-16,7518.5,29995.0,52044.0,2942.800048828125,69250.0,6257.419921875,24910.41015625,16.40999984741211,3.630000114440918,3.8559999465942383,4.151000022888184,4.427999973297119,4.927999973297119,76.05000305175781,78.95999908447266,3.239000082015991,2.880500078201294,3.1702001094818115,47.869998931884766,4330.89990234375,69.89900207519531,1812.0999755859375,1355.9000244140625,6.488999843597412,3691.0,1130.0,304.79998779296875,72.91999816894531,413.75,596.0,304.5,11.84000015258789,277.25,4142.0,13.819999694824219,75.01000213623047,255.3000030517578,366.875,94.80000305175781,147.64999389648438,99.54000091552734,1.162350058555603,0.006246000062674284,1.3428000211715698,0.7144500017166138,1.2730499505996704,0.706849992275238,0.5852000117301941,65600.640625,103.3125,107.3125,110.1875,113.65625,750.3300170898438,86.19000244140625,729.8599853515625,242.9600067138672,84.70999908447266,80.02999877929688,109.12000274658203
2026-06-17,7424.5,29687.5,51519.0,2919.60009765625,69970.0,6300.06982421875,24934.669921875,18.440000534057617,3.6470000743865967,3.8559999465942383,4.229000091552734,4.4629998207092285,4.926000118255615,76.79000091552734,79.55000305175781,3.1449999809265137,2.909600019454956,3.1946001052856445,47.099998474121094,4358.89990234375,70.69599914550781,1790.699951171875,1349.0999755859375,6.481500148773193,3719.0,1132.0,304.79998779296875,71.54000091552734,421.0,612.75,306.5,11.930000305175781,277.8500061035156,4144.0,13.850000381469727,76.9000015258789,255.72500610351562,367.42498779296875,94.6500015258789,148.85000610351562,100.08999633789062,1.1549999713897705,0.0062420000322163105,1.3336000442504883,0.7114999890327454,1.2661499977111816,0.7038999795913696,0.5801500082015991,64418.4453125,103.09375,106.96875,109.8125,113.53125,740.9600219726562,86.33000183105469,722.510009765625,240.3800048828125,84.30999755859375,79.7300033569336,108.7699966430664
2026-06-18,7508.43017578125,30263.349609375,51962.0,2960.72998046875,72135.0,6323.27001953125,25026.80078125,16.399999618530273,3.6579999923706055,3.8559999465942383,4.224999904632568,4.451000213623047,4.901000022888184,76.5999984741211,79.8499984741211,3.2330000400543213,2.9948999881744385,3.1273000240325928,47.779998779296875,4224.10009765625,66.25499725341797,1705.199951171875,1274.5,6.374499797821045,3693.75,1122.75,301.29998779296875,69.69000244140625,417.5,605.75,313.25,12.204999923706055,275.1000061035156,4143.0,13.59000015258789,76.05000305175781,254.8000030517578,366.6000061035156,95.0250015258789,158.5,100.8499984741211,1.1470999717712402,0.0061969999223947525,1.3203999996185303,0.7079499959945679,1.253849983215332,0.701200008392334,0.5769500136375427,62896.47265625,103.0703125,106.9921875,109.921875,113.84375,746.739990234375,86.75,740.6199951171875,242.17999267578125,84.91999816894531,80.01000213623047,109.06999969482422
2026-06-19,,,,,,6293.1298828125,24985.8203125,,,,,,,,,,,,,,,,,,,,,,,,,,,,,,,,,,,,,,,,,,63540.8359375,,,,,,,,,,,
2026-06-20,,,,,,,,,,,,,,,,,,,,,,,,,,,,,,,,,,,,,,,,,,,,,,,,,64239.67578125,,,,,,,,,,,
2026-06-21,,,,,,,,,,,,,,,,,,,,,,,,,,,,,,,,,,,,,,,,,,,,,,,,,63237.5390625,,,,,,,,,,,
2026-06-22,7541.25,30653.5,52119.0,3024.10009765625,73205.0,6311.31982421875,25139.689453125,17.280000686645508,3.680000066757202,3.8399999141693115,4.2870001792907715,4.508999824523926,4.947000026702881,74.81999969482422,77.9000015258789,3.253000020980835,2.986999988555908,3.093100070953369,46.79999923706055,4181.89990234375,65.5270004272461,1670.300048828125,1257.0999755859375,6.356500148773193,3860.75,1115.75,299.79998779296875,71.1500015258789,411.5,597.5,303.75,12.475000381469727,277.0,4525.0,13.350000381469727,75.20999908447266,255.8249969482422,370.42498779296875,94.6500015258789,154.60000610351562,101.0199966430664,1.1432499885559082,0.0062060002237558365,1.3241000175476074,0.7070000171661377,1.24714994430542,0.6997500061988831,0.572700023651123,63952.10546875,102.96875,106.71875,109.234375,112.6875,744.3900146484375,86.08999633789062,737.9500122070312,243.52999877929688,85.2300033569336,79.94000244140625,108.77999877929688
2026-06-23,7437.5,29666.0,52082.0,2998.199951171875,69250.0,6230.5498046875,24893.580078125,19.489999771118164,3.690000057220459,3.8510000705718994,4.261000156402588,4.493000030517578,4.940000057220459,73.20999908447266,77.08000183105469,3.1470000743865967,2.9590001106262207,3.154599905014038,45.58000183105469,4129.89990234375,62.02000045776367,1660.9000244140625,1230.699951171875,6.140999794006348,3738.75,1117.0,302.8999938964844,70.58999633789062,409.75,586.75,302.0,12.895000457763672,287.95001220703125,4545.0,13.420000076293945,73.95999908447266,255.14999389648438,368.1499938964844,94.2249984741211,149.10000610351562,101.41000366210938,1.138800024986267,0.006198999937623739,1.3187999725341797,0.7041500210762024,1.2458000183105469,0.6908000111579895,0.5680500268936157,62668.01953125,103.0625,106.859375,109.375,112.8125,733.5800170898438,86.19999694824219,713.6500244140625,240.9499969482422,82.62000274658203,79.87000274658203,108.91000366210938
2026-06-24,7428.25,29514.25,52279.0,3013.5,69565.0,6214.7001953125,24740.359375,18.6299991607666,3.690000057220459,3.8510000705718994,4.176000118255615,4.4019999504089355,4.855999946594238,70.33999633789062,73.73999786376953,3.2209999561309814,2.8817999362945557,3.1761999130249023,44.720001220703125,3990.300048828125,58.051998138427734,1580.5999755859375,1161.300048828125,5.942999839782715,3585.75,1108.75,303.6000061035156,69.45999908447266,407.0,585.75,282.75,12.925000190734863,291.54998779296875,4902.0,13.420000076293945,72.08999633789062,256.0,372.92498779296875,93.8499984741211,139.10000610351562,101.61000061035156,1.1363500356674194,0.006190999876707792,1.316100001335144,0.7030500173568726,1.2419500350952148,0.6882500052452087,0.5654000043869019,60995.1328125,103.1640625,107.2109375,110.0,114.09375,733.239990234375,87.37999725341797,710.6199951171875,241.0,82.5199966430664,79.8499984741211,109.41000366210938
2026-06-25,7423.25,29724.75,52339.0,3030.699951171875,71330.0,6267.52978515625,24994.830078125,18.889999389648438,3.680000066757202,3.8510000705718994,4.163000106811523,4.392000198364258,4.857999801635742,71.91999816894531,75.26000213623047,3.3429999351501465,3.0272998809814453,3.2981998920440674,43.91999816894531,4030.5,58.347999572753906,1601.699951171875,1180.199951171875,6.070499897003174,3649.75,1127.5,308.20001220703125,70.80999755859375,414.75,591.0,273.75,12.975000381469727,288.79998779296875,5159.0,13.550000190734863,73.4000015258789,257.3999938964844,373.29998779296875,92.69999694824219,133.35000610351562,101.43000030517578,1.138100028038025,0.0061900001019239426,1.3198000192642212,0.7049000263214111,1.245650053024292,0.6912999749183655,0.5663999915122986,59721.67578125,103.1875,107.28125,110.09375,114.09375,734.2999877929688,87.3499984741211,716.3800048828125,244.41000366210938,83.29000091552734,79.87999725341797,109.5
2026-06-26,7401.75,29368.25,52209.0,3022.60009765625,69820.0,6221.5498046875,24671.220703125,18.40999984741211,3.6630001068115234,3.8559999465942383,4.130000114440918,4.372000217437744,4.863999843597412,69.2300033569336,71.98999786376953,3.2309999465942383,2.9570999145507812,3.208199977874756,43.59000015258789,4078.699951171875,59.21699905395508,1630.9000244140625,1209.0,6.141499996185303,3697.5,1126.25,307.0,71.30000305175781,412.75,578.25,276.75,13.100000381469727,286.75,5014.0,13.979999542236328,71.66000366210938,257.45001220703125,369.8500061035156,92.92500305175781,140.89999389648438,101.36000061035156,1.1393500566482544,0.006190999876707792,1.3200000524520874,0.7050999999046326,1.2455999851226807,0.6892499923706055,0.5652499794960022,60016.4296875,103.23046875,107.40625,110.265625,114.15625,728.989990234375,87.36000061035156,706.52001953125,242.75999450683594,82.66999816894531,79.83000183105469,109.5
2026-06-27,,,,,,,,,,,,,,,,,,,,,,,,,,,,,,,,,,,,,,,,,,,,,,,,,59940.09765625,,,,,,,,,,,
2026-06-28,,,,,,,,,,,,,,,,,,,,,,,,,,,,,,,,,,,,,,,,,,,,,,,,,59532.33984375,,,,,,,,,,,
2026-06-29,7500.25,30052.75,52572.0,3030.60009765625,70945.0,6231.6298828125,24626.890625,17.649999618530273,3.680000066757202,3.8559999465942383,4.144000053405762,4.374000072479248,4.860000133514404,70.75,73.1500015258789,3.180999994277954,3.0613999366760254,3.331700086593628,43.93000030517578,4022.300048828125,58.17499923706055,1574.5,1210.4000244140625,6.097499847412109,3393.0,1108.75,304.70001220703125,69.06999969482422,402.0,569.5,259.75,13.21500015258789,291.1000061035156,4895.0,14.289999961853027,72.0,257.3999938964844,367.4750061035156,93.82499694824219,141.75,101.11000061035156,1.1432000398635864,0.006180999800562859,1.325700044631958,0.7045000195503235,1.2488499879837036,0.6888499855995178,0.5667499899864197,60138.37890625,103.203125,107.3359375,110.1875,114.15625,741.0,87.44999694824219,724.0800170898438,242.75,83.22000122070312,80.01000213623047,109.69999694824219
2026-06-30,7548.25,30523.5,52670.0,3045.60009765625,71340.0,6328.08984375,24995.810546875,16.450000762939453,3.7320001125335693,4.130000114440918,4.185999870300293,4.418000221252441,4.9019999504089355,69.5,72.91999816894531,3.2750000953674316,3.014400005340576,3.316800117492676,43.70000076293945,4022.89990234375,59.47700119018555,1550.199951171875,1200.0,6.192500114440918,3435.25,1116.75,304.70001220703125,66.73999786376953,412.75,580.75,264.25,12.819999694824219,311.20001220703125,5002.0,14.34000015258789,72.22000122070312,258.20001220703125,364.6000061035156,94.32499694824219,172.75,101.19000244140625,1.1426500082015991,0.006155999843031168,1.3255000114440918,0.7044500112533569,1.2475500106811523,0.6919000148773193,0.5694000124931335,58558.859375,103.19921875,107.2265625,109.890625,113.5,746.77001953125,86.41999816894531,736.4000244140625,242.42999267578125,83.75,79.97000122070312,109.06999969482422
2026-07-01,7543.5,30094.25,52668.0,3035.10009765625,69795.0,6282.5,25040.279296875,16.59000015258789,3.700000047683716,3.8959999084472656,4.23199987411499,4.474999904632568,4.966000080108643,68.58000183105469,71.56999969482422,3.2200000286102295,2.945199966430664,3.217900037765503,43.18000030517578,4068.300048828125,60.084999084472656,1588.9000244140625,1212.800048828125,6.123499870300293,3384.0,1126.25,306.6000061035156,67.0199966430664,421.0,592.0,271.5,12.864999771118164,324.29998779296875,5006.0,14.989999771118164,73.27999877929688,241.8249969482422,364.1499938964844,93.3499984741211,174.89999389648438,101.38999938964844,1.138550043106079,0.006159000098705292,1.3279000520706177,0.7038499712944031,1.2459499835968018,0.6894500255584717,0.5685999989509583,60003.7578125,103.01953125,106.8671875,109.578125,112.65625,745.760009765625,85.5199966430664,725.1699829101562,243.8800048828125,82.72000122070312,79.58999633789062,108.45999908447266
2026-07-02,7528.25,29556.0,53183.0,3014.199951171875,68420.0,6360.47021484375,25580.880859375,16.149999618530273,3.6679999828338623,3.8959999084472656,4.230000019073486,4.485000133514404,4.985000133514404,68.69000244140625,71.80000305175781,3.196000099182129,2.91729998588562,3.1821999549865723,43.22999954223633,4112.7001953125,60.643001556396484,1616.5999755859375,1261.9000244140625,6.114500045776367,3415.75,1131.75,307.70001220703125,66.94999694824219,425.0,590.5,285.75,12.805000305175781,315.6499938964844,4949.0,14.850000381469727,72.56999969482422,239.22500610351562,360.625,93.8499984741211,174.0,100.86000061035156,1.1436500549316406,0.006213999819010496,1.3349000215530396,0.7054499983787537,1.2541999816894531,0.6919000148773193,0.5709999799728394,61485.30078125,103.0859375,106.921875,109.578125,112.4375,744.780029296875,85.51000213623047,712.5999755859375,246.80999755859375,82.9800033569336,79.70999908447266,108.63999938964844
2026-07-03,,,,,,6412.68017578125,25779.310546875,,,,,,,,,,,,,,,,,,,,,,,,,,,,,,,,,,,,,,,,,,62544.19921875,,,,,,,,,,,
2026-07-04,,,,,,,,,,,,,,,,,,,,,,,,,,,,,,,,,,,,,,,,,,,,,,,,,63088.3046875,,,,,,,,,,,
2026-07-05,,,,,,,,,,,,,,,,,,,,,,,,,,,,,,,,,,,,,,,,,,,,,,,,,63547.8828125,,,,,,,,,,,
2026-07-06,7591.5,29941.0,53372.0,3027.0,70325.0,6398.009765625,25817.890625,15.569999694824219,3.690000057220459,3.8959999084472656,4.210999965667725,4.479000091552734,4.993000030517578,68.55000305175781,71.98999786376953,3.244999885559082,3.0032999515533447,3.2983999252319336,43.880001068115234,4155.10009765625,61.91999816894531,1631.699951171875,1260.4000244140625,6.177999973297119,3478.25,1182.25,315.0,68.1500015258789,440.75,606.0,289.25,12.800000190734863,363.95001220703125,5602.0,15.220000267028809,73.94999694824219,239.10000610351562,360.5,93.3499984741211,182.75,100.8499984741211,1.1446499824523926,0.006175999995321035,1.3394999504089355,0.7040500044822693,1.2517999410629272,0.6956999897956848,0.5716999769210815,63995.015625,103.10546875,106.984375,109.640625,112.375,751.280029296875,85.44999694824219,722.8200073242188,247.24000549316406,84.30999755859375,79.87000274658203,108.66999816894531
2026-07-07,7551.25,29391.5,53197.0,2998.800048828125,67845.0,6319.85986328125,25465.25,16.1299991607666,3.7249999046325684,3.9100000858306885,4.256999969482422,4.5289998054504395,5.043000221252441,70.44000244140625,74.16000366210938,3.265000104904175,2.953900098800659,3.3017001152038574,41.75,4145.2998046875,60.930999755859375,1651.199951171875,1270.5999755859375,6.171500205993652,3503.75,1196.75,318.3999938964844,68.79000091552734,442.5,609.25,294.0,13.21500015258789,331.6000061035156,5667.0,15.140000343322754,76.94000244140625,238.4250030517578,360.6499938964844,93.44999694824219,162.10000610351562,101.13999938964844,1.1421500444412231,0.006178999785333872,1.336400032043457,0.7046999931335449,1.247499942779541,0.6933000087738037,0.5695499777793884,63297.39453125,103.02734375,106.7890625,109.328125,111.65625,747.7100219726562,84.55000305175781,709.4299926757812,247.74000549316406,82.94000244140625,79.76000213623047,107.87999725341797
2026-07-08,7528.75,29468.5,52624.0,2971.5,67865.0,6204.91015625,24897.44921875,16.899999618530273,3.7230000495910645,3.9210000038146973,4.308000087738037,4.568999767303467,5.065000057220459,73.5199966430664,78.0199966430664,3.2119998931884766,3.1033999919891357,3.6575000286102295,41.65999984741211,4070.89990234375,58.16400146484375,1576.4000244140625,1213.4000244140625,6.054500102996826,3435.25,1195.0,314.5,71.38999938964844,434.75,599.5,298.75,13.140000343322754,324.25,5959.0,15.109999656677246,76.20999908447266,237.625,362.04998779296875,94.5,158.25,101.05000305175781,1.1427500247955322,0.006157000083476305,1.340000033378601,0.7059500217437744,1.2473000288009644,0.6935499906539917,0.5718500018119812,62257.57421875,102.953125,106.5625,109.0,111.21875,745.4000244140625,84.36000061035156,711.4400024414062,245.1999969482422,82.68000030517578,79.66000366210938,107.66999816894531
2026-07-09,7588.75,29937.0,52761.0,3008.39990234375,69085.0,6284.27001953125,25118.26953125,15.84000015258789,3.681999921798706,3.938999891281128,4.269000053405762,4.539000034332275,5.052999973297119,72.08000183105469,76.30000305175781,3.01200008392334,3.0387001037597656,3.5715999603271484,42.349998474121094,4130.60009765625,60.37799835205078,1618.800048828125,1243.9000244140625,6.215000152587891,3489.0,1179.75,319.5,70.44999694824219,427.75,611.25,295.25,13.4350004196167,356.95001220703125,6309.0,15.119999885559082,76.16000366210938,235.25,356.1499938964844,94.32499694824219,149.89999389648438,100.94000244140625,1.143399953842163,0.0061610001139342785,1.341599941253662,0.7059999704360962,1.2484999895095825,0.6942499876022339,0.5769500136375427,63193.1484375,103.02734375,106.7421875,109.265625,111.4375,751.7100219726562,84.48999786376953,723.280029296875,246.3800048828125,83.16999816894531,79.75,107.70999908447266
2026-07-10,7620.25,30032.25,52906.0,2994.0,69320.0,6269.97021484375,25067.08984375,15.029999732971191,3.694999933242798,3.9579999446868896,4.308000087738037,4.568999767303467,5.071000099182129,71.41000366210938,76.01000213623047,2.940000057220459,2.984600067138672,3.553299903869629,42.970001220703125,4104.10009765625,59.808998107910156,1618.0999755859375,1266.300048828125,6.233500003814697,3409.75,1196.5,323.1000061035156,70.86000061035156,438.0,632.0,301.25,13.345000267028809,343.0,5919.0,14.880000114440918,79.91999816894531,235.1999969482422,354.6000061035156,94.7750015258789,147.85000610351562,100.97000122070312,1.1416499614715576,0.006184999831020832,1.339900016784668,0.7066500186920166,1.2454999685287476,0.6952000260353088,0.5775499939918518,64127.140625,102.94140625,106.5546875,109.03125,111.15625,754.9500122070312,84.47000122070312,725.510009765625,246.83999633789062,83.5,79.70999908447266,107.45999908447266
2026-07-11,,,,,,,,,,,,,,,,,,,,,,,,,,,,,,,,,,,,,,,,,,,,,,,,,63802.02734375,,,,,,,,,,,
2026-07-12,,,,,,,,,,,,,,,,,,,,,,,,,,,,,,,,,,,,,,,,,,,,,,,,,63758.21875,,,,,,,,,,,
2026-07-13,7563.0,29475.75,52764.0,2970.39990234375,67430.0,6271.02001953125,25114.25,17.15999984741211,3.7279999256134033,3.9649999141693115,4.36299991607666,4.609000205993652,5.0980000495910645,78.13999938964844,83.30000305175781,2.8970000743865967,3.166300058364868,3.8236000537872314,40.720001220703125,3997.0,57.63399887084961,1602.199951171875,1242.699951171875,6.232999801635742,3428.0,1202.0,316.79998779296875,73.04000091552734,437.75,627.0,301.0,13.170000076293945,341.3999938964844,5696.0,14.75,79.83000183105469,234.72500610351562,354.3500061035156,94.7750015258789,142.5500030517578,101.27999877929688,1.141450047492981,0.006163000129163265,1.3380000591278076,0.7067499756813049,1.236799955368042,0.6936500072479248,0.5764999985694885,62239.12109375,102.84375,106.328125,108.703125,110.71875,749.1699829101562,83.97000122070312,711.739990234375,247.6199951171875,82.0,79.5199966430664,106.95999908447266
2026-07-14,7591.25,29790.25,52791.0,2979.89990234375,68240.0,6280.18994140625,25147.029296875,16.5,3.700000047683716,3.9660000801086426,4.321000099182129,4.585000038146973,5.093999862670898,79.33999633789062,84.7300033569336,2.9040000438690186,3.227299928665161,4.0142998695373535,41.54999923706055,4061.10009765625,58.77199935913086,1631.5,1298.5999755859375,6.329999923706055,3448.0,1207.25,319.6000061035156,73.04000091552734,433.75,631.25,292.5,13.149999618530273,337.20001220703125,5660.0,14.880000114440918,79.5999984741211,231.4250030517578,348.79998779296875,95.0999984741211,140.25,100.94000244140625,1.1439499855041504,0.006182000041007996,1.3381999731063843,0.7112500071525574,1.2442500591278076,0.6970499753952026,0.582099974155426,64956.11328125,102.97265625,106.515625,108.921875,110.90625,751.8300170898438,84.08000183105469,719.6900024414062,246.3699951171875,82.8499984741211,79.68000030517578,107.20999908447266
2026-07-15,7614.75,29693.25,52900.0,2991.800048828125,67845.0,6265.580078125,24999.529296875,15.670000076293945,3.687999963760376,3.9609999656677246,4.255000114440918,4.545000076293945,5.083000183105469,79.5999984741211,84.94999694824219,2.9240000247955322,3.3008999824523926,3.9482998847961426,40.900001525878906,4044.0,57.11000061035156,1631.5,1283.199951171875,6.293499946594238,3455.5,1202.25,318.8999938964844,72.91999816894531,447.5,677.5,354.75,13.930000305175781,334.45001220703125,5737.0,14.850000381469727,80.55999755859375,230.125,349.95001220703125,95.17500305175781,138.85000610351562,100.5,1.1482000350952148,0.006186999846249819,1.353700041770935,0.7131999731063843,1.2510000467300415,0.7005000114440918,0.5863000154495239,64712.375,103.09765625,106.8046875,109.296875,111.21875,754.8099975585938,84.23999786376953,717.739990234375,247.27999877929688,83.12999725341797,79.80999755859375,107.58000183105469
2026-07-16,7577.75,29225.75,52786.0,2990.699951171875,66080.0,6283.60986328125,24915.490234375,16.729999542236328,3.697000026702881,3.986999988555908,4.2820000648498535,4.568999767303467,5.0980000495910645,78.94999694824219,84.2300033569336,2.8580000400543213,3.2846999168395996,4.030700206756592,39.11000061035156,3985.60009765625,55.89799880981445,1635.699951171875,1263.5,6.296000003814697,3485.5,1195.0,322.8999938964844,72.43000030517578,441.5,674.75,345.5,14.020000457763672,321.29998779296875,5216.0,14.4399995803833,77.69000244140625,227.0749969482422,346.6000061035156,100.2750015258789,133.8000030517578,100.7300033569336,1.1452000141143799,0.006171999964863062,1.347100019454956,0.7128499746322632,1.2440500259399414,0.699150025844574,0.5852500200271606,63789.28125,103.0390625,106.6796875,109.140625,111.0,750.719970703125,84.20999908447266,705.9400024414062,249.4600067138672,82.22000122070312,79.80000305175781,107.5
2026-07-17,7497.75,28773.25,52375.0,2973.5,65200.0,6230.8701171875,24830.98046875,18.770000457763672,3.7070000171661377,3.996999979019165,4.2729997634887695,4.540999889373779,5.064000129699707,82.48999786376953,88.0999984741211,2.9110000133514404,3.392699956893921,4.064599990844727,38.72999954223633,4012.699951171875,56.03799819946289,1605.800048828125,1244.0,6.21999979019165,3529.0,1204.5,320.20001220703125,74.80999755859375,444.75,682.75,342.25,14.010000228881836,328.45001220703125,5533.0,14.829999923706055,77.06999969482422,224.4250030517578,345.95001220703125,101.6500015258789,138.1999969482422,100.75,1.1448999643325806,0.0061690001748502254,1.3454999923706055,0.7146499752998352,1.2460999488830566,0.697950005531311,0.5852500200271606,63899.4609375,103.01171875,106.7109375,109.265625,111.40625,743.2899780273438,84.5199966430664,695.3300170898438,248.02999877929688,81.56999969482422,79.6500015258789,107.55999755859375
2026-07-18,,,,,,,,,,,,,,,,,,,,,,,,,,,,,,,,,,,,,,,,,,,,,,,,,64796.6015625,,,,,,,,,,,
2026-07-19,,,,,,,,,,,,,,,,,,,,,,,,,,,,,,,,,,,,,,,,,,,,,,,,,64690.8046875,,,,,,,,,,,
2026-07-20,7484.25,28778.75,52073.0,2955.199951171875,65170.0,6227.39990234375,24846.689453125,18.649999618530273,3.7049999237060547,4.013999938964844,4.328000068664551,4.5980000495910645,5.118000030517578,83.2300033569336,89.22000122070312,2.859999895095825,3.3889999389648438,4.11899995803833,38.66999816894531,4010.300048828125,56.801998138427734,1592.199951171875,1261.0,6.298999786376953,3532.75,1226.0,323.5,74.68000030517578,449.5,674.0,342.0,14.0,334.3999938964844,5520.0,14.819999694824219,77.37000274658203,226.52499389648438,352.0,101.2750015258789,147.39999389648438,100.98999786376953,1.1427500247955322,0.006167000159621239,1.3436000347137451,0.7121000289916992,1.2421000003814697,0.6998500227928162,0.5852000117301941,65230.02734375,102.9375,106.4765625,108.859375,110.625,742.0900268554688,83.88999938964844,696.0599975585938,246.9600067138672,81.25,79.68000030517578,107.1500015258789
2026-07-21,7545.75,29316.0,52443.0,2997.0,67235.0,6285.6298828125,25011.349609375,17.049999237060547,3.7300000190734863,4.0269999504089355,4.369999885559082,4.627999782562256,5.130000114440918,84.91000366210938,91.01000213623047,2.865000009536743,3.405900001525879,4.1265997886657715,40.25,4071.10009765625,58.834999084472656,1626.0999755859375,1279.5,6.511000156402588,3579.25,1219.5,326.70001220703125,74.30000305175781,452.75,678.0,333.25,14.210000038146973,331.95001220703125,5607.0,14.880000114440918,78.95999908447266,226.6750030517578,349.54998779296875,101.5,143.8000030517578,101.18000030517578,1.1414999961853027,0.006140999961644411,1.3380000591278076,0.7096999883651733,1.2375500202178955,0.7002000212669373,0.5839999914169312,66505.125,102.859375,106.3125,108.640625,110.375,748.280029296875,83.66000366210938,708.969970703125,247.44000244140625,82.62999725341797,79.6500015258789,106.8499984741211
2026-07-22,7540.25,29181.25,52449.0,2969.800048828125,66450.0,6316.990234375,25155.41015625,16.639999389648438,3.744999885559082,4.0329999923706055,4.4070000648498535,4.6570000648498535,5.146999835968018,86.83000183105469,94.06999969482422,2.924999952316284,3.4147000312805176,4.148799896240234,40.970001220703125,4146.89990234375,60.01900100708008,1643.199951171875,1302.9000244140625,6.451000213623047,3559.5,1233.0,331.6000061035156,75.4800033569336,462.0,705.75,338.75,14.305000305175781,316.6499938964844,5328.0,14.739999771118164,79.87000274658203,223.1999969482422,341.17498779296875,101.44999694824219,150.3000030517578,101.13999938964844,1.142300009727478,0.006142999976873398,1.337399959564209,0.7107499837875366,1.2347999811172485,0.699150025844574,0.5824000239372253,66100.796875,102.78515625,106.140625,108.421875,110.03125,747.4099731445312,83.44000244140625,705.3499755859375,247.52000427246094,82.66000366210938,79.5199966430664,106.66999816894531
2026-07-23,7445.0,28620.75,51894.0,2951.699951171875,65440.0,6210.169921875,24763.119140625,18.700000762939453,3.799999952316284,4.034999847412109,4.460999965667725,4.703000068664551,5.171000003814697,92.19000244140625,100.69000244140625,2.9159998893737793,3.4964001178741455,4.341599941253662,41.130001068115234,4046.60009765625,57.79800033569336,1599.0999755859375,1255.300048828125,6.304999828338623,3564.5,1237.5,329.8999938964844,75.58999633789062,464.0,696.25,332.5,14.130000114440918,309.3999938964844,5301.0,14.6899995803833,79.83999633789062,225.39999389648438,343.7749938964844,102.1500015258789,146.8000030517578,101.43000030517578,1.138700008392334,0.00611699977889657,1.3315999507904053,0.7111999988555908,1.2309000492095947,0.6963499784469604,0.5778499841690063,65044.8125,102.6796875,105.9140625,108.09375,109.46875,738.1799926757812,83.16999816894531,691.9600219726562,246.17999267578125,81.80999755859375,79.2300033569336,106.26000213623047
2026-07-24,7447.5,28282.25,52124.0,2941.300048828125,64440.0,6280.93994140625,25099.0,18.579999923706055,3.805000066757202,4.051000118255615,4.426000118255615,4.678999900817871,5.1620001792907715,89.30999755859375,96.77999877929688,2.871000051498413,3.395900011062622,4.180600166320801,39.88999938964844,4067.60009765625,58.65599822998047,1593.4000244140625,1246.699951171875,6.320000171661377,3528.0,1248.0,331.29998779296875,74.33000183105469,464.25,678.0,328.25,13.975000381469727,313.79998779296875,5376.0,14.770000457763672,78.55000305175781,227.0749969482422,345.32501220703125,102.8499984741211,141.75,101.47000122070312,1.1380000114440918,0.006113999988883734,1.3324999809265137,0.710099995136261,1.228950023651123,0.6980000138282776,0.5798500180244446,64098.49609375,102.73828125,106.078125,108.328125,109.71875,738.9299926757812,83.25,684.22998046875,248.24000549316406,81.62000274658203,79.2300033569336,106.2300033569336
2026-07-25,,,,,,,,,,,,,,,,,,,,,,,,,,,,,,,,,,,,,,,,,,,,,,,,,64311.8125,,,,,,,,,,,
2026-07-26,,,,,,,,,,,,,,,,,,,,,,,,,,,,,,,,,,,,,,,,,,,,,,,,,65340.30078125,,,,,,,,,,,
2026-07-27,7448.25,28190.0,52382.0,2960.0,64100.0,6282.2099609375,25361.029296875,18.670000076293945,3.796999931335449,4.061999797821045,4.396999835968018,4.640999794006348,5.125,82.61000061035156,88.36000061035156,2.7669999599456787,3.3273000717163086,4.111599922180176,40.31999969482422,4074.5,58.47200012207031,1620.5999755859375,1289.5999755859375,6.339000225067139,3542.0,1208.5,320.79998779296875,71.45999908447266,451.75,660.0,314.75,13.645000457763672,324.54998779296875,5100.0,14.579999923706055,79.33999633789062,225.22500610351562,338.25,102.9749984741211,141.4499969482422,101.51000213623047,1.1377500295639038,0.0061160000041127205,1.3287999629974365,0.7086499929428101,1.2275500297546387,0.6985999941825867,0.5783500075340271,63724.8984375,102.765625,106.203125,108.578125,110.28125,739.0900268554688,83.75,682.1199951171875,249.74000549316406,82.01000213623047,79.2699966430664,106.51000213623047
2026-07-28,7465.25,27922.0,52944.0,2964.5,62595.0,6289.509765625,25464.009765625,18.209999084472656,3.759999990463257,4.085999965667725,4.361000061035156,4.604000091552734,5.0960001945495605,79.26000213623047,84.08999633789062,2.6619999408721924,3.3345000743865967,4.150899887084961,38.95000076293945,4036.300048828125,57.29600143432617,1612.199951171875,1266.5,6.322000026702881,3491.0,1212.0,320.29998779296875,70.76000213623047,458.5,662.5,313.75,13.65999984741211,339.3999938964844,5201.0,14.550000190734863,79.20999908447266,227.47500610351562,343.07501220703125,103.0999984741211,136.85000610351562,101.37999725341797,1.1397000551223755,0.006113000214099884,1.3288999795913696,0.7095999717712402,1.2273999452590942,0.6973000168800354,0.5797500014305115,63871.36328125,102.8515625,106.3671875,108.8125,110.78125,740.8599853515625,84.23999786376953,675.489990234375,252.0399932861328,81.55000305175781,79.41999816894531,106.83000183105469
2026-07-29,7351.25,27342.0,51765.0,2915.39990234375,61345.0,6248.83984375,25460.48046875,20.65999984741211,3.6579999923706055,4.085999965667725,4.3520002365112305,4.622000217437744,5.14300012588501,84.45999908447266,90.73999786376953,2.7249999046325684,3.3977999687194824,4.370100021362305,37.52000045776367,4034.699951171875,57.862998962402344,1590.0999755859375,1245.699951171875,6.273499965667725,3455.0,1178.0,315.29998779296875,69.16999816894531,449.0,660.75,312.75,13.510000228881836,325.79998779296875,5185.0,14.5,78.0199966430664,227.89999389648438,344.2749938964844,100.67500305175781,137.9499969482422,100.80000305175781,1.146049976348877,0.006132000125944614,1.336300015449524,0.7128499746322632,1.233299970626831,0.6980500221252441,0.5827999711036682,63908.16796875,102.9140625,106.421875,108.78125,110.28125,729.4600219726562,82.8499984741211,661.72998046875,249.52000427246094,80.62999725341797,79.23999786376953,106.22000122070312
2026-07-30,7472.5,28237.75,52380.0,2954.300048828125,63765.0,6344.39990234375,25612.029296875,17.09000015258789,3.674999952316284,4.130000114440918,4.375,4.663000106811523,5.208000183105469,83.58999633789062,89.02999877929688,2.757999897003174,3.2846999168395996,4.209400177001953,39.720001220703125,4100.10009765625,58.814998626708984,1651.9000244140625,1302.199951171875,6.444499969482422,3365.75,1177.25,314.1000061035156,68.3499984741211,445.75,663.5,312.0,13.765000343322754,323.04998779296875,5112.0,14.430000305175781,79.41000366210938,231.22500610351562,346.4750061035156,98.42500305175781,146.0,100.01000213623047,1.1541999578475952,0.006300999782979488,1.347499966621399,0.715149998664856,1.249650001525879,0.702750027179718,0.588949978351593,64725.30859375,102.921875,106.328125,108.546875,109.40625,741.6900024414062,82.80000305175781,683.5499877929688,250.7100067138672,83.02999877929688,79.47000122070312,106.41000366210938
2026-07-31,7519.25,28404.25,52635.0,2938.0,63330.0,6358.009765625,25629.240234375,15.989999771118164,3.681999921798706,4.288000106811523,4.460000038146973,4.744999885559082,5.275000095367432,84.66999816894531,90.12000274658203,2.746999979019165,3.22160005569458,4.121500015258789,39.06999969482422,4049.10009765625,57.590999603271484,1650.300048828125,1275.5999755859375,6.435999870300293,3334.75,1172.0,312.20001220703125,67.12000274658203,440.75,639.25,310.25,13.960000038146973,332.1000061035156,5397.0,14.65999984741211,80.5,231.75,348.0249938964844,98.8499984741211,154.9499969482422,99.80000305175781,1.1536999940872192,0.006300999782979488,1.3481999635696411,0.7138000130653381,1.2430000305175781,0.7035499811172485,0.5897499918937683,62813.74609375,102.8046875,105.9765625,108.0,108.3125,747.030029296875,82.25,687.989990234375,251.82000732421875,82.8499984741211,79.4800033569336,106.25
2026-08-01,,,,,,,,,,,,,,,,,,,,,,,,,,,,,,,,,,,,,,,,,,,,,,,,,62763.3203125,,,,,,,,,,,
2026-08-02,,,,,,,,,,,,,,,,,,,,,,,,,,,,,,,,,,,,,,,,,,,,,,,,,63482.0,,,,,,,,,,,
2026-08-03,7628.25,28891.75,53334.0,2989.300048828125,63450.0,6426.5,26001.310546875,15.859999656677246,3.700000047683716,4.150000095367432,4.400000095367432,4.685999870300293,5.230999946594238,80.33999633789062,83.7699966430664,2.7809998989105225,2.9667000770568848,3.87719988822937,40.810001373291016,4033.699951171875,57.66699981689453,1618.0,1250.9000244140625,6.513999938964844,3405.25,1168.75,313.3999938964844,68.69000244140625,449.25,651.0,316.0,14.175000190734863,319.5,5939.0,15.010000228881836,81.3499984741211,231.10000610351562,347.82501220703125,97.5250015258789,158.35000610351562,99.95999908447266,1.1520500183105469,0.006388000212609768,1.343000054359436,0.7124500274658203,1.2400000095367432,0.6996999979019165,0.5877500176429749,63460.8984375,102.87890625,106.2265625,108.421875,109.09375,757.6699829101562,82.19000244140625,700.0700073242188,254.24000549316406,83.22000122070312,79.30999755859375,106.11000061035156
2026-08-04,7765.5,29863.5,54268.0,3044.699951171875,65515.0,6486.7001953125,26202.349609375,16.5,3.7300000190734863,4.150000095367432,4.333000183105469,4.626999855041504,5.190000057220459,75.7699966430664,79.36000061035156,2.681999921798706,2.8522000312805176,3.7704999446868896,42.4900016784668,4095.39990234375,60.055999755859375,1747.300048828125,1355.300048828125,6.618500232696533,3382.75,1155.0,310.6000061035156,68.18000030517578,442.25,638.5,312.5,13.96500015258789,324.1000061035156,5924.0,15.039999961853027,81.12999725341797,231.9499969482422,351.20001220703125,97.8499984741211,159.6999969482422,99.88999938964844,1.1538000106811523,0.00634999992325902,1.3451000452041626,0.7113500237464905,1.2410999536514282,0.7043499946594238,0.5899999737739563,64055.953125,102.9921875,106.515625,108.84375,109.84375,771.3300170898438,82.81999969482422,723.8499755859375,256.6300048828125,84.58000183105469,79.55000305175781,106.76000213623047
2026-08-05,7749.5,29615.0,54494.0,3025.39990234375,65770.0,6476.97998046875,26126.30078125,15.8100004196167,3.7249999046325684,4.150000095367432,4.323999881744385,4.617000102996826,5.173999786376953,75.22000122070312,79.44999694824219,2.687999963760376,2.8387999534606934,3.7962000370025635,42.88999938964844,4245.7998046875,62.0989990234375,1737.4000244140625,1364.699951171875,6.703000068664551,3366.0,1151.5,309.29998779296875,67.75,436.75,642.25,316.5,14.055000305175781,326.8999938964844,5882.0,15.149999618530273,81.83999633789062,234.1750030517578,353.32501220703125,96.5999984741211,157.6999969482422,99.69000244140625,1.1559499502182007,0.00634900014847517,1.347000002861023,0.7142999768257141,1.2446000576019287,0.7059500217437744,0.5896999835968018,64597.5,103.0234375,106.546875,108.890625,109.96875,769.7899780273438,83.0,717.2999877929688,256.1300048828125,84.56999969482422,79.5199966430664,106.73999786376953
2026-08-06,7734.75,29488.25,54013.0,3009.10009765625,65660.0,6502.56005859375,26140.130859375,15.149999618530273,3.7320001125335693,4.150000095367432,4.388999938964844,4.670000076293945,5.2129998207092285,77.29000091552734,82.48999786376953,2.640000104904175,2.938499927520752,3.881999969482422,43.20000076293945,4242.0,61.43899917602539,1729.0,1372.9000244140625,6.686999797821045,3365.0,1157.25,310.70001220703125,67.69999694824219,439.0,631.25,309.75,14.1850004196167,321.6499938964844,5776.0,15.569999694824219,81.95999908447266,231.22500610351562,348.04998779296875,95.5,151.39999389648438,99.97000122070312,1.1527999639511108,0.006320999935269356,1.3458000421524048,0.713949978351593,1.2361500263214111,0.703249990940094,0.5878499746322632,64262.11328125,102.90234375,106.265625,108.5,109.34375,768.5599975585938,82.5199966430664,714.6500244140625,256.1199951171875,84.37000274658203,79.45999908447266,106.36000061035156
2026-08-07,7779.75,29834.75,54152.0,3041.60009765625,66345.0,6523.85986328125,26319.44921875,14.899999618530273,3.7100000381469727,4.170000076293945,4.361999988555908,4.659999847412109,5.210999965667725,78.18000030517578,83.55000305175781,2.6619999408721924,2.985300064086914,3.902400016784668,44.90999984741211,4340.7001953125,63.332000732421875,1750.0999755859375,1374.0999755859375,6.570499897003174,3359.0,1156.5,308.1000061035156,68.16000366210938,439.0,639.75,310.75,14.229999542236328,335.54998779296875,5782.0,16.450000762939453,83.22000122070312,231.6999969482422,351.6499938964844,95.5,142.5500030517578,99.5999984741211,1.1568000316619873,0.006351000163704157,1.350000023841858,0.7178000211715698,1.2430000305175781,0.7067000269889832,0.5902000069618225,64880.19140625,102.9765625,106.3984375,108.640625,109.375,773.260009765625,82.76000213623047,723.030029296875,257.55999755859375,85.22000122070312,79.61000061035156,106.55000305175781
2026-08-08,,,,,,,,,,,,,,,,,,,,,,,,,,,,,,,,,,,,,,,,,,,,,,,,,64904.6875,,,,,,,,,,,
2026-08-09,,,,,,,,,,,,,,,,,,,,,,,,,,,,,,,,,,,,,,,,,,,,,,,,,64844.88671875,,,,,,,,,,,
2026-08-10,7776.75,29737.0,54063.0,3025.0,66755.0,6535.6201171875,26323.880859375,15.460000038146973,3.7179999351501465,4.170000076293945,4.40500020980835,4.698999881744385,5.243000030517578,82.12999725341797,87.72000122070312,2.7939999103546143,3.1354000568389893,4.189799785614014,44.380001068115234,4361.7998046875,65.10600280761719,1744.5,1377.199951171875,6.5945000648498535,3420.5,1157.75,303.70001220703125,69.45999908447266,438.25,640.5,324.0,14.024999618530273,332.29998779296875,5821.0,16.469999313354492,82.72000122070312,233.27499389648438,350.75,95.69999694824219,141.85000610351562,99.80999755859375,1.1545499563217163,0.006283999886363745,1.3509999513626099,0.7174999713897705,1.2389500141143799,0.7056000232696533,0.5888500213623047,63910.5859375,102.91796875,106.21875,108.375,108.90625,773.030029296875,82.05999755859375,720.8699951171875,258.30999755859375,84.83000183105469,79.4800033569336,105.95999908447266
2026-08-11,7747.5,29626.0,53880.0,3035.5,67100.0,6551.22021484375,26391.419921875,15.279999732971191,3.7300000190734863,4.170000076293945,4.385000228881836,4.684000015258789,5.236000061035156,83.19999694824219,88.91000366210938,2.7669999599456787,3.1366000175476074,4.252500057220459,45.16999816894531,4383.0,64.76899719238281,1745.800048828125,1366.0999755859375,6.611999988555908,3470.0,1147.5,303.3999938964844,68.44999694824219,436.75,630.25,322.75,13.920000076293945,335.75,5543.0,16.729999542236328,83.08999633789062,232.75,350.17498779296875,95.875,139.1999969482422,99.81999969482422,1.1542999744415283,0.006281999871134758,1.3503999710083008,0.7186499834060669,1.2372499704360962,0.7057999968528748,0.5885499715805054,63551.875,102.95703125,106.3203125,108.484375,109.09375,770.5599975585938,82.19000244140625,718.4500122070312,257.9200134277344,84.91999816894531,79.51000213623047,105.98999786376953
2026-08-12,7770.5,29853.25,53871.0,3052.800048828125,68545.0,6533.990234375,26331.0703125,14.550000190734863,3.7070000171661377,4.170000076293945,4.375,4.682000160217285,5.247000217437744,83.2699966430664,88.9800033569336,2.803999900817871,3.153700113296509,4.303999900817871,45.20000076293945,4408.89990234375,65.55500030517578,1761.0999755859375,1370.199951171875,6.5970001220703125,3423.0,1164.75,311.0,68.95999908447266,457.0,652.75,323.25,13.914999961853027,340.1000061035156,5619.0,16.420000076293945,83.20999908447266,230.5749969482422,346.3500061035156,95.67500305175781,138.25,100.01000213623047,1.1523000001907349,0.006271999794989824,1.3487999439239502,0.7172499895095825,1.2332500219345093,0.7060999870300293,0.5861999988555908,63402.43359375,102.9921875,106.3671875,108.546875,109.03125,772.489990234375,82.11000061035156,723.7000122070312,257.7699890136719,85.54000091552734,79.61000061035156,106.12000274658203
2026-08-13,7822.5,30188.5,53935.0,3060.199951171875,69200.0,6545.47021484375,26299.740234375,14.630000114440918,3.7049999237060547,4.170000076293945,4.313000202178955,4.640999794006348,5.2129998207092285,81.25,87.06999969482422,2.7269999980926514,3.128000020980835,4.2505998611450195,45.25,4363.60009765625,64.87300109863281,1725.199951171875,1322.5999755859375,6.59250020980835,3391.0,1168.25,309.8999938964844,68.66999816894531,448.0,652.75,316.5,14.194999694824219,333.1000061035156,5648.0,16.81999969482422,82.36000061035156,226.22500610351562,342.82501220703125,95.4749984741211,139.5500030517578,99.95999908447266,1.152999997138977,0.0062699997797608376,1.3483999967575073,0.7177500128746033,1.2325999736785889,0.7057499885559082,0.5853999853134155,63402.171875,103.109375,106.6328125,108.921875,109.65625,777.8800048828125,82.58999633789062,732.0700073242188,258.70001220703125,85.70999908447266,79.79000091552734,106.55000305175781
2026-08-14,7805.0,30141.75,53807.0,3074.89990234375,68735.0,6539.58984375,26440.310546875,14.25,3.697000026702881,4.170000076293945,4.361999988555908,4.696000099182129,5.264999866485596,82.4000015258789,88.5199966430664,2.7330000400543213,3.1840999126434326,4.282899856567383,44.93000030517578,4380.39990234375,64.98799896240234,1750.0,1322.5,6.5995001792907715,3355.5,1173.75,308.70001220703125,69.05000305175781,459.0,674.75,323.75,13.979999542236328,338.1000061035156,5734.0,16.600000381469727,83.5999984741211,223.625,340.82501220703125,95.4000015258789,145.0500030517578,99.66999816894531,1.156599998474121,0.006275000050663948,1.3533999919891357,0.7207000255584717,1.2337499856948853,0.7081999778747559,0.5893499851226807,62975.59375,103.0546875,106.4296875,108.578125,108.84375,776.3400268554688,82.04000091552734,731.0700073242188,258.57000732421875,85.68000030517578,79.70999908447266,106.12000274658203
2026-08-15,,,,,,,,,,,,,,,,,,,,,,,,,,,,,,,,,,,,,,,,,,,,,,,,,63024.3203125,,,,,,,,,,,
2026-08-16,,,,,,,,,,,,,,,,,,,,,,,,,,,,,,,,,,,,,,,,,,,,,,,,,62818.65234375,,,,,,,,,,,
2026-08-17,7768.75,30096.0,53544.0,3064.89990234375,69090.0,6530.4501953125,26338.609375,15.1899995803833,3.703000068664551,4.170000076293945,4.375999927520752,4.723999977111816,5.309000015258789,84.5,90.87000274658203,2.690000057220459,3.2701001167297363,4.437099933624268,45.25,4417.7998046875,66.12100219726562,1781.5,1334.0999755859375,6.604000091552734,3427.25,1201.0,312.1000061035156,71.44000244140625,465.0,674.75,332.25,14.175000190734863,345.1000061035156,6044.0,16.8700008392334,84.06999969482422,224.5500030517578,339.9750061035156,81.7249984741211,146.8000030517578,99.63999938964844,1.1598000526428223,0.006281000096350908,1.356600046157837,0.7207000255584717,1.235949993133545,0.7120000123977661,0.590499997138977,64506.25390625,103.03515625,106.390625,108.453125,108.3125,772.6699829101562,81.3499984741211,729.8699951171875,256.6199951171875,85.8499984741211,79.61000061035156,105.69999694824219
2026-08-18,7714.0,29586.0,53403.0,3026.39990234375,66295.0,6468.169921875,26128.359375,15.84000015258789,3.7049999237060547,4.170000076293945,4.367000102996826,4.705999851226807,5.284999847412109,84.94000244140625,91.0199966430664,2.7760000228881836,3.3017001152038574,4.450099945068359,43.619998931884766,4366.0,63.941001892089844,1726.4000244140625,1291.199951171875,6.482500076293945,3329.5,1200.75,313.0,69.69000244140625,463.25,664.5,331.5,14.244999885559082,363.3999938964844,5905.0,17.469999313354492,84.12000274658203,224.89999389648438,339.2250061035156,80.7249984741211,146.89999389648438,99.6500015258789,1.1588499546051025,0.0062790000811219215,1.3533999919891357,0.7210000157356262,1.2344499826431274,0.7081500291824341,0.5877000093460083,64680.7109375,103.0546875,106.4375,108.5625,108.65625,767.4500122070312,81.66000366210938,717.510009765625,256.7300109863281,84.43000030517578,79.52999877929688,105.83999633789062
2026-08-19,7729.0,29512.75,53530.0,3039.89990234375,65985.0,6444.4599609375,26091.330078125,14.890000343322754,3.700000047683716,4.170000076293945,4.353000164031982,4.6529998779296875,5.193999767303467,85.83000183105469,91.62000274658203,2.813999891281128,3.2551000118255615,4.452300071716309,45.0099983215332,4489.39990234375,65.73400115966797,1802.5999755859375,1331.9000244140625,6.487500190734863,3350.5,1222.25,318.8999938964844,69.86000061035156,473.0,680.25,331.5,14.239999771118164,359.5,6046.0,17.549999237060547,87.0,223.4250030517578,336.8500061035156,81.5,147.10000610351562,98.83000183105469,1.1685500144958496,0.0063299997709691525,1.360700011253357,0.7249500155448914,1.256850004196167,0.711899995803833,0.593999981880188,69266.1875,103.046875,106.4609375,108.78125,109.96875,769.0599975585938,83.0199966430664,716.0800170898438,258.7699890136719,84.95999908447266,79.70999908447266,106.56999969482422
2026-08-20,7662.5,29300.5,52849.0,2999.199951171875,65595.0,6422.06005859375,25983.0390625,16.010000228881836,3.703000068664551,4.170000076293945,4.38700008392334,4.696000099182129,5.236999988555908,87.83000183105469,93.77999877929688,2.7330000400543213,3.2629001140594482,4.480299949645996,43.84000015258789,4516.2998046875,68.0260009765625,1831.0,1336.300048828125,6.460000038146973,3324.25,1220.75,315.70001220703125,71.18000030517578,478.75,682.75,322.25,14.140000343322754,363.6000061035156,6088.0,17.520000457763672,87.0199966430664,223.35000610351562,335.29998779296875,80.2249984741211,151.8000030517578,98.9000015258789,1.1686500310897827,0.0062950002029538155,1.3628000020980835,0.7260000109672546,1.2519999742507935,0.7108500003814697,0.5945000052452087,73032.7578125,103.03515625,106.3515625,108.5,109.46875,762.5999755859375,82.33999633789062,710.9299926757812,256.1700134277344,84.98999786376953,79.55999755859375,106.05999755859375
2026-08-21,7691.25,29387.75,53353.0,3022.10009765625,65930.0,6462.22021484375,26136.560546875,15.130000114440918,3.7100000381469727,4.170000076293945,4.423999786376953,4.73799991607666,5.276000022888184,87.05999755859375,94.38999938964844,2.7730000019073486,3.347899913787842,4.494800090789795,46.06999969482422,4624.10009765625,69.46600341796875,1887.300048828125,1348.5,6.579500198364258,3482.5,1225.0,317.70001220703125,69.3499984741211,483.75,681.5,324.25,14.694999694824219,358.75,5990.0,17.610000610351562,87.06999969482422,223.0500030517578,334.75,80.875,150.8000030517578,98.80000305175781,1.1692999601364136,0.006298999767750502,1.3651000261306763,0.727400004863739,1.2516000270843506,0.7175499796867371,0.5986999869346619,78335.1875,102.953125,106.1953125,108.265625,108.875,765.719970703125,82.05000305175781,713.4400024414062,257.2900085449219,85.69000244140625,79.61000061035156,105.91999816894531
2026-08-22,,,,,,,,,,,,,,,,,,,,,,,,,,,,,,,,,,,,,,,,,,,,,,,,,77083.4140625,,,,,,,,,,,
2026-08-23,,,,,,,,,,,,,,,,,,,,,,,,,,,,,,,,,,,,,,,,,,,,,,,,,77755.265625,,,,,,,,,,,
2026-08-24,7669.75,29105.75,53489.0,3001.60009765625,65380.0,6447.97998046875,26106.599609375,15.850000381469727,3.703000068664551,4.170000076293945,4.4079999923706055,4.703999996185303,5.230999946594238,85.01000213623047,92.16999816894531,2.7820000648498535,3.2708001136779785,4.2677001953125,45.689998626708984,4640.7998046875,68.54100036621094,1880.0999755859375,1361.800048828125,6.598999977111816,3406.0,1216.0,320.29998779296875,67.12999725341797,491.5,681.75,322.25,14.550000190734863,377.75,5820.0,17.649999618530273,87.4800033569336,220.0749969482422,333.57501220703125,81.125,155.89999389648438,99.0,1.167449951171875,0.006291999947279692,1.3631000518798828,0.7226999998092651,1.2488499879837036,0.7145500183105469,0.5960500240325928,78964.484375,102.953125,106.265625,108.453125,109.5,763.469970703125,82.55999755859375,706.3200073242188,258.32000732421875,85.20999908447266,79.69999694824219,106.18000030517578
2026-08-25,7692.0,29276.75,53645.0,3014.39990234375,66060.0,6455.6298828125,26266.140625,15.449999809265137,3.7049999237060547,4.170000076293945,4.35099983215332,4.638999938964844,5.173999786376953,82.36000061035156,88.58000183105469,2.7699999809265137,3.2528998851776123,4.243800163269043,48.13999938964844,4638.10009765625,68.63600158691406,1852.5999755859375,1331.9000244140625,6.709499835968018,3419.25,1228.0,320.29998779296875,67.5199966430664,500.5,685.5,321.0,14.390000343322754,371.3999938964844,5759.0,17.270000457763672,87.08000183105469,218.10000610351562,333.7250061035156,80.44999694824219,150.9499969482422,98.91999816894531,1.1684000492095947,0.006291000172495842,1.3645999431610107,0.7237499952316284,1.2496000528335571,0.715749979019165,0.5976499915122986,78564.9765625,103.01953125,106.4921875,108.859375,110.25,765.9099731445312,83.47000122070312,710.719970703125,258.2699890136719,86.08000183105469,79.91999816894531,106.86000061035156
2026-08-26,7690.0,29289.5,53521.0,3010.10009765625,65975.0,6470.740234375,26285.9609375,15.210000038146973,3.690000057220459,4.170000076293945,4.38100004196167,4.664000034332275,5.185999870300293,82.2300033569336,87.83999633789062,2.8420000076293945,3.3201000690460205,4.260000228881836,48.04999923706055,4598.2001953125,67.98999786376953,1835.699951171875,1325.0999755859375,6.5945000648498535,3343.5,1254.25,328.70001220703125,67.22000122070312,514.0,730.5,333.5,14.835000038146973,357.6000061035156,5817.0,17.59000015258789,87.7699966430664,218.47500610351562,332.75,80.9000015258789,140.9499969482422,99.16999816894531,1.1660499572753906,0.006283000111579895,1.3590999841690063,0.7211999893188477,1.2440500259399414,0.716949999332428,0.5944499969482422,79027.421875,102.98046875,106.3671875,108.65625,110.03125,766.0800170898438,83.30000305175781,711.3699951171875,258.4599914550781,85.76000213623047,79.9000015258789,106.77999877929688
2026-08-27,7742.5,29695.75,53621.0,3019.0,66235.0,6424.72998046875,26367.240234375,14.510000228881836,3.677999973297119,4.170000076293945,4.395999908447266,4.671999931335449,5.190999984741211,83.52999877929688,89.69999694824219,2.9070000648498535,3.384200096130371,4.27869987487793,48.369998931884766,4609.7001953125,69.42900085449219,1845.300048828125,1337.5999755859375,6.586999893188477,3357.5,1256.5,330.20001220703125,68.0,510.25,742.75,334.75,14.845000267028809,341.8999938964844,6155.0,18.190000534057617,91.05999755859375,220.3000030517578,333.75,80.625,137.35000610351562,99.16000366210938,1.1656500101089478,0.006279999855905771,1.3588000535964966,0.7221500277519226,1.2454999685287476,0.7193499803543091,0.5951499938964844,80257.5390625,102.9765625,106.3203125,108.578125,109.96875,771.0999755859375,83.12999725341797,721.1099853515625,257.5799865722656,85.80999755859375,79.87000274658203,106.7300033569336
2026-08-28,7722.0,29491.75,53584.0,2977.5,65775.0,6485.669921875,26569.990234375,14.430000305175781,3.7300000190734863,4.170000076293945,4.480999946594238,4.71999979019165,5.205999851226807,83.4000015258789,89.30999755859375,2.888000011444092,3.4899001121520996,4.3566999435424805,45.56999969482422,4478.10009765625,66.99500274658203,1847.5999755859375,1428.5999755859375,6.561999797821045,3378.25,1276.25,338.20001220703125,70.58999633789062,512.0,767.0,348.75,15.055000305175781,345.8500061035156,6527.0,17.559999465942383,89.91999816894531,219.25,320.8999938964844,81.9000015258789,132.9499969482422,99.69999694824219,1.158750057220459,0.006252000108361244,1.3530000448226929,0.7195500135421753,1.237149953842163,0.7156999707221985,0.5910999774932861,77830.2890625,102.765625,105.921875,108.109375,109.6875,769.3499755859375,82.87999725341797,716.4299926757812,258.3299865722656,85.43000030517578,79.73999786376953,106.3499984741211
2026-08-29,,,,,,,,,,,,,,,,,,,,,,,,,,,,,,,,,,,,,,,,,,,,,,,,,78245.8125,,,,,,,,,,,
2026-08-30,,,,,,,,,,,,,,,,,,,,,,,,,,,,,,,,,,,,,,,,,,,,,,,,,77667.5703125,,,,,,,,,,,
2026-08-31,7699.0,29513.0,53240.0,2958.699951171875,65910.0,6420.16015625,26258.109375,14.920000076293945,3.7320001125335693,4.348999977111816,4.506999969482422,4.757999897003174,5.249000072479248,85.76000213623047,90.48999786376953,2.934999942779541,3.437000036239624,4.495299816131592,45.5099983215332,4431.10009765625,66.22100067138672,1788.4000244140625,1362.9000244140625,6.593500137329102,3376.5,1275.25,334.6000061035156,70.5,515.0,756.5,347.0,15.25,343.8999938964844,6650.0,17.809999465942383,91.69999694824219,220.75,321.45001220703125,83.67500305175781,119.25,99.43000030517578,1.16225004196167,0.006264000199735165,1.3549000024795532,0.7221500277519226,1.239050030708313,0.7163000106811523,0.5917500257492065,78548.6328125,102.765625,105.8359375,107.90625,109.125,767.0499877929688,82.5199966430664,716.760009765625,256.9100036621094,85.25,79.80999755859375,106.20999908447266
2026-09-01,7642.75,29125.5,52828.0,2924.699951171875,64880.0,6368.97998046875,25970.109375,16.34000015258789,3.7720000743865967,4.190000057220459,4.557000160217285,4.796000003814697,5.26800012588501,90.22000122070312,94.6500015258789,2.9040000438690186,3.1350998878479004,4.677299976348877,43.939998626708984,4348.0,64.61799621582031,1761.5,1317.199951171875,6.506499767303467,3413.5,1306.75,342.0,72.37000274658203,521.5,764.0,354.75,15.329999923706055,342.25,6552.0,18.360000610351562,90.01000213623047,212.0749969482422,320.3500061035156,83.6500015258789,127.1500015258789,99.66999816894531,1.1596499681472778,0.0062489998526871204,1.3513000011444092,0.7202000021934509,1.233549952507019,0.7146000266075134,0.5893999934196472,77403.625,102.6875,105.640625,107.625,108.75,761.780029296875,81.87000274658203,707.6400146484375,255.9499969482422,84.6500015258789,79.0999984741211,105.22000122070312
2026-09-02,7676.5,29186.25,53121.0,2958.800048828125,64755.0,6362.14990234375,25839.330078125,15.199999809265137,3.7720000743865967,4.199999809265137,4.552000045776367,4.796000003814697,5.267000198364258,91.01000213623047,95.62999725341797,2.9560000896453857,3.103800058364868,4.682199954986572,44.31999969482422,4366.2998046875,64.7229995727539,1759.800048828125,1346.5999755859375,6.500999927520752,3419.25,1301.75,339.20001220703125,70.5,518.75,754.75,347.5,15.234999656677246,328.3999938964844,6254.0,18.700000762939453,86.37999725341797,210.1750030517578,318.9750061035156,83.7750015258789,131.39999389648438,99.55999755859375,1.15910005569458,0.006297999992966652,1.3486000299453735,0.7228500247001648,1.2310500144958496,0.7166500091552734,0.5846999883651733,77300.4765625,102.703125,105.65625,107.671875,108.78125,765.1599731445312,81.94999694824219,709.239990234375,257.0799865722656,85.12999725341797,79.11000061035156,105.3499984741211
2026-09-03,7754.75,29524.75,53745.0,2969.699951171875,64585.0,6382.58984375,26003.3203125,14.319999694824219,3.740000009536743,4.199999809265137,4.508999824523926,4.76200008392334,5.243000030517578,91.30000305175781,95.5199966430664,2.9130001068115234,3.1349000930786133,4.593599796295166,45.70000076293945,4491.7001953125,66.9729995727539,1828.4000244140625,1425.9000244140625,6.577000141143799,3463.0,1306.25,345.20001220703125,69.5,515.25,736.0,342.5,15.234999656677246,324.3500061035156,6057.0,18.06999969482422,83.36000061035156,214.3000030517578,325.8500061035156,83.44999694824219,137.75,99.0,1.1638000011444092,0.006434999871999025,1.3538000583648682,0.725600004196167,1.2405999898910522,0.720550000667572,0.5885000228881836,81271.7421875,102.796875,105.8515625,107.921875,109.21875,773.1699829101562,82.06999969482422,717.6699829101562,259.3800048828125,85.94999694824219,79.20999908447266,105.5
2026-09-04,7722.0,29565.25,53440.0,2976.60009765625,65820.0,6392.93017578125,26046.400390625,14.529999732971191,3.756999969482422,4.199999809265137,4.550000190734863,4.783999919891357,5.245999813079834,91.4800033569336,96.27999877929688,2.9749999046325684,3.214600086212158,4.540200233459473,46.060001373291016,4429.7998046875,66.0469970703125,1821.0,1390.0999755859375,6.5970001220703125,3439.25,1293.75,345.29998779296875,68.77999877929688,512.0,716.0,343.5,15.380000114440918,324.25,6082.0,18.06999969482422,82.41999816894531,212.9499969482422,324.82501220703125,82.30000305175781,138.14999389648438,99.16000366210938,1.1613999605178833,0.0064050001092255116,1.3514000177383423,0.7228500247001648,1.2352499961853027,0.720300018787384,0.5881999731063843,79671.96875,102.7265625,105.6953125,107.734375,109.21875,770.1900024414062,82.20999908447266,718.9600219726562,257.6300048828125,86.41000366210938,79.16000366210938,105.4800033569336
2026-09-05,,,,,,,,,,,,,,,,,,,,,,,,,,,,,,,,,,,,,,,,,,,,,,,,,79823.8671875,,,,,,,,,,,
2026-09-06,,,,,,,,,,,,,,,,,,,,,,,,,,,,,,,,,,,,,,,,,,,,,,,,,80350.046875,,,,,,,,,,,
2026-09-07,,,,,,6403.990234375,26006.529296875,15.300000190734863,,,,,,,,,,,,,,,,,,,,,,,,,,,,,,,,,,,,,,,,,79115.8515625,,,,,,,,,,,
2026-09-08,7680.5,29538.75,52832.0,2963.60009765625,65160.0,6413.169921875,26007.630859375,15.720000267028809,3.7750000953674316,4.199999809265137,4.572999954223633,4.806000232696533,5.263999938964844,93.02999877929688,97.91999816894531,2.9159998893737793,3.252500057220459,4.567800045013428,47.5,4393.89990234375,66.2969970703125,1848.199951171875,1355.5999755859375,6.738999843597412,3482.5,1302.5,341.79998779296875,70.18000030517578,511.0,730.25,350.25,15.479999542236328,318.45001220703125,5886.0,18.100000381469727,82.63999938964844,217.02499389648438,328.875,84.25,132.60000610351562,98.83999633789062,1.163100004196167,0.006510999985039234,1.354599952697754,0.725849986076355,1.236799955368042,0.7221999764442444,0.5859500169754028,78438.578125,102.6953125,105.59375,107.578125,108.90625,765.9600219726562,82.19999694824219,718.3599853515625,255.52999877929688,86.05999755859375,79.12000274658203,105.4800033569336
2026-09-09,7643.75,29448.75,52425.0,2923.0,64190.0,6311.56005859375,25576.44921875,16.459999084472656,3.805000066757202,4.182000160217285,4.613999843597412,4.836999893188477,5.285999774932861,96.05000305175781,101.20999908447266,2.822000026702881,3.210599899291992,4.801000118255615,46.86000061035156,4416.0,67.94200134277344,1914.4000244140625,1367.300048828125,6.803500175476074,3511.25,1295.25,343.29998779296875,70.01000213623047,507.75,711.25,346.25,15.59000015258789,319.20001220703125,5924.0,18.399999618530273,83.7300033569336,215.85000610351562,329.70001220703125,83.07499694824219,128.35000610351562,98.7699966430664,1.1631499528884888,0.006513000000268221,1.3545000553131104,0.7245500087738037,1.2346999645233154,0.7217000126838684,0.5838000178337097,78259.5234375,102.6484375,105.4375,107.34375,108.6875,762.4000244140625,81.7300033569336,716.3099975585938,254.05999755859375,85.38999938964844,78.9800033569336,105.30999755859375
2026-09-10,7598.5,29135.25,52095.0,2893.39990234375,64010.0,6268.97021484375,25361.150390625,17.84000015258789,3.8450000286102295,4.375,4.732999801635742,4.943999767303467,5.361000061035156,102.4800033569336,107.62999725341797,2.8340001106262207,3.393199920654297,5.057499885559082,45.0,4364.5,64.28399658203125,1797.0999755859375,1281.300048828125,6.4670000076293945,3451.25,1316.0,348.79998779296875,71.27999877929688,514.0,723.25,354.25,15.630000114440918,315.29998779296875,5961.0,18.729999542236328,84.63999938964844,217.8249969482422,332.57501220703125,83.1500015258789,125.75,99.08999633789062,1.1613999605178833,0.00648100022226572,1.3513000011444092,0.7232499718666077,1.2304500341415405,0.7159500122070312,0.5796999931335449,76568.125,102.4296875,104.9609375,106.640625,107.40625,757.8300170898438,80.77999877929688,708.6900024414062,253.3300018310547,84.30000305175781,78.62000274658203,104.36000061035156
2026-09-11,7659.5,29387.0,52585.0,2904.5,64590.0,6325.1298828125,25568.560546875,15.84000015258789,3.9130001068115234,4.380000114440918,4.790999889373779,4.974999904632568,5.354000091552734,100.05000305175781,104.61000061035156,2.8310000896453857,3.3071999549865723,4.9593000411987305,43.529998779296875,4366.2001953125,64.55400085449219,1793.5,1310.9000244140625,6.4695000648498535,3383.0,1280.25,347.0,69.01000213623047,510.25,707.0,356.0,15.600000381469727,284.25,5913.0,18.149999618530273,82.37999725341797,219.6750030517578,332.5,81.5250015258789,144.8000030517578,99.12000274658203,1.159600019454956,0.006506000179797411,1.3524999618530273,0.7213500142097473,1.2246500253677368,0.7173500061035156,0.5813999772071838,77173.796875,102.26953125,104.6875,106.359375,107.28125,764.2899780273438,80.87000274658203,714.8800048828125,255.5800018310547,85.18000030517578,78.5999984741211,104.31999969482422
2026-09-12,,,,,,,,,,,,,,,,,,,,,,,,,,,,,,,,,,,,,,,,,,,,,,,,,77270.46875,,,,,,,,,,,
2026-09-13,7625.0,29013.5,52569.0,2901.0,63405.0,,,,,,,,,103.20999908447266,107.87000274658203,2.8889999389648438,3.1802000999450684,4.884399890899658,,4376.7001953125,64.59500122070312,1804.699951171875,1314.5,6.485499858856201,3433.75,1302.5,353.79998779296875,70.22000122070312,529.5,724.25,382.5,16.059999465942383,,,,,,,,,99.29399871826172,1.1616499423980713,0.00653850007802248,1.3509999513626099,0.7239000201225281,1.2352499961853027,0.7140499949455261,0.5799499750137329,,102.09765625,104.53125,106.125,106.53125,,,,,,,
2026-09-14,,,,,,,,,,,,,,,,,,,,,,,,,,,,,,,,,,,,,,,,,,,,,,,,,77797.078125,,,,,,,,,,,
