theme,category,code,name,market
CMOSセンサー,半導体・電子,6614,シキノＨＴ,東Ｓ
CMOSセンサー,半導体・電子,6702,富士通,東Ｐ
CMOSセンサー,半導体・電子,6752,パナＨＤ,東Ｐ
CMOSセンサー,半導体・電子,6753,シャープ,東Ｐ
CMOSセンサー,半導体・電子,6758,ソニーＧ,東Ｐ
CMOSセンサー,半導体・電子,6771,池上通,東Ｓ
CMOSセンサー,半導体・電子,6965,ホトニクス,東Ｐ
CMOSセンサー,半導体・電子,7725,インターアク,東Ｐ
CMOSセンサー,半導体・電子,7751,キヤノン,東Ｐ
CMOSセンサー,半導体・電子,9687,ＫＳＫ,東Ｓ
EUV,半導体・電子,3446,Ｊテック・Ｃ,東Ｓ
EUV,半導体・電子,4063,信越化,東Ｐ
EUV,半導体・電子,4183,三井化学,東Ｐ
EUV,半導体・電子,4186,東応化,東Ｐ
EUV,半導体・電子,4187,大有機,東Ｐ
EUV,半導体・電子,4401,ＡＤＥＫＡ,東Ｐ
EUV,半導体・電子,4970,東洋合成,東Ｓ
EUV,半導体・電子,5201,ＡＧＣ,東Ｐ
EUV,半導体・電子,6920,レーザーテク,東Ｐ
EUV,半導体・電子,6925,ウシオ電,東Ｐ
EUV,半導体・電子,6951,日電子,東Ｐ
EUV,半導体・電子,7731,ニコン,東Ｐ
EUV,半導体・電子,7741,ＨＯＹＡ,東Ｐ
EUV,半導体・電子,7826,フルヤ金属,東Ｐ
EUV,半導体・電子,7911,ＴＯＰＰＡＮ,東Ｐ
EUV,半導体・電子,7912,大日印,東Ｐ
LEDディスプレー,半導体・電子,2469,ヒビノ,東Ｓ
LEDディスプレー,半導体・電子,5216,倉元,東Ｓ
LEDディスプレー,半導体・電子,5801,古河電,東Ｐ
LEDディスプレー,半導体・電子,5906,エムケー精工,東Ｓ
LEDディスプレー,半導体・電子,6701,ＮＥＣ,東Ｐ
LEDディスプレー,半導体・電子,6753,シャープ,東Ｐ
LEDディスプレー,半導体・電子,6923,スタンレー,東Ｐ
LEDディスプレー,半導体・電子,6963,ローム,東Ｐ
LEDディスプレー,半導体・電子,7282,豊田合,東Ｐ
LEDディスプレー,半導体・電子,7836,アビックス,東Ｓ
その他半導体関連,半導体・電子,2146,ＵＴ,東Ｐ
その他半導体関連,半導体・電子,3841,ジーダット,東Ｓ
その他半導体関連,半導体・電子,6291,エアーテック,東Ｓ
その他半導体関連,半導体・電子,6613,ＱＤレーザ,東Ｇ
その他半導体関連,半導体・電子,6870,フェンオール,東Ｓ
その他半導体関連,半導体・電子,7487,小津産業,東Ｓ
その他半導体関連,半導体・電子,7721,東京計器,東Ｐ
その他半導体関連,半導体・電子,7970,信越ポリ,東Ｐ
その他半導体関連,半導体・電子,8081,カナデン,東Ｐ
その他半導体関連,半導体・電子,8137,サンワテク,東Ｐ
その他半導体関連,半導体・電子,9739,ＮＳＷ,東Ｐ
その他有機EL関連,半導体・電子,8137,サンワテク,東Ｐ
その他液晶関連,半導体・電子,2146,ＵＴ,東Ｐ
その他液晶関連,半導体・電子,3841,ジーダット,東Ｓ
その他液晶関連,半導体・電子,8137,サンワテク,東Ｐ
コンデンサー,半導体・電子,3004,神栄,東Ｓ
コンデンサー,半導体・電子,3891,高度紙,東Ｓ
コンデンサー,半導体・電子,4471,三洋化,東Ｐ
コンデンサー,半導体・電子,6524,湖北工業,東Ｓ
コンデンサー,半導体・電子,6762,ＴＤＫ,東Ｐ
コンデンサー,半導体・電子,6926,ＯＫＡＹＡ,東Ｓ
コンデンサー,半導体・電子,6969,松尾電,東Ｓ
コンデンサー,半導体・電子,6971,京セラ,東Ｐ
コンデンサー,半導体・電子,6976,太陽誘電,東Ｐ
コンデンサー,半導体・電子,6981,村田製,東Ｐ
コンデンサー,半導体・電子,6994,指月電,東Ｓ
コンデンサー,半導体・電子,6996,ニチコン,東Ｐ
コンデンサー,半導体・電子,6997,日ケミコン,東Ｐ
シリコンウエハー,半導体・電子,2962,テクニスコ,東Ｓ
シリコンウエハー,半導体・電子,3436,ＳＵＭＣＯ,東Ｐ
シリコンウエハー,半導体・電子,3445,ＲＳテクノ,東Ｐ
シリコンウエハー,半導体・電子,4043,トクヤマ,東Ｐ
シリコンウエハー,半導体・電子,4063,信越化,東Ｐ
シリコンウエハー,半導体・電子,4238,ミライアル,東Ｓ
シリコンウエハー,半導体・電子,4275,カーリット,東Ｐ
シリコンウエハー,半導体・電子,4368,扶桑化学,東Ｐ
シリコンウエハー,半導体・電子,5185,フコク,東Ｐ
シリコンウエハー,半導体・電子,5216,倉元,東Ｓ
シリコンウエハー,半導体・電子,5381,マイポックス,東Ｓ
シリコンウエハー,半導体・電子,5384,フジミインコ,東Ｐ
シリコンウエハー,半導体・電子,5711,三菱マ,東Ｐ
シリコンウエハー,半導体・電子,6125,岡本工,東Ｓ
シリコンウエハー,半導体・電子,6338,タカトリ,東Ｓ
シリコンウエハー,半導体・電子,6479,ミネベア,東Ｐ
シリコンウエハー,半導体・電子,6627,テラプローブ,東Ｓ
シリコンウエハー,半導体・電子,6890,フェローテク,東Ｓ
シリコンウエハー,半導体・電子,7609,ダイトロン,東Ｐ
シリコンウエハー,半導体・電子,7970,信越ポリ,東Ｐ
シリコンウエハー,半導体・電子,7995,バルカー,東Ｐ
シリコンウエハー,半導体・電子,8101,クレオス,東Ｐ
セラミックコンデンサー,半導体・電子,3101,東洋紡,東Ｐ
セラミックコンデンサー,半導体・電子,4028,石原産,東Ｐ
セラミックコンデンサー,半導体・電子,4082,稀元素,東Ｐ
セラミックコンデンサー,半導体・電子,4100,戸田工,東Ｓ
セラミックコンデンサー,半導体・電子,5331,ノリタケ,東Ｐ
セラミックコンデンサー,半導体・電子,5367,ニッカトー,東Ｓ
セラミックコンデンサー,半導体・電子,6762,ＴＤＫ,東Ｐ
セラミックコンデンサー,半導体・電子,6971,京セラ,東Ｐ
セラミックコンデンサー,半導体・電子,6976,太陽誘電,東Ｐ
セラミックコンデンサー,半導体・電子,6981,村田製,東Ｐ
セラミックコンデンサー,半導体・電子,6997,日ケミコン,東Ｐ
センサー,半導体・電子,2676,高千穂交易,東Ｐ
センサー,半導体・電子,2962,テクニスコ,東Ｓ
センサー,半導体・電子,3004,神栄,東Ｓ
センサー,半導体・電子,3040,ソリトン,東Ｐ
センサー,半導体・電子,3131,シンデンハイ,東Ｓ
センサー,半導体・電子,3176,三洋貿易,東Ｐ
センサー,半導体・電子,3407,旭化成,東Ｐ
センサー,半導体・電子,3987,エコモット,東Ｇ
センサー,半導体・電子,4082,稀元素,東Ｐ
センサー,半導体・電子,4425,Ｋｕｄａｎ,東Ｇ
センサー,半導体・電子,4902,コニカミノル,東Ｐ
センサー,半導体・電子,5334,特殊陶,東Ｐ
センサー,半導体・電子,5363,ＴＹＫ,東Ｓ
センサー,半導体・電子,5367,ニッカトー,東Ｓ
センサー,半導体・電子,5482,愛知鋼,東Ｐ
センサー,半導体・電子,5801,古河電,東Ｐ
センサー,半導体・電子,5803,フジクラ,東Ｐ
センサー,半導体・電子,5973,トーアミ,東Ｓ
センサー,半導体・電子,5985,サンコール,東Ｓ
センサー,半導体・電子,6265,コンバム,東Ｓ
センサー,半導体・電子,6273,ＳＭＣ,東Ｐ
センサー,半導体・電子,6278,ユニオンツル,東Ｐ
センサー,半導体・電子,6324,ハーモニック,東Ｐ
センサー,半導体・電子,6339,新東工,東Ｐ
センサー,半導体・電子,6387,サムコ,東Ｐ
センサー,半導体・電子,6479,ミネベア,東Ｐ
センサー,半導体・電子,6594,ニデック,東Ｐ
センサー,半導体・電子,6613,ＱＤレーザ,東Ｇ
センサー,半導体・電子,6616,ＴＯＲＥＸ,東Ｐ
センサー,半導体・電子,6626,ＳＥＭＴＥＣ,東Ｓ
センサー,半導体・電子,6645,オムロン,東Ｐ
センサー,半導体・電子,6652,ＩＤＥＣ,東Ｐ
センサー,半導体・電子,6655,東洋電機,名Ｍ
センサー,半導体・電子,6662,ユビテック,東Ｓ
センサー,半導体・電子,6707,サンケン,東Ｐ
センサー,半導体・電子,6721,ウインテスト,東Ｓ
センサー,半導体・電子,6724,エプソン,東Ｐ
センサー,半導体・電子,6740,Ｊディスプレ,東Ｐ
センサー,半導体・電子,6753,シャープ,東Ｐ
センサー,半導体・電子,6762,ＴＤＫ,東Ｐ
センサー,半導体・電子,6763,帝通工,東Ｐ
センサー,半導体・電子,6770,アルプスアル,東Ｐ
センサー,半導体・電子,6772,コスモス,東Ｓ
センサー,半導体・電子,6779,日電波,東Ｐ
センサー,半導体・電子,6807,航空電子,東Ｐ
センサー,半導体・電子,6824,新コスモス,東Ｓ
センサー,半導体・電子,6832,アオイ電子,東Ｓ
センサー,半導体・電子,6834,精工技研,東Ｓ
センサー,半導体・電子,6850,チノー,東Ｐ
センサー,半導体・電子,6853,共和電,東Ｓ
センサー,半導体・電子,6858,小野測器,東Ｓ
センサー,半導体・電子,6861,キーエンス,東Ｐ
センサー,半導体・電子,6863,ニレコ,東Ｓ
センサー,半導体・電子,6870,フェンオール,東Ｓ
センサー,半導体・電子,6890,フェローテク,東Ｓ
センサー,半導体・電子,6894,パルステック,東Ｓ
センサー,半導体・電子,6899,ＡＳＴＩ,東Ｓ
センサー,半導体・電子,6902,デンソー,東Ｐ
センサー,半導体・電子,6907,ジオマテック,東Ｓ
センサー,半導体・電子,6914,オプテクスＧ,東Ｐ
センサー,半導体・電子,6926,ＯＫＡＹＡ,東Ｓ
センサー,半導体・電子,6929,日セラ,東Ｐ
センサー,半導体・電子,6962,大真空,東Ｐ
センサー,半導体・電子,6963,ローム,東Ｐ
センサー,半導体・電子,6965,ホトニクス,東Ｐ
センサー,半導体・電子,6971,京セラ,東Ｐ
センサー,半導体・電子,6977,抵抗器,東Ｓ
センサー,半導体・電子,6981,村田製,東Ｐ
センサー,半導体・電子,6989,北電工,東Ｓ
センサー,半導体・電子,6999,ＫＯＡ,東Ｐ
センサー,半導体・電子,7276,小糸製,東Ｐ
センサー,半導体・電子,7287,日精機,東Ｓ
センサー,半導体・電子,7670,オーウエル,東Ｓ
センサー,半導体・電子,7711,助川電気,東Ｓ
センサー,半導体・電子,7715,長野計器,東Ｐ
センサー,半導体・電子,7723,愛時計,東Ｐ
センサー,半導体・電子,7727,オーバル,東Ｓ
センサー,半導体・電子,7734,理計器,東Ｐ
センサー,半導体・電子,7745,Ａ＆Ｄホロン,東Ｐ
センサー,半導体・電子,7760,ＩＭＶ,東Ｓ
センサー,半導体・電子,7762,シチズン,東Ｐ
センサー,半導体・電子,7826,フルヤ金属,東Ｐ
センサー,半導体・電子,7915,ＮＩＳＳＨＡ,東Ｐ
センサー,半導体・電子,8050,セイコーＧ,東Ｐ
センサー,半導体・電子,8052,椿本興,東Ｐ
センサー,半導体・電子,8081,カナデン,東Ｐ
センサー,半導体・電子,8151,東陽テク,東Ｐ
センサー,半導体・電子,9857,英和,東Ｓ
センサー,半導体・電子,9902,日伝,東Ｐ
ディスプレー広告,半導体・電子,2193,クックパッド,東Ｓ
ディスプレー広告,半導体・電子,4689,ラインヤフー,東Ｐ
ディスプレー広告,半導体・電子,7036,ＥＭネットＪ,東Ｇ
ディスプレー広告,半導体・電子,7050,Ｆインタ,東Ｇ
ディスプレー広告,半導体・電子,9162,ブリーチ,東Ｇ
ディスプレー広告,半導体・電子,9238,バリューＣ,東Ｇ
ディスプレー広告,半導体・電子,9554,エイビック,東Ｇ
パワー半導体,半導体・電子,1966,高田工,東Ｓ
パワー半導体,半導体・電子,2676,高千穂交易,東Ｐ
パワー半導体,半導体・電子,2760,東エレデバ,東Ｐ
パワー半導体,半導体・電子,2962,テクニスコ,東Ｓ
パワー半導体,半導体・電子,3089,Ｔアルファ,東Ｓ
パワー半導体,半導体・電子,3105,日清紡ＨＤ,東Ｐ
パワー半導体,半導体・電子,3204,トーア紡,東Ｓ
パワー半導体,半導体・電子,3407,旭化成,東Ｐ
パワー半導体,半導体・電子,3446,Ｊテック・Ｃ,東Ｓ
パワー半導体,半導体・電子,4004,レゾナック,東Ｐ
パワー半導体,半導体・電子,4005,住友化,東Ｐ
パワー半導体,半導体・電子,4044,セ硝子,東Ｐ
パワー半導体,半導体・電子,4062,イビデン,東Ｐ
パワー半導体,半導体・電子,4063,信越化,東Ｐ
パワー半導体,半導体・電子,4091,日本酸素ＨＤ,東Ｐ
パワー半導体,半導体・電子,4188,三菱ケミＧ,東Ｐ
パワー半導体,半導体・電子,4203,住友ベ,東Ｐ
パワー半導体,半導体・電子,4471,三洋化,東Ｐ
パワー半導体,半導体・電子,4634,ａｒｔｉｅｎ,東Ｐ
パワー半導体,半導体・電子,4966,上村工,東Ｓ
パワー半導体,半導体・電子,5216,倉元,東Ｓ
パワー半導体,半導体・電子,5310,東洋炭素,東Ｐ
パワー半導体,半導体・電子,5331,ノリタケ,東Ｐ
パワー半導体,半導体・電子,5333,ＮＧＫ,東Ｐ
パワー半導体,半導体・電子,5334,特殊陶,東Ｐ
パワー半導体,半導体・電子,5344,ＭＡＲＵＷＡ,東Ｐ
パワー半導体,半導体・電子,5381,マイポックス,東Ｓ
パワー半導体,半導体・電子,5401,日本製鉄,東Ｐ
パワー半導体,半導体・電子,5631,日製鋼,東Ｐ
パワー半導体,半導体・電子,5713,住友鉱,東Ｐ
パワー半導体,半導体・電子,5801,古河電,東Ｐ
パワー半導体,半導体・電子,5802,住友電,東Ｐ
パワー半導体,半導体・電子,6125,岡本工,東Ｓ
パワー半導体,半導体・電子,6146,ディスコ,東Ｐ
パワー半導体,半導体・電子,6166,中村超硬,東Ｇ
パワー半導体,半導体・電子,6227,ＡＩメカ,東Ｓ
パワー半導体,半導体・電子,6266,タツモ,東Ｐ
パワー半導体,半導体・電子,6298,ワイエイシイ,東Ｐ
パワー半導体,半導体・電子,6309,巴工業,東Ｐ
パワー半導体,半導体・電子,6315,ＴＯＷＡ,東Ｐ
パワー半導体,半導体・電子,6337,テセック,東Ｓ
パワー半導体,半導体・電子,6338,タカトリ,東Ｓ
パワー半導体,半導体・電子,6339,新東工,東Ｐ
パワー半導体,半導体・電子,6387,サムコ,東Ｐ
パワー半導体,半導体・電子,6473,ジェイテクト,東Ｐ
パワー半導体,半導体・電子,6479,ミネベア,東Ｐ
パワー半導体,半導体・電子,6501,日立,東Ｐ
パワー半導体,半導体・電子,6503,三菱電,東Ｐ
パワー半導体,半導体・電子,6504,富士電機,東Ｐ
パワー半導体,半導体・電子,6513,オリジン,東Ｓ
パワー半導体,半導体・電子,6521,オキサイド,東Ｇ
パワー半導体,半導体・電子,6590,芝浦,東Ｐ
パワー半導体,半導体・電子,6614,シキノＨＴ,東Ｓ
パワー半導体,半導体・電子,6616,ＴＯＲＥＸ,東Ｐ
パワー半導体,半導体・電子,6627,テラプローブ,東Ｓ
パワー半導体,半導体・電子,6663,太洋テクノ,東Ｓ
パワー半導体,半導体・電子,6668,ＡＤプラズマ,東Ｓ
パワー半導体,半導体・電子,6703,ＯＫＩ,東Ｐ
パワー半導体,半導体・電子,6707,サンケン,東Ｐ
パワー半導体,半導体・電子,6721,ウインテスト,東Ｓ
パワー半導体,半導体・電子,6723,ルネサス,東Ｐ
パワー半導体,半導体・電子,6728,アルバック,東Ｐ
パワー半導体,半導体・電子,6752,パナＨＤ,東Ｐ
パワー半導体,半導体・電子,6768,タムラ,東Ｐ
パワー半導体,半導体・電子,6844,新電元,東Ｐ
パワー半導体,半導体・電子,6882,三社電機,東Ｓ
パワー半導体,半導体・電子,6890,フェローテク,東Ｓ
パワー半導体,半導体・電子,6902,デンソー,東Ｐ
パワー半導体,半導体・電子,6920,レーザーテク,東Ｐ
パワー半導体,半導体・電子,6928,エノモト,東Ｓ
パワー半導体,半導体・電子,6961,エンプラス,東Ｐ
パワー半導体,半導体・電子,6963,ローム,東Ｐ
パワー半導体,半導体・電子,6971,京セラ,東Ｐ
パワー半導体,半導体・電子,6981,村田製,東Ｐ
パワー半導体,半導体・電子,7003,三井Ｅ＆Ｓ,東Ｐ
パワー半導体,半導体・電子,7267,ホンダ,東Ｐ
パワー半導体,半導体・電子,7271,安永,東Ｓ
パワー半導体,半導体・電子,7282,豊田合,東Ｐ
パワー半導体,半導体・電子,7911,ＴＯＰＰＡＮ,東Ｐ
パワー半導体,半導体・電子,8035,東エレク,東Ｐ
パワー半導体,半導体・電子,8095,アステナＨＤ,東Ｐ
パワー半導体,半導体・電子,8159,立花エレ,東Ｐ
パワー半導体,半導体・電子,9165,クオルテック,東Ｇ
パワー半導体,半導体・電子,9867,ソレキア,東Ｓ
プリント配線板処理薬,半導体・電子,4099,四国化ＨＤ,東Ｐ
プリント配線板処理薬,半導体・電子,4966,上村工,東Ｓ
プリント配線板処理薬,半導体・電子,4971,メック,東Ｐ
プリント配線板処理薬,半導体・電子,4973,日本高純度,東Ｐ
プリント配線板処理薬,半導体・電子,4975,ＪＣＵ,東Ｐ
プリント配線板処理薬,半導体・電子,8095,アステナＨＤ,東Ｐ
半導体,半導体・電子,2676,高千穂交易,東Ｐ
半導体,半導体・電子,2760,東エレデバ,東Ｐ
半導体,半導体・電子,2962,テクニスコ,東Ｓ
半導体,半導体・電子,3105,日清紡ＨＤ,東Ｐ
半導体,半導体・電子,3106,クラボウ,東Ｐ
半導体,半導体・電子,3132,マクニカＨＤ,東Ｐ
半導体,半導体・電子,3156,レスター,東Ｐ
半導体,半導体・電子,3321,ミタチ産業,東Ｓ
半導体,半導体・電子,3436,ＳＵＭＣＯ,東Ｐ
半導体,半導体・電子,3445,ＲＳテクノ,東Ｐ
半導体,半導体・電子,3652,ＤＭＰ,東Ｇ
半導体,半導体・電子,3841,ジーダット,東Ｓ
半導体,半導体・電子,3918,ＰＣＩＨＤ,東Ｓ
半導体,半導体・電子,4055,Ｔ＆Ｓ・Ｇ,東Ｇ
半導体,半導体・電子,4062,イビデン,東Ｐ
半導体,半導体・電子,4063,信越化,東Ｐ
半導体,半導体・電子,4124,大阪油化,東Ｓ
半導体,半導体・電子,4186,東応化,東Ｐ
半導体,半導体・電子,4187,大有機,東Ｐ
半導体,半導体・電子,4369,トリケミカル,東Ｐ
半導体,半導体・電子,4531,有機薬,東Ｓ
半導体,半導体・電子,4970,東洋合成,東Ｓ
半導体,半導体・電子,4980,デクセリ,東Ｐ
半導体,半導体・電子,5016,ＪＸ金属,東Ｐ
半導体,半導体・電子,5201,ＡＧＣ,東Ｐ
半導体,半導体・電子,5218,オハラ,東Ｓ
半導体,半導体・電子,5381,マイポックス,東Ｓ
半導体,半導体・電子,5955,ワイズＨＤ,東Ｓ
半導体,半導体・電子,6125,岡本工,東Ｓ
半導体,半導体・電子,6146,ディスコ,東Ｐ
半導体,半導体・電子,6158,和井田,東Ｓ
半導体,半導体・電子,6227,ＡＩメカ,東Ｓ
半導体,半導体・電子,6228,ＪＥＴ,東Ｓ
半導体,半導体・電子,6235,オプトラン,東Ｐ
半導体,半導体・電子,6254,野村マイクロ,東Ｐ
半導体,半導体・電子,6258,平田機工,東Ｐ
半導体,半導体・電子,6264,マルマエ,東Ｐ
半導体,半導体・電子,6265,コンバム,東Ｓ
半導体,半導体・電子,6298,ワイエイシイ,東Ｐ
半導体,半導体・電子,6479,ミネベア,東Ｐ
半導体,半導体・電子,6494,ＮＦＫＨＤ,東Ｓ
半導体,半導体・電子,6503,三菱電,東Ｐ
半導体,半導体・電子,6504,富士電機,東Ｐ
半導体,半導体・電子,6521,オキサイド,東Ｇ
半導体,半導体・電子,6525,コクサイエレ,東Ｐ
半導体,半導体・電子,6526,ソシオネクス,東Ｐ
半導体,半導体・電子,6584,三桜工,東Ｐ
半導体,半導体・電子,6590,芝浦,東Ｐ
半導体,半導体・電子,6613,ＱＤレーザ,東Ｇ
半導体,半導体・電子,6614,シキノＨＴ,東Ｓ
半導体,半導体・電子,6616,ＴＯＲＥＸ,東Ｐ
半導体,半導体・電子,6620,宮越ＨＤ,東Ｐ
半導体,半導体・電子,6626,ＳＥＭＴＥＣ,東Ｓ
半導体,半導体・電子,6627,テラプローブ,東Ｓ
半導体,半導体・電子,6645,オムロン,東Ｐ
半導体,半導体・電子,6668,ＡＤプラズマ,東Ｓ
半導体,半導体・電子,6707,サンケン,東Ｐ
半導体,半導体・電子,6721,ウインテスト,東Ｓ
半導体,半導体・電子,6723,ルネサス,東Ｐ
半導体,半導体・電子,6724,エプソン,東Ｐ
半導体,半導体・電子,6728,アルバック,東Ｐ
半導体,半導体・電子,6730,アクセル,東Ｓ
半導体,半導体・電子,6758,ソニーＧ,東Ｐ
半導体,半導体・電子,6769,ザイン,東Ｓ
半導体,半導体・電子,6770,アルプスアル,東Ｐ
半導体,半導体・電子,6803,ティアック,東Ｓ
半導体,半導体・電子,6832,アオイ電子,東Ｓ
半導体,半導体・電子,6840,ＡＫＩＢＡ,東Ｓ
半導体,半導体・電子,6844,新電元,東Ｐ
半導体,半導体・電子,6855,電子材料,東Ｓ
半導体,半導体・電子,6857,アドテスト,東Ｐ
半導体,半導体・電子,6859,エスペック,東Ｐ
半導体,半導体・電子,6862,ミナトＨＤ,東Ｓ
半導体,半導体・電子,6871,日本マイクロ,東Ｐ
半導体,半導体・電子,6875,メガチップス,東Ｐ
半導体,半導体・電子,6877,ＯＢＡＲＡＧ,東Ｓ
半導体,半導体・電子,6882,三社電機,東Ｓ
半導体,半導体・電子,6918,アバール,東Ｓ
半導体,半導体・電子,6920,レーザーテク,東Ｐ
半導体,半導体・電子,6925,ウシオ電,東Ｐ
半導体,半導体・電子,6946,日本アビオ,東Ｓ
半導体,半導体・電子,6951,日電子,東Ｐ
半導体,半導体・電子,6963,ローム,東Ｐ
半導体,半導体・電子,6965,ホトニクス,東Ｐ
半導体,半導体・電子,6971,京セラ,東Ｐ
半導体,半導体・電子,7433,伯東,東Ｐ
半導体,半導体・電子,7510,たけびし,東Ｐ
半導体,半導体・電子,7537,丸文,東Ｐ
半導体,半導体・電子,7565,万世電機,東Ｓ
半導体,半導体・電子,7567,栄電子,東Ｓ
半導体,半導体・電子,7637,白銅,東Ｐ
半導体,半導体・電子,7729,東京精,東Ｐ
半導体,半導体・電子,7731,ニコン,東Ｐ
半導体,半導体・電子,7735,スクリン,東Ｐ
半導体,半導体・電子,7741,ＨＯＹＡ,東Ｐ
半導体,半導体・電子,7751,キヤノン,東Ｐ
半導体,半導体・電子,7951,ヤマハ,東Ｐ
半導体,半導体・電子,8020,兼松,東Ｐ
半導体,半導体・電子,8035,東エレク,東Ｐ
半導体,半導体・電子,8050,セイコーＧ,東Ｐ
半導体,半導体・電子,8141,新光商,東Ｐ
半導体,半導体・電子,8150,三信電,東Ｐ
半導体,半導体・電子,8154,加賀電子,東Ｐ
半導体,半導体・電子,8159,立花エレ,東Ｐ
半導体,半導体・電子,9867,ソレキア,東Ｓ
半導体,半導体・電子,9880,イノテック,東Ｐ
半導体商社,半導体・電子,2676,高千穂交易,東Ｐ
半導体商社,半導体・電子,2737,トーメンデバ,東Ｐ
半導体商社,半導体・電子,2760,東エレデバ,東Ｐ
半導体商社,半導体・電子,3131,シンデンハイ,東Ｓ
半導体商社,半導体・電子,3132,マクニカＨＤ,東Ｐ
半導体商社,半導体・電子,3156,レスター,東Ｐ
半導体商社,半導体・電子,3321,ミタチ産業,東Ｓ
半導体商社,半導体・電子,7537,丸文,東Ｐ
半導体商社,半導体・電子,8015,豊田通商,東Ｐ
半導体商社,半導体・電子,8020,兼松,東Ｐ
半導体商社,半導体・電子,8084,ＲＹＯＤＥＮ,東Ｐ
半導体商社,半導体・電子,8141,新光商,東Ｐ
半導体商社,半導体・電子,8150,三信電,東Ｐ
半導体商社,半導体・電子,8154,加賀電子,東Ｐ
半導体商社,半導体・電子,8159,立花エレ,東Ｐ
半導体商社,半導体・電子,8226,理経,東Ｓ
半導体商社,半導体・電子,9880,イノテック,東Ｐ
半導体製造装置,半導体・電子,1966,高田工,東Ｓ
半導体製造装置,半導体・電子,1975,朝日工,東Ｐ
半導体製造装置,半導体・電子,3036,アルコニクス,東Ｐ
半導体製造装置,半導体・電子,3089,Ｔアルファ,東Ｓ
半導体製造装置,半導体・電子,3106,クラボウ,東Ｐ
半導体製造装置,半導体・電子,3374,内外テック,東Ｓ
半導体製造装置,半導体・電子,3402,東レ,東Ｐ
半導体製造装置,半導体・電子,3433,トーカロ,東Ｐ
半導体製造装置,半導体・電子,3445,ＲＳテクノ,東Ｐ
半導体製造装置,半導体・電子,3446,Ｊテック・Ｃ,東Ｓ
半導体製造装置,半導体・電子,3449,テクノフレ,東Ｓ
半導体製造装置,半導体・電子,3652,ＤＭＰ,東Ｇ
半導体製造装置,半導体・電子,3878,巴川コーポ,東Ｓ
半導体製造装置,半導体・電子,4055,Ｔ＆Ｓ・Ｇ,東Ｇ
半導体製造装置,半導体・電子,4063,信越化,東Ｐ
半導体製造装置,半導体・電子,4064,カーバイド,東Ｐ
半導体製造装置,半導体・電子,4088,エアウォータ,東Ｐ
半導体製造装置,半導体・電子,4091,日本酸素ＨＤ,東Ｐ
半導体製造装置,半導体・電子,4186,東応化,東Ｐ
半導体製造装置,半導体・電子,4208,ＵＢＥ,東Ｐ
半導体製造装置,半導体・電子,4216,旭有機材,東Ｐ
半導体製造装置,半導体・電子,4392,ＦＩＧ,東Ｐ
半導体製造装置,半導体・電子,4464,ソフト９９,東Ｓ
半導体製造装置,半導体・電子,5121,藤コンポ,東Ｐ
半導体製造装置,半導体・電子,5186,ニッタ,東Ｐ
半導体製造装置,半導体・電子,5218,オハラ,東Ｓ
半導体製造装置,半導体・電子,5232,住友大阪,東Ｐ
半導体製造装置,半導体・電子,5301,東海カーボン,東Ｐ
半導体製造装置,半導体・電子,5302,カーボン,東Ｐ
半導体製造装置,半導体・電子,5304,ＳＥＣカーボ,東Ｓ
半導体製造装置,半導体・電子,5310,東洋炭素,東Ｐ
半導体製造装置,半導体・電子,5331,ノリタケ,東Ｐ
半導体製造装置,半導体・電子,5332,ＴＯＴＯ,東Ｐ
半導体製造装置,半導体・電子,5333,ＮＧＫ,東Ｐ
半導体製造装置,半導体・電子,5334,特殊陶,東Ｐ
半導体製造装置,半導体・電子,5344,ＭＡＲＵＷＡ,東Ｐ
半導体製造装置,半導体・電子,5351,品川リフラ,東Ｐ
半導体製造装置,半導体・電子,5367,ニッカトー,東Ｓ
半導体製造装置,半導体・電子,5381,マイポックス,東Ｓ
半導体製造装置,半導体・電子,5393,ニチアス,東Ｐ
半導体製造装置,半導体・電子,5471,大同特鋼,東Ｐ
半導体製造装置,半導体・電子,5484,東北鋼,東Ｓ
半導体製造装置,半導体・電子,5542,報国マテリア,東Ｓ
半導体製造装置,半導体・電子,5609,日鋳造,東Ｓ
半導体製造装置,半導体・電子,5659,日精線,東Ｐ
半導体製造装置,半導体・電子,5703,日軽金ＨＤ,東Ｐ
半導体製造装置,半導体・電子,5706,三井金属,東Ｐ
半導体製造装置,半導体・電子,5715,古河機金,東Ｐ
半導体製造装置,半導体・電子,5726,大阪チタ,東Ｐ
半導体製造装置,半導体・電子,5741,ＵＡＣＪ,東Ｐ
半導体製造装置,半導体・電子,5821,平河ヒューテ,東Ｐ
半導体製造装置,半導体・電子,5942,フイルコン,東Ｓ
半導体製造装置,半導体・電子,5991,ニッパツ,東Ｐ
半導体製造装置,半導体・電子,6055,Ｊマテリアル,東Ｐ
半導体製造装置,半導体・電子,6103,オークマ,東Ｐ
半導体製造装置,半導体・電子,6125,岡本工,東Ｓ
半導体製造装置,半導体・電子,6134,ＦＵＪＩ,東Ｐ
半導体製造装置,半導体・電子,6135,牧野フ,東Ｐ
半導体製造装置,半導体・電子,6140,旭ダイヤ,東Ｐ
半導体製造装置,半導体・電子,6146,ディスコ,東Ｐ
半導体製造装置,半導体・電子,6147,ヤマザキ,福証
半導体製造装置,半導体・電子,6151,日東工器,東Ｐ
半導体製造装置,半導体・電子,6155,高松機械,東Ｓ
半導体製造装置,半導体・電子,6156,エーワン精密,東Ｓ
半導体製造装置,半導体・電子,6158,和井田,東Ｓ
半導体製造装置,半導体・電子,6166,中村超硬,東Ｇ
半導体製造装置,半導体・電子,6208,石川製,東Ｓ
半導体製造装置,半導体・電子,6209,リケンＮＰＲ,東Ｐ
半導体製造装置,半導体・電子,6227,ＡＩメカ,東Ｓ
半導体製造装置,半導体・電子,6228,ＪＥＴ,東Ｓ
半導体製造装置,半導体・電子,6237,イワキポンプ,東Ｐ
半導体製造装置,半導体・電子,6254,野村マイクロ,東Ｐ
半導体製造装置,半導体・電子,6258,平田機工,東Ｐ
半導体製造装置,半導体・電子,6264,マルマエ,東Ｐ
半導体製造装置,半導体・電子,6265,コンバム,東Ｓ
半導体製造装置,半導体・電子,6266,タツモ,東Ｐ
半導体製造装置,半導体・電子,6278,ユニオンツル,東Ｐ
半導体製造装置,半導体・電子,6298,ワイエイシイ,東Ｐ
半導体製造装置,半導体・電子,6302,住友重,東Ｐ
半導体製造装置,半導体・電子,6309,巴工業,東Ｐ
半導体製造装置,半導体・電子,6315,ＴＯＷＡ,東Ｐ
半導体製造装置,半導体・電子,6322,タクミナ,東Ｓ
半導体製造装置,半導体・電子,6323,ローツェ,東Ｐ
半導体製造装置,半導体・電子,6324,ハーモニック,東Ｐ
半導体製造装置,半導体・電子,6336,石井表記,東Ｓ
半導体製造装置,半導体・電子,6337,テセック,東Ｓ
半導体製造装置,半導体・電子,6338,タカトリ,東Ｓ
半導体製造装置,半導体・電子,6339,新東工,東Ｐ
半導体製造装置,半導体・電子,6340,渋谷工,東Ｐ
半導体製造装置,半導体・電子,6361,荏原,東Ｐ
半導体製造装置,半導体・電子,6368,オルガノ,東Ｐ
半導体製造装置,半導体・電子,6370,栗田工,東Ｐ
半導体製造装置,半導体・電子,6383,ダイフク,東Ｐ
半導体製造装置,半導体・電子,6384,昭和真空,東Ｓ
半導体製造装置,半導体・電子,6387,サムコ,東Ｐ
半導体製造装置,半導体・電子,6407,ＣＫＤ,東Ｐ
半導体製造装置,半導体・電子,6471,日精工,東Ｐ
半導体製造装置,半導体・電子,6480,トムソン,東Ｐ
半導体製造装置,半導体・電子,6481,ＴＨＫ,東Ｐ
半導体製造装置,半導体・電子,6486,イーグル工,東Ｐ
半導体製造装置,半導体・電子,6490,ＰＩＬＬＡＲ,東Ｐ
半導体製造装置,半導体・電子,6497,ハマイ,東Ｓ
半導体製造装置,半導体・電子,6498,キッツ,東Ｐ
半導体製造装置,半導体・電子,6506,安川電,東Ｐ
半導体製造装置,半導体・電子,6507,シンフォニア,東Ｐ
半導体製造装置,半導体・電子,6513,オリジン,東Ｓ
半導体製造装置,半導体・電子,6516,山洋電,東Ｐ
半導体製造装置,半導体・電子,6518,三相電機,東Ｓ
半導体製造装置,半導体・電子,6521,オキサイド,東Ｇ
半導体製造装置,半導体・電子,6524,湖北工業,東Ｓ
半導体製造装置,半導体・電子,6525,コクサイエレ,東Ｐ
半導体製造装置,半導体・電子,6590,芝浦,東Ｐ
半導体製造装置,半導体・電子,6594,ニデック,東Ｐ
半導体製造装置,半導体・電子,6597,ＨＰＣシス,東Ｇ
半導体製造装置,半導体・電子,6599,エブレン,東Ｓ
半導体製造装置,半導体・電子,6613,ＱＤレーザ,東Ｇ
半導体製造装置,半導体・電子,6614,シキノＨＴ,東Ｓ
半導体製造装置,半導体・電子,6615,ＵＭＣエレ,東Ｓ
半導体製造装置,半導体・電子,6617,東光高岳,東Ｐ
半導体製造装置,半導体・電子,6622,ダイヘン,東Ｐ
半導体製造装置,半導体・電子,6629,Ｔホライゾン,東Ｓ
半導体製造装置,半導体・電子,6645,オムロン,東Ｐ
半導体製造装置,半導体・電子,6656,インスペック,東Ｓ
半導体製造装置,半導体・電子,6668,ＡＤプラズマ,東Ｓ
半導体製造装置,半導体・電子,6721,ウインテスト,東Ｓ
半導体製造装置,半導体・電子,6728,アルバック,東Ｐ
半導体製造装置,半導体・電子,6742,京三,東Ｐ
半導体製造装置,半導体・電子,6777,ｓａｎｔｅｃ,東Ｓ
半導体製造装置,半導体・電子,6800,ヨコオ,東Ｐ
半導体製造装置,半導体・電子,6803,ティアック,東Ｓ
半導体製造装置,半導体・電子,6823,リオン,東Ｐ
半導体製造装置,半導体・電子,6838,多摩川ＨＤ,東Ｓ
半導体製造装置,半導体・電子,6846,中央製,名Ｍ
半導体製造装置,半導体・電子,6850,チノー,東Ｐ
半導体製造装置,半導体・電子,6855,電子材料,東Ｓ
半導体製造装置,半導体・電子,6856,堀場製,東Ｐ
半導体製造装置,半導体・電子,6857,アドテスト,東Ｐ
半導体製造装置,半導体・電子,6859,エスペック,東Ｐ
半導体製造装置,半導体・電子,6862,ミナトＨＤ,東Ｓ
半導体製造装置,半導体・電子,6863,ニレコ,東Ｓ
半導体製造装置,半導体・電子,6864,エヌエフＨＤ,東Ｓ
半導体製造装置,半導体・電子,6870,フェンオール,東Ｓ
半導体製造装置,半導体・電子,6871,日本マイクロ,東Ｐ
半導体製造装置,半導体・電子,6874,協立電機,東Ｓ
半導体製造装置,半導体・電子,6877,ＯＢＡＲＡＧ,東Ｓ
半導体製造装置,半導体・電子,6890,フェローテク,東Ｓ
半導体製造装置,半導体・電子,6898,トミタ電機,東Ｓ
半導体製造装置,半導体・電子,6905,コーセル,東Ｐ
半導体製造装置,半導体・電子,6918,アバール,東Ｓ
半導体製造装置,半導体・電子,6920,レーザーテク,東Ｐ
半導体製造装置,半導体・電子,6925,ウシオ電,東Ｐ
半導体製造装置,半導体・電子,6941,山一電機,東Ｐ
半導体製造装置,半導体・電子,6951,日電子,東Ｐ
半導体製造装置,半導体・電子,6961,エンプラス,東Ｐ
半導体製造装置,半導体・電子,6965,ホトニクス,東Ｐ
半導体製造装置,半導体・電子,6971,京セラ,東Ｐ
半導体製造装置,半導体・電子,7271,安永,東Ｓ
半導体製造装置,半導体・電子,7272,ヤマハ発,東Ｐ
半導体製造装置,半導体・電子,7417,南陽,東Ｓ
半導体製造装置,半導体・電子,7433,伯東,東Ｐ
半導体製造装置,半導体・電子,7488,ヤガミ,名Ｍ
半導体製造装置,半導体・電子,7525,リックス,東Ｐ
半導体製造装置,半導体・電子,7537,丸文,東Ｐ
半導体製造装置,半導体・電子,7567,栄電子,東Ｓ
半導体製造装置,半導体・電子,7607,進和,東Ｐ
半導体製造装置,半導体・電子,7609,ダイトロン,東Ｐ
半導体製造装置,半導体・電子,7637,白銅,東Ｐ
半導体製造装置,半導体・電子,7701,島津,東Ｐ
半導体製造装置,半導体・電子,7711,助川電気,東Ｓ
半導体製造装置,半導体・電子,7713,シグマ光機,東Ｓ
半導体製造装置,半導体・電子,7715,長野計器,東Ｐ
半導体製造装置,半導体・電子,7717,Ｖテク,東Ｐ
半導体製造装置,半導体・電子,7721,東京計器,東Ｐ
半導体製造装置,半導体・電子,7726,黒田精,東Ｓ
半導体製造装置,半導体・電子,7729,東京精,東Ｐ
半導体製造装置,半導体・電子,7731,ニコン,東Ｐ
半導体製造装置,半導体・電子,7735,スクリン,東Ｐ
半導体製造装置,半導体・電子,7741,ＨＯＹＡ,東Ｐ
半導体製造装置,半導体・電子,7745,Ａ＆Ｄホロン,東Ｐ
半導体製造装置,半導体・電子,7746,岡本硝子,東Ｓ
半導体製造装置,半導体・電子,7751,キヤノン,東Ｐ
半導体製造装置,半導体・電子,7769,リズム,東Ｐ
半導体製造装置,半導体・電子,7821,前田工繊,東Ｐ
半導体製造装置,半導体・電子,7826,フルヤ金属,東Ｐ
半導体製造装置,半導体・電子,7885,タカノ,東Ｓ
半導体製造装置,半導体・電子,7911,ＴＯＰＰＡＮ,東Ｐ
半導体製造装置,半導体・電子,7912,大日印,東Ｐ
半導体製造装置,半導体・電子,7966,リンテック,東Ｐ
半導体製造装置,半導体・電子,7995,バルカー,東Ｐ
半導体製造装置,半導体・電子,8020,兼松,東Ｐ
半導体製造装置,半導体・電子,8035,東エレク,東Ｐ
半導体製造装置,半導体・電子,8053,住友商,東Ｐ
半導体製造装置,半導体・電子,8060,キヤノンＭＪ,東Ｐ
半導体製造装置,半導体・電子,8088,岩谷産,東Ｐ
半導体製造装置,半導体・電子,9880,イノテック,東Ｐ
半導体製造装置,半導体・電子,9888,ＵＥＸ,東Ｓ
半導体部材・部品,半導体・電子,1514,住石ＨＤ,東Ｓ
半導体部材・部品,半導体・電子,1518,三井松島ＨＤ,東Ｐ
半導体部材・部品,半導体・電子,2802,味の素,東Ｐ
半導体部材・部品,半導体・電子,2962,テクニスコ,東Ｓ
半導体部材・部品,半導体・電子,3103,ユニチカ,東Ｓ
半導体部材・部品,半導体・電子,3104,富士紡ＨＤ,東Ｐ
半導体部材・部品,半導体・電子,3110,日東紡,東Ｐ
半導体部材・部品,半導体・電子,3204,トーア紡,東Ｓ
半導体部材・部品,半導体・電子,3401,帝人,東Ｐ
半導体部材・部品,半導体・電子,3407,旭化成,東Ｐ
半導体部材・部品,半導体・電子,3436,ＳＵＭＣＯ,東Ｐ
半導体部材・部品,半導体・電子,3445,ＲＳテクノ,東Ｐ
半導体部材・部品,半導体・電子,3878,巴川コーポ,東Ｓ
半導体部材・部品,半導体・電子,4004,レゾナック,東Ｐ
半導体部材・部品,半導体・電子,4005,住友化,東Ｐ
半導体部材・部品,半導体・電子,4021,日産化,東Ｐ
半導体部材・部品,半導体・電子,4022,ラサ工,東Ｐ
半導体部材・部品,半導体・電子,4041,日曹達,東Ｐ
半導体部材・部品,半導体・電子,4043,トクヤマ,東Ｐ
半導体部材・部品,半導体・電子,4044,セ硝子,東Ｐ
半導体部材・部品,半導体・電子,4047,関電化,東Ｐ
半導体部材・部品,半導体・電子,4062,イビデン,東Ｐ
半導体部材・部品,半導体・電子,4063,信越化,東Ｐ
半導体部材・部品,半導体・電子,4088,エアウォータ,東Ｐ
半導体部材・部品,半導体・電子,4091,日本酸素ＨＤ,東Ｐ
半導体部材・部品,半導体・電子,4092,日本化,東Ｐ
半導体部材・部品,半導体・電子,4099,四国化ＨＤ,東Ｐ
半導体部材・部品,半導体・電子,4109,ステラケミ,東Ｐ
半導体部材・部品,半導体・電子,4114,日触媒,東Ｐ
半導体部材・部品,半導体・電子,4125,三和油化工業,東Ｓ
半導体部材・部品,半導体・電子,4182,菱ガス化,東Ｐ
半導体部材・部品,半導体・電子,4183,三井化学,東Ｐ
半導体部材・部品,半導体・電子,4186,東応化,東Ｐ
半導体部材・部品,半導体・電子,4187,大有機,東Ｐ
半導体部材・部品,半導体・電子,4188,三菱ケミＧ,東Ｐ
半導体部材・部品,半導体・電子,4189,ＫＨネオケム,東Ｐ
半導体部材・部品,半導体・電子,4203,住友ベ,東Ｐ
半導体部材・部品,半導体・電子,4205,ゼオン,東Ｐ
半導体部材・部品,半導体・電子,4221,大倉工,東Ｐ
半導体部材・部品,半導体・電子,4229,群栄化,東Ｐ
半導体部材・部品,半導体・電子,4238,ミライアル,東Ｓ
半導体部材・部品,半導体・電子,4241,アテクト,東Ｓ
半導体部材・部品,半導体・電子,4272,日化薬,東Ｐ
半導体部材・部品,半導体・電子,4275,カーリット,東Ｐ
半導体部材・部品,半導体・電子,4366,ダイトーケミ,東Ｓ
半導体部材・部品,半導体・電子,4368,扶桑化学,東Ｐ
半導体部材・部品,半導体・電子,4369,トリケミカル,東Ｐ
半導体部材・部品,半導体・電子,4401,ＡＤＥＫＡ,東Ｐ
半導体部材・部品,半導体・電子,4409,東邦化,東Ｓ
半導体部材・部品,半導体・電子,4410,ハリマ化成Ｇ,東Ｐ
半導体部材・部品,半導体・電子,4461,一工薬,東Ｐ
半導体部材・部品,半導体・電子,4462,石原ケミ,東Ｐ
半導体部材・部品,半導体・電子,4471,三洋化,東Ｐ
半導体部材・部品,半導体・電子,4531,有機薬,東Ｓ
半導体部材・部品,半導体・電子,4634,ａｒｔｉｅｎ,東Ｐ
半導体部材・部品,半導体・電子,4901,富士フイルム,東Ｐ
半導体部材・部品,半導体・電子,4966,上村工,東Ｓ
半導体部材・部品,半導体・電子,4968,荒川化,東Ｐ
半導体部材・部品,半導体・電子,4970,東洋合成,東Ｓ
半導体部材・部品,半導体・電子,4973,日本高純度,東Ｐ
半導体部材・部品,半導体・電子,4975,ＪＣＵ,東Ｐ
半導体部材・部品,半導体・電子,5016,ＪＸ金属,東Ｐ
半導体部材・部品,半導体・電子,5019,出光興産,東Ｐ
半導体部材・部品,半導体・電子,5020,ＥＮＥＯＳ,東Ｐ
半導体部材・部品,半導体・電子,5201,ＡＧＣ,東Ｐ
半導体部材・部品,半導体・電子,5210,日山村硝,東Ｓ
半導体部材・部品,半導体・電子,5216,倉元,東Ｓ
半導体部材・部品,半導体・電子,5332,ＴＯＴＯ,東Ｐ
半導体部材・部品,半導体・電子,5333,ＮＧＫ,東Ｐ
半導体部材・部品,半導体・電子,5334,特殊陶,東Ｐ
半導体部材・部品,半導体・電子,5341,アサヒエイト,東Ｓ
半導体部材・部品,半導体・電子,5381,マイポックス,東Ｓ
半導体部材・部品,半導体・電子,5384,フジミインコ,東Ｐ
半導体部材・部品,半導体・電子,5401,日本製鉄,東Ｐ
半導体部材・部品,半導体・電子,5631,日製鋼,東Ｐ
半導体部材・部品,半導体・電子,5706,三井金属,東Ｐ
半導体部材・部品,半導体・電子,5711,三菱マ,東Ｐ
半導体部材・部品,半導体・電子,5713,住友鉱,東Ｐ
半導体部材・部品,半導体・電子,5714,ＤＯＷＡ,東Ｐ
半導体部材・部品,半導体・電子,5715,古河機金,東Ｐ
半導体部材・部品,半導体・電子,5801,古河電,東Ｐ
半導体部材・部品,半導体・電子,6166,中村超硬,東Ｇ
半導体部材・部品,半導体・電子,6309,巴工業,東Ｐ
半導体部材・部品,半導体・電子,6317,北川鉄,東Ｓ
半導体部材・部品,半導体・電子,6367,ダイキン,東Ｐ
半導体部材・部品,半導体・電子,6521,オキサイド,東Ｇ
半導体部材・部品,半導体・電子,6568,神戸天然物化,東Ｇ
半導体部材・部品,半導体・電子,6613,ＱＤレーザ,東Ｇ
半導体部材・部品,半導体・電子,6810,マクセル,東Ｐ
半導体部材・部品,半導体・電子,6890,フェローテク,東Ｓ
半導体部材・部品,半導体・電子,6907,ジオマテック,東Ｓ
半導体部材・部品,半導体・電子,6919,ケル,東Ｓ
半導体部材・部品,半導体・電子,6928,エノモト,東Ｓ
半導体部材・部品,半導体・電子,6966,三井ハイテク,東Ｐ
半導体部材・部品,半導体・電子,6971,京セラ,東Ｐ
半導体部材・部品,半導体・電子,6988,日東電,東Ｐ
半導体部材・部品,半導体・電子,7021,ニッチツ,東Ｓ
半導体部材・部品,半導体・電子,7794,ＥＤＰ,東Ｇ
半導体部材・部品,半導体・電子,7826,フルヤ金属,東Ｐ
半導体部材・部品,半導体・電子,7875,竹田ｉＰ,東Ｓ
半導体部材・部品,半導体・電子,7952,河合楽,東Ｐ
半導体部材・部品,半導体・電子,7966,リンテック,東Ｐ
半導体部材・部品,半導体・電子,8012,長瀬産,東Ｐ
半導体部材・部品,半導体・電子,8020,兼松,東Ｐ
半導体部材・部品,半導体・電子,8065,佐藤商,東Ｐ
半導体部材・部品,半導体・電子,8088,岩谷産,東Ｐ
半導体部材・部品,半導体・電子,8095,アステナＨＤ,東Ｐ
半導体部材・部品,半導体・電子,8098,稲畑産,東Ｐ
半導体部材・部品,半導体・電子,8101,クレオス,東Ｐ
半導体部材・部品,半導体・電子,8138,三京化,東Ｓ
半導体部材・部品,半導体・電子,9165,クオルテック,東Ｇ
半導体部材・部品,半導体・電子,9913,日邦産業,東Ｓ
有機EL,半導体・電子,3321,ミタチ産業,東Ｓ
有機ELディスプレー,半導体・電子,4902,コニカミノル,東Ｐ
有機ELディスプレー,半導体・電子,4980,デクセリ,東Ｐ
有機ELディスプレー,半導体・電子,6675,サクサ,東Ｓ
有機ELディスプレー,半導体・電子,6740,Ｊディスプレ,東Ｐ
有機ELディスプレー,半導体・電子,6752,パナＨＤ,東Ｐ
有機ELディスプレー,半導体・電子,6753,シャープ,東Ｐ
有機ELディスプレー,半導体・電子,6986,双葉電,東Ｐ
有機ELディスプレー,半導体・電子,7287,日精機,東Ｓ
有機ELディスプレー,半導体・電子,7751,キヤノン,東Ｐ
有機EL照明,半導体・電子,4004,レゾナック,東Ｐ
有機EL照明,半導体・電子,4005,住友化,東Ｐ
有機EL照明,半導体・電子,4118,カネカ,東Ｐ
有機EL照明,半導体・電子,4188,三菱ケミＧ,東Ｐ
有機EL照明,半導体・電子,4902,コニカミノル,東Ｐ
有機EL照明,半導体・電子,5019,出光興産,東Ｐ
有機EL照明,半導体・電子,6752,パナＨＤ,東Ｐ
有機EL照明,半導体・電子,6963,ローム,東Ｐ
有機EL照明,半導体・電子,7011,三菱重,東Ｐ
有機EL照明,半導体・電子,7911,ＴＯＰＰＡＮ,東Ｐ
有機EL照明,半導体・電子,8031,三井物,東Ｐ
有機EL製造装置,半導体・電子,1964,中外炉,東Ｐ
有機EL製造装置,半導体・電子,1975,朝日工,東Ｐ
有機EL製造装置,半導体・電子,3089,Ｔアルファ,東Ｓ
有機EL製造装置,半導体・電子,5121,藤コンポ,東Ｐ
有機EL製造装置,半導体・電子,5218,オハラ,東Ｓ
有機EL製造装置,半導体・電子,5332,ＴＯＴＯ,東Ｐ
有機EL製造装置,半導体・電子,5333,ＮＧＫ,東Ｐ
有機EL製造装置,半導体・電子,5542,報国マテリア,東Ｓ
有機EL製造装置,半導体・電子,5631,日製鋼,東Ｐ
有機EL製造装置,半導体・電子,5703,日軽金ＨＤ,東Ｐ
有機EL製造装置,半導体・電子,5715,古河機金,東Ｐ
有機EL製造装置,半導体・電子,6223,西部技研,東Ｓ
有機EL製造装置,半導体・電子,6227,ＡＩメカ,東Ｓ
有機EL製造装置,半導体・電子,6254,野村マイクロ,東Ｐ
有機EL製造装置,半導体・電子,6255,エヌピーシー,東Ｇ
有機EL製造装置,半導体・電子,6258,平田機工,東Ｐ
有機EL製造装置,半導体・電子,6264,マルマエ,東Ｐ
有機EL製造装置,半導体・電子,6266,タツモ,東Ｐ
有機EL製造装置,半導体・電子,6298,ワイエイシイ,東Ｐ
有機EL製造装置,半導体・電子,6302,住友重,東Ｐ
有機EL製造装置,半導体・電子,6338,タカトリ,東Ｓ
有機EL製造装置,半導体・電子,6383,ダイフク,東Ｐ
有機EL製造装置,半導体・電子,6384,昭和真空,東Ｓ
有機EL製造装置,半導体・電子,6590,芝浦,東Ｐ
有機EL製造装置,半導体・電子,6594,ニデック,東Ｐ
有機EL製造装置,半導体・電子,6622,ダイヘン,東Ｐ
有機EL製造装置,半導体・電子,6677,エスケーエレ,東Ｓ
有機EL製造装置,半導体・電子,6721,ウインテスト,東Ｓ
有機EL製造装置,半導体・電子,6728,アルバック,東Ｐ
有機EL製造装置,半導体・電子,6890,フェローテク,東Ｓ
有機EL製造装置,半導体・電子,6925,ウシオ電,東Ｐ
有機EL製造装置,半導体・電子,7003,三井Ｅ＆Ｓ,東Ｐ
有機EL製造装置,半導体・電子,7004,カナデビア,東Ｐ
有機EL製造装置,半導体・電子,7011,三菱重,東Ｐ
有機EL製造装置,半導体・電子,7609,ダイトロン,東Ｐ
有機EL製造装置,半導体・電子,7709,クボテック,東Ｓ
有機EL製造装置,半導体・電子,7711,助川電気,東Ｓ
有機EL製造装置,半導体・電子,7717,Ｖテク,東Ｐ
有機EL製造装置,半導体・電子,7735,スクリン,東Ｐ
有機EL製造装置,半導体・電子,7751,キヤノン,東Ｐ
有機EL製造装置,半導体・電子,7912,大日印,東Ｐ
有機EL製造装置,半導体・電子,8035,東エレク,東Ｐ
有機EL部材・部品,半導体・電子,1518,三井松島ＨＤ,東Ｐ
有機EL部材・部品,半導体・電子,3089,Ｔアルファ,東Ｓ
有機EL部材・部品,半導体・電子,3402,東レ,東Ｐ
有機EL部材・部品,半導体・電子,3551,ダイニック,東Ｓ
有機EL部材・部品,半導体・電子,3580,小松マテーレ,東Ｐ
有機EL部材・部品,半導体・電子,4004,レゾナック,東Ｐ
有機EL部材・部品,半導体・電子,4005,住友化,東Ｐ
有機EL部材・部品,半導体・電子,4042,東ソー,東Ｐ
有機EL部材・部品,半導体・電子,4112,保土谷,東Ｐ
有機EL部材・部品,半導体・電子,4183,三井化学,東Ｐ
有機EL部材・部品,半導体・電子,4186,東応化,東Ｐ
有機EL部材・部品,半導体・電子,4187,大有機,東Ｐ
有機EL部材・部品,半導体・電子,4188,三菱ケミＧ,東Ｐ
有機EL部材・部品,半導体・電子,4203,住友ベ,東Ｐ
有機EL部材・部品,半導体・電子,4205,ゼオン,東Ｐ
有機EL部材・部品,半導体・電子,4208,ＵＢＥ,東Ｐ
有機EL部材・部品,半導体・電子,4229,群栄化,東Ｐ
有機EL部材・部品,半導体・電子,4241,アテクト,東Ｓ
有機EL部材・部品,半導体・電子,4251,恵和,東Ｐ
有機EL部材・部品,半導体・電子,4360,ＭＣＰｓ,東Ｓ
有機EL部材・部品,半導体・電子,4612,日本ペＨＤ,東Ｐ
有機EL部材・部品,半導体・電子,4631,ＤＩＣ,東Ｐ
有機EL部材・部品,半導体・電子,4634,ａｒｔｉｅｎ,東Ｐ
有機EL部材・部品,半導体・電子,4901,富士フイルム,東Ｐ
有機EL部材・部品,半導体・電子,4960,ケミプロ,東Ｓ
有機EL部材・部品,半導体・電子,4970,東洋合成,東Ｓ
有機EL部材・部品,半導体・電子,4980,デクセリ,東Ｐ
有機EL部材・部品,半導体・電子,5018,ＭＯＲＥＳＣ,東Ｓ
有機EL部材・部品,半導体・電子,5019,出光興産,東Ｐ
有機EL部材・部品,半導体・電子,5020,ＥＮＥＯＳ,東Ｐ
有機EL部材・部品,半導体・電子,5142,アキレス,東Ｐ
有機EL部材・部品,半導体・電子,5201,ＡＧＣ,東Ｐ
有機EL部材・部品,半導体・電子,5214,日電硝,東Ｐ
有機EL部材・部品,半導体・電子,5216,倉元,東Ｓ
有機EL部材・部品,半導体・電子,5401,日本製鉄,東Ｐ
有機EL部材・部品,半導体・電子,5706,三井金属,東Ｐ
有機EL部材・部品,半導体・電子,5711,三菱マ,東Ｐ
有機EL部材・部品,半導体・電子,6235,オプトラン,東Ｐ
有機EL部材・部品,半導体・電子,6740,Ｊディスプレ,東Ｐ
有機EL部材・部品,半導体・電子,6810,マクセル,東Ｐ
有機EL部材・部品,半導体・電子,6907,ジオマテック,東Ｓ
有機EL部材・部品,半導体・電子,7826,フルヤ金属,東Ｐ
有機EL部材・部品,半導体・電子,7915,ＮＩＳＳＨＡ,東Ｐ
有機EL部材・部品,半導体・電子,7917,ＺＡＣＲＯＳ,東Ｐ
有機EL部材・部品,半導体・電子,7966,リンテック,東Ｐ
液晶テレビ関連,半導体・電子,6501,日立,東Ｐ
液晶テレビ関連,半導体・電子,6503,三菱電,東Ｐ
液晶テレビ関連,半導体・電子,6731,ピクセラ,東Ｓ
液晶テレビ関連,半導体・電子,6752,パナＨＤ,東Ｐ
液晶テレビ関連,半導体・電子,6753,シャープ,東Ｐ
液晶テレビ関連,半導体・電子,6758,ソニーＧ,東Ｐ
液晶テレビ関連,半導体・電子,6769,ザイン,東Ｓ
液晶テレビ関連,半導体・電子,6915,千代田インテ,東Ｓ
液晶テレビ関連,半導体・電子,6964,サンコー,東Ｓ
液晶テレビ関連,半導体・電子,6989,北電工,東Ｓ
液晶テレビ関連,半導体・電子,8098,稲畑産,東Ｐ
液晶テレビ関連,半導体・電子,8173,Ｊｏｓｈｉｎ,東Ｐ
液晶ディスプレー,半導体・電子,2737,トーメンデバ,東Ｐ
液晶ディスプレー,半導体・電子,3107,ダイワボウ,東Ｐ
液晶ディスプレー,半導体・電子,3131,シンデンハイ,東Ｓ
液晶ディスプレー,半導体・電子,3321,ミタチ産業,東Ｓ
液晶ディスプレー,半導体・電子,4980,デクセリ,東Ｐ
液晶ディスプレー,半導体・電子,6336,石井表記,東Ｓ
液晶ディスプレー,半導体・電子,6632,ＪＶＣケンウ,東Ｐ
液晶ディスプレー,半導体・電子,6737,ＥＩＺＯ,東Ｐ
液晶ディスプレー,半導体・電子,6740,Ｊディスプレ,東Ｐ
液晶ディスプレー,半導体・電子,6753,シャープ,東Ｐ
液晶ディスプレー,半導体・電子,6971,京セラ,東Ｐ
液晶ディスプレー,半導体・電子,7287,日精機,東Ｓ
液晶ディスプレー,半導体・電子,7510,たけびし,東Ｐ
液晶ディスプレー,半導体・電子,7565,万世電機,東Ｓ
液晶製造装置,半導体・電子,1828,田辺工業,東Ｓ
液晶製造装置,半導体・電子,1964,中外炉,東Ｐ
液晶製造装置,半導体・電子,1975,朝日工,東Ｐ
液晶製造装置,半導体・電子,3089,Ｔアルファ,東Ｓ
液晶製造装置,半導体・電子,3374,内外テック,東Ｓ
液晶製造装置,半導体・電子,3433,トーカロ,東Ｐ
液晶製造装置,半導体・電子,4186,東応化,東Ｐ
液晶製造装置,半導体・電子,4237,フジプレアム,東Ｓ
液晶製造装置,半導体・電子,4464,ソフト９９,東Ｓ
液晶製造装置,半導体・電子,5121,藤コンポ,東Ｐ
液晶製造装置,半導体・電子,5218,オハラ,東Ｓ
液晶製造装置,半導体・電子,5332,ＴＯＴＯ,東Ｐ
液晶製造装置,半導体・電子,5542,報国マテリア,東Ｓ
液晶製造装置,半導体・電子,5631,日製鋼,東Ｐ
液晶製造装置,半導体・電子,5703,日軽金ＨＤ,東Ｐ
液晶製造装置,半導体・電子,5726,大阪チタ,東Ｐ
液晶製造装置,半導体・電子,5741,ＵＡＣＪ,東Ｐ
液晶製造装置,半導体・電子,5942,フイルコン,東Ｓ
液晶製造装置,半導体・電子,5953,昭和鉄,福証
液晶製造装置,半導体・電子,6055,Ｊマテリアル,東Ｐ
液晶製造装置,半導体・電子,6146,ディスコ,東Ｐ
液晶製造装置,半導体・電子,6155,高松機械,東Ｓ
液晶製造装置,半導体・電子,6227,ＡＩメカ,東Ｓ
液晶製造装置,半導体・電子,6237,イワキポンプ,東Ｐ
液晶製造装置,半導体・電子,6246,Ｔスマート,東Ｓ
液晶製造装置,半導体・電子,6254,野村マイクロ,東Ｐ
液晶製造装置,半導体・電子,6255,エヌピーシー,東Ｇ
液晶製造装置,半導体・電子,6258,平田機工,東Ｐ
液晶製造装置,半導体・電子,6264,マルマエ,東Ｐ
液晶製造装置,半導体・電子,6265,コンバム,東Ｓ
液晶製造装置,半導体・電子,6266,タツモ,東Ｐ
液晶製造装置,半導体・電子,6298,ワイエイシイ,東Ｐ
液晶製造装置,半導体・電子,6322,タクミナ,東Ｓ
液晶製造装置,半導体・電子,6323,ローツェ,東Ｐ
液晶製造装置,半導体・電子,6324,ハーモニック,東Ｐ
液晶製造装置,半導体・電子,6338,タカトリ,東Ｓ
液晶製造装置,半導体・電子,6370,栗田工,東Ｐ
液晶製造装置,半導体・電子,6383,ダイフク,東Ｐ
液晶製造装置,半導体・電子,6396,宇野鉄,東Ｓ
液晶製造装置,半導体・電子,6407,ＣＫＤ,東Ｐ
液晶製造装置,半導体・電子,6471,日精工,東Ｐ
液晶製造装置,半導体・電子,6480,トムソン,東Ｐ
液晶製造装置,半導体・電子,6481,ＴＨＫ,東Ｐ
液晶製造装置,半導体・電子,6490,ＰＩＬＬＡＲ,東Ｐ
液晶製造装置,半導体・電子,6506,安川電,東Ｐ
液晶製造装置,半導体・電子,6507,シンフォニア,東Ｐ
液晶製造装置,半導体・電子,6513,オリジン,東Ｓ
液晶製造装置,半導体・電子,6590,芝浦,東Ｐ
液晶製造装置,半導体・電子,6594,ニデック,東Ｐ
液晶製造装置,半導体・電子,6622,ダイヘン,東Ｐ
液晶製造装置,半導体・電子,6656,インスペック,東Ｓ
液晶製造装置,半導体・電子,6668,ＡＤプラズマ,東Ｓ
液晶製造装置,半導体・電子,6677,エスケーエレ,東Ｓ
液晶製造装置,半導体・電子,6721,ウインテスト,東Ｓ
液晶製造装置,半導体・電子,6728,アルバック,東Ｐ
液晶製造装置,半導体・電子,6742,京三,東Ｐ
液晶製造装置,半導体・電子,6859,エスペック,東Ｐ
液晶製造装置,半導体・電子,6862,ミナトＨＤ,東Ｓ
液晶製造装置,半導体・電子,6871,日本マイクロ,東Ｐ
液晶製造装置,半導体・電子,6890,フェローテク,東Ｓ
液晶製造装置,半導体・電子,6920,レーザーテク,東Ｐ
液晶製造装置,半導体・電子,6925,ウシオ電,東Ｐ
液晶製造装置,半導体・電子,6927,ヘリオスＴＨ,東Ｓ
液晶製造装置,半導体・電子,6965,ホトニクス,東Ｐ
液晶製造装置,半導体・電子,7609,ダイトロン,東Ｐ
液晶製造装置,半導体・電子,7637,白銅,東Ｐ
液晶製造装置,半導体・電子,7701,島津,東Ｐ
液晶製造装置,半導体・電子,7709,クボテック,東Ｓ
液晶製造装置,半導体・電子,7711,助川電気,東Ｓ
液晶製造装置,半導体・電子,7713,シグマ光機,東Ｓ
液晶製造装置,半導体・電子,7717,Ｖテク,東Ｐ
液晶製造装置,半導体・電子,7731,ニコン,東Ｐ
液晶製造装置,半導体・電子,7735,スクリン,東Ｐ
液晶製造装置,半導体・電子,7741,ＨＯＹＡ,東Ｐ
液晶製造装置,半導体・電子,7885,タカノ,東Ｓ
液晶製造装置,半導体・電子,7902,ソノコム,東Ｓ
液晶製造装置,半導体・電子,7911,ＴＯＰＰＡＮ,東Ｐ
液晶製造装置,半導体・電子,7912,大日印,東Ｐ
液晶製造装置,半導体・電子,8035,東エレク,東Ｐ
液晶製造装置,半導体・電子,8059,第一実,東Ｐ
液晶部材・部品,半導体・電子,1518,三井松島ＨＤ,東Ｐ
液晶部材・部品,半導体・電子,3002,グンゼ,東Ｐ
液晶部材・部品,半導体・電子,3089,Ｔアルファ,東Ｓ
液晶部材・部品,半導体・電子,3101,東洋紡,東Ｐ
液晶部材・部品,半導体・電子,3104,富士紡ＨＤ,東Ｐ
液晶部材・部品,半導体・電子,3401,帝人,東Ｐ
液晶部材・部品,半導体・電子,3402,東レ,東Ｐ
液晶部材・部品,半導体・電子,3405,クラレ,東Ｐ
液晶部材・部品,半導体・電子,3863,日本紙,東Ｐ
液晶部材・部品,半導体・電子,3878,巴川コーポ,東Ｓ
液晶部材・部品,半導体・電子,4004,レゾナック,東Ｐ
液晶部材・部品,半導体・電子,4005,住友化,東Ｐ
液晶部材・部品,半導体・電子,4021,日産化,東Ｐ
液晶部材・部品,半導体・電子,4044,セ硝子,東Ｐ
液晶部材・部品,半導体・電子,4045,東合成,東Ｐ
液晶部材・部品,半導体・電子,4047,関電化,東Ｐ
液晶部材・部品,半導体・電子,4064,カーバイド,東Ｐ
液晶部材・部品,半導体・電子,4109,ステラケミ,東Ｐ
液晶部材・部品,半導体・電子,4114,日触媒,東Ｐ
液晶部材・部品,半導体・電子,4118,カネカ,東Ｐ
液晶部材・部品,半導体・電子,4182,菱ガス化,東Ｐ
液晶部材・部品,半導体・電子,4183,三井化学,東Ｐ
液晶部材・部品,半導体・電子,4186,東応化,東Ｐ
液晶部材・部品,半導体・電子,4187,大有機,東Ｐ
液晶部材・部品,半導体・電子,4188,三菱ケミＧ,東Ｐ
液晶部材・部品,半導体・電子,4189,ＫＨネオケム,東Ｐ
液晶部材・部品,半導体・電子,4202,ダイセル,東Ｐ
液晶部材・部品,半導体・電子,4203,住友ベ,東Ｐ
液晶部材・部品,半導体・電子,4204,積水化,東Ｐ
液晶部材・部品,半導体・電子,4205,ゼオン,東Ｐ
液晶部材・部品,半導体・電子,4208,ＵＢＥ,東Ｐ
液晶部材・部品,半導体・電子,4221,大倉工,東Ｐ
液晶部材・部品,半導体・電子,4228,積化成,東Ｐ
液晶部材・部品,半導体・電子,4229,群栄化,東Ｐ
液晶部材・部品,半導体・電子,4234,サンエー化研,東Ｓ
液晶部材・部品,半導体・電子,4237,フジプレアム,東Ｓ
液晶部材・部品,半導体・電子,4251,恵和,東Ｐ
液晶部材・部品,半導体・電子,4272,日化薬,東Ｐ
液晶部材・部品,半導体・電子,4366,ダイトーケミ,東Ｓ
液晶部材・部品,半導体・電子,4401,ＡＤＥＫＡ,東Ｐ
液晶部材・部品,半導体・電子,4403,日油,東Ｐ
液晶部材・部品,半導体・電子,4409,東邦化,東Ｓ
液晶部材・部品,半導体・電子,4461,一工薬,東Ｐ
液晶部材・部品,半導体・電子,4471,三洋化,東Ｐ
液晶部材・部品,半導体・電子,4612,日本ペＨＤ,東Ｐ
液晶部材・部品,半導体・電子,4626,太陽ＨＤ,東Ｐ
液晶部材・部品,半導体・電子,4627,ナトコ,東Ｓ
液晶部材・部品,半導体・電子,4631,ＤＩＣ,東Ｐ
液晶部材・部品,半導体・電子,4633,サカタＩＮＸ,東Ｐ
液晶部材・部品,半導体・電子,4634,ａｒｔｉｅｎ,東Ｐ
液晶部材・部品,半導体・電子,4901,富士フイルム,東Ｐ
液晶部材・部品,半導体・電子,4902,コニカミノル,東Ｐ
液晶部材・部品,半導体・電子,4956,コニシ,東Ｐ
液晶部材・部品,半導体・電子,4968,荒川化,東Ｐ
液晶部材・部品,半導体・電子,4970,東洋合成,東Ｓ
液晶部材・部品,半導体・電子,4972,綜研化学,東Ｓ
液晶部材・部品,半導体・電子,4980,デクセリ,東Ｐ
液晶部材・部品,半導体・電子,5019,出光興産,東Ｐ
液晶部材・部品,半導体・電子,5020,ＥＮＥＯＳ,東Ｐ
液晶部材・部品,半導体・電子,5201,ＡＧＣ,東Ｐ
液晶部材・部品,半導体・電子,5202,板硝子,東Ｐ
液晶部材・部品,半導体・電子,5208,有沢製,東Ｐ
液晶部材・部品,半導体・電子,5214,日電硝,東Ｐ
液晶部材・部品,半導体・電子,5216,倉元,東Ｓ
液晶部材・部品,半導体・電子,5381,マイポックス,東Ｓ
液晶部材・部品,半導体・電子,5563,新日本電工,東Ｐ
液晶部材・部品,半導体・電子,5706,三井金属,東Ｐ
液晶部材・部品,半導体・電子,5802,住友電,東Ｐ
液晶部材・部品,半導体・電子,5803,フジクラ,東Ｐ
液晶部材・部品,半導体・電子,6235,オプトラン,東Ｐ
液晶部材・部品,半導体・電子,6346,キクカワ,東Ｓ
液晶部材・部品,半導体・電子,6400,不二精機,東Ｓ
液晶部材・部品,半導体・電子,6479,ミネベア,東Ｐ
液晶部材・部品,半導体・電子,6707,サンケン,東Ｐ
液晶部材・部品,半導体・電子,6752,パナＨＤ,東Ｐ
液晶部材・部品,半導体・電子,6758,ソニーＧ,東Ｐ
液晶部材・部品,半導体・電子,6907,ジオマテック,東Ｓ
液晶部材・部品,半導体・電子,6915,千代田インテ,東Ｓ
液晶部材・部品,半導体・電子,6923,スタンレー,東Ｐ
液晶部材・部品,半導体・電子,6961,エンプラス,東Ｐ
液晶部材・部品,半導体・電子,6976,太陽誘電,東Ｐ
液晶部材・部品,半導体・電子,6988,日東電,東Ｐ
液晶部材・部品,半導体・電子,7240,ＮＯＫ,東Ｐ
液晶部材・部品,半導体・電子,7282,豊田合,東Ｐ
液晶部材・部品,半導体・電子,7613,シークス,東Ｐ
液晶部材・部品,半導体・電子,7762,シチズン,東Ｐ
液晶部材・部品,半導体・電子,7908,ＫＩＭＯＴＯ,東Ｓ
液晶部材・部品,半導体・電子,7914,共同印,東Ｐ
液晶部材・部品,半導体・電子,7916,光村印,東Ｓ
液晶部材・部品,半導体・電子,7917,ＺＡＣＲＯＳ,東Ｐ
液晶部材・部品,半導体・電子,7942,ＪＳＰ,東Ｐ
液晶部材・部品,半導体・電子,7966,リンテック,東Ｐ
液晶部材・部品,半導体・電子,7970,信越ポリ,東Ｐ
液晶部材・部品,半導体・電子,8012,長瀬産,東Ｐ
液晶部材・部品,半導体・電子,8065,佐藤商,東Ｐ
液晶部材・部品,半導体・電子,8095,アステナＨＤ,東Ｐ
液晶部材・部品,半導体・電子,8159,立花エレ,東Ｐ
発電電子部品,半導体・電子,3407,旭化成,東Ｐ
発電電子部品,半導体・電子,6723,ルネサス,東Ｐ
発電電子部品,半導体・電子,6752,パナＨＤ,東Ｐ
発電電子部品,半導体・電子,6981,村田製,東Ｐ
発電電子部品,半導体・電子,7203,トヨタ,東Ｐ
発電電子部品,半導体・電子,7267,ホンダ,東Ｐ
発電電子部品,半導体・電子,7733,オリンパス,東Ｐ
空中ディスプレー,半導体・電子,2438,アスカネット,東Ｇ
空中ディスプレー,半導体・電子,4064,カーバイド,東Ｐ
空中ディスプレー,半導体・電子,4183,三井化学,東Ｐ
空中ディスプレー,半導体・電子,6503,三菱電,東Ｐ
空中ディスプレー,半導体・電子,6740,Ｊディスプレ,東Ｐ
空中ディスプレー,半導体・電子,6758,ソニーＧ,東Ｐ
空中ディスプレー,半導体・電子,6770,アルプスアル,東Ｐ
空中ディスプレー,半導体・電子,6798,ＳＭＫ,東Ｐ
空中ディスプレー,半導体・電子,6810,マクセル,東Ｐ
空中ディスプレー,半導体・電子,7911,ＴＯＰＰＡＮ,東Ｐ
空中ディスプレー,半導体・電子,7912,大日印,東Ｐ
空中ディスプレー,半導体・電子,7915,ＮＩＳＳＨＡ,東Ｐ
空中ディスプレー,半導体・電子,8141,新光商,東Ｐ
電子部品,半導体・電子,1518,三井松島ＨＤ,東Ｐ
電子部品,半導体・電子,1770,藤田エンジ,東Ｓ
電子部品,半導体・電子,2676,高千穂交易,東Ｐ
電子部品,半導体・電子,2760,東エレデバ,東Ｐ
電子部品,半導体・電子,2962,テクニスコ,東Ｓ
電子部品,半導体・電子,3004,神栄,東Ｓ
電子部品,半導体・電子,3036,アルコニクス,東Ｐ
電子部品,半導体・電子,3076,あいＨＤ,東Ｐ
電子部品,半導体・電子,3105,日清紡ＨＤ,東Ｐ
電子部品,半導体・電子,3131,シンデンハイ,東Ｓ
電子部品,半導体・電子,3156,レスター,東Ｐ
電子部品,半導体・電子,3321,ミタチ産業,東Ｓ
電子部品,半導体・電子,3374,内外テック,東Ｓ
電子部品,半導体・電子,3407,旭化成,東Ｐ
電子部品,半導体・電子,3441,山王,東Ｓ
電子部品,半導体・電子,4062,イビデン,東Ｐ
電子部品,半導体・電子,4973,日本高純度,東Ｐ
電子部品,半導体・電子,4976,東洋ドライ,東Ｓ
電子部品,半導体・電子,5214,日電硝,東Ｐ
電子部品,半導体・電子,5333,ＮＧＫ,東Ｐ
電子部品,半導体・電子,5343,ニッコー,名Ｍ
電子部品,半導体・電子,5344,ＭＡＲＵＷＡ,東Ｐ
電子部品,半導体・電子,5367,ニッカトー,東Ｓ
電子部品,半導体・電子,5482,愛知鋼,東Ｐ
電子部品,半導体・電子,5715,古河機金,東Ｐ
電子部品,半導体・電子,5753,日伸銅,東Ｓ
電子部品,半導体・電子,5757,ＣＫサンエツ,東Ｐ
電子部品,半導体・電子,5803,フジクラ,東Ｐ
電子部品,半導体・電子,5942,フイルコン,東Ｓ
電子部品,半導体・電子,5955,ワイズＨＤ,東Ｓ
電子部品,半導体・電子,6140,旭ダイヤ,東Ｐ
電子部品,半導体・電子,6336,石井表記,東Ｓ
電子部品,半導体・電子,6376,日機装,東Ｐ
電子部品,半導体・電子,6384,昭和真空,東Ｓ
電子部品,半導体・電子,6387,サムコ,東Ｐ
電子部品,半導体・電子,6479,ミネベア,東Ｐ
電子部品,半導体・電子,6521,オキサイド,東Ｇ
電子部品,半導体・電子,6524,湖北工業,東Ｓ
電子部品,半導体・電子,6594,ニデック,東Ｐ
電子部品,半導体・電子,6615,ＵＭＣエレ,東Ｓ
電子部品,半導体・電子,6626,ＳＥＭＴＥＣ,東Ｓ
電子部品,半導体・電子,6635,大日光,東Ｓ
電子部品,半導体・電子,6645,オムロン,東Ｐ
電子部品,半導体・電子,6651,日東工,東Ｐ
電子部品,半導体・電子,6654,不二電機,東Ｓ
電子部品,半導体・電子,6663,太洋テクノ,東Ｓ
電子部品,半導体・電子,6666,リバーエレク,東Ｓ
電子部品,半導体・電子,6707,サンケン,東Ｐ
電子部品,半導体・電子,6728,アルバック,東Ｐ
電子部品,半導体・電子,6752,パナＨＤ,東Ｐ
電子部品,半導体・電子,6762,ＴＤＫ,東Ｐ
電子部品,半導体・電子,6763,帝通工,東Ｐ
電子部品,半導体・電子,6768,タムラ,東Ｐ
電子部品,半導体・電子,6770,アルプスアル,東Ｐ
電子部品,半導体・電子,6772,コスモス,東Ｓ
電子部品,半導体・電子,6777,ｓａｎｔｅｃ,東Ｓ
電子部品,半導体・電子,6779,日電波,東Ｐ
電子部品,半導体・電子,6785,鈴木,東Ｐ
電子部品,半導体・電子,6794,フォスター,東Ｐ
電子部品,半導体・電子,6798,ＳＭＫ,東Ｐ
電子部品,半導体・電子,6800,ヨコオ,東Ｐ
電子部品,半導体・電子,6804,ホシデン,東Ｐ
電子部品,半導体・電子,6806,ヒロセ電,東Ｐ
電子部品,半導体・電子,6807,航空電子,東Ｐ
電子部品,半導体・電子,6817,スミダコーポ,東Ｐ
電子部品,半導体・電子,6832,アオイ電子,東Ｓ
電子部品,半導体・電子,6844,新電元,東Ｐ
電子部品,半導体・電子,6864,エヌエフＨＤ,東Ｓ
電子部品,半導体・電子,6898,トミタ電機,東Ｓ
電子部品,半導体・電子,6899,ＡＳＴＩ,東Ｓ
電子部品,半導体・電子,6908,イリソ電子,東Ｐ
電子部品,半導体・電子,6915,千代田インテ,東Ｓ
電子部品,半導体・電子,6919,ケル,東Ｓ
電子部品,半導体・電子,6926,ＯＫＡＹＡ,東Ｓ
電子部品,半導体・電子,6928,エノモト,東Ｓ
電子部品,半導体・電子,6929,日セラ,東Ｐ
電子部品,半導体・電子,6941,山一電機,東Ｐ
電子部品,半導体・電子,6943,ＮＫＫ,東Ｓ
電子部品,半導体・電子,6955,ＦＤＫ,東Ｓ
電子部品,半導体・電子,6958,日本ＣＭＫ,東Ｐ
電子部品,半導体・電子,6962,大真空,東Ｐ
電子部品,半導体・電子,6963,ローム,東Ｐ
電子部品,半導体・電子,6971,京セラ,東Ｐ
電子部品,半導体・電子,6976,太陽誘電,東Ｐ
電子部品,半導体・電子,6977,抵抗器,東Ｓ
電子部品,半導体・電子,6981,村田製,東Ｐ
電子部品,半導体・電子,6986,双葉電,東Ｐ
電子部品,半導体・電子,6989,北電工,東Ｓ
電子部品,半導体・電子,6996,ニチコン,東Ｐ
電子部品,半導体・電子,6997,日ケミコン,東Ｐ
電子部品,半導体・電子,6999,ＫＯＡ,東Ｐ
電子部品,半導体・電子,7087,ウイルテック,東Ｓ
電子部品,半導体・電子,7240,ＮＯＫ,東Ｐ
電子部品,半導体・電子,7433,伯東,東Ｐ
電子部品,半導体・電子,7435,ナ・デックス,東Ｓ
電子部品,半導体・電子,7476,アズワン,東Ｐ
電子部品,半導体・電子,7485,岡谷鋼機,名Ｐ
電子部品,半導体・電子,7537,丸文,東Ｐ
電子部品,半導体・電子,7567,栄電子,東Ｓ
電子部品,半導体・電子,7609,ダイトロン,東Ｐ
電子部品,半導体・電子,7613,シークス,東Ｐ
電子部品,半導体・電子,7670,オーウエル,東Ｓ
電子部品,半導体・電子,7677,ヤシマキザイ,東Ｓ
電子部品,半導体・電子,7762,シチズン,東Ｐ
電子部品,半導体・電子,7769,リズム,東Ｐ
電子部品,半導体・電子,7826,フルヤ金属,東Ｐ
電子部品,半導体・電子,7902,ソノコム,東Ｓ
電子部品,半導体・電子,7951,ヤマハ,東Ｐ
電子部品,半導体・電子,8007,高島,東Ｐ
電子部品,半導体・電子,8020,兼松,東Ｐ
電子部品,半導体・電子,8050,セイコーＧ,東Ｐ
電子部品,半導体・電子,8071,東海エレ,名Ｍ
電子部品,半導体・電子,8081,カナデン,東Ｐ
電子部品,半導体・電子,8137,サンワテク,東Ｐ
電子部品,半導体・電子,8141,新光商,東Ｐ
電子部品,半導体・電子,8144,デンキョーＧ,東Ｓ
電子部品,半導体・電子,8150,三信電,東Ｐ
電子部品,半導体・電子,8154,加賀電子,東Ｐ
電子部品,半導体・電子,8159,立花エレ,東Ｐ
電子部品,半導体・電子,8226,理経,東Ｓ
電子部品,半導体・電子,9165,クオルテック,東Ｇ
電子部品,半導体・電子,9867,ソレキア,東Ｓ
電子部品,半導体・電子,9908,Ｄｅｎｋｅｉ,東Ｓ
電子部品,半導体・電子,9913,日邦産業,東Ｓ
電子部品,半導体・電子,9934,因幡電産,東Ｐ
電子部品実装,半導体・電子,2693,ＹＫＴ,東Ｓ
電子部品実装,半導体・電子,3089,Ｔアルファ,東Ｓ
電子部品実装,半導体・電子,6134,ＦＵＪＩ,東Ｐ
電子部品実装,半導体・電子,6166,中村超硬,東Ｇ
電子部品実装,半導体・電子,6336,石井表記,東Ｓ
電子部品実装,半導体・電子,6440,ＪＵＫＩ,東Ｐ
電子部品実装,半導体・電子,6480,トムソン,東Ｐ
電子部品実装,半導体・電子,6635,大日光,東Ｓ
電子部品実装,半導体・電子,6752,パナＨＤ,東Ｐ
電子部品実装,半導体・電子,6768,タムラ,東Ｐ
電子部品実装,半導体・電子,6837,京写,東Ｓ
電子部品実装,半導体・電子,6977,抵抗器,東Ｓ
電子部品実装,半導体・電子,7272,ヤマハ発,東Ｐ
電子部品実装,半導体・電子,8059,第一実,東Ｐ
電子部品実装,半導体・電子,8061,西華産,東Ｐ
AIエージェント,AI・ソフト・データ,2345,ホドルワン,東Ｓ
AIエージェント,AI・ソフト・データ,2488,ＪＴＰ,東Ｓ
AIエージェント,AI・ソフト・データ,3300,アンビＤＸ,東Ｇ
AIエージェント,AI・ソフト・データ,3323,レカム,東Ｓ
AIエージェント,AI・ソフト・データ,3826,ＳＩ,東Ｓ
AIエージェント,AI・ソフト・データ,4011,ヘッドウォ,東Ｇ
AIエージェント,AI・ソフト・データ,4170,カイゼン,東Ｇ
AIエージェント,AI・ソフト・データ,4180,Ａｐｐｉｅｒ,東Ｐ
AIエージェント,AI・ソフト・データ,4259,エクサＷｉｚ,東Ｇ
AIエージェント,AI・ソフト・データ,4370,モビルス,東Ｇ
AIエージェント,AI・ソフト・データ,4381,ビープラッツ,東Ｇ
AIエージェント,AI・ソフト・データ,4418,ＪＤＳＣ,東Ｇ
AIエージェント,AI・ソフト・データ,4488,ＡＩｉｎｓ,東Ｇ
AIエージェント,AI・ソフト・データ,4763,Ｃ＆Ｒ,東Ｐ
AIエージェント,AI・ソフト・データ,5029,サークレイス,東Ｇ
AIエージェント,AI・ソフト・データ,5132,プラスゼロ,東Ｇ
AIエージェント,AI・ソフト・データ,5247,ＢＴＭ,東Ｇ
AIエージェント,AI・ソフト・データ,5571,エキサイト,東Ｓ
AIエージェント,AI・ソフト・データ,5591,アヴィレン,東Ｇ
AIエージェント,AI・ソフト・データ,6182,メタリアル,東Ｇ
AIエージェント,AI・ソフト・データ,6193,バーチャレク,東Ｇ
AIエージェント,AI・ソフト・データ,6501,日立,東Ｐ
AIエージェント,AI・ソフト・データ,6562,ジーニー,東Ｇ
AIエージェント,AI・ソフト・データ,6580,ライトアップ,東Ｇ
AIエージェント,AI・ソフト・データ,6701,ＮＥＣ,東Ｐ
AIエージェント,AI・ソフト・データ,6702,富士通,東Ｐ
AIエージェント,AI・ソフト・データ,6758,ソニーＧ,東Ｐ
AIエージェント,AI・ソフト・データ,7046,ＴＤＳＥ,東Ｇ
AIエージェント,AI・ソフト・データ,7047,ポート,東Ｇ
AIエージェント,AI・ソフト・データ,9241,ＦＬネット,東Ｇ
AIエージェント,AI・ソフト・データ,9715,トランスコス,東Ｐ
AIエージェント,AI・ソフト・データ,9984,ＳＢＧ,東Ｐ
AIスピーカー,AI・ソフト・データ,3634,ソケッツ,東Ｓ
AIスピーカー,AI・ソフト・データ,3773,ＡＭＩ,東Ｇ
AIスピーカー,AI・ソフト・データ,3962,チェンジＨＤ,東Ｐ
AIスピーカー,AI・ソフト・データ,4388,エーアイ,東Ｓ
AIスピーカー,AI・ソフト・データ,6752,パナＨＤ,東Ｐ
AIスピーカー,AI・ソフト・データ,6753,シャープ,東Ｐ
AIスピーカー,AI・ソフト・データ,6758,ソニーＧ,東Ｐ
AIスピーカー,AI・ソフト・データ,9434,ＳＢ,東Ｐ
AIスピーカー,AI・ソフト・データ,9984,ＳＢＧ,東Ｐ
AI医療診断,AI・ソフト・データ,2158,フロンテオ,東Ｇ
AI医療診断,AI・ソフト・データ,2349,エヌアイデイ,東Ｓ
AI医療診断,AI・ソフト・データ,2413,エムスリー,東Ｐ
AI医療診断,AI・ソフト・データ,3653,モルフォ,東Ｇ
AI医療診断,AI・ソフト・データ,3694,オプティム,東Ｐ
AI医療診断,AI・ソフト・データ,3762,テクマト,東Ｐ
AI医療診断,AI・ソフト・データ,3808,ＯＫＷＥＢ,名Ｎ
AI医療診断,AI・ソフト・データ,4346,ＮＥＸＹＺ．,東Ｓ
AI医療診断,AI・ソフト・データ,4483,ＪＭＤＣ,東Ｐ
AI医療診断,AI・ソフト・データ,4662,フォーカス,東Ｐ
AI医療診断,AI・ソフト・データ,4674,クレスコ,東Ｐ
AI医療診断,AI・ソフト・データ,4901,富士フイルム,東Ｐ
AI医療診断,AI・ソフト・データ,6701,ＮＥＣ,東Ｐ
AI医療診断,AI・ソフト・データ,6952,カシオ,東Ｐ
AI医療診断,AI・ソフト・データ,7046,ＴＤＳＥ,東Ｇ
AI医療診断,AI・ソフト・データ,7733,オリンパス,東Ｐ
AI医療診断,AI・ソフト・データ,7779,サイバダイン,東Ｇ
IoT,AI・ソフト・データ,1435,ロボホーム,東Ｓ
IoT,AI・ソフト・データ,1447,ＳＡＡＦＨＤ,東Ｇ
IoT,AI・ソフト・データ,1951,エクシオＧ,東Ｐ
IoT,AI・ソフト・データ,2169,ＣＤＳ,東Ｓ
IoT,AI・ソフト・データ,2186,ソーバル,東Ｓ
IoT,AI・ソフト・データ,2317,システナ,東Ｐ
IoT,AI・ソフト・データ,2327,ＮＳＳＯＬ,東Ｐ
IoT,AI・ソフト・データ,2349,エヌアイデイ,東Ｓ
IoT,AI・ソフト・データ,2354,ＹＥデジタル,東Ｓ
IoT,AI・ソフト・データ,2359,コア,東Ｐ
IoT,AI・ソフト・データ,2760,東エレデバ,東Ｐ
IoT,AI・ソフト・データ,3040,ソリトン,東Ｐ
IoT,AI・ソフト・データ,3054,ハイパー,東Ｓ
IoT,AI・ソフト・データ,3076,あいＨＤ,東Ｐ
IoT,AI・ソフト・データ,3131,シンデンハイ,東Ｓ
IoT,AI・ソフト・データ,3132,マクニカＨＤ,東Ｐ
IoT,AI・ソフト・データ,3321,ミタチ産業,東Ｓ
IoT,AI・ソフト・データ,3625,テックファム,東Ｇ
IoT,AI・ソフト・データ,3626,ＴＩＳＩ,東Ｐ
IoT,AI・ソフト・データ,3627,テクミラ,東Ｓ
IoT,AI・ソフト・データ,3652,ＤＭＰ,東Ｇ
IoT,AI・ソフト・データ,3653,モルフォ,東Ｇ
IoT,AI・ソフト・データ,3687,Ｆスターズ,東Ｐ
IoT,AI・ソフト・データ,3690,イルグルム,東Ｓ
IoT,AI・ソフト・データ,3694,オプティム,東Ｐ
IoT,AI・ソフト・データ,3698,ＣＲＩ,東Ｓ
IoT,AI・ソフト・データ,3727,アプリックス,東Ｇ
IoT,AI・ソフト・データ,3741,セック,東Ｐ
IoT,AI・ソフト・データ,3744,サイオス,東Ｓ
IoT,AI・ソフト・データ,3774,ＩＩＪ,東Ｐ
IoT,AI・ソフト・データ,3776,ＢＢタワー,東Ｓ
IoT,AI・ソフト・データ,3778,さくらネット,東Ｐ
IoT,AI・ソフト・データ,3788,ＧＭＯ－ＧＳ,東Ｐ
IoT,AI・ソフト・データ,3800,ユニリタ,東Ｓ
IoT,AI・ソフト・データ,3823,ＷＨＤＣ,東Ｓ
IoT,AI・ソフト・データ,3834,朝日ネット,東Ｐ
IoT,AI・ソフト・データ,3837,アドソル日進,東Ｐ
IoT,AI・ソフト・データ,3844,コムチュア,東Ｐ
IoT,AI・ソフト・データ,3850,ＮＴＴＤイン,東Ｓ
IoT,AI・ソフト・データ,3853,アステリア,東Ｐ
IoT,AI・ソフト・データ,3858,ユビＡＩ,東Ｓ
IoT,AI・ソフト・データ,3913,ＧｒｅｅｎＢ,東Ｓ
IoT,AI・ソフト・データ,3914,ＪＩＧＳＡＷ,東Ｇ
IoT,AI・ソフト・データ,3915,テラスカイ,東Ｐ
IoT,AI・ソフト・データ,3916,ＤＩＴ,東Ｐ
IoT,AI・ソフト・データ,3918,ＰＣＩＨＤ,東Ｓ
IoT,AI・ソフト・データ,3920,アイビーシー,東Ｓ
IoT,AI・ソフト・データ,3939,カナミックＮ,東Ｐ
IoT,AI・ソフト・データ,3962,チェンジＨＤ,東Ｐ
IoT,AI・ソフト・データ,3967,エルテス,東Ｇ
IoT,AI・ソフト・データ,3984,ユーザーロカ,東Ｐ
IoT,AI・ソフト・データ,3987,エコモット,東Ｇ
IoT,AI・ソフト・データ,3992,ニーズウェル,東Ｐ
IoT,AI・ソフト・データ,3993,パークシャ,東Ｐ
IoT,AI・ソフト・データ,4011,ヘッドウォ,東Ｇ
IoT,AI・ソフト・データ,4012,アクシス,東Ｓ
IoT,AI・ソフト・データ,4068,ベイシス,東Ｇ
IoT,AI・ソフト・データ,4075,ブレインズ,東Ｇ
IoT,AI・ソフト・データ,4261,アジアＱ,東Ｇ
IoT,AI・ソフト・データ,4284,ソルクシーズ,東Ｓ
IoT,AI・ソフト・データ,4287,ジャストプラ,東Ｓ
IoT,AI・ソフト・データ,4288,アズジェント,東Ｓ
IoT,AI・ソフト・データ,4335,ＩＰＳＨＤ,東Ｓ
IoT,AI・ソフト・データ,4371,ＣＣＴ,東Ｇ
IoT,AI・ソフト・データ,4373,シンプレクス,東Ｐ
IoT,AI・ソフト・データ,4379,フォトシンス,東Ｇ
IoT,AI・ソフト・データ,4381,ビープラッツ,東Ｇ
IoT,AI・ソフト・データ,4386,ＳＩＧＧ,東Ｓ
IoT,AI・ソフト・データ,4392,ＦＩＧ,東Ｐ
IoT,AI・ソフト・データ,4394,エクスＭ,東Ｇ
IoT,AI・ソフト・データ,4414,フレクト,東Ｇ
IoT,AI・ソフト・データ,4415,ブロードＥ,東Ｇ
IoT,AI・ソフト・データ,4420,イーソル,東Ｓ
IoT,AI・ソフト・データ,4425,Ｋｕｄａｎ,東Ｇ
IoT,AI・ソフト・データ,4430,東海ソフト,東Ｓ
IoT,AI・ソフト・データ,4432,ウイングアク,東Ｐ
IoT,AI・ソフト・データ,4440,ヴィッツ,東Ｓ
IoT,AI・ソフト・データ,4441,トビラシステ,東Ｓ
IoT,AI・ソフト・データ,4442,バルテスＨＤ,東Ｇ
IoT,AI・ソフト・データ,4492,ゼネテック,東Ｓ
IoT,AI・ソフト・データ,4498,サイバトラス,東Ｇ
IoT,AI・ソフト・データ,4662,フォーカス,東Ｐ
IoT,AI・ソフト・データ,4674,クレスコ,東Ｐ
IoT,AI・ソフト・データ,4685,菱友システム,東Ｓ
IoT,AI・ソフト・データ,4689,ラインヤフー,東Ｐ
IoT,AI・ソフト・データ,4725,ＣＡＣ,東Ｐ
IoT,AI・ソフト・データ,4736,日本ラッド,東Ｓ
IoT,AI・ソフト・データ,4812,電通総研,東Ｐ
IoT,AI・ソフト・データ,4813,ＡＣＣＥＳＳ,東Ｐ
IoT,AI・ソフト・データ,4814,ネクスウェア,東Ｓ
IoT,AI・ソフト・データ,4829,日エンター,東Ｓ
IoT,AI・ソフト・データ,4845,スカラ,東Ｓ
IoT,AI・ソフト・データ,4902,コニカミノル,東Ｐ
IoT,AI・ソフト・データ,5026,トリプルアイ,東Ｇ
IoT,AI・ソフト・データ,5034,ウネリー,東Ｇ
IoT,AI・ソフト・データ,5078,セレ,東Ｓ
IoT,AI・ソフト・データ,5246,エレメンツ,東Ｇ
IoT,AI・ソフト・データ,5256,フュージック,東Ｇ
IoT,AI・ソフト・データ,5570,ジェノバ,東Ｇ
IoT,AI・ソフト・データ,5574,ＡＢＥＪＡ,東Ｇ
IoT,AI・ソフト・データ,5817,ＪＭＡＣＳ,東Ｓ
IoT,AI・ソフト・データ,6134,ＦＵＪＩ,東Ｐ
IoT,AI・ソフト・データ,6155,高松機械,東Ｓ
IoT,AI・ソフト・データ,6199,セラク,東Ｓ
IoT,AI・ソフト・データ,6230,ＳＡＮＥＩ,東Ｓ
IoT,AI・ソフト・データ,6232,ＡＣＳＬ,東Ｇ
IoT,AI・ソフト・データ,6301,コマツ,東Ｐ
IoT,AI・ソフト・データ,6479,ミネベア,東Ｐ
IoT,AI・ソフト・データ,6501,日立,東Ｐ
IoT,AI・ソフト・データ,6503,三菱電,東Ｐ
IoT,AI・ソフト・データ,6504,富士電機,東Ｐ
IoT,AI・ソフト・データ,6508,明電舎,東Ｐ
IoT,AI・ソフト・データ,6526,ソシオネクス,東Ｐ
IoT,AI・ソフト・データ,6560,ＬＴＳ,東Ｐ
IoT,AI・ソフト・データ,6594,ニデック,東Ｐ
IoT,AI・ソフト・データ,6597,ＨＰＣシス,東Ｇ
IoT,AI・ソフト・データ,6634,ＪＮグループ,東Ｓ
IoT,AI・ソフト・データ,6645,オムロン,東Ｐ
IoT,AI・ソフト・データ,6662,ユビテック,東Ｓ
IoT,AI・ソフト・データ,6666,リバーエレク,東Ｓ
IoT,AI・ソフト・データ,6696,トラースＯＰ,東Ｇ
IoT,AI・ソフト・データ,6701,ＮＥＣ,東Ｐ
IoT,AI・ソフト・データ,6702,富士通,東Ｐ
IoT,AI・ソフト・データ,6721,ウインテスト,東Ｓ
IoT,AI・ソフト・データ,6731,ピクセラ,東Ｓ
IoT,AI・ソフト・データ,6736,サン電子,東Ｓ
IoT,AI・ソフト・データ,6754,アンリツ,東Ｐ
IoT,AI・ソフト・データ,6758,ソニーＧ,東Ｐ
IoT,AI・ソフト・データ,6762,ＴＤＫ,東Ｐ
IoT,AI・ソフト・データ,6769,ザイン,東Ｓ
IoT,AI・ソフト・データ,6770,アルプスアル,東Ｐ
IoT,AI・ソフト・データ,6779,日電波,東Ｐ
IoT,AI・ソフト・データ,6820,アイコム,東Ｐ
IoT,AI・ソフト・データ,6822,大井電気,東Ｓ
IoT,AI・ソフト・データ,6835,アライドＨＤ,東Ｓ
IoT,AI・ソフト・データ,6836,ぷらっと,東Ｓ
IoT,AI・ソフト・データ,6840,ＡＫＩＢＡ,東Ｓ
IoT,AI・ソフト・データ,6861,キーエンス,東Ｐ
IoT,AI・ソフト・データ,6875,メガチップス,東Ｐ
IoT,AI・ソフト・データ,6914,オプテクスＧ,東Ｐ
IoT,AI・ソフト・データ,6954,ファナック,東Ｐ
IoT,AI・ソフト・データ,6962,大真空,東Ｐ
IoT,AI・ソフト・データ,6971,京セラ,東Ｐ
IoT,AI・ソフト・データ,6981,村田製,東Ｐ
IoT,AI・ソフト・データ,6986,双葉電,東Ｐ
IoT,AI・ソフト・データ,7012,川重,東Ｐ
IoT,AI・ソフト・データ,7035,アンファク,東Ｓ
IoT,AI・ソフト・データ,7046,ＴＤＳＥ,東Ｇ
IoT,AI・ソフト・データ,7065,ｕｐｒ,東Ｓ
IoT,AI・ソフト・データ,7073,ジェイック,東Ｇ
IoT,AI・ソフト・データ,7133,ヒュウガプラ,東Ｇ
IoT,AI・ソフト・データ,7287,日精機,東Ｓ
IoT,AI・ソフト・データ,7527,システムソフ,東Ｓ
IoT,AI・ソフト・データ,7725,インターアク,東Ｐ
IoT,AI・ソフト・データ,7793,イメージＭ,東Ｇ
IoT,AI・ソフト・データ,7806,ＭＴＧ,東Ｇ
IoT,AI・ソフト・データ,7908,ＫＩＭＯＴＯ,東Ｓ
IoT,AI・ソフト・データ,7911,ＴＯＰＰＡＮ,東Ｐ
IoT,AI・ソフト・データ,8023,ＤＡＩＫＯＸ,東Ｓ
IoT,AI・ソフト・データ,8056,ビプロジー,東Ｐ
IoT,AI・ソフト・データ,8070,東京産,東Ｐ
IoT,AI・ソフト・データ,8157,都築電,東Ｐ
IoT,AI・ソフト・データ,9360,鈴与シンワ,東Ｓ
IoT,AI・ソフト・データ,9417,スマバ,東Ｓ
IoT,AI・ソフト・データ,9419,ワイヤレスＧ,東Ｓ
IoT,AI・ソフト・データ,9432,ＮＴＴ,東Ｐ
IoT,AI・ソフト・データ,9433,ＫＤＤＩ,東Ｐ
IoT,AI・ソフト・データ,9434,ＳＢ,東Ｐ
IoT,AI・ソフト・データ,9558,ジャパニアス,東Ｇ
IoT,AI・ソフト・データ,9651,日本プロセス,東Ｓ
IoT,AI・ソフト・データ,9687,ＫＳＫ,東Ｓ
IoT,AI・ソフト・データ,9692,シーイーシー,東Ｐ
IoT,AI・ソフト・データ,9702,アイエスビー,東Ｐ
IoT,AI・ソフト・データ,9709,ＮＣＳ＆Ａ,東Ｓ
IoT,AI・ソフト・データ,9739,ＮＳＷ,東Ｐ
IoT,AI・ソフト・データ,9759,ＮＳＤ,東Ｐ
IoT,AI・ソフト・データ,9889,ＪＢＣＣＨＤ,東Ｐ
IoT,AI・ソフト・データ,9984,ＳＢＧ,東Ｐ
SaaS,AI・ソフト・データ,1431,リブワーク,東Ｇ
SaaS,AI・ソフト・データ,2323,ｆｏｎｆｕｎ,東Ｓ
SaaS,AI・ソフト・データ,2326,デジアーツ,東Ｐ
SaaS,AI・ソフト・データ,2327,ＮＳＳＯＬ,東Ｐ
SaaS,AI・ソフト・データ,2436,共同ＰＲ,東Ｓ
SaaS,AI・ソフト・データ,2492,インフォＭＴ,東Ｐ
SaaS,AI・ソフト・データ,2980,ＳＲＥＨＤ,東Ｐ
SaaS,AI・ソフト・データ,3393,スタティアＨ,東Ｐ
SaaS,AI・ソフト・データ,3491,ＧＡテクノ,東Ｇ
SaaS,AI・ソフト・データ,3626,ＴＩＳＩ,東Ｐ
SaaS,AI・ソフト・データ,3632,グリーＨＤ,東Ｐ
SaaS,AI・ソフト・データ,3636,三菱総研,東Ｐ
SaaS,AI・ソフト・データ,3648,ＡＧＳ,東Ｓ
SaaS,AI・ソフト・データ,3673,ブロドリーフ,東Ｐ
SaaS,AI・ソフト・データ,3680,ホットリンク,東Ｇ
SaaS,AI・ソフト・データ,3744,サイオス,東Ｓ
SaaS,AI・ソフト・データ,3762,テクマト,東Ｐ
SaaS,AI・ソフト・データ,3776,ＢＢタワー,東Ｓ
SaaS,AI・ソフト・データ,3796,いい生活,東Ｓ
SaaS,AI・ソフト・データ,3804,システムディ,東Ｓ
SaaS,AI・ソフト・データ,3816,大和コン,東Ｓ
SaaS,AI・ソフト・データ,3826,ＳＩ,東Ｓ
SaaS,AI・ソフト・データ,3837,アドソル日進,東Ｐ
SaaS,AI・ソフト・データ,3843,フリービット,東Ｐ
SaaS,AI・ソフト・データ,3848,データアプリ,東Ｓ
SaaS,AI・ソフト・データ,3850,ＮＴＴＤイン,東Ｓ
SaaS,AI・ソフト・データ,3853,アステリア,東Ｐ
SaaS,AI・ソフト・データ,3900,クラウドＷ,東Ｇ
SaaS,AI・ソフト・データ,3905,データセク,東Ｇ
SaaS,AI・ソフト・データ,3909,ショーケース,東Ｓ
SaaS,AI・ソフト・データ,3915,テラスカイ,東Ｐ
SaaS,AI・ソフト・データ,3916,ＤＩＴ,東Ｐ
SaaS,AI・ソフト・データ,3917,アイリッジ,東Ｇ
SaaS,AI・ソフト・データ,3923,ラクス,東Ｐ
SaaS,AI・ソフト・データ,3940,ノムラシス,東Ｓ
SaaS,AI・ソフト・データ,3962,チェンジＨＤ,東Ｐ
SaaS,AI・ソフト・データ,3969,エイトレッド,東Ｓ
SaaS,AI・ソフト・データ,3979,うるる,東Ｇ
SaaS,AI・ソフト・データ,3983,オロ,東Ｐ
SaaS,AI・ソフト・データ,3984,ユーザーロカ,東Ｐ
SaaS,AI・ソフト・データ,3985,テモナ,東Ｓ
SaaS,AI・ソフト・データ,3986,ビーブレイク,東Ｓ
SaaS,AI・ソフト・データ,3991,ウォンテッド,東Ｇ
SaaS,AI・ソフト・データ,3993,パークシャ,東Ｐ
SaaS,AI・ソフト・データ,3994,マネフォ,東Ｐ
SaaS,AI・ソフト・データ,4015,ペイクラウド,東Ｇ
SaaS,AI・ソフト・データ,4019,スタメン,東Ｇ
SaaS,AI・ソフト・データ,4020,ビートレンド,東Ｇ
SaaS,AI・ソフト・データ,4057,インタファク,東Ｇ
SaaS,AI・ソフト・データ,4060,ｒａｋｕｍｏ,東Ｇ
SaaS,AI・ソフト・データ,4071,ＰＡコンサル,東Ｐ
SaaS,AI・ソフト・データ,4072,電算システム,東Ｐ
SaaS,AI・ソフト・データ,4165,プレイド,東Ｇ
SaaS,AI・ソフト・データ,4166,かっこ,東Ｇ
SaaS,AI・ソフト・データ,4167,ココペリ,東Ｇ
SaaS,AI・ソフト・データ,4168,ヤプリ,東Ｇ
SaaS,AI・ソフト・データ,4169,エネチェンジ,東Ｇ
SaaS,AI・ソフト・データ,4170,カイゼン,東Ｇ
SaaS,AI・ソフト・データ,4179,ジーネクスト,東Ｇ
SaaS,AI・ソフト・データ,4180,Ａｐｐｉｅｒ,東Ｐ
SaaS,AI・ソフト・データ,4192,スパイダー,東Ｇ
SaaS,AI・ソフト・データ,4194,ビジョナル,東Ｐ
SaaS,AI・ソフト・データ,4256,サインド,東Ｇ
SaaS,AI・ソフト・データ,4258,網屋,東Ｇ
SaaS,AI・ソフト・データ,4259,エクサＷｉｚ,東Ｇ
SaaS,AI・ソフト・データ,4264,セキュア,東Ｇ
SaaS,AI・ソフト・データ,4284,ソルクシーズ,東Ｓ
SaaS,AI・ソフト・データ,4370,モビルス,東Ｇ
SaaS,AI・ソフト・データ,4372,ユミルリンク,東Ｇ
SaaS,AI・ソフト・データ,4374,ロボペイ,東Ｇ
SaaS,AI・ソフト・データ,4378,ＣＩＮＣ,東Ｇ
SaaS,AI・ソフト・データ,4379,フォトシンス,東Ｇ
SaaS,AI・ソフト・データ,4381,ビープラッツ,東Ｇ
SaaS,AI・ソフト・データ,4382,ＨＥＲＯＺ,東Ｓ
SaaS,AI・ソフト・データ,4388,エーアイ,東Ｓ
SaaS,AI・ソフト・データ,4389,プロパテＤＢ,東Ｇ
SaaS,AI・ソフト・データ,4391,ロジザード,東Ｇ
SaaS,AI・ソフト・データ,4392,ＦＩＧ,東Ｐ
SaaS,AI・ソフト・データ,4397,チムスピ,東Ｇ
SaaS,AI・ソフト・データ,4412,サイエンスＡ,東Ｇ
SaaS,AI・ソフト・データ,4414,フレクト,東Ｇ
SaaS,AI・ソフト・データ,4416,トゥルーＤ,東Ｇ
SaaS,AI・ソフト・データ,4419,フィナＨＤ,東Ｇ
SaaS,AI・ソフト・データ,4422,ＶＮＸ,東Ｇ
SaaS,AI・ソフト・データ,4428,シノプス,東Ｇ
SaaS,AI・ソフト・データ,4442,バルテスＨＤ,東Ｇ
SaaS,AI・ソフト・データ,4443,Ｓａｎｓａｎ,東Ｐ
SaaS,AI・ソフト・データ,4448,ｋｕｂｅｌｌ,東Ｇ
SaaS,AI・ソフト・データ,4475,ＨＥＮＮＧＥ,東Ｇ
SaaS,AI・ソフト・データ,4478,フリー,東Ｇ
SaaS,AI・ソフト・データ,4493,サイバーセキ,東Ｇ
SaaS,AI・ソフト・データ,4495,ｉ３,東Ｇ
SaaS,AI・ソフト・データ,4496,コマースワン,東Ｇ
SaaS,AI・ソフト・データ,4684,オービック,東Ｐ
SaaS,AI・ソフト・データ,4685,菱友システム,東Ｓ
SaaS,AI・ソフト・データ,4689,ラインヤフー,東Ｐ
SaaS,AI・ソフト・データ,4716,日本オラクル,東Ｓ
SaaS,AI・ソフト・データ,4733,ＯＢＣ,東Ｐ
SaaS,AI・ソフト・データ,4746,東計電算,東Ｓ
SaaS,AI・ソフト・データ,4776,サイボウズ,東Ｐ
SaaS,AI・ソフト・データ,4784,ＧＭＯインタ,東Ｐ
SaaS,AI・ソフト・データ,4811,ドリムアーツ,東Ｇ
SaaS,AI・ソフト・データ,4825,ＷＮＩウェザ,東Ｐ
SaaS,AI・ソフト・データ,4845,スカラ,東Ｓ
SaaS,AI・ソフト・データ,5025,マーキュリー,東Ｇ
SaaS,AI・ソフト・データ,5028,セカンドＸ,東Ｇ
SaaS,AI・ソフト・データ,5029,サークレイス,東Ｇ
SaaS,AI・ソフト・データ,5033,ヌーラボ,東Ｇ
SaaS,AI・ソフト・データ,5034,ウネリー,東Ｇ
SaaS,AI・ソフト・データ,5036,ＪＢＳ,東Ｐ
SaaS,AI・ソフト・データ,5038,ｅＷｅＬＬ,東Ｇ
SaaS,AI・ソフト・データ,5129,ＦＩＸＥＲ,東Ｇ
SaaS,AI・ソフト・データ,5131,リンカーズ,東Ｇ
SaaS,AI・ソフト・データ,5134,ＰＯＰＥＲ,東Ｇ
SaaS,AI・ソフト・データ,5137,スマートＤ,東Ｇ
SaaS,AI・ソフト・データ,5243,ノート,東Ｇ
SaaS,AI・ソフト・データ,5248,テクノロジー,東Ｇ
SaaS,AI・ソフト・データ,5255,モンラボ,東Ｇ
SaaS,AI・ソフト・データ,5256,フュージック,東Ｇ
SaaS,AI・ソフト・データ,5257,ノバシステム,東Ｓ
SaaS,AI・ソフト・データ,5258,ＴＭＮ,東Ｇ
SaaS,AI・ソフト・データ,5571,エキサイト,東Ｓ
SaaS,AI・ソフト・データ,5582,グリッド,東Ｇ
SaaS,AI・ソフト・データ,5588,ファーストＡ,東Ｇ
SaaS,AI・ソフト・データ,5591,アヴィレン,東Ｇ
SaaS,AI・ソフト・データ,5619,マーソ,東Ｇ
SaaS,AI・ソフト・データ,5621,ヒューマンＴ,東Ｇ
SaaS,AI・ソフト・データ,6037,楽待,東Ｓ
SaaS,AI・ソフト・データ,6047,Ｇｕｎｏｓｙ,東Ｓ
SaaS,AI・ソフト・データ,6081,アライドアキ,東Ｇ
SaaS,AI・ソフト・データ,6088,シグマクシス,東Ｐ
SaaS,AI・ソフト・データ,6662,ユビテック,東Ｓ
SaaS,AI・ソフト・データ,6701,ＮＥＣ,東Ｐ
SaaS,AI・ソフト・データ,6702,富士通,東Ｐ
SaaS,AI・ソフト・データ,6836,ぷらっと,東Ｓ
SaaS,AI・ソフト・データ,6867,リーダー電子,東Ｓ
SaaS,AI・ソフト・データ,7060,ギークス,東Ｓ
SaaS,AI・ソフト・データ,7065,ｕｐｒ,東Ｓ
SaaS,AI・ソフト・データ,7068,ＦフォースＧ,東Ｇ
SaaS,AI・ソフト・データ,7095,マクビープラ,東Ｐ
SaaS,AI・ソフト・データ,7325,アイリック,東Ｇ
SaaS,AI・ソフト・データ,7351,グッドパッチ,東Ｇ
SaaS,AI・ソフト・データ,7366,りたりこ,東Ｐ
SaaS,AI・ソフト・データ,7383,ネットプロ,東Ｐ
SaaS,AI・ソフト・データ,7527,システムソフ,東Ｓ
SaaS,AI・ソフト・データ,7793,イメージＭ,東Ｇ
SaaS,AI・ソフト・データ,8056,ビプロジー,東Ｐ
SaaS,AI・ソフト・データ,8157,都築電,東Ｐ
SaaS,AI・ソフト・データ,8424,芙蓉リース,東Ｐ
SaaS,AI・ソフト・データ,9211,エフ・コード,東Ｇ
SaaS,AI・ソフト・データ,9216,ビーウィズ,東Ｐ
SaaS,AI・ソフト・データ,9253,スローガン,東Ｇ
SaaS,AI・ソフト・データ,9254,ラバブルＭＧ,東Ｇ
SaaS,AI・ソフト・データ,9258,ＣＳ－Ｃ,東Ｇ
SaaS,AI・ソフト・データ,9417,スマバ,東Ｓ
SaaS,AI・ソフト・データ,9425,ＲｅＹｕｕ,東Ｓ
SaaS,AI・ソフト・データ,9432,ＮＴＴ,東Ｐ
SaaS,AI・ソフト・データ,9433,ＫＤＤＩ,東Ｐ
SaaS,AI・ソフト・データ,9561,グラッドＣ,東Ｇ
SaaS,AI・ソフト・データ,9629,ＰＣＡ,東Ｐ
SaaS,AI・ソフト・データ,9692,シーイーシー,東Ｐ
SaaS,AI・ソフト・データ,9698,クレオ,東Ｓ
SaaS,AI・ソフト・データ,9709,ＮＣＳ＆Ａ,東Ｓ
SaaS,AI・ソフト・データ,9928,ミロク情報,東Ｐ
その他デジタル家電関連,AI・ソフト・データ,3858,ユビＡＩ,東Ｓ
その他デジタル家電関連,AI・ソフト・データ,4430,東海ソフト,東Ｓ
その他デジタル家電関連,AI・ソフト・データ,5713,住友鉱,東Ｐ
その他デジタル家電関連,AI・ソフト・データ,6592,マブチ,東Ｐ
その他デジタル家電関連,AI・ソフト・データ,7513,コジマ,東Ｐ
エッジコンピューティング,AI・ソフト・データ,2338,クオンタムＳ,東Ｓ
エッジコンピューティング,AI・ソフト・データ,2359,コア,東Ｐ
エッジコンピューティング,AI・ソフト・データ,3652,ＤＭＰ,東Ｇ
エッジコンピューティング,AI・ソフト・データ,3687,Ｆスターズ,東Ｐ
エッジコンピューティング,AI・ソフト・データ,3694,オプティム,東Ｐ
エッジコンピューティング,AI・ソフト・データ,3778,さくらネット,東Ｐ
エッジコンピューティング,AI・ソフト・データ,3853,アステリア,東Ｐ
エッジコンピューティング,AI・ソフト・データ,4011,ヘッドウォ,東Ｇ
エッジコンピューティング,AI・ソフト・データ,4056,ニューラルＧ,東Ｇ
エッジコンピューティング,AI・ソフト・データ,4075,ブレインズ,東Ｇ
エッジコンピューティング,AI・ソフト・データ,4284,ソルクシーズ,東Ｓ
エッジコンピューティング,AI・ソフト・データ,4488,ＡＩｉｎｓ,東Ｇ
エッジコンピューティング,AI・ソフト・データ,4813,ＡＣＣＥＳＳ,東Ｐ
エッジコンピューティング,AI・ソフト・データ,5574,ＡＢＥＪＡ,東Ｇ
エッジコンピューティング,AI・ソフト・データ,5885,ジーデップ,東Ｓ
エッジコンピューティング,AI・ソフト・データ,6597,ＨＰＣシス,東Ｇ
エッジコンピューティング,AI・ソフト・データ,6599,エブレン,東Ｓ
エッジコンピューティング,AI・ソフト・データ,6703,ＯＫＩ,東Ｐ
エッジコンピューティング,AI・ソフト・データ,6836,ぷらっと,東Ｓ
エッジコンピューティング,AI・ソフト・データ,8157,都築電,東Ｐ
エッジコンピューティング,AI・ソフト・データ,9432,ＮＴＴ,東Ｐ
エッジコンピューティング,AI・ソフト・データ,9739,ＮＳＷ,東Ｐ
クラウドゲーム,AI・ソフト・データ,2351,ＡＳＪ,東Ｓ
クラウドゲーム,AI・ソフト・データ,3635,コーテクＨＤ,東Ｐ
クラウドゲーム,AI・ソフト・データ,3659,ネクソン,東Ｐ
クラウドゲーム,AI・ソフト・データ,3698,ＣＲＩ,東Ｓ
クラウドゲーム,AI・ソフト・データ,3760,ケイブ,東Ｓ
クラウドゲーム,AI・ソフト・データ,3765,ガンホー,東Ｐ
クラウドゲーム,AI・ソフト・データ,3907,シリコンスタ,東Ｓ
クラウドゲーム,AI・ソフト・データ,4347,ブロメディア,東Ｓ
クラウドゲーム,AI・ソフト・データ,4777,ガーラ,東Ｓ
クラウドゲーム,AI・ソフト・データ,6033,エクストリム,東Ｇ
クラウドゲーム,AI・ソフト・データ,6050,イーガーディ,東Ｐ
クラウドゲーム,AI・ソフト・データ,6460,セガサミー,東Ｐ
クラウドゲーム,AI・ソフト・データ,6758,ソニーＧ,東Ｐ
クラウドゲーム,AI・ソフト・データ,7832,バンナムＨＤ,東Ｐ
クラウドゲーム,AI・ソフト・データ,7974,任天堂,東Ｐ
クラウドゲーム,AI・ソフト・データ,9684,スクエニＨＤ,東Ｐ
クラウドゲーム,AI・ソフト・データ,9697,カプコン,東Ｐ
クラウドゲーム,AI・ソフト・データ,9766,コナミＧ,東Ｐ
クラウドコンピューティング,AI・ソフト・データ,1447,ＳＡＡＦＨＤ,東Ｇ
クラウドコンピューティング,AI・ソフト・データ,1951,エクシオＧ,東Ｐ
クラウドコンピューティング,AI・ソフト・データ,1980,ダイダン,東Ｐ
クラウドコンピューティング,AI・ソフト・データ,2148,ＩＴメディア,東Ｐ
クラウドコンピューティング,AI・ソフト・データ,2158,フロンテオ,東Ｇ
クラウドコンピューティング,AI・ソフト・データ,2170,ＬＩＮＫ＆Ｍ,東Ｐ
クラウドコンピューティング,AI・ソフト・データ,2303,ドーン,東Ｓ
クラウドコンピューティング,AI・ソフト・データ,2307,クロスキャト,東Ｐ
クラウドコンピューティング,AI・ソフト・データ,2317,システナ,東Ｐ
クラウドコンピューティング,AI・ソフト・データ,2321,ソフトフロン,東Ｇ
クラウドコンピューティング,AI・ソフト・データ,2323,ｆｏｎｆｕｎ,東Ｓ
クラウドコンピューティング,AI・ソフト・データ,2327,ＮＳＳＯＬ,東Ｐ
クラウドコンピューティング,AI・ソフト・データ,2349,エヌアイデイ,東Ｓ
クラウドコンピューティング,AI・ソフト・データ,2351,ＡＳＪ,東Ｓ
クラウドコンピューティング,AI・ソフト・データ,2354,ＹＥデジタル,東Ｓ
クラウドコンピューティング,AI・ソフト・データ,2359,コア,東Ｐ
クラウドコンピューティング,AI・ソフト・データ,2433,博報堂ＤＹ,東Ｐ
クラウドコンピューティング,AI・ソフト・データ,2479,ジェイテック,東Ｓ
クラウドコンピューティング,AI・ソフト・データ,2480,シスロケ,東Ｓ
クラウドコンピューティング,AI・ソフト・データ,2488,ＪＴＰ,東Ｓ
クラウドコンピューティング,AI・ソフト・データ,2492,インフォＭＴ,東Ｐ
クラウドコンピューティング,AI・ソフト・データ,2493,イーサポート,東Ｓ
クラウドコンピューティング,AI・ソフト・データ,2667,イメージワン,東Ｓ
クラウドコンピューティング,AI・ソフト・データ,2676,高千穂交易,東Ｐ
クラウドコンピューティング,AI・ソフト・データ,2980,ＳＲＥＨＤ,東Ｐ
クラウドコンピューティング,AI・ソフト・データ,3031,ラクーンＨＤ,東Ｐ
クラウドコンピューティング,AI・ソフト・データ,3040,ソリトン,東Ｐ
クラウドコンピューティング,AI・ソフト・データ,3042,セキュアヴェ,東Ｓ
クラウドコンピューティング,AI・ソフト・データ,3054,ハイパー,東Ｓ
クラウドコンピューティング,AI・ソフト・データ,3371,ソフトクリエ,東Ｐ
クラウドコンピューティング,AI・ソフト・データ,3393,スタティアＨ,東Ｐ
クラウドコンピューティング,AI・ソフト・データ,3565,アセンテック,東Ｓ
クラウドコンピューティング,AI・ソフト・データ,3626,ＴＩＳＩ,東Ｐ
クラウドコンピューティング,AI・ソフト・データ,3627,テクミラ,東Ｓ
クラウドコンピューティング,AI・ソフト・データ,3636,三菱総研,東Ｐ
クラウドコンピューティング,AI・ソフト・データ,3640,電算,東Ｓ
クラウドコンピューティング,AI・ソフト・データ,3646,駅探,東Ｓ
クラウドコンピューティング,AI・ソフト・データ,3648,ＡＧＳ,東Ｓ
クラウドコンピューティング,AI・ソフト・データ,3649,ファインデ,東Ｐ
クラウドコンピューティング,AI・ソフト・データ,3670,協立情報通信,名Ｍ
クラウドコンピューティング,AI・ソフト・データ,3671,ソフトＭＡＸ,東Ｓ
クラウドコンピューティング,AI・ソフト・データ,3673,ブロドリーフ,東Ｐ
クラウドコンピューティング,AI・ソフト・データ,3680,ホットリンク,東Ｇ
クラウドコンピューティング,AI・ソフト・データ,3683,サイバーリン,東Ｓ
クラウドコンピューティング,AI・ソフト・データ,3694,オプティム,東Ｐ
クラウドコンピューティング,AI・ソフト・データ,3719,ＡＩストーム,東Ｓ
クラウドコンピューティング,AI・ソフト・データ,3727,アプリックス,東Ｇ
クラウドコンピューティング,AI・ソフト・データ,3741,セック,東Ｐ
クラウドコンピューティング,AI・ソフト・データ,3744,サイオス,東Ｓ
クラウドコンピューティング,AI・ソフト・データ,3753,フライト,東Ｓ
クラウドコンピューティング,AI・ソフト・データ,3762,テクマト,東Ｐ
クラウドコンピューティング,AI・ソフト・データ,3768,リスモン,東Ｓ
クラウドコンピューティング,AI・ソフト・データ,3773,ＡＭＩ,東Ｇ
クラウドコンピューティング,AI・ソフト・データ,3774,ＩＩＪ,東Ｐ
クラウドコンピューティング,AI・ソフト・データ,3775,ガイアックス,名Ｎ
クラウドコンピューティング,AI・ソフト・データ,3776,ＢＢタワー,東Ｓ
クラウドコンピューティング,AI・ソフト・データ,3778,さくらネット,東Ｐ
クラウドコンピューティング,AI・ソフト・データ,3788,ＧＭＯ－ＧＳ,東Ｐ
クラウドコンピューティング,AI・ソフト・データ,3796,いい生活,東Ｓ
クラウドコンピューティング,AI・ソフト・データ,3798,ＵＬＳグルプ,東Ｓ
クラウドコンピューティング,AI・ソフト・データ,3800,ユニリタ,東Ｓ
クラウドコンピューティング,AI・ソフト・データ,3802,エコミック,東Ｓ
クラウドコンピューティング,AI・ソフト・データ,3804,システムディ,東Ｓ
クラウドコンピューティング,AI・ソフト・データ,3816,大和コン,東Ｓ
クラウドコンピューティング,AI・ソフト・データ,3817,ＳＲＡＨＤ,東Ｐ
クラウドコンピューティング,AI・ソフト・データ,3823,ＷＨＤＣ,東Ｓ
クラウドコンピューティング,AI・ソフト・データ,3826,ＳＩ,東Ｓ
クラウドコンピューティング,AI・ソフト・データ,3834,朝日ネット,東Ｐ
クラウドコンピューティング,AI・ソフト・データ,3837,アドソル日進,東Ｐ
クラウドコンピューティング,AI・ソフト・データ,3842,ネクスジェン,東Ｓ
クラウドコンピューティング,AI・ソフト・データ,3843,フリービット,東Ｐ
クラウドコンピューティング,AI・ソフト・データ,3844,コムチュア,東Ｐ
クラウドコンピューティング,AI・ソフト・データ,3848,データアプリ,東Ｓ
クラウドコンピューティング,AI・ソフト・データ,3850,ＮＴＴＤイン,東Ｓ
クラウドコンピューティング,AI・ソフト・データ,3853,アステリア,東Ｐ
クラウドコンピューティング,AI・ソフト・データ,3854,アイル,東Ｐ
クラウドコンピューティング,AI・ソフト・データ,3900,クラウドＷ,東Ｇ
クラウドコンピューティング,AI・ソフト・データ,3905,データセク,東Ｇ
クラウドコンピューティング,AI・ソフト・データ,3908,コラボス,東Ｓ
クラウドコンピューティング,AI・ソフト・データ,3909,ショーケース,東Ｓ
クラウドコンピューティング,AI・ソフト・データ,3910,ＭＫシステム,東Ｓ
クラウドコンピューティング,AI・ソフト・データ,3913,ＧｒｅｅｎＢ,東Ｓ
クラウドコンピューティング,AI・ソフト・データ,3914,ＪＩＧＳＡＷ,東Ｇ
クラウドコンピューティング,AI・ソフト・データ,3915,テラスカイ,東Ｐ
クラウドコンピューティング,AI・ソフト・データ,3916,ＤＩＴ,東Ｐ
クラウドコンピューティング,AI・ソフト・データ,3920,アイビーシー,東Ｓ
クラウドコンピューティング,AI・ソフト・データ,3921,ネオジャパン,東Ｐ
クラウドコンピューティング,AI・ソフト・データ,3923,ラクス,東Ｐ
クラウドコンピューティング,AI・ソフト・データ,3933,チエル,東Ｓ
クラウドコンピューティング,AI・ソフト・データ,3936,ＧＷ,東Ｇ
クラウドコンピューティング,AI・ソフト・データ,3937,Ｕｂｉｃｏｍ,東Ｓ
クラウドコンピューティング,AI・ソフト・データ,3939,カナミックＮ,東Ｐ
クラウドコンピューティング,AI・ソフト・データ,3940,ノムラシス,東Ｓ
クラウドコンピューティング,AI・ソフト・データ,3962,チェンジＨＤ,東Ｐ
クラウドコンピューティング,AI・ソフト・データ,3969,エイトレッド,東Ｓ
クラウドコンピューティング,AI・ソフト・データ,3970,イノベーショ,東Ｓ
クラウドコンピューティング,AI・ソフト・データ,3976,シャノン,東Ｇ
クラウドコンピューティング,AI・ソフト・データ,3983,オロ,東Ｐ
クラウドコンピューティング,AI・ソフト・データ,3986,ビーブレイク,東Ｓ
クラウドコンピューティング,AI・ソフト・データ,3987,エコモット,東Ｇ
クラウドコンピューティング,AI・ソフト・データ,3988,ＳＹＳＨＤ,東Ｓ
クラウドコンピューティング,AI・ソフト・データ,3992,ニーズウェル,東Ｐ
クラウドコンピューティング,AI・ソフト・データ,3994,マネフォ,東Ｐ
クラウドコンピューティング,AI・ソフト・データ,4012,アクシス,東Ｓ
クラウドコンピューティング,AI・ソフト・データ,4013,勤次郎,東Ｇ
クラウドコンピューティング,AI・ソフト・データ,4016,ミット,東Ｓ
クラウドコンピューティング,AI・ソフト・データ,4054,日本情報Ｃ,東Ｇ
クラウドコンピューティング,AI・ソフト・データ,4057,インタファク,東Ｇ
クラウドコンピューティング,AI・ソフト・データ,4058,トヨクモ,東Ｇ
クラウドコンピューティング,AI・ソフト・データ,4060,ｒａｋｕｍｏ,東Ｇ
クラウドコンピューティング,AI・ソフト・データ,4069,ブルーミーム,東Ｇ
クラウドコンピューティング,AI・ソフト・データ,4071,ＰＡコンサル,東Ｐ
クラウドコンピューティング,AI・ソフト・データ,4072,電算システム,東Ｐ
クラウドコンピューティング,AI・ソフト・データ,4073,ジィ・シィ,東Ｇ
クラウドコンピューティング,AI・ソフト・データ,4074,ラキール,東Ｇ
クラウドコンピューティング,AI・ソフト・データ,4076,シイエヌエス,東Ｇ
クラウドコンピューティング,AI・ソフト・データ,4165,プレイド,東Ｇ
クラウドコンピューティング,AI・ソフト・データ,4168,ヤプリ,東Ｇ
クラウドコンピューティング,AI・ソフト・データ,4169,エネチェンジ,東Ｇ
クラウドコンピューティング,AI・ソフト・データ,4170,カイゼン,東Ｇ
クラウドコンピューティング,AI・ソフト・データ,4178,Ｓイノベ,東Ｇ
クラウドコンピューティング,AI・ソフト・データ,4179,ジーネクスト,東Ｇ
クラウドコンピューティング,AI・ソフト・データ,4180,Ａｐｐｉｅｒ,東Ｐ
クラウドコンピューティング,AI・ソフト・データ,4193,ファブリカ,東Ｓ
クラウドコンピューティング,AI・ソフト・データ,4194,ビジョナル,東Ｐ
クラウドコンピューティング,AI・ソフト・データ,4198,テンダ,東Ｓ
クラウドコンピューティング,AI・ソフト・データ,4256,サインド,東Ｇ
クラウドコンピューティング,AI・ソフト・データ,4258,網屋,東Ｇ
クラウドコンピューティング,AI・ソフト・データ,4260,ハイブリッド,東Ｇ
クラウドコンピューティング,AI・ソフト・データ,4261,アジアＱ,東Ｇ
クラウドコンピューティング,AI・ソフト・データ,4270,ＢｅｅＸ,東Ｇ
クラウドコンピューティング,AI・ソフト・データ,4284,ソルクシーズ,東Ｓ
クラウドコンピューティング,AI・ソフト・データ,4287,ジャストプラ,東Ｓ
クラウドコンピューティング,AI・ソフト・データ,4288,アズジェント,東Ｓ
クラウドコンピューティング,AI・ソフト・データ,4299,ハイマックス,東Ｓ
クラウドコンピューティング,AI・ソフト・データ,4307,野村総研,東Ｐ
クラウドコンピューティング,AI・ソフト・データ,4316,ビーマップ,東Ｇ
クラウドコンピューティング,AI・ソフト・データ,4335,ＩＰＳＨＤ,東Ｓ
クラウドコンピューティング,AI・ソフト・データ,4345,ＣＴＳ,東Ｐ
クラウドコンピューティング,AI・ソフト・データ,4347,ブロメディア,東Ｓ
クラウドコンピューティング,AI・ソフト・データ,4370,モビルス,東Ｇ
クラウドコンピューティング,AI・ソフト・データ,4372,ユミルリンク,東Ｇ
クラウドコンピューティング,AI・ソフト・データ,4373,シンプレクス,東Ｐ
クラウドコンピューティング,AI・ソフト・データ,4374,ロボペイ,東Ｇ
クラウドコンピューティング,AI・ソフト・データ,4375,セーフィー,東Ｇ
クラウドコンピューティング,AI・ソフト・データ,4378,ＣＩＮＣ,東Ｇ
クラウドコンピューティング,AI・ソフト・データ,4379,フォトシンス,東Ｇ
クラウドコンピューティング,AI・ソフト・データ,4381,ビープラッツ,東Ｇ
クラウドコンピューティング,AI・ソフト・データ,4386,ＳＩＧＧ,東Ｓ
クラウドコンピューティング,AI・ソフト・データ,4388,エーアイ,東Ｓ
クラウドコンピューティング,AI・ソフト・データ,4389,プロパテＤＢ,東Ｇ
クラウドコンピューティング,AI・ソフト・データ,4391,ロジザード,東Ｇ
クラウドコンピューティング,AI・ソフト・データ,4396,システムサポ,東Ｐ
クラウドコンピューティング,AI・ソフト・データ,4397,チムスピ,東Ｇ
クラウドコンピューティング,AI・ソフト・データ,4398,ＢＢＳｅｃ,東Ｓ
クラウドコンピューティング,AI・ソフト・データ,4412,サイエンスＡ,東Ｇ
クラウドコンピューティング,AI・ソフト・データ,4413,ボードルア,東Ｐ
クラウドコンピューティング,AI・ソフト・データ,4414,フレクト,東Ｇ
クラウドコンピューティング,AI・ソフト・データ,4419,フィナＨＤ,東Ｇ
クラウドコンピューティング,AI・ソフト・データ,4421,ＤＩシステム,東Ｓ
クラウドコンピューティング,AI・ソフト・データ,4428,シノプス,東Ｇ
クラウドコンピューティング,AI・ソフト・データ,4429,リックソフト,東Ｇ
クラウドコンピューティング,AI・ソフト・データ,4430,東海ソフト,東Ｓ
クラウドコンピューティング,AI・ソフト・データ,4431,スマレジ,東Ｇ
クラウドコンピューティング,AI・ソフト・データ,4432,ウイングアク,東Ｐ
クラウドコンピューティング,AI・ソフト・データ,4434,サーバワクス,東Ｓ
クラウドコンピューティング,AI・ソフト・データ,4443,Ｓａｎｓａｎ,東Ｐ
クラウドコンピューティング,AI・ソフト・データ,4447,ＰＢシステム,東Ｇ
クラウドコンピューティング,AI・ソフト・データ,4475,ＨＥＮＮＧＥ,東Ｇ
クラウドコンピューティング,AI・ソフト・データ,4478,フリー,東Ｇ
クラウドコンピューティング,AI・ソフト・データ,4483,ＪＭＤＣ,東Ｐ
クラウドコンピューティング,AI・ソフト・データ,4488,ＡＩｉｎｓ,東Ｇ
クラウドコンピューティング,AI・ソフト・データ,4493,サイバーセキ,東Ｇ
クラウドコンピューティング,AI・ソフト・データ,4495,ｉ３,東Ｇ
クラウドコンピューティング,AI・ソフト・データ,4498,サイバトラス,東Ｇ
クラウドコンピューティング,AI・ソフト・データ,4662,フォーカス,東Ｐ
クラウドコンピューティング,AI・ソフト・データ,4674,クレスコ,東Ｐ
クラウドコンピューティング,AI・ソフト・データ,4684,オービック,東Ｐ
クラウドコンピューティング,AI・ソフト・データ,4686,ジャスト,東Ｐ
クラウドコンピューティング,AI・ソフト・データ,4687,ＴＤＣソフト,東Ｐ
クラウドコンピューティング,AI・ソフト・データ,4689,ラインヤフー,東Ｐ
クラウドコンピューティング,AI・ソフト・データ,4694,ＢＭＬ,東Ｐ
クラウドコンピューティング,AI・ソフト・データ,4704,トレンド,東Ｐ
クラウドコンピューティング,AI・ソフト・データ,4709,ＩＤＨＤ,東Ｐ
クラウドコンピューティング,AI・ソフト・データ,4716,日本オラクル,東Ｓ
クラウドコンピューティング,AI・ソフト・データ,4722,フューチャー,東Ｐ
クラウドコンピューティング,AI・ソフト・データ,4725,ＣＡＣ,東Ｐ
クラウドコンピューティング,AI・ソフト・データ,4733,ＯＢＣ,東Ｐ
クラウドコンピューティング,AI・ソフト・データ,4736,日本ラッド,東Ｓ
クラウドコンピューティング,AI・ソフト・データ,4746,東計電算,東Ｓ
クラウドコンピューティング,AI・ソフト・データ,4768,大塚商会,東Ｐ
クラウドコンピューティング,AI・ソフト・データ,4769,ＩＣ,東Ｓ
クラウドコンピューティング,AI・ソフト・データ,4776,サイボウズ,東Ｐ
クラウドコンピューティング,AI・ソフト・データ,4784,ＧＭＯインタ,東Ｐ
クラウドコンピューティング,AI・ソフト・データ,4811,ドリムアーツ,東Ｇ
クラウドコンピューティング,AI・ソフト・データ,4812,電通総研,東Ｐ
クラウドコンピューティング,AI・ソフト・データ,4813,ＡＣＣＥＳＳ,東Ｐ
クラウドコンピューティング,AI・ソフト・データ,4820,ＥＭシステム,東Ｐ
クラウドコンピューティング,AI・ソフト・データ,4825,ＷＮＩウェザ,東Ｐ
クラウドコンピューティング,AI・ソフト・データ,4829,日エンター,東Ｓ
クラウドコンピューティング,AI・ソフト・データ,4832,ＪＦＥシステ,東Ｓ
クラウドコンピューティング,AI・ソフト・データ,4845,スカラ,東Ｓ
クラウドコンピューティング,AI・ソフト・データ,5026,トリプルアイ,東Ｇ
クラウドコンピューティング,AI・ソフト・データ,5028,セカンドＸ,東Ｇ
クラウドコンピューティング,AI・ソフト・データ,5029,サークレイス,東Ｇ
クラウドコンピューティング,AI・ソフト・データ,5033,ヌーラボ,東Ｇ
クラウドコンピューティング,AI・ソフト・データ,5034,ウネリー,東Ｇ
クラウドコンピューティング,AI・ソフト・データ,5035,ＨＯＵＳＥＩ,東Ｇ
クラウドコンピューティング,AI・ソフト・データ,5036,ＪＢＳ,東Ｐ
クラウドコンピューティング,AI・ソフト・データ,5038,ｅＷｅＬＬ,東Ｇ
クラウドコンピューティング,AI・ソフト・データ,5039,キットア,札Ａ
クラウドコンピューティング,AI・ソフト・データ,5125,ファインズ,東Ｇ
クラウドコンピューティング,AI・ソフト・データ,5126,ポーターズ,東Ｇ
クラウドコンピューティング,AI・ソフト・データ,5129,ＦＩＸＥＲ,東Ｇ
クラウドコンピューティング,AI・ソフト・データ,5133,テリロジＨＤ,東Ｓ
クラウドコンピューティング,AI・ソフト・データ,5134,ＰＯＰＥＲ,東Ｇ
クラウドコンピューティング,AI・ソフト・データ,5137,スマートＤ,東Ｇ
クラウドコンピューティング,AI・ソフト・データ,5240,ｍｏｎｏＡＩ,東Ｇ
クラウドコンピューティング,AI・ソフト・データ,5247,ＢＴＭ,東Ｇ
クラウドコンピューティング,AI・ソフト・データ,5250,ＧＭＯプラ,東Ｓ
クラウドコンピューティング,AI・ソフト・データ,5256,フュージック,東Ｇ
クラウドコンピューティング,AI・ソフト・データ,5257,ノバシステム,東Ｓ
クラウドコンピューティング,AI・ソフト・データ,5258,ＴＭＮ,東Ｇ
クラウドコンピューティング,AI・ソフト・データ,5574,ＡＢＥＪＡ,東Ｇ
クラウドコンピューティング,AI・ソフト・データ,5576,ＯＢシステム,東Ｓ
クラウドコンピューティング,AI・ソフト・データ,5578,ＡＲアドバン,東Ｇ
クラウドコンピューティング,AI・ソフト・データ,5579,ＧＳＩ,札証
クラウドコンピューティング,AI・ソフト・データ,5580,プロディ,東Ｇ
クラウドコンピューティング,AI・ソフト・データ,5582,グリッド,東Ｇ
クラウドコンピューティング,AI・ソフト・データ,5588,ファーストＡ,東Ｇ
クラウドコンピューティング,AI・ソフト・データ,5619,マーソ,東Ｇ
クラウドコンピューティング,AI・ソフト・データ,5621,ヒューマンＴ,東Ｇ
クラウドコンピューティング,AI・ソフト・データ,5868,ロココ,東Ｓ
クラウドコンピューティング,AI・ソフト・データ,5885,ジーデップ,東Ｓ
クラウドコンピューティング,AI・ソフト・データ,6027,弁護士ＣＯＭ,東Ｐ
クラウドコンピューティング,AI・ソフト・データ,6033,エクストリム,東Ｇ
クラウドコンピューティング,AI・ソフト・データ,6050,イーガーディ,東Ｐ
クラウドコンピューティング,AI・ソフト・データ,6088,シグマクシス,東Ｐ
クラウドコンピューティング,AI・ソフト・データ,6199,セラク,東Ｓ
クラウドコンピューティング,AI・ソフト・データ,6276,シリウスＶ,東Ｓ
クラウドコンピューティング,AI・ソフト・データ,6501,日立,東Ｐ
クラウドコンピューティング,AI・ソフト・データ,6503,三菱電,東Ｐ
クラウドコンピューティング,AI・ソフト・データ,6533,オーケストラ,東Ｐ
クラウドコンピューティング,AI・ソフト・データ,6580,ライトアップ,東Ｇ
クラウドコンピューティング,AI・ソフト・データ,6599,エブレン,東Ｓ
クラウドコンピューティング,AI・ソフト・データ,6653,正興電,東Ｐ
クラウドコンピューティング,AI・ソフト・データ,6662,ユビテック,東Ｓ
クラウドコンピューティング,AI・ソフト・データ,6701,ＮＥＣ,東Ｐ
クラウドコンピューティング,AI・ソフト・データ,6702,富士通,東Ｐ
クラウドコンピューティング,AI・ソフト・データ,6736,サン電子,東Ｓ
クラウドコンピューティング,AI・ソフト・データ,6775,ＴＢグループ,東Ｓ
クラウドコンピューティング,AI・ソフト・データ,6888,アクモス,東Ｓ
クラウドコンピューティング,AI・ソフト・データ,7039,ブリッジ－Ｇ,東Ｇ
クラウドコンピューティング,AI・ソフト・データ,7049,識学,東Ｇ
クラウドコンピューティング,AI・ソフト・データ,7065,ｕｐｒ,東Ｓ
クラウドコンピューティング,AI・ソフト・データ,7287,日精機,東Ｓ
クラウドコンピューティング,AI・ソフト・データ,7325,アイリック,東Ｇ
クラウドコンピューティング,AI・ソフト・データ,7357,ジオコード,東Ｓ
クラウドコンピューティング,AI・ソフト・データ,7376,ＢＣＣ,東Ｇ
クラウドコンピューティング,AI・ソフト・データ,7505,扶桑電通,東Ｓ
クラウドコンピューティング,AI・ソフト・データ,7527,システムソフ,東Ｓ
クラウドコンピューティング,AI・ソフト・データ,7752,リコー,東Ｐ
クラウドコンピューティング,AI・ソフト・データ,7793,イメージＭ,東Ｇ
クラウドコンピューティング,AI・ソフト・データ,7851,カワセコンピ,福証
クラウドコンピューティング,AI・ソフト・データ,8023,ＤＡＩＫＯＸ,東Ｓ
クラウドコンピューティング,AI・ソフト・データ,8050,セイコーＧ,東Ｐ
クラウドコンピューティング,AI・ソフト・データ,8056,ビプロジー,東Ｐ
クラウドコンピューティング,AI・ソフト・データ,8057,内田洋,東Ｐ
クラウドコンピューティング,AI・ソフト・データ,8060,キヤノンＭＪ,東Ｐ
クラウドコンピューティング,AI・ソフト・データ,8157,都築電,東Ｐ
クラウドコンピューティング,AI・ソフト・データ,8424,芙蓉リース,東Ｐ
クラウドコンピューティング,AI・ソフト・データ,8591,オリックス,東Ｐ
クラウドコンピューティング,AI・ソフト・データ,9064,ヤマトＨＤ,東Ｐ
クラウドコンピューティング,AI・ソフト・データ,9216,ビーウィズ,東Ｐ
クラウドコンピューティング,AI・ソフト・データ,9218,ＭＨＴ,東Ｇ
クラウドコンピューティング,AI・ソフト・データ,9225,ブリッジＧ,東Ｇ
クラウドコンピューティング,AI・ソフト・データ,9233,アジア航,東Ｓ
クラウドコンピューティング,AI・ソフト・データ,9240,デリバリコン,東Ｇ
クラウドコンピューティング,AI・ソフト・データ,9250,ＧＲＣＳ,東Ｇ
クラウドコンピューティング,AI・ソフト・データ,9253,スローガン,東Ｇ
クラウドコンピューティング,AI・ソフト・データ,9254,ラバブルＭＧ,東Ｇ
クラウドコンピューティング,AI・ソフト・データ,9343,アイビス,東Ｇ
クラウドコンピューティング,AI・ソフト・データ,9360,鈴与シンワ,東Ｓ
クラウドコンピューティング,AI・ソフト・データ,9416,ビジョン,東Ｐ
クラウドコンピューティング,AI・ソフト・データ,9417,スマバ,東Ｓ
クラウドコンピューティング,AI・ソフト・データ,9418,ＵＮＥＸＴ,東Ｐ
クラウドコンピューティング,AI・ソフト・データ,9432,ＮＴＴ,東Ｐ
クラウドコンピューティング,AI・ソフト・データ,9433,ＫＤＤＩ,東Ｐ
クラウドコンピューティング,AI・ソフト・データ,9434,ＳＢ,東Ｐ
クラウドコンピューティング,AI・ソフト・データ,9438,ＭＴＩ,東Ｐ
クラウドコンピューティング,AI・ソフト・データ,9445,フォーバルＴ,東Ｓ
クラウドコンピューティング,AI・ソフト・データ,9449,ＧＭＯ,東Ｐ
クラウドコンピューティング,AI・ソフト・データ,9468,カドカワ,東Ｐ
クラウドコンピューティング,AI・ソフト・データ,9558,ジャパニアス,東Ｇ
クラウドコンピューティング,AI・ソフト・データ,9564,ＦＣＥ,東Ｓ
クラウドコンピューティング,AI・ソフト・データ,9629,ＰＣＡ,東Ｐ
クラウドコンピューティング,AI・ソフト・データ,9640,セゾンテク,東Ｓ
クラウドコンピューティング,AI・ソフト・データ,9682,ＤＴＳ,東Ｐ
クラウドコンピューティング,AI・ソフト・データ,9691,両毛システム,東Ｓ
クラウドコンピューティング,AI・ソフト・データ,9692,シーイーシー,東Ｐ
クラウドコンピューティング,AI・ソフト・データ,9702,アイエスビー,東Ｐ
クラウドコンピューティング,AI・ソフト・データ,9709,ＮＣＳ＆Ａ,東Ｓ
クラウドコンピューティング,AI・ソフト・データ,9739,ＮＳＷ,東Ｐ
クラウドコンピューティング,AI・ソフト・データ,9742,アイネス,東Ｐ
クラウドコンピューティング,AI・ソフト・データ,9746,ＴＫＣ,東Ｐ
クラウドコンピューティング,AI・ソフト・データ,9753,ＩＸナレッジ,東Ｓ
クラウドコンピューティング,AI・ソフト・データ,9759,ＮＳＤ,東Ｐ
クラウドコンピューティング,AI・ソフト・データ,9889,ＪＢＣＣＨＤ,東Ｐ
クラウドコンピューティング,AI・ソフト・データ,9928,ミロク情報,東Ｐ
クラウドコンピューティング,AI・ソフト・データ,9984,ＳＢＧ,東Ｐ
クラウドソーシング,AI・ソフト・データ,2168,パソナＧ,東Ｐ
クラウドソーシング,AI・ソフト・データ,3900,クラウドＷ,東Ｇ
クラウドソーシング,AI・ソフト・データ,3979,うるる,東Ｇ
クラウドソーシング,AI・ソフト・データ,4196,ネオマーケ,東Ｓ
クラウドソーシング,AI・ソフト・データ,4484,ランサーズ,東Ｇ
クラウドソーシング,AI・ソフト・データ,4689,ラインヤフー,東Ｐ
クラウドソーシング,AI・ソフト・データ,4751,サイバー,東Ｐ
クラウドソーシング,AI・ソフト・データ,4845,スカラ,東Ｓ
クラウドソーシング,AI・ソフト・データ,6081,アライドアキ,東Ｇ
クラウドソーシング,AI・ソフト・データ,6098,リクルート,東Ｐ
クラウドソーシング,AI・ソフト・データ,6182,メタリアル,東Ｇ
クラウドソーシング,AI・ソフト・データ,6560,ＬＴＳ,東Ｐ
クラウドソーシング,AI・ソフト・データ,7373,アイドマＨＤ,東Ｇ
クラウドソーシング,AI・ソフト・データ,9331,キャスター,東Ｇ
クラウドファンディング,AI・ソフト・データ,2120,ＬＩＦＵＬＬ,東Ｐ
クラウドファンディング,AI・ソフト・データ,2998,クリアル,東Ｇ
クラウドファンディング,AI・ソフト・データ,3475,グッドコムＡ,東Ｐ
クラウドファンディング,AI・ソフト・データ,3482,ロードスター,東Ｐ
クラウドファンディング,AI・ソフト・データ,3491,ＧＡテクノ,東Ｇ
クラウドファンディング,AI・ソフト・データ,3845,アイフリーク,東Ｓ
クラウドファンディング,AI・ソフト・データ,4017,クリーマ,東Ｇ
クラウドファンディング,AI・ソフト・データ,4387,ＺＵＵ,東Ｇ
クラウドファンディング,AI・ソフト・データ,4479,マクアケ,東Ｇ
クラウドファンディング,AI・ソフト・データ,4751,サイバー,東Ｐ
クラウドファンディング,AI・ソフト・データ,5535,ミガロＨＤ,東Ｐ
クラウドファンディング,AI・ソフト・データ,6573,ＣＲＡＶＩＡ,東Ｇ
クラウドファンディング,AI・ソフト・データ,8473,ＳＢＩ,東Ｐ
クラウドファンディング,AI・ソフト・データ,8894,レボリュー,東Ｓ
クラウドファンディング,AI・ソフト・データ,8935,ＦＪネクＨＤ,東Ｐ
サイバーセキュリティ,AI・ソフト・データ,2323,ｆｏｎｆｕｎ,東Ｓ
サイバーセキュリティ,AI・ソフト・データ,2326,デジアーツ,東Ｐ
サイバーセキュリティ,AI・ソフト・データ,2327,ＮＳＳＯＬ,東Ｐ
サイバーセキュリティ,AI・ソフト・データ,2354,ＹＥデジタル,東Ｓ
サイバーセキュリティ,AI・ソフト・データ,2467,ＶＬＣセキュ,名Ｎ
サイバーセキュリティ,AI・ソフト・データ,2760,東エレデバ,東Ｐ
サイバーセキュリティ,AI・ソフト・データ,3040,ソリトン,東Ｐ
サイバーセキュリティ,AI・ソフト・データ,3042,セキュアヴェ,東Ｓ
サイバーセキュリティ,AI・ソフト・データ,3054,ハイパー,東Ｓ
サイバーセキュリティ,AI・ソフト・データ,3132,マクニカＨＤ,東Ｐ
サイバーセキュリティ,AI・ソフト・データ,3562,Ｎｏ．１,東Ｓ
サイバーセキュリティ,AI・ソフト・データ,3676,デジハＨＤ,東Ｐ
サイバーセキュリティ,AI・ソフト・データ,3682,エンカレッジ,東Ｓ
サイバーセキュリティ,AI・ソフト・データ,3692,ＦＦＲＩ,東Ｇ
サイバーセキュリティ,AI・ソフト・データ,3697,ＳＨＩＦＴ,東Ｐ
サイバーセキュリティ,AI・ソフト・データ,3698,ＣＲＩ,東Ｓ
サイバーセキュリティ,AI・ソフト・データ,3762,テクマト,東Ｐ
サイバーセキュリティ,AI・ソフト・データ,3788,ＧＭＯ－ＧＳ,東Ｐ
サイバーセキュリティ,AI・ソフト・データ,3837,アドソル日進,東Ｐ
サイバーセキュリティ,AI・ソフト・データ,3849,ＮＴＬ,札Ａ
サイバーセキュリティ,AI・ソフト・データ,3858,ユビＡＩ,東Ｓ
サイバーセキュリティ,AI・ソフト・データ,3905,データセク,東Ｇ
サイバーセキュリティ,AI・ソフト・データ,3909,ショーケース,東Ｓ
サイバーセキュリティ,AI・ソフト・データ,3916,ＤＩＴ,東Ｐ
サイバーセキュリティ,AI・ソフト・データ,3918,ＰＣＩＨＤ,東Ｓ
サイバーセキュリティ,AI・ソフト・データ,3927,Ｆ－ブレイン,東Ｓ
サイバーセキュリティ,AI・ソフト・データ,3933,チエル,東Ｓ
サイバーセキュリティ,AI・ソフト・データ,3962,チェンジＨＤ,東Ｐ
サイバーセキュリティ,AI・ソフト・データ,3967,エルテス,東Ｇ
サイバーセキュリティ,AI・ソフト・データ,3968,セグエＧ,東Ｐ
サイバーセキュリティ,AI・ソフト・データ,3992,ニーズウェル,東Ｐ
サイバーセキュリティ,AI・ソフト・データ,3997,Ｔワークス,東Ｓ
サイバーセキュリティ,AI・ソフト・データ,4015,ペイクラウド,東Ｇ
サイバーセキュリティ,AI・ソフト・データ,4076,シイエヌエス,東Ｇ
サイバーセキュリティ,AI・ソフト・データ,4166,かっこ,東Ｇ
サイバーセキュリティ,AI・ソフト・データ,4174,アピリッツ,東Ｓ
サイバーセキュリティ,AI・ソフト・データ,4258,網屋,東Ｇ
サイバーセキュリティ,AI・ソフト・データ,4288,アズジェント,東Ｓ
サイバーセキュリティ,AI・ソフト・データ,4307,野村総研,東Ｐ
サイバーセキュリティ,AI・ソフト・データ,4344,ソースネクス,東Ｐ
サイバーセキュリティ,AI・ソフト・データ,4347,ブロメディア,東Ｓ
サイバーセキュリティ,AI・ソフト・データ,4386,ＳＩＧＧ,東Ｓ
サイバーセキュリティ,AI・ソフト・データ,4395,アクリート,東Ｇ
サイバーセキュリティ,AI・ソフト・データ,4398,ＢＢＳｅｃ,東Ｓ
サイバーセキュリティ,AI・ソフト・データ,4413,ボードルア,東Ｐ
サイバーセキュリティ,AI・ソフト・データ,4417,Ｇセキュリ,東Ｇ
サイバーセキュリティ,AI・ソフト・データ,4441,トビラシステ,東Ｓ
サイバーセキュリティ,AI・ソフト・データ,4442,バルテスＨＤ,東Ｇ
サイバーセキュリティ,AI・ソフト・データ,4447,ＰＢシステム,東Ｇ
サイバーセキュリティ,AI・ソフト・データ,4475,ＨＥＮＮＧＥ,東Ｇ
サイバーセキュリティ,AI・ソフト・データ,4486,ユナイト,東Ｇ
サイバーセキュリティ,AI・ソフト・データ,4493,サイバーセキ,東Ｇ
サイバーセキュリティ,AI・ソフト・データ,4495,ｉ３,東Ｇ
サイバーセキュリティ,AI・ソフト・データ,4498,サイバトラス,東Ｇ
サイバーセキュリティ,AI・ソフト・データ,4662,フォーカス,東Ｐ
サイバーセキュリティ,AI・ソフト・データ,4685,菱友システム,東Ｓ
サイバーセキュリティ,AI・ソフト・データ,4687,ＴＤＣソフト,東Ｐ
サイバーセキュリティ,AI・ソフト・データ,4704,トレンド,東Ｐ
サイバーセキュリティ,AI・ソフト・データ,4709,ＩＤＨＤ,東Ｐ
サイバーセキュリティ,AI・ソフト・データ,4847,インテリＷ,東Ｐ
サイバーセキュリティ,AI・ソフト・データ,5133,テリロジＨＤ,東Ｓ
サイバーセキュリティ,AI・ソフト・データ,5599,Ｓ＆Ｊ,東Ｇ
サイバーセキュリティ,AI・ソフト・データ,6050,イーガーディ,東Ｐ
サイバーセキュリティ,AI・ソフト・データ,6088,シグマクシス,東Ｐ
サイバーセキュリティ,AI・ソフト・データ,6199,セラク,東Ｓ
サイバーセキュリティ,AI・ソフト・データ,6675,サクサ,東Ｓ
サイバーセキュリティ,AI・ソフト・データ,6777,ｓａｎｔｅｃ,東Ｓ
サイバーセキュリティ,AI・ソフト・データ,6835,アライドＨＤ,東Ｓ
サイバーセキュリティ,AI・ソフト・データ,7093,アディッシュ,東Ｇ
サイバーセキュリティ,AI・ソフト・データ,8023,ＤＡＩＫＯＸ,東Ｓ
サイバーセキュリティ,AI・ソフト・データ,8151,東陽テク,東Ｐ
サイバーセキュリティ,AI・ソフト・データ,8157,都築電,東Ｐ
サイバーセキュリティ,AI・ソフト・データ,8783,ａｂｃ,東Ｓ
サイバーセキュリティ,AI・ソフト・データ,9250,ＧＲＣＳ,東Ｇ
サイバーセキュリティ,AI・ソフト・データ,9432,ＮＴＴ,東Ｐ
サイバーセキュリティ,AI・ソフト・データ,9449,ＧＭＯ,東Ｐ
サイバーセキュリティ,AI・ソフト・データ,9692,シーイーシー,東Ｐ
サイバーセキュリティ,AI・ソフト・データ,9702,アイエスビー,東Ｐ
サイバーセキュリティ,AI・ソフト・データ,9889,ＪＢＣＣＨＤ,東Ｐ
スーパーコンピューター,AI・ソフト・データ,6701,ＮＥＣ,東Ｐ
スーパーコンピューター,AI・ソフト・データ,6702,富士通,東Ｐ
セキュリティソフト,AI・ソフト・データ,2326,デジアーツ,東Ｐ
セキュリティソフト,AI・ソフト・データ,2327,ＮＳＳＯＬ,東Ｐ
セキュリティソフト,AI・ソフト・データ,3040,ソリトン,東Ｐ
セキュリティソフト,AI・ソフト・データ,3042,セキュアヴェ,東Ｓ
セキュリティソフト,AI・ソフト・データ,3692,ＦＦＲＩ,東Ｇ
セキュリティソフト,AI・ソフト・データ,3913,ＧｒｅｅｎＢ,東Ｓ
セキュリティソフト,AI・ソフト・データ,3927,Ｆ－ブレイン,東Ｓ
セキュリティソフト,AI・ソフト・データ,3933,チエル,東Ｓ
セキュリティソフト,AI・ソフト・データ,3968,セグエＧ,東Ｐ
セキュリティソフト,AI・ソフト・データ,4270,ＢｅｅＸ,東Ｇ
セキュリティソフト,AI・ソフト・データ,4288,アズジェント,東Ｓ
セキュリティソフト,AI・ソフト・データ,4344,ソースネクス,東Ｐ
セキュリティソフト,AI・ソフト・データ,4386,ＳＩＧＧ,東Ｓ
セキュリティソフト,AI・ソフト・データ,4448,ｋｕｂｅｌｌ,東Ｇ
セキュリティソフト,AI・ソフト・データ,4475,ＨＥＮＮＧＥ,東Ｇ
セキュリティソフト,AI・ソフト・データ,4493,サイバーセキ,東Ｇ
セキュリティソフト,AI・ソフト・データ,4704,トレンド,東Ｐ
セキュリティソフト,AI・ソフト・データ,5252,日本ナレッジ,東Ｇ
セキュリティソフト,AI・ソフト・データ,5599,Ｓ＆Ｊ,東Ｇ
セキュリティソフト,AI・ソフト・データ,6835,アライドＨＤ,東Ｓ
セキュリティソフト,AI・ソフト・データ,8154,加賀電子,東Ｐ
チャットボット,AI・ソフト・データ,2173,博展,東Ｇ
チャットボット,AI・ソフト・データ,2321,ソフトフロン,東Ｇ
チャットボット,AI・ソフト・データ,2376,サイネックス,東Ｓ
チャットボット,AI・ソフト・データ,3627,テクミラ,東Ｓ
チャットボット,AI・ソフト・データ,3775,ガイアックス,名Ｎ
チャットボット,AI・ソフト・データ,3808,ＯＫＷＥＢ,名Ｎ
チャットボット,AI・ソフト・データ,3909,ショーケース,東Ｓ
チャットボット,AI・ソフト・データ,3915,テラスカイ,東Ｐ
チャットボット,AI・ソフト・データ,3962,チェンジＨＤ,東Ｐ
チャットボット,AI・ソフト・データ,3984,ユーザーロカ,東Ｐ
チャットボット,AI・ソフト・データ,3993,パークシャ,東Ｐ
チャットボット,AI・ソフト・データ,3997,Ｔワークス,東Ｓ
チャットボット,AI・ソフト・データ,4071,ＰＡコンサル,東Ｐ
チャットボット,AI・ソフト・データ,4370,モビルス,東Ｇ
チャットボット,AI・ソフト・データ,4444,インフォネ,東Ｇ
チャットボット,AI・ソフト・データ,4476,ＡＩクロス,東Ｇ
チャットボット,AI・ソフト・データ,4689,ラインヤフー,東Ｐ
チャットボット,AI・ソフト・データ,4751,サイバー,東Ｐ
チャットボット,AI・ソフト・データ,4776,サイボウズ,東Ｐ
チャットボット,AI・ソフト・データ,4829,日エンター,東Ｓ
チャットボット,AI・ソフト・データ,4845,スカラ,東Ｓ
チャットボット,AI・ソフト・データ,5132,プラスゼロ,東Ｇ
チャットボット,AI・ソフト・データ,5136,トリプラ,東Ｇ
チャットボット,AI・ソフト・データ,5578,ＡＲアドバン,東Ｇ
チャットボット,AI・ソフト・データ,6191,エアトリ,東Ｐ
チャットボット,AI・ソフト・データ,6193,バーチャレク,東Ｇ
チャットボット,AI・ソフト・データ,6551,ツナグＧＨＤ,東Ｓ
チャットボット,AI・ソフト・データ,6562,ジーニー,東Ｇ
チャットボット,AI・ソフト・データ,7046,ＴＤＳＥ,東Ｇ
チャットボット,AI・ソフト・データ,7093,アディッシュ,東Ｇ
チャットボット,AI・ソフト・データ,7095,マクビープラ,東Ｐ
チャットボット,AI・ソフト・データ,7371,Ｚｅｎｋｅｎ,東Ｇ
チャットボット,AI・ソフト・データ,9211,エフ・コード,東Ｇ
チャットボット,AI・ソフト・データ,9244,デジタリフト,東Ｇ
チャットボット,AI・ソフト・データ,9416,ビジョン,東Ｐ
チャットボット,AI・ソフト・データ,9418,ＵＮＥＸＴ,東Ｐ
デジタルカメラ,AI・ソフト・データ,3444,菊池製作,東Ｓ
デジタルカメラ,AI・ソフト・データ,3652,ＤＭＰ,東Ｇ
デジタルカメラ,AI・ソフト・データ,3653,モルフォ,東Ｇ
デジタルカメラ,AI・ソフト・データ,4901,富士フイルム,東Ｐ
デジタルカメラ,AI・ソフト・データ,5218,オハラ,東Ｓ
デジタルカメラ,AI・ソフト・データ,5858,ＳＴＧ,東Ｇ
デジタルカメラ,AI・ソフト・データ,6235,オプトラン,東Ｐ
デジタルカメラ,AI・ソフト・データ,6594,ニデック,東Ｐ
デジタルカメラ,AI・ソフト・データ,6614,シキノＨＴ,東Ｓ
デジタルカメラ,AI・ソフト・データ,6740,Ｊディスプレ,東Ｐ
デジタルカメラ,AI・ソフト・データ,6752,パナＨＤ,東Ｐ
デジタルカメラ,AI・ソフト・データ,6758,ソニーＧ,東Ｐ
デジタルカメラ,AI・ソフト・データ,6763,帝通工,東Ｐ
デジタルカメラ,AI・ソフト・データ,6875,メガチップス,東Ｐ
デジタルカメラ,AI・ソフト・データ,6964,サンコー,東Ｓ
デジタルカメラ,AI・ソフト・データ,7731,ニコン,東Ｐ
デジタルカメラ,AI・ソフト・データ,7740,タムロン,東Ｐ
デジタルカメラ,AI・ソフト・データ,7751,キヤノン,東Ｐ
デジタルカメラ,AI・ソフト・データ,7752,リコー,東Ｐ
デジタルカメラ,AI・ソフト・データ,7927,ムトー精工,東Ｓ
デジタルカメラ,AI・ソフト・データ,8060,キヤノンＭＪ,東Ｐ
デジタルサイネージ,AI・ソフト・データ,1434,ＪＥＳＣＯ,東Ｓ
デジタルサイネージ,AI・ソフト・データ,2173,博展,東Ｇ
デジタルサイネージ,AI・ソフト・データ,2376,サイネックス,東Ｓ
デジタルサイネージ,AI・ソフト・データ,2433,博報堂ＤＹ,東Ｐ
デジタルサイネージ,AI・ソフト・データ,2469,ヒビノ,東Ｓ
デジタルサイネージ,AI・ソフト・データ,3040,ソリトン,東Ｐ
デジタルサイネージ,AI・ソフト・データ,3719,ＡＩストーム,東Ｓ
デジタルサイネージ,AI・ソフト・データ,4015,ペイクラウド,東Ｇ
デジタルサイネージ,AI・ソフト・データ,4056,ニューラルＧ,東Ｇ
デジタルサイネージ,AI・ソフト・データ,4072,電算システム,東Ｐ
デジタルサイネージ,AI・ソフト・データ,4237,フジプレアム,東Ｓ
デジタルサイネージ,AI・ソフト・データ,4284,ソルクシーズ,東Ｓ
デジタルサイネージ,AI・ソフト・データ,4316,ビーマップ,東Ｇ
デジタルサイネージ,AI・ソフト・データ,4324,電通グループ,東Ｐ
デジタルサイネージ,AI・ソフト・データ,4498,サイバトラス,東Ｇ
デジタルサイネージ,AI・ソフト・データ,4751,サイバー,東Ｐ
デジタルサイネージ,AI・ソフト・データ,4813,ＡＣＣＥＳＳ,東Ｐ
デジタルサイネージ,AI・ソフト・データ,5201,ＡＧＣ,東Ｐ
デジタルサイネージ,AI・ソフト・データ,5248,テクノロジー,東Ｇ
デジタルサイネージ,AI・ソフト・データ,5906,エムケー精工,東Ｓ
デジタルサイネージ,AI・ソフト・データ,6055,Ｊマテリアル,東Ｐ
デジタルサイネージ,AI・ソフト・データ,6058,ベクトル,東Ｐ
デジタルサイネージ,AI・ソフト・データ,6094,フリークＨＤ,東Ｇ
デジタルサイネージ,AI・ソフト・データ,6501,日立,東Ｐ
デジタルサイネージ,AI・ソフト・データ,6503,三菱電,東Ｐ
デジタルサイネージ,AI・ソフト・データ,6535,アイモバイル,東Ｐ
デジタルサイネージ,AI・ソフト・データ,6696,トラースＯＰ,東Ｇ
デジタルサイネージ,AI・ソフト・データ,6701,ＮＥＣ,東Ｐ
デジタルサイネージ,AI・ソフト・データ,6702,富士通,東Ｐ
デジタルサイネージ,AI・ソフト・データ,6703,ＯＫＩ,東Ｐ
デジタルサイネージ,AI・ソフト・データ,6752,パナＨＤ,東Ｐ
デジタルサイネージ,AI・ソフト・データ,6753,シャープ,東Ｐ
デジタルサイネージ,AI・ソフト・データ,6758,ソニーＧ,東Ｐ
デジタルサイネージ,AI・ソフト・データ,6775,ＴＢグループ,東Ｓ
デジタルサイネージ,AI・ソフト・データ,6862,ミナトＨＤ,東Ｓ
デジタルサイネージ,AI・ソフト・データ,6902,デンソー,東Ｐ
デジタルサイネージ,AI・ソフト・データ,7359,東京通信Ｇ,東Ｇ
デジタルサイネージ,AI・ソフト・データ,7368,表示灯,東Ｓ
デジタルサイネージ,AI・ソフト・データ,7752,リコー,東Ｐ
デジタルサイネージ,AI・ソフト・データ,7804,Ｂ＆Ｐ,東Ｓ
デジタルサイネージ,AI・ソフト・データ,7836,アビックス,東Ｓ
デジタルサイネージ,AI・ソフト・データ,7863,平賀,東Ｓ
デジタルサイネージ,AI・ソフト・データ,7908,ＫＩＭＯＴＯ,東Ｓ
デジタルサイネージ,AI・ソフト・データ,7911,ＴＯＰＰＡＮ,東Ｐ
デジタルサイネージ,AI・ソフト・データ,7912,大日印,東Ｐ
デジタルサイネージ,AI・ソフト・データ,7939,研創,東Ｓ
デジタルサイネージ,AI・ソフト・データ,8057,内田洋,東Ｐ
デジタルサイネージ,AI・ソフト・データ,9001,東武,東Ｐ
デジタルサイネージ,AI・ソフト・データ,9005,東急,東Ｐ
デジタルサイネージ,AI・ソフト・データ,9008,京王,東Ｐ
デジタルサイネージ,AI・ソフト・データ,9020,ＪＲ東日本,東Ｐ
デジタルサイネージ,AI・ソフト・データ,9401,ＴＢＳＨＤ,東Ｐ
デジタルサイネージ,AI・ソフト・データ,9432,ＮＴＴ,東Ｐ
デジタルサイネージ,AI・ソフト・データ,9466,アイドマＭＣ,東Ｓ
デジタルサイネージ,AI・ソフト・データ,9553,マイクロアド,東Ｇ
デジタルサイネージ,AI・ソフト・データ,9984,ＳＢＧ,東Ｐ
デジタルシネマ,AI・ソフト・データ,6503,三菱電,東Ｐ
デジタルシネマ,AI・ソフト・データ,6701,ＮＥＣ,東Ｐ
デジタルシネマ,AI・ソフト・データ,6758,ソニーＧ,東Ｐ
デジタルシネマ,AI・ソフト・データ,6925,ウシオ電,東Ｐ
デジタルシネマ,AI・ソフト・データ,9432,ＮＴＴ,東Ｐ
デジタルシネマ,AI・ソフト・データ,9433,ＫＤＤＩ,東Ｐ
デジタルツイン,AI・ソフト・データ,1963,日揮ＨＤ,東Ｐ
デジタルツイン,AI・ソフト・データ,1980,ダイダン,東Ｐ
デジタルツイン,AI・ソフト・データ,2354,ＹＥデジタル,東Ｓ
デジタルツイン,AI・ソフト・データ,3626,ＴＩＳＩ,東Ｐ
デジタルツイン,AI・ソフト・データ,3719,ＡＩストーム,東Ｓ
デジタルツイン,AI・ソフト・データ,3744,サイオス,東Ｓ
デジタルツイン,AI・ソフト・データ,3907,シリコンスタ,東Ｓ
デジタルツイン,AI・ソフト・データ,4316,ビーマップ,東Ｇ
デジタルツイン,AI・ソフト・データ,4432,ウイングアク,東Ｐ
デジタルツイン,AI・ソフト・データ,4492,ゼネテック,東Ｓ
デジタルツイン,AI・ソフト・データ,5871,ＳＯＬＩＺＥ,東Ｓ
デジタルツイン,AI・ソフト・データ,6662,ユビテック,東Ｓ
デジタルツイン,AI・ソフト・データ,6701,ＮＥＣ,東Ｐ
デジタルツイン,AI・ソフト・データ,6954,ファナック,東Ｐ
デジタルツイン,AI・ソフト・データ,7908,ＫＩＭＯＴＯ,東Ｓ
デジタルツイン,AI・ソフト・データ,9432,ＮＴＴ,東Ｐ
デジタルツイン,AI・ソフト・データ,9433,ＫＤＤＩ,東Ｐ
デジタルツイン,AI・ソフト・データ,9984,ＳＢＧ,東Ｐ
デジタルトランスフォーメーション,AI・ソフト・データ,1435,ロボホーム,東Ｓ
デジタルトランスフォーメーション,AI・ソフト・データ,1447,ＳＡＡＦＨＤ,東Ｇ
デジタルトランスフォーメーション,AI・ソフト・データ,1951,エクシオＧ,東Ｐ
デジタルトランスフォーメーション,AI・ソフト・データ,2148,ＩＴメディア,東Ｐ
デジタルトランスフォーメーション,AI・ソフト・データ,2307,クロスキャト,東Ｐ
デジタルトランスフォーメーション,AI・ソフト・データ,2323,ｆｏｎｆｕｎ,東Ｓ
デジタルトランスフォーメーション,AI・ソフト・データ,2327,ＮＳＳＯＬ,東Ｐ
デジタルトランスフォーメーション,AI・ソフト・データ,2335,キューブシス,東Ｐ
デジタルトランスフォーメーション,AI・ソフト・データ,2354,ＹＥデジタル,東Ｓ
デジタルトランスフォーメーション,AI・ソフト・データ,2376,サイネックス,東Ｓ
デジタルトランスフォーメーション,AI・ソフト・データ,2436,共同ＰＲ,東Ｓ
デジタルトランスフォーメーション,AI・ソフト・データ,2471,エスプール,東Ｐ
デジタルトランスフォーメーション,AI・ソフト・データ,2492,インフォＭＴ,東Ｐ
デジタルトランスフォーメーション,AI・ソフト・データ,2934,ジェイフロ,東Ｇ
デジタルトランスフォーメーション,AI・ソフト・データ,2980,ＳＲＥＨＤ,東Ｐ
デジタルトランスフォーメーション,AI・ソフト・データ,3132,マクニカＨＤ,東Ｐ
デジタルトランスフォーメーション,AI・ソフト・データ,3300,アンビＤＸ,東Ｇ
デジタルトランスフォーメーション,AI・ソフト・データ,3491,ＧＡテクノ,東Ｇ
デジタルトランスフォーメーション,AI・ソフト・データ,3626,ＴＩＳＩ,東Ｐ
デジタルトランスフォーメーション,AI・ソフト・データ,3636,三菱総研,東Ｐ
デジタルトランスフォーメーション,AI・ソフト・データ,3649,ファインデ,東Ｐ
デジタルトランスフォーメーション,AI・ソフト・データ,3653,モルフォ,東Ｇ
デジタルトランスフォーメーション,AI・ソフト・データ,3670,協立情報通信,名Ｍ
デジタルトランスフォーメーション,AI・ソフト・データ,3673,ブロドリーフ,東Ｐ
デジタルトランスフォーメーション,AI・ソフト・データ,3675,クロスマーケ,東Ｓ
デジタルトランスフォーメーション,AI・ソフト・データ,3676,デジハＨＤ,東Ｐ
デジタルトランスフォーメーション,AI・ソフト・データ,3683,サイバーリン,東Ｓ
デジタルトランスフォーメーション,AI・ソフト・データ,3691,デジプラ,東Ｇ
デジタルトランスフォーメーション,AI・ソフト・データ,3694,オプティム,東Ｐ
デジタルトランスフォーメーション,AI・ソフト・データ,3697,ＳＨＩＦＴ,東Ｐ
デジタルトランスフォーメーション,AI・ソフト・データ,3741,セック,東Ｐ
デジタルトランスフォーメーション,AI・ソフト・データ,3744,サイオス,東Ｓ
デジタルトランスフォーメーション,AI・ソフト・データ,3773,ＡＭＩ,東Ｇ
デジタルトランスフォーメーション,AI・ソフト・データ,3776,ＢＢタワー,東Ｓ
デジタルトランスフォーメーション,AI・ソフト・データ,3796,いい生活,東Ｓ
デジタルトランスフォーメーション,AI・ソフト・データ,3799,キーウェア,東Ｓ
デジタルトランスフォーメーション,AI・ソフト・データ,3800,ユニリタ,東Ｓ
デジタルトランスフォーメーション,AI・ソフト・データ,3816,大和コン,東Ｓ
デジタルトランスフォーメーション,AI・ソフト・データ,3826,ＳＩ,東Ｓ
デジタルトランスフォーメーション,AI・ソフト・データ,3836,アバントＧ,東Ｐ
デジタルトランスフォーメーション,AI・ソフト・データ,3837,アドソル日進,東Ｐ
デジタルトランスフォーメーション,AI・ソフト・データ,3843,フリービット,東Ｐ
デジタルトランスフォーメーション,AI・ソフト・データ,3844,コムチュア,東Ｐ
デジタルトランスフォーメーション,AI・ソフト・データ,3848,データアプリ,東Ｓ
デジタルトランスフォーメーション,AI・ソフト・データ,3854,アイル,東Ｐ
デジタルトランスフォーメーション,AI・ソフト・データ,3909,ショーケース,東Ｓ
デジタルトランスフォーメーション,AI・ソフト・データ,3913,ＧｒｅｅｎＢ,東Ｓ
デジタルトランスフォーメーション,AI・ソフト・データ,3915,テラスカイ,東Ｐ
デジタルトランスフォーメーション,AI・ソフト・データ,3916,ＤＩＴ,東Ｐ
デジタルトランスフォーメーション,AI・ソフト・データ,3918,ＰＣＩＨＤ,東Ｓ
デジタルトランスフォーメーション,AI・ソフト・データ,3921,ネオジャパン,東Ｐ
デジタルトランスフォーメーション,AI・ソフト・データ,3923,ラクス,東Ｐ
デジタルトランスフォーメーション,AI・ソフト・データ,3936,ＧＷ,東Ｇ
デジタルトランスフォーメーション,AI・ソフト・データ,3939,カナミックＮ,東Ｐ
デジタルトランスフォーメーション,AI・ソフト・データ,3940,ノムラシス,東Ｓ
デジタルトランスフォーメーション,AI・ソフト・データ,3962,チェンジＨＤ,東Ｐ
デジタルトランスフォーメーション,AI・ソフト・データ,3965,キャピタルＡ,東Ｓ
デジタルトランスフォーメーション,AI・ソフト・データ,3967,エルテス,東Ｇ
デジタルトランスフォーメーション,AI・ソフト・データ,3969,エイトレッド,東Ｓ
デジタルトランスフォーメーション,AI・ソフト・データ,3983,オロ,東Ｐ
デジタルトランスフォーメーション,AI・ソフト・データ,3992,ニーズウェル,東Ｐ
デジタルトランスフォーメーション,AI・ソフト・データ,3996,サインポスト,東Ｓ
デジタルトランスフォーメーション,AI・ソフト・データ,4011,ヘッドウォ,東Ｇ
デジタルトランスフォーメーション,AI・ソフト・データ,4012,アクシス,東Ｓ
デジタルトランスフォーメーション,AI・ソフト・データ,4014,カラダノート,東Ｇ
デジタルトランスフォーメーション,AI・ソフト・データ,4016,ミット,東Ｓ
デジタルトランスフォーメーション,AI・ソフト・データ,4018,ジオロケ,福Ｑ
デジタルトランスフォーメーション,AI・ソフト・データ,4053,サンアスタ,東Ｐ
デジタルトランスフォーメーション,AI・ソフト・データ,4069,ブルーミーム,東Ｇ
デジタルトランスフォーメーション,AI・ソフト・データ,4074,ラキール,東Ｇ
デジタルトランスフォーメーション,AI・ソフト・データ,4075,ブレインズ,東Ｇ
デジタルトランスフォーメーション,AI・ソフト・データ,4076,シイエヌエス,東Ｇ
デジタルトランスフォーメーション,AI・ソフト・データ,4165,プレイド,東Ｇ
デジタルトランスフォーメーション,AI・ソフト・データ,4166,かっこ,東Ｇ
デジタルトランスフォーメーション,AI・ソフト・データ,4167,ココペリ,東Ｇ
デジタルトランスフォーメーション,AI・ソフト・データ,4169,エネチェンジ,東Ｇ
デジタルトランスフォーメーション,AI・ソフト・データ,4170,カイゼン,東Ｇ
デジタルトランスフォーメーション,AI・ソフト・データ,4178,Ｓイノベ,東Ｇ
デジタルトランスフォーメーション,AI・ソフト・データ,4179,ジーネクスト,東Ｇ
デジタルトランスフォーメーション,AI・ソフト・データ,4192,スパイダー,東Ｇ
デジタルトランスフォーメーション,AI・ソフト・データ,4194,ビジョナル,東Ｐ
デジタルトランスフォーメーション,AI・ソフト・データ,4198,テンダ,東Ｓ
デジタルトランスフォーメーション,AI・ソフト・データ,4259,エクサＷｉｚ,東Ｇ
デジタルトランスフォーメーション,AI・ソフト・データ,4260,ハイブリッド,東Ｇ
デジタルトランスフォーメーション,AI・ソフト・データ,4261,アジアＱ,東Ｇ
デジタルトランスフォーメーション,AI・ソフト・データ,4262,ニフティＬＳ,東Ｇ
デジタルトランスフォーメーション,AI・ソフト・データ,4263,サスメド,東Ｇ
デジタルトランスフォーメーション,AI・ソフト・データ,4265,ＩＧＳ,東Ｇ
デジタルトランスフォーメーション,AI・ソフト・データ,4270,ＢｅｅＸ,東Ｇ
デジタルトランスフォーメーション,AI・ソフト・データ,4284,ソルクシーズ,東Ｓ
デジタルトランスフォーメーション,AI・ソフト・データ,4293,セプテニＨＤ,東Ｓ
デジタルトランスフォーメーション,AI・ソフト・データ,4299,ハイマックス,東Ｓ
デジタルトランスフォーメーション,AI・ソフト・データ,4307,野村総研,東Ｐ
デジタルトランスフォーメーション,AI・ソフト・データ,4323,日シス技術,東Ｐ
デジタルトランスフォーメーション,AI・ソフト・データ,4335,ＩＰＳＨＤ,東Ｓ
デジタルトランスフォーメーション,AI・ソフト・データ,4345,ＣＴＳ,東Ｐ
デジタルトランスフォーメーション,AI・ソフト・データ,4371,ＣＣＴ,東Ｇ
デジタルトランスフォーメーション,AI・ソフト・データ,4373,シンプレクス,東Ｐ
デジタルトランスフォーメーション,AI・ソフト・データ,4374,ロボペイ,東Ｇ
デジタルトランスフォーメーション,AI・ソフト・データ,4376,くふうカンパ,東Ｇ
デジタルトランスフォーメーション,AI・ソフト・データ,4377,ワンキャリア,東Ｇ
デジタルトランスフォーメーション,AI・ソフト・データ,4378,ＣＩＮＣ,東Ｇ
デジタルトランスフォーメーション,AI・ソフト・データ,4381,ビープラッツ,東Ｇ
デジタルトランスフォーメーション,AI・ソフト・データ,4382,ＨＥＲＯＺ,東Ｓ
デジタルトランスフォーメーション,AI・ソフト・データ,4386,ＳＩＧＧ,東Ｓ
デジタルトランスフォーメーション,AI・ソフト・データ,4389,プロパテＤＢ,東Ｇ
デジタルトランスフォーメーション,AI・ソフト・データ,4395,アクリート,東Ｇ
デジタルトランスフォーメーション,AI・ソフト・データ,4397,チムスピ,東Ｇ
デジタルトランスフォーメーション,AI・ソフト・データ,4413,ボードルア,東Ｐ
デジタルトランスフォーメーション,AI・ソフト・データ,4414,フレクト,東Ｇ
デジタルトランスフォーメーション,AI・ソフト・データ,4416,トゥルーＤ,東Ｇ
デジタルトランスフォーメーション,AI・ソフト・データ,4418,ＪＤＳＣ,東Ｇ
デジタルトランスフォーメーション,AI・ソフト・データ,4419,フィナＨＤ,東Ｇ
デジタルトランスフォーメーション,AI・ソフト・データ,4421,ＤＩシステム,東Ｓ
デジタルトランスフォーメーション,AI・ソフト・データ,4428,シノプス,東Ｇ
デジタルトランスフォーメーション,AI・ソフト・データ,4431,スマレジ,東Ｇ
デジタルトランスフォーメーション,AI・ソフト・データ,4432,ウイングアク,東Ｐ
デジタルトランスフォーメーション,AI・ソフト・データ,4443,Ｓａｎｓａｎ,東Ｐ
デジタルトランスフォーメーション,AI・ソフト・データ,4445,リビンＴ,東Ｇ
デジタルトランスフォーメーション,AI・ソフト・データ,4450,パワーソリュ,東Ｇ
デジタルトランスフォーメーション,AI・ソフト・データ,4475,ＨＥＮＮＧＥ,東Ｇ
デジタルトランスフォーメーション,AI・ソフト・データ,4476,ＡＩクロス,東Ｇ
デジタルトランスフォーメーション,AI・ソフト・データ,4486,ユナイト,東Ｇ
デジタルトランスフォーメーション,AI・ソフト・データ,4488,ＡＩｉｎｓ,東Ｇ
デジタルトランスフォーメーション,AI・ソフト・データ,4498,サイバトラス,東Ｇ
デジタルトランスフォーメーション,AI・ソフト・データ,4499,スピー,東Ｓ
デジタルトランスフォーメーション,AI・ソフト・データ,4662,フォーカス,東Ｐ
デジタルトランスフォーメーション,AI・ソフト・データ,4674,クレスコ,東Ｐ
デジタルトランスフォーメーション,AI・ソフト・データ,4684,オービック,東Ｐ
デジタルトランスフォーメーション,AI・ソフト・データ,4687,ＴＤＣソフト,東Ｐ
デジタルトランスフォーメーション,AI・ソフト・データ,4709,ＩＤＨＤ,東Ｐ
デジタルトランスフォーメーション,AI・ソフト・データ,4716,日本オラクル,東Ｓ
デジタルトランスフォーメーション,AI・ソフト・データ,4722,フューチャー,東Ｐ
デジタルトランスフォーメーション,AI・ソフト・データ,4725,ＣＡＣ,東Ｐ
デジタルトランスフォーメーション,AI・ソフト・データ,4733,ＯＢＣ,東Ｐ
デジタルトランスフォーメーション,AI・ソフト・データ,4736,日本ラッド,東Ｓ
デジタルトランスフォーメーション,AI・ソフト・データ,4743,ＩＴＦＯＲ,東Ｐ
デジタルトランスフォーメーション,AI・ソフト・データ,4768,大塚商会,東Ｐ
デジタルトランスフォーメーション,AI・ソフト・データ,4776,サイボウズ,東Ｐ
デジタルトランスフォーメーション,AI・ソフト・データ,4811,ドリムアーツ,東Ｇ
デジタルトランスフォーメーション,AI・ソフト・データ,4812,電通総研,東Ｐ
デジタルトランスフォーメーション,AI・ソフト・データ,4813,ＡＣＣＥＳＳ,東Ｐ
デジタルトランスフォーメーション,AI・ソフト・データ,4814,ネクスウェア,東Ｓ
デジタルトランスフォーメーション,AI・ソフト・データ,4820,ＥＭシステム,東Ｐ
デジタルトランスフォーメーション,AI・ソフト・データ,4833,Ｄｅｆコン,東Ｇ
デジタルトランスフォーメーション,AI・ソフト・データ,4845,スカラ,東Ｓ
デジタルトランスフォーメーション,AI・ソフト・データ,5026,トリプルアイ,東Ｇ
デジタルトランスフォーメーション,AI・ソフト・データ,5029,サークレイス,東Ｇ
デジタルトランスフォーメーション,AI・ソフト・データ,5033,ヌーラボ,東Ｇ
デジタルトランスフォーメーション,AI・ソフト・データ,5034,ウネリー,東Ｇ
デジタルトランスフォーメーション,AI・ソフト・データ,5036,ＪＢＳ,東Ｐ
デジタルトランスフォーメーション,AI・ソフト・データ,5038,ｅＷｅＬＬ,東Ｇ
デジタルトランスフォーメーション,AI・ソフト・データ,5039,キットア,札Ａ
デジタルトランスフォーメーション,AI・ソフト・データ,5125,ファインズ,東Ｇ
デジタルトランスフォーメーション,AI・ソフト・データ,5134,ＰＯＰＥＲ,東Ｇ
デジタルトランスフォーメーション,AI・ソフト・データ,5137,スマートＤ,東Ｇ
デジタルトランスフォーメーション,AI・ソフト・データ,5247,ＢＴＭ,東Ｇ
デジタルトランスフォーメーション,AI・ソフト・データ,5248,テクノロジー,東Ｇ
デジタルトランスフォーメーション,AI・ソフト・データ,5250,ＧＭＯプラ,東Ｓ
デジタルトランスフォーメーション,AI・ソフト・データ,5254,Ａｒｅｎｔ,東Ｇ
デジタルトランスフォーメーション,AI・ソフト・データ,5255,モンラボ,東Ｇ
デジタルトランスフォーメーション,AI・ソフト・データ,5256,フュージック,東Ｇ
デジタルトランスフォーメーション,AI・ソフト・データ,5535,ミガロＨＤ,東Ｐ
デジタルトランスフォーメーション,AI・ソフト・データ,5571,エキサイト,東Ｓ
デジタルトランスフォーメーション,AI・ソフト・データ,5572,リッジアイ,東Ｇ
デジタルトランスフォーメーション,AI・ソフト・データ,5574,ＡＢＥＪＡ,東Ｇ
デジタルトランスフォーメーション,AI・ソフト・データ,5576,ＯＢシステム,東Ｓ
デジタルトランスフォーメーション,AI・ソフト・データ,5578,ＡＲアドバン,東Ｇ
デジタルトランスフォーメーション,AI・ソフト・データ,5579,ＧＳＩ,札証
デジタルトランスフォーメーション,AI・ソフト・データ,5580,プロディ,東Ｇ
デジタルトランスフォーメーション,AI・ソフト・データ,5586,ラボロＡＩ,東Ｇ
デジタルトランスフォーメーション,AI・ソフト・データ,5588,ファーストＡ,東Ｇ
デジタルトランスフォーメーション,AI・ソフト・データ,5590,ネットスタズ,東Ｇ
デジタルトランスフォーメーション,AI・ソフト・データ,5591,アヴィレン,東Ｇ
デジタルトランスフォーメーション,AI・ソフト・データ,5618,ナイル,東Ｇ
デジタルトランスフォーメーション,AI・ソフト・データ,5619,マーソ,東Ｇ
デジタルトランスフォーメーション,AI・ソフト・データ,5621,ヒューマンＴ,東Ｇ
デジタルトランスフォーメーション,AI・ソフト・データ,5885,ジーデップ,東Ｓ
デジタルトランスフォーメーション,AI・ソフト・データ,6027,弁護士ＣＯＭ,東Ｐ
デジタルトランスフォーメーション,AI・ソフト・データ,6037,楽待,東Ｓ
デジタルトランスフォーメーション,AI・ソフト・データ,6081,アライドアキ,東Ｇ
デジタルトランスフォーメーション,AI・ソフト・データ,6088,シグマクシス,東Ｐ
デジタルトランスフォーメーション,AI・ソフト・データ,6193,バーチャレク,東Ｇ
デジタルトランスフォーメーション,AI・ソフト・データ,6199,セラク,東Ｓ
デジタルトランスフォーメーション,AI・ソフト・データ,6200,インソース,東Ｐ
デジタルトランスフォーメーション,AI・ソフト・データ,6276,シリウスＶ,東Ｓ
デジタルトランスフォーメーション,AI・ソフト・データ,6532,ベイカレント,東Ｐ
デジタルトランスフォーメーション,AI・ソフト・データ,6533,オーケストラ,東Ｐ
デジタルトランスフォーメーション,AI・ソフト・データ,6560,ＬＴＳ,東Ｐ
デジタルトランスフォーメーション,AI・ソフト・データ,6563,みらいＷＫＳ,東Ｇ
デジタルトランスフォーメーション,AI・ソフト・データ,6572,オープンＧ,東Ｐ
デジタルトランスフォーメーション,AI・ソフト・データ,6574,コンヴァノ,東Ｇ
デジタルトランスフォーメーション,AI・ソフト・データ,6580,ライトアップ,東Ｇ
デジタルトランスフォーメーション,AI・ソフト・データ,6701,ＮＥＣ,東Ｐ
デジタルトランスフォーメーション,AI・ソフト・データ,6702,富士通,東Ｐ
デジタルトランスフォーメーション,AI・ソフト・データ,6862,ミナトＨＤ,東Ｓ
デジタルトランスフォーメーション,AI・ソフト・データ,6888,アクモス,東Ｓ
デジタルトランスフォーメーション,AI・ソフト・データ,6947,図研,東Ｐ
デジタルトランスフォーメーション,AI・ソフト・データ,7033,ＭＳＯＬ,東Ｐ
デジタルトランスフォーメーション,AI・ソフト・データ,7038,フロンティＭ,東Ｐ
デジタルトランスフォーメーション,AI・ソフト・データ,7046,ＴＤＳＥ,東Ｇ
デジタルトランスフォーメーション,AI・ソフト・データ,7047,ポート,東Ｇ
デジタルトランスフォーメーション,AI・ソフト・データ,7049,識学,東Ｇ
デジタルトランスフォーメーション,AI・ソフト・データ,7060,ギークス,東Ｓ
デジタルトランスフォーメーション,AI・ソフト・データ,7066,ピアズ,東Ｇ
デジタルトランスフォーメーション,AI・ソフト・データ,7067,ブランドＴ,東Ｇ
デジタルトランスフォーメーション,AI・ソフト・データ,7068,ＦフォースＧ,東Ｇ
デジタルトランスフォーメーション,AI・ソフト・データ,7073,ジェイック,東Ｇ
デジタルトランスフォーメーション,AI・ソフト・データ,7078,ＩＮＣＨＤ,東Ｇ
デジタルトランスフォーメーション,AI・ソフト・データ,7095,マクビープラ,東Ｐ
デジタルトランスフォーメーション,AI・ソフト・データ,7114,フーディソン,東Ｇ
デジタルトランスフォーメーション,AI・ソフト・データ,7351,グッドパッチ,東Ｇ
デジタルトランスフォーメーション,AI・ソフト・データ,7359,東京通信Ｇ,東Ｇ
デジタルトランスフォーメーション,AI・ソフト・データ,7361,ＨＣＨ,東Ｇ
デジタルトランスフォーメーション,AI・ソフト・データ,7373,アイドマＨＤ,東Ｇ
デジタルトランスフォーメーション,AI・ソフト・データ,7376,ＢＣＣ,東Ｇ
デジタルトランスフォーメーション,AI・ソフト・データ,7383,ネットプロ,東Ｐ
デジタルトランスフォーメーション,AI・ソフト・データ,7419,ノジマ,東Ｐ
デジタルトランスフォーメーション,AI・ソフト・データ,7460,ヤギ,東Ｓ
デジタルトランスフォーメーション,AI・ソフト・データ,7527,システムソフ,東Ｓ
デジタルトランスフォーメーション,AI・ソフト・データ,7595,アルゴグラフ,東Ｐ
デジタルトランスフォーメーション,AI・ソフト・データ,7793,イメージＭ,東Ｇ
デジタルトランスフォーメーション,AI・ソフト・データ,7901,マツモト,東Ｓ
デジタルトランスフォーメーション,AI・ソフト・データ,8056,ビプロジー,東Ｐ
デジタルトランスフォーメーション,AI・ソフト・データ,8157,都築電,東Ｐ
デジタルトランスフォーメーション,AI・ソフト・データ,8424,芙蓉リース,東Ｐ
デジタルトランスフォーメーション,AI・ソフト・データ,9163,ナレルＧ,東Ｇ
デジタルトランスフォーメーション,AI・ソフト・データ,9168,ライズＣＧ,東Ｇ
デジタルトランスフォーメーション,AI・ソフト・データ,9211,エフ・コード,東Ｇ
デジタルトランスフォーメーション,AI・ソフト・データ,9216,ビーウィズ,東Ｐ
デジタルトランスフォーメーション,AI・ソフト・データ,9219,ギックス,東Ｇ
デジタルトランスフォーメーション,AI・ソフト・データ,9238,バリューＣ,東Ｇ
デジタルトランスフォーメーション,AI・ソフト・データ,9240,デリバリコン,東Ｇ
デジタルトランスフォーメーション,AI・ソフト・データ,9246,プロＨＤ,東Ｇ
デジタルトランスフォーメーション,AI・ソフト・データ,9250,ＧＲＣＳ,東Ｇ
デジタルトランスフォーメーション,AI・ソフト・データ,9257,ＹＣＰ,東Ｇ
デジタルトランスフォーメーション,AI・ソフト・データ,9258,ＣＳ－Ｃ,東Ｇ
デジタルトランスフォーメーション,AI・ソフト・データ,9272,ブティックス,東Ｇ
デジタルトランスフォーメーション,AI・ソフト・データ,9342,スマサポ,東Ｇ
デジタルトランスフォーメーション,AI・ソフト・データ,9418,ＵＮＥＸＴ,東Ｐ
デジタルトランスフォーメーション,AI・ソフト・データ,9556,イントループ,東Ｇ
デジタルトランスフォーメーション,AI・ソフト・データ,9561,グラッドＣ,東Ｇ
デジタルトランスフォーメーション,AI・ソフト・データ,9564,ＦＣＥ,東Ｓ
デジタルトランスフォーメーション,AI・ソフト・データ,9640,セゾンテク,東Ｓ
デジタルトランスフォーメーション,AI・ソフト・データ,9644,タナベＣＧ,東Ｐ
デジタルトランスフォーメーション,AI・ソフト・データ,9685,ＫＹＣＯＭ,東Ｓ
デジタルトランスフォーメーション,AI・ソフト・データ,9691,両毛システム,東Ｓ
デジタルトランスフォーメーション,AI・ソフト・データ,9702,アイエスビー,東Ｐ
デジタルトランスフォーメーション,AI・ソフト・データ,9709,ＮＣＳ＆Ａ,東Ｓ
デジタルトランスフォーメーション,AI・ソフト・データ,9715,トランスコス,東Ｐ
デジタルトランスフォーメーション,AI・ソフト・データ,9739,ＮＳＷ,東Ｐ
デジタルトランスフォーメーション,AI・ソフト・データ,9742,アイネス,東Ｐ
デジタルトランスフォーメーション,AI・ソフト・データ,9746,ＴＫＣ,東Ｐ
デジタルトランスフォーメーション,AI・ソフト・データ,9753,ＩＸナレッジ,東Ｓ
デジタルトランスフォーメーション,AI・ソフト・データ,9759,ＮＳＤ,東Ｐ
デジタルトランスフォーメーション,AI・ソフト・データ,9768,いであ,東Ｓ
デジタルトランスフォーメーション,AI・ソフト・データ,9799,旭情報,東Ｓ
デジタルトランスフォーメーション,AI・ソフト・データ,9889,ＪＢＣＣＨＤ,東Ｐ
デジタルビデオカメラ,AI・ソフト・データ,5858,ＳＴＧ,東Ｇ
デジタルビデオカメラ,AI・ソフト・データ,6632,ＪＶＣケンウ,東Ｐ
デジタルビデオカメラ,AI・ソフト・データ,6752,パナＨＤ,東Ｐ
デジタルビデオカメラ,AI・ソフト・データ,6758,ソニーＧ,東Ｐ
デジタルビデオカメラ,AI・ソフト・データ,6771,池上通,東Ｓ
デジタルビデオカメラ,AI・ソフト・データ,7740,タムロン,東Ｐ
デジタルビデオカメラ,AI・ソフト・データ,7751,キヤノン,東Ｐ
デジタル印刷,AI・ソフト・データ,3076,あいＨＤ,東Ｐ
デジタル印刷,AI・ソフト・データ,3892,岡山製紙,東Ｓ
デジタル印刷,AI・ソフト・データ,3947,ダイナパック,東Ｓ
デジタル印刷,AI・ソフト・データ,3948,光ビジネス,東Ｓ
デジタル印刷,AI・ソフト・データ,3958,笹徳印刷,東Ｓ
デジタル印刷,AI・ソフト・データ,4901,富士フイルム,東Ｐ
デジタル印刷,AI・ソフト・データ,4902,コニカミノル,東Ｐ
デジタル印刷,AI・ソフト・データ,6335,東京機,東Ｓ
デジタル印刷,AI・ソフト・データ,6349,小森,東Ｐ
デジタル印刷,AI・ソフト・データ,6413,理想科学,東Ｐ
デジタル印刷,AI・ソフト・データ,6724,エプソン,東Ｐ
デジタル印刷,AI・ソフト・データ,7521,ムサシ,東Ｓ
デジタル印刷,AI・ソフト・データ,7735,スクリン,東Ｐ
デジタル印刷,AI・ソフト・データ,7751,キヤノン,東Ｐ
デジタル印刷,AI・ソフト・データ,7752,リコー,東Ｐ
デジタル印刷,AI・ソフト・データ,7793,イメージＭ,東Ｇ
デジタル印刷,AI・ソフト・データ,7795,ＫＹＯＲＩＴ,東Ｓ
デジタル印刷,AI・ソフト・データ,7804,Ｂ＆Ｐ,東Ｓ
デジタル印刷,AI・ソフト・データ,7805,プリントＮ,東Ｓ
デジタル印刷,AI・ソフト・データ,7831,ウイルコＨＤ,東Ｓ
デジタル印刷,AI・ソフト・データ,7851,カワセコンピ,福証
デジタル印刷,AI・ソフト・データ,7868,広済堂ＨＤ,東Ｐ
デジタル印刷,AI・ソフト・データ,7870,福島印刷,名Ｍ
デジタル印刷,AI・ソフト・データ,7883,サンメッセ,東Ｓ
デジタル印刷,AI・ソフト・データ,7901,マツモト,東Ｓ
デジタル印刷,AI・ソフト・データ,7987,ナカバヤシ,東Ｓ
デジタル印刷,AI・ソフト・データ,8060,キヤノンＭＪ,東Ｐ
デジタル印刷,AI・ソフト・データ,9087,タカセ,東Ｓ
デジタル給与,AI・ソフト・データ,2428,ウェルネット,東Ｓ
デジタル給与,AI・ソフト・データ,3623,ビリングシス,東Ｇ
デジタル給与,AI・ソフト・データ,3626,ＴＩＳＩ,東Ｐ
デジタル給与,AI・ソフト・データ,3696,セレス,東Ｐ
デジタル給与,AI・ソフト・データ,3753,フライト,東Ｓ
デジタル給与,AI・ソフト・データ,3769,ＧＭＯ－ＰＧ,東Ｐ
デジタル給与,AI・ソフト・データ,3853,アステリア,東Ｐ
デジタル給与,AI・ソフト・データ,3994,マネフォ,東Ｐ
デジタル給与,AI・ソフト・データ,4072,電算システム,東Ｐ
デジタル給与,AI・ソフト・データ,4385,メルカリ,東Ｐ
デジタル給与,AI・ソフト・データ,4478,フリー,東Ｇ
デジタル給与,AI・ソフト・データ,4689,ラインヤフー,東Ｐ
デジタル給与,AI・ソフト・データ,4755,楽天グループ,東Ｐ
デジタル給与,AI・ソフト・データ,9360,鈴与シンワ,東Ｓ
デジタル給与,AI・ソフト・データ,9432,ＮＴＴ,東Ｐ
デジタル給与,AI・ソフト・データ,9433,ＫＤＤＩ,東Ｐ
デジタル給与,AI・ソフト・データ,9629,ＰＣＡ,東Ｐ
デジタル給与,AI・ソフト・データ,9928,ミロク情報,東Ｐ
デジタル給与,AI・ソフト・データ,9984,ＳＢＧ,東Ｐ
デジタル通貨,AI・ソフト・データ,3626,ＴＩＳＩ,東Ｐ
デジタル通貨,AI・ソフト・データ,3691,デジプラ,東Ｇ
デジタル通貨,AI・ソフト・データ,3747,インタートレ,東Ｓ
デジタル通貨,AI・ソフト・データ,3774,ＩＩＪ,東Ｐ
デジタル通貨,AI・ソフト・データ,3917,アイリッジ,東Ｇ
デジタル通貨,AI・ソフト・データ,3962,チェンジＨＤ,東Ｐ
デジタル通貨,AI・ソフト・データ,4307,野村総研,東Ｐ
デジタル通貨,AI・ソフト・データ,4491,Ｃマネージ,東Ｓ
デジタル通貨,AI・ソフト・データ,5831,しずおかＦＧ,東Ｐ
デジタル通貨,AI・ソフト・データ,6088,シグマクシス,東Ｐ
デジタル通貨,AI・ソフト・データ,7180,九州ＦＧ,東Ｐ
デジタル通貨,AI・ソフト・データ,7182,ゆうちょ銀,東Ｐ
デジタル通貨,AI・ソフト・データ,7203,トヨタ,東Ｐ
デジタル通貨,AI・ソフト・データ,7381,ＣＣＩＧ,東Ｐ
デジタル通貨,AI・ソフト・データ,8303,ＳＢＩ新生銀,東Ｐ
デジタル通貨,AI・ソフト・データ,8306,三菱ＵＦＪ,東Ｐ
デジタル通貨,AI・ソフト・データ,8316,三井住友ＦＧ,東Ｐ
デジタル通貨,AI・ソフト・データ,8410,セブン銀,東Ｐ
デジタル通貨,AI・ソフト・データ,8411,みずほＦＧ,東Ｐ
デジタル通貨,AI・ソフト・データ,8473,ＳＢＩ,東Ｐ
デジタル通貨,AI・ソフト・データ,8604,野村,東Ｐ
デジタル通貨,AI・ソフト・データ,9020,ＪＲ東日本,東Ｐ
デジタル通貨,AI・ソフト・データ,9432,ＮＴＴ,東Ｐ
デジタル通貨,AI・ソフト・データ,9433,ＫＤＤＩ,東Ｐ
デジタル通貨,AI・ソフト・データ,9503,関西電,東Ｐ
デジタル通貨,AI・ソフト・データ,9753,ＩＸナレッジ,東Ｓ
データセンター,AI・ソフト・データ,1417,ミライトワン,東Ｐ
データセンター,AI・ソフト・データ,1721,コムシスＨＤ,東Ｐ
データセンター,AI・ソフト・データ,1832,北海電工,札証
データセンター,AI・ソフト・データ,1893,五洋建,東Ｐ
データセンター,AI・ソフト・データ,1925,大和ハウス,東Ｐ
データセンター,AI・ソフト・データ,1930,北陸電工,東Ｐ
データセンター,AI・ソフト・データ,1942,関電工,東Ｐ
データセンター,AI・ソフト・データ,1944,きんでん,東Ｐ
データセンター,AI・ソフト・データ,1945,東京エネシス,東Ｐ
データセンター,AI・ソフト・データ,1951,エクシオＧ,東Ｐ
データセンター,AI・ソフト・データ,1952,新日本空調,東Ｐ
データセンター,AI・ソフト・データ,1959,クラフティア,東Ｐ
データセンター,AI・ソフト・データ,1961,三機工,東Ｐ
データセンター,AI・ソフト・データ,1969,高砂熱,東Ｐ
データセンター,AI・ソフト・データ,1975,朝日工,東Ｐ
データセンター,AI・ソフト・データ,1980,ダイダン,東Ｐ
データセンター,AI・ソフト・データ,1982,日比谷設,東Ｐ
データセンター,AI・ソフト・データ,2134,北浜ＣＰ,東Ｓ
データセンター,AI・ソフト・データ,2321,ソフトフロン,東Ｇ
データセンター,AI・ソフト・データ,2327,ＮＳＳＯＬ,東Ｐ
データセンター,AI・ソフト・データ,2334,イオレ,東Ｇ
データセンター,AI・ソフト・データ,2338,クオンタムＳ,東Ｓ
データセンター,AI・ソフト・データ,2667,イメージワン,東Ｓ
データセンター,AI・ソフト・データ,2676,高千穂交易,東Ｐ
データセンター,AI・ソフト・データ,2760,東エレデバ,東Ｐ
データセンター,AI・ソフト・データ,2768,双日,東Ｐ
データセンター,AI・ソフト・データ,2776,新都ＨＤ,東Ｓ
データセンター,AI・ソフト・データ,2962,テクニスコ,東Ｓ
データセンター,AI・ソフト・データ,3083,スターシーズ,東Ｓ
データセンター,AI・ソフト・データ,3103,ユニチカ,東Ｓ
データセンター,AI・ソフト・データ,3110,日東紡,東Ｐ
データセンター,AI・ソフト・データ,3153,八洲電機,東Ｐ
データセンター,AI・ソフト・データ,3167,ＴＯＫＡＩ,東Ｐ
データセンター,AI・ソフト・データ,3289,東急不ＨＤ,東Ｐ
データセンター,AI・ソフト・データ,3626,ＴＩＳＩ,東Ｐ
データセンター,AI・ソフト・データ,3640,電算,東Ｓ
データセンター,AI・ソフト・データ,3648,ＡＧＳ,東Ｓ
データセンター,AI・ソフト・データ,3683,サイバーリン,東Ｓ
データセンター,AI・ソフト・データ,3687,Ｆスターズ,東Ｐ
データセンター,AI・ソフト・データ,3719,ＡＩストーム,東Ｓ
データセンター,AI・ソフト・データ,3758,アエリア,東Ｓ
データセンター,AI・ソフト・データ,3774,ＩＩＪ,東Ｐ
データセンター,AI・ソフト・データ,3776,ＢＢタワー,東Ｓ
データセンター,AI・ソフト・データ,3778,さくらネット,東Ｐ
データセンター,AI・ソフト・データ,3843,フリービット,東Ｐ
データセンター,AI・ソフト・データ,3878,巴川コーポ,東Ｓ
データセンター,AI・ソフト・データ,3905,データセク,東Ｇ
データセンター,AI・ソフト・データ,4004,レゾナック,東Ｐ
データセンター,AI・ソフト・データ,4042,東ソー,東Ｐ
データセンター,AI・ソフト・データ,4062,イビデン,東Ｐ
データセンター,AI・ソフト・データ,4072,電算システム,東Ｐ
データセンター,AI・ソフト・データ,4179,ジーネクスト,東Ｇ
データセンター,AI・ソフト・データ,4307,野村総研,東Ｐ
データセンター,AI・ソフト・データ,4395,アクリート,東Ｇ
データセンター,AI・ソフト・データ,4396,システムサポ,東Ｐ
データセンター,AI・ソフト・データ,4446,リンクユーＧ,東Ｓ
データセンター,AI・ソフト・データ,4461,一工薬,東Ｐ
データセンター,AI・ソフト・データ,4689,ラインヤフー,東Ｐ
データセンター,AI・ソフト・データ,4709,ＩＤＨＤ,東Ｐ
データセンター,AI・ソフト・データ,4736,日本ラッド,東Ｓ
データセンター,AI・ソフト・データ,4746,東計電算,東Ｓ
データセンター,AI・ソフト・データ,4761,さくらＫＣＳ,東Ｓ
データセンター,AI・ソフト・データ,4901,富士フイルム,東Ｐ
データセンター,AI・ソフト・データ,4968,荒川化,東Ｐ
データセンター,AI・ソフト・データ,4980,デクセリ,東Ｐ
データセンター,AI・ソフト・データ,5020,ＥＮＥＯＳ,東Ｐ
データセンター,AI・ソフト・データ,5026,トリプルアイ,東Ｇ
データセンター,AI・ソフト・データ,5344,ＭＡＲＵＷＡ,東Ｐ
データセンター,AI・ソフト・データ,5381,マイポックス,東Ｓ
データセンター,AI・ソフト・データ,5801,古河電,東Ｐ
データセンター,AI・ソフト・データ,5802,住友電,東Ｐ
データセンター,AI・ソフト・データ,5803,フジクラ,東Ｐ
データセンター,AI・ソフト・データ,5805,ＳＷＣＣ,東Ｐ
データセンター,AI・ソフト・データ,5817,ＪＭＡＣＳ,東Ｓ
データセンター,AI・ソフト・データ,5821,平河ヒューテ,東Ｐ
データセンター,AI・ソフト・データ,5985,サンコール,東Ｓ
データセンター,AI・ソフト・データ,6231,木村工機,東Ｓ
データセンター,AI・ソフト・データ,6235,オプトラン,東Ｐ
データセンター,AI・ソフト・データ,6237,イワキポンプ,東Ｐ
データセンター,AI・ソフト・データ,6367,ダイキン,東Ｐ
データセンター,AI・ソフト・データ,6387,サムコ,東Ｐ
データセンター,AI・ソフト・データ,6458,新晃工,東Ｐ
データセンター,AI・ソフト・データ,6498,キッツ,東Ｐ
データセンター,AI・ソフト・データ,6501,日立,東Ｐ
データセンター,AI・ソフト・データ,6503,三菱電,東Ｐ
データセンター,AI・ソフト・データ,6504,富士電機,東Ｐ
データセンター,AI・ソフト・データ,6521,オキサイド,東Ｇ
データセンター,AI・ソフト・データ,6524,湖北工業,東Ｓ
データセンター,AI・ソフト・データ,6574,コンヴァノ,東Ｇ
データセンター,AI・ソフト・データ,6584,三桜工,東Ｐ
データセンター,AI・ソフト・データ,6594,ニデック,東Ｐ
データセンター,AI・ソフト・データ,6622,ダイヘン,東Ｐ
データセンター,AI・ソフト・データ,6644,大崎電,東Ｐ
データセンター,AI・ソフト・データ,6648,かわでん,東Ｓ
データセンター,AI・ソフト・データ,6651,日東工,東Ｐ
データセンター,AI・ソフト・データ,6653,正興電,東Ｐ
データセンター,AI・ソフト・データ,6666,リバーエレク,東Ｓ
データセンター,AI・ソフト・データ,6674,ＧＳユアサ,東Ｐ
データセンター,AI・ソフト・データ,6701,ＮＥＣ,東Ｐ
データセンター,AI・ソフト・データ,6702,富士通,東Ｐ
データセンター,AI・ソフト・データ,6721,ウインテスト,東Ｓ
データセンター,AI・ソフト・データ,6724,エプソン,東Ｐ
データセンター,AI・ソフト・データ,6753,シャープ,東Ｐ
データセンター,AI・ソフト・データ,6754,アンリツ,東Ｐ
データセンター,AI・ソフト・データ,6769,ザイン,東Ｓ
データセンター,AI・ソフト・データ,6777,ｓａｎｔｅｃ,東Ｓ
データセンター,AI・ソフト・データ,6779,日電波,東Ｐ
データセンター,AI・ソフト・データ,6834,精工技研,東Ｓ
データセンター,AI・ソフト・データ,6890,フェローテク,東Ｓ
データセンター,AI・ソフト・データ,6941,山一電機,東Ｐ
データセンター,AI・ソフト・データ,6942,ソフィア,東Ｓ
データセンター,AI・ソフト・データ,6994,指月電,東Ｓ
データセンター,AI・ソフト・データ,7011,三菱重,東Ｐ
データセンター,AI・ソフト・データ,7220,武蔵精密,東Ｐ
データセンター,AI・ソフト・データ,7931,未来工業,東Ｐ
データセンター,AI・ソフト・データ,8001,伊藤忠,東Ｐ
データセンター,AI・ソフト・データ,8002,丸紅,東Ｐ
データセンター,AI・ソフト・データ,8053,住友商,東Ｐ
データセンター,AI・ソフト・データ,8058,三菱商,東Ｐ
データセンター,AI・ソフト・データ,8060,キヤノンＭＪ,東Ｐ
データセンター,AI・ソフト・データ,8085,ナラサキ,東Ｓ
データセンター,AI・ソフト・データ,8105,ＢＴＣＪＰＮ,東Ｓ
データセンター,AI・ソフト・データ,8285,三谷産業,東Ｓ
データセンター,AI・ソフト・データ,8439,東京センチュ,東Ｐ
データセンター,AI・ソフト・データ,8783,ａｂｃ,東Ｓ
データセンター,AI・ソフト・データ,8802,菱地所,東Ｐ
データセンター,AI・ソフト・データ,8804,東建物,東Ｐ
データセンター,AI・ソフト・データ,8818,京阪神ビル,東Ｐ
データセンター,AI・ソフト・データ,9101,郵船,東Ｐ
データセンター,AI・ソフト・データ,9235,売れるＧ,東Ｇ
データセンター,AI・ソフト・データ,9360,鈴与シンワ,東Ｓ
データセンター,AI・ソフト・データ,9425,ＲｅＹｕｕ,東Ｓ
データセンター,AI・ソフト・データ,9432,ＮＴＴ,東Ｐ
データセンター,AI・ソフト・データ,9433,ＫＤＤＩ,東Ｐ
データセンター,AI・ソフト・データ,9434,ＳＢ,東Ｐ
データセンター,AI・ソフト・データ,9439,ＭＨグループ,東Ｓ
データセンター,AI・ソフト・データ,9501,東電ＨＤ,東Ｐ
データセンター,AI・ソフト・データ,9503,関西電,東Ｐ
データセンター,AI・ソフト・データ,9508,九州電,東Ｐ
データセンター,AI・ソフト・データ,9509,北海電,東Ｐ
データセンター,AI・ソフト・データ,9685,ＫＹＣＯＭ,東Ｓ
データセンター,AI・ソフト・データ,9691,両毛システム,東Ｓ
データセンター,AI・ソフト・データ,9692,シーイーシー,東Ｐ
データセンター,AI・ソフト・データ,9735,セコム,東Ｐ
データセンター,AI・ソフト・データ,9739,ＮＳＷ,東Ｐ
データセンター,AI・ソフト・データ,9742,アイネス,東Ｐ
データセンター,AI・ソフト・データ,9746,ＴＫＣ,東Ｐ
データセンター,AI・ソフト・データ,9889,ＪＢＣＣＨＤ,東Ｐ
データセンター,AI・ソフト・データ,9984,ＳＢＧ,東Ｐ
データ分析・解析,AI・ソフト・データ,2148,ＩＴメディア,東Ｐ
データ分析・解析,AI・ソフト・データ,2158,フロンテオ,東Ｇ
データ分析・解析,AI・ソフト・データ,2315,ＣＡＩＣＡＤ,東Ｓ
データ分析・解析,AI・ソフト・データ,2436,共同ＰＲ,東Ｓ
データ分析・解析,AI・ソフト・データ,2480,シスロケ,東Ｓ
データ分析・解析,AI・ソフト・データ,2667,イメージワン,東Ｓ
データ分析・解析,AI・ソフト・データ,2980,ＳＲＥＨＤ,東Ｐ
データ分析・解析,AI・ソフト・データ,3622,ネットイヤー,東Ｓ
データ分析・解析,AI・ソフト・データ,3634,ソケッツ,東Ｓ
データ分析・解析,AI・ソフト・データ,3636,三菱総研,東Ｐ
データ分析・解析,AI・ソフト・データ,3674,オークファン,東Ｇ
データ分析・解析,AI・ソフト・データ,3680,ホットリンク,東Ｇ
データ分析・解析,AI・ソフト・データ,3690,イルグルム,東Ｓ
データ分析・解析,AI・ソフト・データ,3695,ＧＭＯ－ＰＰ,東Ｇ
データ分析・解析,AI・ソフト・データ,3744,サイオス,東Ｓ
データ分析・解析,AI・ソフト・データ,3778,さくらネット,東Ｐ
データ分析・解析,AI・ソフト・データ,3844,コムチュア,東Ｐ
データ分析・解析,AI・ソフト・データ,3905,データセク,東Ｇ
データ分析・解析,AI・ソフト・データ,3917,アイリッジ,東Ｇ
データ分析・解析,AI・ソフト・データ,3920,アイビーシー,東Ｓ
データ分析・解析,AI・ソフト・データ,3925,ダブスタ,東Ｐ
データ分析・解析,AI・ソフト・データ,3937,Ｕｂｉｃｏｍ,東Ｓ
データ分析・解析,AI・ソフト・データ,3962,チェンジＨＤ,東Ｐ
データ分析・解析,AI・ソフト・データ,3967,エルテス,東Ｇ
データ分析・解析,AI・ソフト・データ,3977,フュージョン,札Ａ
データ分析・解析,AI・ソフト・データ,3984,ユーザーロカ,東Ｐ
データ分析・解析,AI・ソフト・データ,3985,テモナ,東Ｓ
データ分析・解析,AI・ソフト・データ,3987,エコモット,東Ｇ
データ分析・解析,AI・ソフト・データ,3988,ＳＹＳＨＤ,東Ｓ
データ分析・解析,AI・ソフト・データ,3993,パークシャ,東Ｐ
データ分析・解析,AI・ソフト・データ,4018,ジオロケ,福Ｑ
データ分析・解析,AI・ソフト・データ,4020,ビートレンド,東Ｇ
データ分析・解析,AI・ソフト・データ,4071,ＰＡコンサル,東Ｐ
データ分析・解析,AI・ソフト・データ,4075,ブレインズ,東Ｇ
データ分析・解析,AI・ソフト・データ,4076,シイエヌエス,東Ｇ
データ分析・解析,AI・ソフト・データ,4165,プレイド,東Ｇ
データ分析・解析,AI・ソフト・データ,4166,かっこ,東Ｇ
データ分析・解析,AI・ソフト・データ,4169,エネチェンジ,東Ｇ
データ分析・解析,AI・ソフト・データ,4180,Ａｐｐｉｅｒ,東Ｐ
データ分析・解析,AI・ソフト・データ,4256,サインド,東Ｇ
データ分析・解析,AI・ソフト・データ,4259,エクサＷｉｚ,東Ｇ
データ分析・解析,AI・ソフト・データ,4261,アジアＱ,東Ｇ
データ分析・解析,AI・ソフト・データ,4263,サスメド,東Ｇ
データ分析・解析,AI・ソフト・データ,4265,ＩＧＳ,東Ｇ
データ分析・解析,AI・ソフト・データ,4270,ＢｅｅＸ,東Ｇ
データ分析・解析,AI・ソフト・データ,4293,セプテニＨＤ,東Ｓ
データ分析・解析,AI・ソフト・データ,4326,インテージＨ,東Ｐ
データ分析・解析,AI・ソフト・データ,4356,応用技術,東Ｓ
データ分析・解析,AI・ソフト・データ,4378,ＣＩＮＣ,東Ｇ
データ分析・解析,AI・ソフト・データ,4382,ＨＥＲＯＺ,東Ｓ
データ分析・解析,AI・ソフト・データ,4386,ＳＩＧＧ,東Ｓ
データ分析・解析,AI・ソフト・データ,4416,トゥルーＤ,東Ｇ
データ分析・解析,AI・ソフト・データ,4419,フィナＨＤ,東Ｇ
データ分析・解析,AI・ソフト・データ,4422,ＶＮＸ,東Ｇ
データ分析・解析,AI・ソフト・データ,4429,リックソフト,東Ｇ
データ分析・解析,AI・ソフト・データ,4432,ウイングアク,東Ｐ
データ分析・解析,AI・ソフト・データ,4446,リンクユーＧ,東Ｓ
データ分析・解析,AI・ソフト・データ,4476,ＡＩクロス,東Ｇ
データ分析・解析,AI・ソフト・データ,4483,ＪＭＤＣ,東Ｐ
データ分析・解析,AI・ソフト・データ,4499,スピー,東Ｓ
データ分析・解析,AI・ソフト・データ,4572,カルナバイオ,東Ｇ
データ分析・解析,AI・ソフト・データ,4674,クレスコ,東Ｐ
データ分析・解析,AI・ソフト・データ,4686,ジャスト,東Ｐ
データ分析・解析,AI・ソフト・データ,4736,日本ラッド,東Ｓ
データ分析・解析,AI・ソフト・データ,4763,Ｃ＆Ｒ,東Ｐ
データ分析・解析,AI・ソフト・データ,4814,ネクスウェア,東Ｓ
データ分析・解析,AI・ソフト・データ,5025,マーキュリー,東Ｇ
データ分析・解析,AI・ソフト・データ,5027,エニマインド,東Ｇ
データ分析・解析,AI・ソフト・データ,5028,セカンドＸ,東Ｇ
データ分析・解析,AI・ソフト・データ,5034,ウネリー,東Ｇ
データ分析・解析,AI・ソフト・データ,5137,スマートＤ,東Ｇ
データ分析・解析,AI・ソフト・データ,5246,エレメンツ,東Ｇ
データ分析・解析,AI・ソフト・データ,5255,モンラボ,東Ｇ
データ分析・解析,AI・ソフト・データ,5256,フュージック,東Ｇ
データ分析・解析,AI・ソフト・データ,5572,リッジアイ,東Ｇ
データ分析・解析,AI・ソフト・データ,5574,ＡＢＥＪＡ,東Ｇ
データ分析・解析,AI・ソフト・データ,6031,ＺＥＴＡ,東Ｓ
データ分析・解析,AI・ソフト・データ,6090,ＨＭＴ,東Ｓ
データ分析・解析,AI・ソフト・データ,6094,フリークＨＤ,東Ｇ
データ分析・解析,AI・ソフト・データ,6555,ＭＳコンサル,東Ｓ
データ分析・解析,AI・ソフト・データ,6560,ＬＴＳ,東Ｐ
データ分析・解析,AI・ソフト・データ,6562,ジーニー,東Ｇ
データ分析・解析,AI・ソフト・データ,6573,ＣＲＡＶＩＡ,東Ｇ
データ分析・解析,AI・ソフト・データ,6574,コンヴァノ,東Ｇ
データ分析・解析,AI・ソフト・データ,6579,ログリー,東Ｇ
データ分析・解析,AI・ソフト・データ,6580,ライトアップ,東Ｇ
データ分析・解析,AI・ソフト・データ,6858,小野測器,東Ｓ
データ分析・解析,AI・ソフト・データ,7046,ＴＤＳＥ,東Ｇ
データ分析・解析,AI・ソフト・データ,7047,ポート,東Ｇ
データ分析・解析,AI・ソフト・データ,7095,マクビープラ,東Ｐ
データ分析・解析,AI・ソフト・データ,7694,いつも,東Ｇ
データ分析・解析,AI・ソフト・データ,7908,ＫＩＭＯＴＯ,東Ｓ
データ分析・解析,AI・ソフト・データ,9211,エフ・コード,東Ｇ
データ分析・解析,AI・ソフト・データ,9219,ギックス,東Ｇ
データ分析・解析,AI・ソフト・データ,9240,デリバリコン,東Ｇ
データ分析・解析,AI・ソフト・データ,9246,プロＨＤ,東Ｇ
データ分析・解析,AI・ソフト・データ,9254,ラバブルＭＧ,東Ｇ
データ分析・解析,AI・ソフト・データ,9258,ＣＳ－Ｃ,東Ｇ
データ分析・解析,AI・ソフト・データ,9348,アイスペース,東Ｇ
データ分析・解析,AI・ソフト・データ,9553,マイクロアド,東Ｇ
データ分析・解析,AI・ソフト・データ,9561,グラッドＣ,東Ｇ
データ分析・解析,AI・ソフト・データ,9651,日本プロセス,東Ｓ
データ分析・解析,AI・ソフト・データ,9682,ＤＴＳ,東Ｐ
ビッグデータ,AI・ソフト・データ,2130,メンバーズ,東Ｐ
ビッグデータ,AI・ソフト・データ,2148,ＩＴメディア,東Ｐ
ビッグデータ,AI・ソフト・データ,2158,フロンテオ,東Ｇ
ビッグデータ,AI・ソフト・データ,2315,ＣＡＩＣＡＤ,東Ｓ
ビッグデータ,AI・ソフト・データ,2327,ＮＳＳＯＬ,東Ｐ
ビッグデータ,AI・ソフト・データ,2436,共同ＰＲ,東Ｓ
ビッグデータ,AI・ソフト・データ,2488,ＪＴＰ,東Ｓ
ビッグデータ,AI・ソフト・データ,2678,アスクル,東Ｐ
ビッグデータ,AI・ソフト・データ,3054,ハイパー,東Ｓ
ビッグデータ,AI・ソフト・データ,3195,ジェネパ,東Ｓ
ビッグデータ,AI・ソフト・データ,3622,ネットイヤー,東Ｓ
ビッグデータ,AI・ソフト・データ,3668,コロプラ,東Ｐ
ビッグデータ,AI・ソフト・データ,3674,オークファン,東Ｇ
ビッグデータ,AI・ソフト・データ,3680,ホットリンク,東Ｇ
ビッグデータ,AI・ソフト・データ,3687,Ｆスターズ,東Ｐ
ビッグデータ,AI・ソフト・データ,3690,イルグルム,東Ｓ
ビッグデータ,AI・ソフト・データ,3694,オプティム,東Ｐ
ビッグデータ,AI・ソフト・データ,3744,サイオス,東Ｓ
ビッグデータ,AI・ソフト・データ,3766,システムズＤ,東Ｓ
ビッグデータ,AI・ソフト・データ,3768,リスモン,東Ｓ
ビッグデータ,AI・ソフト・データ,3774,ＩＩＪ,東Ｐ
ビッグデータ,AI・ソフト・データ,3776,ＢＢタワー,東Ｓ
ビッグデータ,AI・ソフト・データ,3798,ＵＬＳグルプ,東Ｓ
ビッグデータ,AI・ソフト・データ,3808,ＯＫＷＥＢ,名Ｎ
ビッグデータ,AI・ソフト・データ,3844,コムチュア,東Ｐ
ビッグデータ,AI・ソフト・データ,3850,ＮＴＴＤイン,東Ｓ
ビッグデータ,AI・ソフト・データ,3854,アイル,東Ｐ
ビッグデータ,AI・ソフト・データ,3905,データセク,東Ｇ
ビッグデータ,AI・ソフト・データ,3914,ＪＩＧＳＡＷ,東Ｇ
ビッグデータ,AI・ソフト・データ,3920,アイビーシー,東Ｓ
ビッグデータ,AI・ソフト・データ,3925,ダブスタ,東Ｐ
ビッグデータ,AI・ソフト・データ,3940,ノムラシス,東Ｓ
ビッグデータ,AI・ソフト・データ,3962,チェンジＨＤ,東Ｐ
ビッグデータ,AI・ソフト・データ,3967,エルテス,東Ｇ
ビッグデータ,AI・ソフト・データ,3977,フュージョン,札Ａ
ビッグデータ,AI・ソフト・データ,3984,ユーザーロカ,東Ｐ
ビッグデータ,AI・ソフト・データ,3988,ＳＹＳＨＤ,東Ｓ
ビッグデータ,AI・ソフト・データ,4071,ＰＡコンサル,東Ｐ
ビッグデータ,AI・ソフト・データ,4076,シイエヌエス,東Ｇ
ビッグデータ,AI・ソフト・データ,4165,プレイド,東Ｇ
ビッグデータ,AI・ソフト・データ,4166,かっこ,東Ｇ
ビッグデータ,AI・ソフト・データ,4180,Ａｐｐｉｅｒ,東Ｐ
ビッグデータ,AI・ソフト・データ,4261,アジアＱ,東Ｇ
ビッグデータ,AI・ソフト・データ,4307,野村総研,東Ｐ
ビッグデータ,AI・ソフト・データ,4323,日シス技術,東Ｐ
ビッグデータ,AI・ソフト・データ,4326,インテージＨ,東Ｐ
ビッグデータ,AI・ソフト・データ,4335,ＩＰＳＨＤ,東Ｓ
ビッグデータ,AI・ソフト・データ,4378,ＣＩＮＣ,東Ｇ
ビッグデータ,AI・ソフト・データ,4416,トゥルーＤ,東Ｇ
ビッグデータ,AI・ソフト・データ,4419,フィナＨＤ,東Ｇ
ビッグデータ,AI・ソフト・データ,4422,ＶＮＸ,東Ｇ
ビッグデータ,AI・ソフト・データ,4432,ウイングアク,東Ｐ
ビッグデータ,AI・ソフト・データ,4483,ＪＭＤＣ,東Ｐ
ビッグデータ,AI・ソフト・データ,4689,ラインヤフー,東Ｐ
ビッグデータ,AI・ソフト・データ,4716,日本オラクル,東Ｓ
ビッグデータ,AI・ソフト・データ,4736,日本ラッド,東Ｓ
ビッグデータ,AI・ソフト・データ,4755,楽天グループ,東Ｐ
ビッグデータ,AI・ソフト・データ,4768,大塚商会,東Ｐ
ビッグデータ,AI・ソフト・データ,4783,ＮＣＤ,東Ｓ
ビッグデータ,AI・ソフト・データ,4800,オリコン,東Ｓ
ビッグデータ,AI・ソフト・データ,4814,ネクスウェア,東Ｓ
ビッグデータ,AI・ソフト・データ,4819,Ｄガレージ,東Ｐ
ビッグデータ,AI・ソフト・データ,4845,スカラ,東Ｓ
ビッグデータ,AI・ソフト・データ,5025,マーキュリー,東Ｇ
ビッグデータ,AI・ソフト・データ,5034,ウネリー,東Ｇ
ビッグデータ,AI・ソフト・データ,5129,ＦＩＸＥＲ,東Ｇ
ビッグデータ,AI・ソフト・データ,5133,テリロジＨＤ,東Ｓ
ビッグデータ,AI・ソフト・データ,5246,エレメンツ,東Ｇ
ビッグデータ,AI・ソフト・データ,5256,フュージック,東Ｇ
ビッグデータ,AI・ソフト・データ,5578,ＡＲアドバン,東Ｇ
ビッグデータ,AI・ソフト・データ,6038,イード,東Ｇ
ビッグデータ,AI・ソフト・データ,6094,フリークＨＤ,東Ｇ
ビッグデータ,AI・ソフト・データ,6301,コマツ,東Ｐ
ビッグデータ,AI・ソフト・データ,6501,日立,東Ｐ
ビッグデータ,AI・ソフト・データ,6562,ジーニー,東Ｇ
ビッグデータ,AI・ソフト・データ,6594,ニデック,東Ｐ
ビッグデータ,AI・ソフト・データ,6597,ＨＰＣシス,東Ｇ
ビッグデータ,AI・ソフト・データ,6645,オムロン,東Ｐ
ビッグデータ,AI・ソフト・データ,6701,ＮＥＣ,東Ｐ
ビッグデータ,AI・ソフト・データ,6702,富士通,東Ｐ
ビッグデータ,AI・ソフト・データ,6758,ソニーＧ,東Ｐ
ビッグデータ,AI・ソフト・データ,7034,プロレド,東Ｐ
ビッグデータ,AI・ソフト・データ,7046,ＴＤＳＥ,東Ｇ
ビッグデータ,AI・ソフト・データ,7072,インテＭ,東Ｇ
ビッグデータ,AI・ソフト・データ,7911,ＴＯＰＰＡＮ,東Ｐ
ビッグデータ,AI・ソフト・データ,8056,ビプロジー,東Ｐ
ビッグデータ,AI・ソフト・データ,9219,ギックス,東Ｇ
ビッグデータ,AI・ソフト・データ,9258,ＣＳ－Ｃ,東Ｇ
ビッグデータ,AI・ソフト・データ,9433,ＫＤＤＩ,東Ｐ
ビッグデータ,AI・ソフト・データ,9434,ＳＢ,東Ｐ
ビッグデータ,AI・ソフト・データ,9466,アイドマＭＣ,東Ｓ
ビッグデータ,AI・ソフト・データ,9553,マイクロアド,東Ｇ
ビッグデータ,AI・ソフト・データ,9558,ジャパニアス,東Ｇ
ビッグデータ,AI・ソフト・データ,9692,シーイーシー,東Ｐ
ビッグデータ,AI・ソフト・データ,9709,ＮＣＳ＆Ａ,東Ｓ
ビッグデータ,AI・ソフト・データ,9739,ＮＳＷ,東Ｐ
ビッグデータ,AI・ソフト・データ,9753,ＩＸナレッジ,東Ｓ
ビッグデータ,AI・ソフト・データ,9984,ＳＢＧ,東Ｐ
フィジカルAI,AI・ソフト・データ,3132,マクニカＨＤ,東Ｐ
フィジカルAI,AI・ソフト・データ,3441,山王,東Ｓ
フィジカルAI,AI・ソフト・データ,3443,川田テク,東Ｐ
フィジカルAI,AI・ソフト・データ,3444,菊池製作,東Ｓ
フィジカルAI,AI・ソフト・データ,3652,ＤＭＰ,東Ｇ
フィジカルAI,AI・ソフト・データ,3741,セック,東Ｐ
フィジカルAI,AI・ソフト・データ,3907,シリコンスタ,東Ｓ
フィジカルAI,AI・ソフト・データ,3987,エコモット,東Ｇ
フィジカルAI,AI・ソフト・データ,4075,ブレインズ,東Ｇ
フィジカルAI,AI・ソフト・データ,4174,アピリッツ,東Ｓ
フィジカルAI,AI・ソフト・データ,4316,ビーマップ,東Ｇ
フィジカルAI,AI・ソフト・データ,4379,フォトシンス,東Ｇ
フィジカルAI,AI・ソフト・データ,4392,ＦＩＧ,東Ｐ
フィジカルAI,AI・ソフト・データ,4418,ＪＤＳＣ,東Ｇ
フィジカルAI,AI・ソフト・データ,4425,Ｋｕｄａｎ,東Ｇ
フィジカルAI,AI・ソフト・データ,4440,ヴィッツ,東Ｓ
フィジカルAI,AI・ソフト・データ,4664,ＲＳＣ,東Ｓ
フィジカルAI,AI・ソフト・データ,4784,ＧＭＯインタ,東Ｐ
フィジカルAI,AI・ソフト・データ,4826,ＣＩＪ,東Ｐ
フィジカルAI,AI・ソフト・データ,5574,ＡＢＥＪＡ,東Ｇ
フィジカルAI,AI・ソフト・データ,5885,ジーデップ,東Ｓ
フィジカルAI,AI・ソフト・データ,6268,ナブテスコ,東Ｐ
フィジカルAI,AI・ソフト・データ,6273,ＳＭＣ,東Ｐ
フィジカルAI,AI・ソフト・データ,6302,住友重,東Ｐ
フィジカルAI,AI・ソフト・データ,6324,ハーモニック,東Ｐ
フィジカルAI,AI・ソフト・データ,6383,ダイフク,東Ｐ
フィジカルAI,AI・ソフト・データ,6433,ヒーハイスト,東Ｓ
フィジカルAI,AI・ソフト・データ,6448,ブラザー,東Ｐ
フィジカルAI,AI・ソフト・データ,6479,ミネベア,東Ｐ
フィジカルAI,AI・ソフト・データ,6480,トムソン,東Ｐ
フィジカルAI,AI・ソフト・データ,6501,日立,東Ｐ
フィジカルAI,AI・ソフト・データ,6503,三菱電,東Ｐ
フィジカルAI,AI・ソフト・データ,6506,安川電,東Ｐ
フィジカルAI,AI・ソフト・データ,6616,ＴＯＲＥＸ,東Ｐ
フィジカルAI,AI・ソフト・データ,6629,Ｔホライゾン,東Ｓ
フィジカルAI,AI・ソフト・データ,6701,ＮＥＣ,東Ｐ
フィジカルAI,AI・ソフト・データ,6702,富士通,東Ｐ
フィジカルAI,AI・ソフト・データ,6758,ソニーＧ,東Ｐ
フィジカルAI,AI・ソフト・データ,6861,キーエンス,東Ｐ
フィジカルAI,AI・ソフト・データ,6908,イリソ電子,東Ｐ
フィジカルAI,AI・ソフト・データ,6941,山一電機,東Ｐ
フィジカルAI,AI・ソフト・データ,6954,ファナック,東Ｐ
フィジカルAI,AI・ソフト・データ,7012,川重,東Ｐ
フィジカルAI,AI・ソフト・データ,7203,トヨタ,東Ｐ
フィジカルAI,AI・ソフト・データ,7272,ヤマハ発,東Ｐ
フィジカルAI,AI・ソフト・データ,7779,サイバダイン,東Ｇ
フィジカルAI,AI・ソフト・データ,8783,ａｂｃ,東Ｓ
フィジカルAI,AI・ソフト・データ,9432,ＮＴＴ,東Ｐ
フィジカルAI,AI・ソフト・データ,9984,ＳＢＧ,東Ｐ
フリマアプリ,AI・ソフト・データ,2371,カカクコム,東Ｐ
フリマアプリ,AI・ソフト・データ,2780,コメ兵ＨＤ,東Ｓ
フリマアプリ,AI・ソフト・データ,3633,ＧＭＯペパボ,東Ｓ
フリマアプリ,AI・ソフト・データ,3665,エニグモ,東Ｐ
フリマアプリ,AI・ソフト・データ,4385,メルカリ,東Ｐ
フリマアプリ,AI・ソフト・データ,4689,ラインヤフー,東Ｐ
フリマアプリ,AI・ソフト・データ,4755,楽天グループ,東Ｐ
フリマアプリ,AI・ソフト・データ,4829,日エンター,東Ｓ
フリマアプリ,AI・ソフト・データ,6287,サトー,東Ｐ
フリマアプリ,AI・ソフト・データ,7082,ジモティー,東Ｇ
フリマアプリ,AI・ソフト・データ,7419,ノジマ,東Ｐ
フリマアプリ,AI・ソフト・データ,8031,三井物,東Ｐ
フリマアプリ,AI・ソフト・データ,9064,ヤマトＨＤ,東Ｐ
人工知能,AI・ソフト・データ,1431,リブワーク,東Ｇ
人工知能,AI・ソフト・データ,1980,ダイダン,東Ｐ
人工知能,AI・ソフト・データ,1992,神田通機,東Ｓ
人工知能,AI・ソフト・データ,2130,メンバーズ,東Ｐ
人工知能,AI・ソフト・データ,2148,ＩＴメディア,東Ｐ
人工知能,AI・ソフト・データ,2158,フロンテオ,東Ｇ
人工知能,AI・ソフト・データ,2164,地域新聞社,東Ｓ
人工知能,AI・ソフト・データ,2173,博展,東Ｇ
人工知能,AI・ソフト・データ,2186,ソーバル,東Ｓ
人工知能,AI・ソフト・データ,2315,ＣＡＩＣＡＤ,東Ｓ
人工知能,AI・ソフト・データ,2317,システナ,東Ｐ
人工知能,AI・ソフト・データ,2321,ソフトフロン,東Ｇ
人工知能,AI・ソフト・データ,2327,ＮＳＳＯＬ,東Ｐ
人工知能,AI・ソフト・データ,2330,フォーサイド,東Ｓ
人工知能,AI・ソフト・データ,2334,イオレ,東Ｇ
人工知能,AI・ソフト・データ,2335,キューブシス,東Ｐ
人工知能,AI・ソフト・データ,2338,クオンタムＳ,東Ｓ
人工知能,AI・ソフト・データ,2349,エヌアイデイ,東Ｓ
人工知能,AI・ソフト・データ,2354,ＹＥデジタル,東Ｓ
人工知能,AI・ソフト・データ,2375,ギグワークス,東Ｓ
人工知能,AI・ソフト・データ,2376,サイネックス,東Ｓ
人工知能,AI・ソフト・データ,2379,ディップ,東Ｐ
人工知能,AI・ソフト・データ,2413,エムスリー,東Ｐ
人工知能,AI・ソフト・データ,2432,ディーエヌエ,東Ｐ
人工知能,AI・ソフト・データ,2436,共同ＰＲ,東Ｓ
人工知能,AI・ソフト・データ,2459,アウン,東Ｓ
人工知能,AI・ソフト・データ,2483,翻訳センター,東Ｓ
人工知能,AI・ソフト・データ,2488,ＪＴＰ,東Ｓ
人工知能,AI・ソフト・データ,2667,イメージワン,東Ｓ
人工知能,AI・ソフト・データ,2760,東エレデバ,東Ｐ
人工知能,AI・ソフト・データ,2980,ＳＲＥＨＤ,東Ｐ
人工知能,AI・ソフト・データ,3040,ソリトン,東Ｐ
人工知能,AI・ソフト・データ,3132,マクニカＨＤ,東Ｐ
人工知能,AI・ソフト・データ,3189,ＡＮＡＰＨＤ,東Ｓ
人工知能,AI・ソフト・データ,3300,アンビＤＸ,東Ｇ
人工知能,AI・ソフト・データ,3323,レカム,東Ｓ
人工知能,AI・ソフト・データ,3491,ＧＡテクノ,東Ｇ
人工知能,AI・ソフト・データ,3565,アセンテック,東Ｓ
人工知能,AI・ソフト・データ,3625,テックファム,東Ｇ
人工知能,AI・ソフト・データ,3626,ＴＩＳＩ,東Ｐ
人工知能,AI・ソフト・データ,3627,テクミラ,東Ｓ
人工知能,AI・ソフト・データ,3634,ソケッツ,東Ｓ
人工知能,AI・ソフト・データ,3636,三菱総研,東Ｐ
人工知能,AI・ソフト・データ,3639,ボルテージ,東Ｓ
人工知能,AI・ソフト・データ,3649,ファインデ,東Ｐ
人工知能,AI・ソフト・データ,3652,ＤＭＰ,東Ｇ
人工知能,AI・ソフト・データ,3653,モルフォ,東Ｇ
人工知能,AI・ソフト・データ,3656,ＫＬａｂ,東Ｐ
人工知能,AI・ソフト・データ,3657,ポールＨＤ,東Ｐ
人工知能,AI・ソフト・データ,3671,ソフトＭＡＸ,東Ｓ
人工知能,AI・ソフト・データ,3673,ブロドリーフ,東Ｐ
人工知能,AI・ソフト・データ,3676,デジハＨＤ,東Ｐ
人工知能,AI・ソフト・データ,3680,ホットリンク,東Ｇ
人工知能,AI・ソフト・データ,3683,サイバーリン,東Ｓ
人工知能,AI・ソフト・データ,3687,Ｆスターズ,東Ｐ
人工知能,AI・ソフト・データ,3690,イルグルム,東Ｓ
人工知能,AI・ソフト・データ,3694,オプティム,東Ｐ
人工知能,AI・ソフト・データ,3698,ＣＲＩ,東Ｓ
人工知能,AI・ソフト・データ,3719,ＡＩストーム,東Ｓ
人工知能,AI・ソフト・データ,3741,セック,東Ｐ
人工知能,AI・ソフト・データ,3744,サイオス,東Ｓ
人工知能,AI・ソフト・データ,3747,インタートレ,東Ｓ
人工知能,AI・ソフト・データ,3758,アエリア,東Ｓ
人工知能,AI・ソフト・データ,3766,システムズＤ,東Ｓ
人工知能,AI・ソフト・データ,3768,リスモン,東Ｓ
人工知能,AI・ソフト・データ,3771,システムリサ,東Ｐ
人工知能,AI・ソフト・データ,3773,ＡＭＩ,東Ｇ
人工知能,AI・ソフト・データ,3774,ＩＩＪ,東Ｐ
人工知能,AI・ソフト・データ,3776,ＢＢタワー,東Ｓ
人工知能,AI・ソフト・データ,3799,キーウェア,東Ｓ
人工知能,AI・ソフト・データ,3808,ＯＫＷＥＢ,名Ｎ
人工知能,AI・ソフト・データ,3817,ＳＲＡＨＤ,東Ｐ
人工知能,AI・ソフト・データ,3826,ＳＩ,東Ｓ
人工知能,AI・ソフト・データ,3836,アバントＧ,東Ｐ
人工知能,AI・ソフト・データ,3839,ＯＤＫ,東Ｓ
人工知能,AI・ソフト・データ,3840,ヴィクトン,東Ｓ
人工知能,AI・ソフト・データ,3841,ジーダット,東Ｓ
人工知能,AI・ソフト・データ,3844,コムチュア,東Ｐ
人工知能,AI・ソフト・データ,3850,ＮＴＴＤイン,東Ｓ
人工知能,AI・ソフト・データ,3853,アステリア,東Ｐ
人工知能,AI・ソフト・データ,3900,クラウドＷ,東Ｇ
人工知能,AI・ソフト・データ,3904,カヤック,東Ｇ
人工知能,AI・ソフト・データ,3905,データセク,東Ｇ
人工知能,AI・ソフト・データ,3907,シリコンスタ,東Ｓ
人工知能,AI・ソフト・データ,3908,コラボス,東Ｓ
人工知能,AI・ソフト・データ,3909,ショーケース,東Ｓ
人工知能,AI・ソフト・データ,3913,ＧｒｅｅｎＢ,東Ｓ
人工知能,AI・ソフト・データ,3914,ＪＩＧＳＡＷ,東Ｇ
人工知能,AI・ソフト・データ,3915,テラスカイ,東Ｐ
人工知能,AI・ソフト・データ,3916,ＤＩＴ,東Ｐ
人工知能,AI・ソフト・データ,3918,ＰＣＩＨＤ,東Ｓ
人工知能,AI・ソフト・データ,3925,ダブスタ,東Ｐ
人工知能,AI・ソフト・データ,3927,Ｆ－ブレイン,東Ｓ
人工知能,AI・ソフト・データ,3928,マイネット,東Ｓ
人工知能,AI・ソフト・データ,3937,Ｕｂｉｃｏｍ,東Ｓ
人工知能,AI・ソフト・データ,3939,カナミックＮ,東Ｐ
人工知能,AI・ソフト・データ,3962,チェンジＨＤ,東Ｐ
人工知能,AI・ソフト・データ,3965,キャピタルＡ,東Ｓ
人工知能,AI・ソフト・データ,3967,エルテス,東Ｇ
人工知能,AI・ソフト・データ,3984,ユーザーロカ,東Ｐ
人工知能,AI・ソフト・データ,3985,テモナ,東Ｓ
人工知能,AI・ソフト・データ,3987,エコモット,東Ｇ
人工知能,AI・ソフト・データ,3992,ニーズウェル,東Ｐ
人工知能,AI・ソフト・データ,3993,パークシャ,東Ｐ
人工知能,AI・ソフト・データ,3996,サインポスト,東Ｓ
人工知能,AI・ソフト・データ,3997,Ｔワークス,東Ｓ
人工知能,AI・ソフト・データ,4011,ヘッドウォ,東Ｇ
人工知能,AI・ソフト・データ,4012,アクシス,東Ｓ
人工知能,AI・ソフト・データ,4052,フィーチャ,東Ｇ
人工知能,AI・ソフト・データ,4055,Ｔ＆Ｓ・Ｇ,東Ｇ
人工知能,AI・ソフト・データ,4056,ニューラルＧ,東Ｇ
人工知能,AI・ソフト・データ,4069,ブルーミーム,東Ｇ
人工知能,AI・ソフト・データ,4075,ブレインズ,東Ｇ
人工知能,AI・ソフト・データ,4076,シイエヌエス,東Ｇ
人工知能,AI・ソフト・データ,4165,プレイド,東Ｇ
人工知能,AI・ソフト・データ,4166,かっこ,東Ｇ
人工知能,AI・ソフト・データ,4167,ココペリ,東Ｇ
人工知能,AI・ソフト・データ,4168,ヤプリ,東Ｇ
人工知能,AI・ソフト・データ,4170,カイゼン,東Ｇ
人工知能,AI・ソフト・データ,4178,Ｓイノベ,東Ｇ
人工知能,AI・ソフト・データ,4180,Ａｐｐｉｅｒ,東Ｐ
人工知能,AI・ソフト・データ,4198,テンダ,東Ｓ
人工知能,AI・ソフト・データ,4258,網屋,東Ｇ
人工知能,AI・ソフト・データ,4259,エクサＷｉｚ,東Ｇ
人工知能,AI・ソフト・データ,4260,ハイブリッド,東Ｇ
人工知能,AI・ソフト・データ,4261,アジアＱ,東Ｇ
人工知能,AI・ソフト・データ,4263,サスメド,東Ｇ
人工知能,AI・ソフト・データ,4264,セキュア,東Ｇ
人工知能,AI・ソフト・データ,4265,ＩＧＳ,東Ｇ
人工知能,AI・ソフト・データ,4284,ソルクシーズ,東Ｓ
人工知能,AI・ソフト・データ,4293,セプテニＨＤ,東Ｓ
人工知能,AI・ソフト・データ,4307,野村総研,東Ｐ
人工知能,AI・ソフト・データ,4320,ＣＥＨＤ,東Ｓ
人工知能,AI・ソフト・データ,4326,インテージＨ,東Ｐ
人工知能,AI・ソフト・データ,4335,ＩＰＳＨＤ,東Ｓ
人工知能,AI・ソフト・データ,4347,ブロメディア,東Ｓ
人工知能,AI・ソフト・データ,4370,モビルス,東Ｇ
人工知能,AI・ソフト・データ,4371,ＣＣＴ,東Ｇ
人工知能,AI・ソフト・データ,4373,シンプレクス,東Ｐ
人工知能,AI・ソフト・データ,4378,ＣＩＮＣ,東Ｇ
人工知能,AI・ソフト・データ,4381,ビープラッツ,東Ｇ
人工知能,AI・ソフト・データ,4382,ＨＥＲＯＺ,東Ｓ
人工知能,AI・ソフト・データ,4386,ＳＩＧＧ,東Ｓ
人工知能,AI・ソフト・データ,4388,エーアイ,東Ｓ
人工知能,AI・ソフト・データ,4392,ＦＩＧ,東Ｐ
人工知能,AI・ソフト・データ,4395,アクリート,東Ｇ
人工知能,AI・ソフト・データ,4412,サイエンスＡ,東Ｇ
人工知能,AI・ソフト・データ,4414,フレクト,東Ｇ
人工知能,AI・ソフト・データ,4416,トゥルーＤ,東Ｇ
人工知能,AI・ソフト・データ,4418,ＪＤＳＣ,東Ｇ
人工知能,AI・ソフト・データ,4419,フィナＨＤ,東Ｇ
人工知能,AI・ソフト・データ,4422,ＶＮＸ,東Ｇ
人工知能,AI・ソフト・データ,4425,Ｋｕｄａｎ,東Ｇ
人工知能,AI・ソフト・データ,4427,エデュラボ,東Ｇ
人工知能,AI・ソフト・データ,4428,シノプス,東Ｇ
人工知能,AI・ソフト・データ,4430,東海ソフト,東Ｓ
人工知能,AI・ソフト・データ,4432,ウイングアク,東Ｐ
人工知能,AI・ソフト・データ,4434,サーバワクス,東Ｓ
人工知能,AI・ソフト・データ,4436,ミンカブ,東Ｇ
人工知能,AI・ソフト・データ,4440,ヴィッツ,東Ｓ
人工知能,AI・ソフト・データ,4444,インフォネ,東Ｇ
人工知能,AI・ソフト・データ,4476,ＡＩクロス,東Ｇ
人工知能,AI・ソフト・データ,4488,ＡＩｉｎｓ,東Ｇ
人工知能,AI・ソフト・データ,4493,サイバーセキ,東Ｇ
人工知能,AI・ソフト・データ,4498,サイバトラス,東Ｇ
人工知能,AI・ソフト・データ,4596,窪田製薬ＨＤ,東Ｇ
人工知能,AI・ソフト・データ,4626,太陽ＨＤ,東Ｐ
人工知能,AI・ソフト・データ,4662,フォーカス,東Ｐ
人工知能,AI・ソフト・データ,4674,クレスコ,東Ｐ
人工知能,AI・ソフト・データ,4685,菱友システム,東Ｓ
人工知能,AI・ソフト・データ,4686,ジャスト,東Ｐ
人工知能,AI・ソフト・データ,4687,ＴＤＣソフト,東Ｐ
人工知能,AI・ソフト・データ,4722,フューチャー,東Ｐ
人工知能,AI・ソフト・データ,4725,ＣＡＣ,東Ｐ
人工知能,AI・ソフト・データ,4736,日本ラッド,東Ｓ
人工知能,AI・ソフト・データ,4746,東計電算,東Ｓ
人工知能,AI・ソフト・データ,4751,サイバー,東Ｐ
人工知能,AI・ソフト・データ,4763,Ｃ＆Ｒ,東Ｐ
人工知能,AI・ソフト・データ,4784,ＧＭＯインタ,東Ｐ
人工知能,AI・ソフト・データ,4812,電通総研,東Ｐ
人工知能,AI・ソフト・データ,4813,ＡＣＣＥＳＳ,東Ｐ
人工知能,AI・ソフト・データ,4814,ネクスウェア,東Ｓ
人工知能,AI・ソフト・データ,4825,ＷＮＩウェザ,東Ｐ
人工知能,AI・ソフト・データ,4826,ＣＩＪ,東Ｐ
人工知能,AI・ソフト・データ,4829,日エンター,東Ｓ
人工知能,AI・ソフト・データ,4845,スカラ,東Ｓ
人工知能,AI・ソフト・データ,4847,インテリＷ,東Ｐ
人工知能,AI・ソフト・データ,4889,レナ,東Ｇ
人工知能,AI・ソフト・データ,4901,富士フイルム,東Ｐ
人工知能,AI・ソフト・データ,4902,コニカミノル,東Ｐ
人工知能,AI・ソフト・データ,4997,日農薬,東Ｐ
人工知能,AI・ソフト・データ,5026,トリプルアイ,東Ｇ
人工知能,AI・ソフト・データ,5028,セカンドＸ,東Ｇ
人工知能,AI・ソフト・データ,5029,サークレイス,東Ｇ
人工知能,AI・ソフト・データ,5033,ヌーラボ,東Ｇ
人工知能,AI・ソフト・データ,5034,ウネリー,東Ｇ
人工知能,AI・ソフト・データ,5129,ＦＩＸＥＲ,東Ｇ
人工知能,AI・ソフト・データ,5131,リンカーズ,東Ｇ
人工知能,AI・ソフト・データ,5132,プラスゼロ,東Ｇ
人工知能,AI・ソフト・データ,5136,トリプラ,東Ｇ
人工知能,AI・ソフト・データ,5240,ｍｏｎｏＡＩ,東Ｇ
人工知能,AI・ソフト・データ,5243,ノート,東Ｇ
人工知能,AI・ソフト・データ,5246,エレメンツ,東Ｇ
人工知能,AI・ソフト・データ,5247,ＢＴＭ,東Ｇ
人工知能,AI・ソフト・データ,5248,テクノロジー,東Ｇ
人工知能,AI・ソフト・データ,5250,ＧＭＯプラ,東Ｓ
人工知能,AI・ソフト・データ,5255,モンラボ,東Ｇ
人工知能,AI・ソフト・データ,5256,フュージック,東Ｇ
人工知能,AI・ソフト・データ,5257,ノバシステム,東Ｓ
人工知能,AI・ソフト・データ,5571,エキサイト,東Ｓ
人工知能,AI・ソフト・データ,5572,リッジアイ,東Ｇ
人工知能,AI・ソフト・データ,5574,ＡＢＥＪＡ,東Ｇ
人工知能,AI・ソフト・データ,5575,グロービー,東Ｇ
人工知能,AI・ソフト・データ,5578,ＡＲアドバン,東Ｇ
人工知能,AI・ソフト・データ,5582,グリッド,東Ｇ
人工知能,AI・ソフト・データ,5586,ラボロＡＩ,東Ｇ
人工知能,AI・ソフト・データ,5588,ファーストＡ,東Ｇ
人工知能,AI・ソフト・データ,5591,アヴィレン,東Ｇ
人工知能,AI・ソフト・データ,5612,鋳鉄管,東Ｓ
人工知能,AI・ソフト・データ,5817,ＪＭＡＣＳ,東Ｓ
人工知能,AI・ソフト・データ,5885,ジーデップ,東Ｓ
人工知能,AI・ソフト・データ,6027,弁護士ＣＯＭ,東Ｐ
人工知能,AI・ソフト・データ,6031,ＺＥＴＡ,東Ｓ
人工知能,AI・ソフト・データ,6038,イード,東Ｇ
人工知能,AI・ソフト・データ,6050,イーガーディ,東Ｐ
人工知能,AI・ソフト・データ,6058,ベクトル,東Ｐ
人工知能,AI・ソフト・データ,6081,アライドアキ,東Ｇ
人工知能,AI・ソフト・データ,6087,アビスト,東Ｓ
人工知能,AI・ソフト・データ,6088,シグマクシス,東Ｐ
人工知能,AI・ソフト・データ,6177,アップバンク,東Ｇ
人工知能,AI・ソフト・データ,6182,メタリアル,東Ｇ
人工知能,AI・ソフト・データ,6185,ＳＭＮ,東Ｓ
人工知能,AI・ソフト・データ,6191,エアトリ,東Ｐ
人工知能,AI・ソフト・データ,6193,バーチャレク,東Ｇ
人工知能,AI・ソフト・データ,6194,アトラエ,東Ｐ
人工知能,AI・ソフト・データ,6199,セラク,東Ｓ
人工知能,AI・ソフト・データ,6232,ＡＣＳＬ,東Ｇ
人工知能,AI・ソフト・データ,6276,シリウスＶ,東Ｓ
人工知能,AI・ソフト・データ,6383,ダイフク,東Ｐ
人工知能,AI・ソフト・データ,6501,日立,東Ｐ
人工知能,AI・ソフト・データ,6503,三菱電,東Ｐ
人工知能,AI・ソフト・データ,6506,安川電,東Ｐ
人工知能,AI・ソフト・データ,6554,エスユーエス,東Ｇ
人工知能,AI・ソフト・データ,6560,ＬＴＳ,東Ｐ
人工知能,AI・ソフト・データ,6562,ジーニー,東Ｇ
人工知能,AI・ソフト・データ,6572,オープンＧ,東Ｐ
人工知能,AI・ソフト・データ,6573,ＣＲＡＶＩＡ,東Ｇ
人工知能,AI・ソフト・データ,6574,コンヴァノ,東Ｇ
人工知能,AI・ソフト・データ,6580,ライトアップ,東Ｇ
人工知能,AI・ソフト・データ,6597,ＨＰＣシス,東Ｇ
人工知能,AI・ソフト・データ,6629,Ｔホライゾン,東Ｓ
人工知能,AI・ソフト・データ,6632,ＪＶＣケンウ,東Ｐ
人工知能,AI・ソフト・データ,6656,インスペック,東Ｓ
人工知能,AI・ソフト・データ,6663,太洋テクノ,東Ｓ
人工知能,AI・ソフト・データ,6696,トラースＯＰ,東Ｇ
人工知能,AI・ソフト・データ,6701,ＮＥＣ,東Ｐ
人工知能,AI・ソフト・データ,6702,富士通,東Ｐ
人工知能,AI・ソフト・データ,6703,ＯＫＩ,東Ｐ
人工知能,AI・ソフト・データ,6723,ルネサス,東Ｐ
人工知能,AI・ソフト・データ,6730,アクセル,東Ｓ
人工知能,AI・ソフト・データ,6758,ソニーＧ,東Ｐ
人工知能,AI・ソフト・データ,6769,ザイン,東Ｓ
人工知能,AI・ソフト・データ,6861,キーエンス,東Ｐ
人工知能,AI・ソフト・データ,6902,デンソー,東Ｐ
人工知能,AI・ソフト・データ,6952,カシオ,東Ｐ
人工知能,AI・ソフト・データ,6954,ファナック,東Ｐ
人工知能,AI・ソフト・データ,7034,プロレド,東Ｐ
人工知能,AI・ソフト・データ,7039,ブリッジ－Ｇ,東Ｇ
人工知能,AI・ソフト・データ,7041,ＣＲＧＨＤ,東Ｇ
人工知能,AI・ソフト・データ,7044,ピアラ,東Ｓ
人工知能,AI・ソフト・データ,7046,ＴＤＳＥ,東Ｇ
人工知能,AI・ソフト・データ,7047,ポート,東Ｇ
人工知能,AI・ソフト・データ,7073,ジェイック,東Ｇ
人工知能,AI・ソフト・データ,7078,ＩＮＣＨＤ,東Ｇ
人工知能,AI・ソフト・データ,7095,マクビープラ,東Ｐ
人工知能,AI・ソフト・データ,7203,トヨタ,東Ｐ
人工知能,AI・ソフト・データ,7220,武蔵精密,東Ｐ
人工知能,AI・ソフト・データ,7325,アイリック,東Ｇ
人工知能,AI・ソフト・データ,7371,Ｚｅｎｋｅｎ,東Ｇ
人工知能,AI・ソフト・データ,7527,システムソフ,東Ｓ
人工知能,AI・ソフト・データ,7595,アルゴグラフ,東Ｐ
人工知能,AI・ソフト・データ,7779,サイバダイン,東Ｇ
人工知能,AI・ソフト・データ,7812,クレステック,東Ｓ
人工知能,AI・ソフト・データ,7951,ヤマハ,東Ｐ
人工知能,AI・ソフト・データ,8023,ＤＡＩＫＯＸ,東Ｓ
人工知能,AI・ソフト・データ,8056,ビプロジー,東Ｐ
人工知能,AI・ソフト・データ,8105,ＢＴＣＪＰＮ,東Ｓ
人工知能,AI・ソフト・データ,8157,都築電,東Ｐ
人工知能,AI・ソフト・データ,9216,ビーウィズ,東Ｐ
人工知能,AI・ソフト・データ,9240,デリバリコン,東Ｇ
人工知能,AI・ソフト・データ,9241,ＦＬネット,東Ｇ
人工知能,AI・ソフト・データ,9249,エコシステム,東Ｓ
人工知能,AI・ソフト・データ,9258,ＣＳ－Ｃ,東Ｇ
人工知能,AI・ソフト・データ,9330,揚羽,東Ｇ
人工知能,AI・ソフト・データ,9418,ＵＮＥＸＴ,東Ｐ
人工知能,AI・ソフト・データ,9432,ＮＴＴ,東Ｐ
人工知能,AI・ソフト・データ,9433,ＫＤＤＩ,東Ｐ
人工知能,AI・ソフト・データ,9434,ＳＢ,東Ｐ
人工知能,AI・ソフト・データ,9438,ＭＴＩ,東Ｐ
人工知能,AI・ソフト・データ,9439,ＭＨグループ,東Ｓ
人工知能,AI・ソフト・データ,9449,ＧＭＯ,東Ｐ
人工知能,AI・ソフト・データ,9468,カドカワ,東Ｐ
人工知能,AI・ソフト・データ,9474,ゼンリン,東Ｐ
人工知能,AI・ソフト・データ,9552,クオンツ総研,東Ｐ
人工知能,AI・ソフト・データ,9553,マイクロアド,東Ｇ
人工知能,AI・ソフト・データ,9558,ジャパニアス,東Ｇ
人工知能,AI・ソフト・データ,9561,グラッドＣ,東Ｇ
人工知能,AI・ソフト・データ,9651,日本プロセス,東Ｓ
人工知能,AI・ソフト・データ,9682,ＤＴＳ,東Ｐ
人工知能,AI・ソフト・データ,9687,ＫＳＫ,東Ｓ
人工知能,AI・ソフト・データ,9692,シーイーシー,東Ｐ
人工知能,AI・ソフト・データ,9698,クレオ,東Ｓ
人工知能,AI・ソフト・データ,9702,アイエスビー,東Ｐ
人工知能,AI・ソフト・データ,9709,ＮＣＳ＆Ａ,東Ｓ
人工知能,AI・ソフト・データ,9715,トランスコス,東Ｐ
人工知能,AI・ソフト・データ,9735,セコム,東Ｐ
人工知能,AI・ソフト・データ,9742,アイネス,東Ｐ
人工知能,AI・ソフト・データ,9753,ＩＸナレッジ,東Ｓ
人工知能,AI・ソフト・データ,9757,船井総研ＨＤ,東Ｐ
人工知能,AI・ソフト・データ,9759,ＮＳＤ,東Ｐ
人工知能,AI・ソフト・データ,9799,旭情報,東Ｓ
人工知能,AI・ソフト・データ,9880,イノテック,東Ｐ
人工知能,AI・ソフト・データ,9889,ＪＢＣＣＨＤ,東Ｐ
人工知能,AI・ソフト・データ,9928,ミロク情報,東Ｐ
人工知能,AI・ソフト・データ,9984,ＳＢＧ,東Ｐ
地上デジタル放送,AI・ソフト・データ,1721,コムシスＨＤ,東Ｐ
地上デジタル放送,AI・ソフト・データ,1942,関電工,東Ｐ
地上デジタル放送,AI・ソフト・データ,1944,きんでん,東Ｐ
地上デジタル放送,AI・ソフト・データ,1951,エクシオＧ,東Ｐ
地上デジタル放送,AI・ソフト・データ,4901,富士フイルム,東Ｐ
地上デジタル放送,AI・ソフト・データ,5819,カナレ電気,東Ｓ
地上デジタル放送,AI・ソフト・データ,5821,平河ヒューテ,東Ｐ
地上デジタル放送,AI・ソフト・データ,6501,日立,東Ｐ
地上デジタル放送,AI・ソフト・データ,6503,三菱電,東Ｐ
地上デジタル放送,AI・ソフト・データ,6706,電気興,東Ｐ
地上デジタル放送,AI・ソフト・データ,6752,パナＨＤ,東Ｐ
地上デジタル放送,AI・ソフト・データ,6753,シャープ,東Ｐ
地上デジタル放送,AI・ソフト・データ,6754,アンリツ,東Ｐ
地上デジタル放送,AI・ソフト・データ,6758,ソニーＧ,東Ｐ
地上デジタル放送,AI・ソフト・データ,6762,ＴＤＫ,東Ｐ
地上デジタル放送,AI・ソフト・データ,6768,タムラ,東Ｐ
地上デジタル放送,AI・ソフト・データ,6779,日電波,東Ｐ
地上デジタル放送,AI・ソフト・データ,6800,ヨコオ,東Ｐ
地上デジタル放送,AI・ソフト・データ,6841,横河電,東Ｐ
地上デジタル放送,AI・ソフト・データ,6867,リーダー電子,東Ｓ
地上デジタル放送,AI・ソフト・データ,6976,太陽誘電,東Ｐ
地上デジタル放送,AI・ソフト・データ,7709,クボテック,東Ｓ
地上デジタル放送,AI・ソフト・データ,7751,キヤノン,東Ｐ
地上デジタル放送,AI・ソフト・データ,8150,三信電,東Ｐ
建設DX,AI・ソフト・データ,2492,インフォＭＴ,東Ｐ
建設DX,AI・ソフト・データ,3694,オプティム,東Ｐ
建設DX,AI・ソフト・データ,3969,エイトレッド,東Ｓ
建設DX,AI・ソフト・データ,4192,スパイダー,東Ｇ
建設DX,AI・ソフト・データ,4345,ＣＴＳ,東Ｐ
建設DX,AI・ソフト・データ,4356,応用技術,東Ｓ
建設DX,AI・ソフト・データ,4371,ＣＣＴ,東Ｇ
建設DX,AI・ソフト・データ,4375,セーフィー,東Ｇ
建設DX,AI・ソフト・データ,4432,ウイングアク,東Ｐ
建設DX,AI・ソフト・データ,5137,スマートＤ,東Ｇ
建設DX,AI・ソフト・データ,5254,Ａｒｅｎｔ,東Ｇ
建設DX,AI・ソフト・データ,6701,ＮＥＣ,東Ｐ
建設DX,AI・ソフト・データ,6702,富士通,東Ｐ
建設DX,AI・ソフト・データ,6727,ワコム,東Ｐ
建設DX,AI・ソフト・データ,6752,パナＨＤ,東Ｐ
建設DX,AI・ソフト・データ,6814,古野電,東Ｐ
建設DX,AI・ソフト・データ,7752,リコー,東Ｐ
建設DX,AI・ソフト・データ,7908,ＫＩＭＯＴＯ,東Ｓ
建設DX,AI・ソフト・データ,9474,ゼンリン,東Ｐ
建設DX,AI・ソフト・データ,9644,タナベＣＧ,東Ｐ
建設DX,AI・ソフト・データ,9699,ニシオＨＤ,東Ｐ
建設DX,AI・ソフト・データ,9790,福井コン,東Ｐ
情報セキュリティ,AI・ソフト・データ,2158,フロンテオ,東Ｇ
情報セキュリティ,AI・ソフト・データ,2326,デジアーツ,東Ｐ
情報セキュリティ,AI・ソフト・データ,2327,ＮＳＳＯＬ,東Ｐ
情報セキュリティ,AI・ソフト・データ,2331,ＡＬＳＯＫ,東Ｐ
情報セキュリティ,AI・ソフト・データ,2332,クエスト,東Ｓ
情報セキュリティ,AI・ソフト・データ,2354,ＹＥデジタル,東Ｓ
情報セキュリティ,AI・ソフト・データ,2359,コア,東Ｐ
情報セキュリティ,AI・ソフト・データ,2467,ＶＬＣセキュ,名Ｎ
情報セキュリティ,AI・ソフト・データ,2488,ＪＴＰ,東Ｓ
情報セキュリティ,AI・ソフト・データ,2667,イメージワン,東Ｓ
情報セキュリティ,AI・ソフト・データ,2676,高千穂交易,東Ｐ
情報セキュリティ,AI・ソフト・データ,3035,ＫＴＫ,東Ｓ
情報セキュリティ,AI・ソフト・データ,3040,ソリトン,東Ｐ
情報セキュリティ,AI・ソフト・データ,3042,セキュアヴェ,東Ｓ
情報セキュリティ,AI・ソフト・データ,3076,あいＨＤ,東Ｐ
情報セキュリティ,AI・ソフト・データ,3132,マクニカＨＤ,東Ｐ
情報セキュリティ,AI・ソフト・データ,3167,ＴＯＫＡＩ,東Ｐ
情報セキュリティ,AI・ソフト・データ,3323,レカム,東Ｓ
情報セキュリティ,AI・ソフト・データ,3371,ソフトクリエ,東Ｐ
情報セキュリティ,AI・ソフト・データ,3562,Ｎｏ．１,東Ｓ
情報セキュリティ,AI・ソフト・データ,3565,アセンテック,東Ｓ
情報セキュリティ,AI・ソフト・データ,3640,電算,東Ｓ
情報セキュリティ,AI・ソフト・データ,3648,ＡＧＳ,東Ｓ
情報セキュリティ,AI・ソフト・データ,3653,モルフォ,東Ｇ
情報セキュリティ,AI・ソフト・データ,3657,ポールＨＤ,東Ｐ
情報セキュリティ,AI・ソフト・データ,3676,デジハＨＤ,東Ｐ
情報セキュリティ,AI・ソフト・データ,3682,エンカレッジ,東Ｓ
情報セキュリティ,AI・ソフト・データ,3692,ＦＦＲＩ,東Ｇ
情報セキュリティ,AI・ソフト・データ,3694,オプティム,東Ｐ
情報セキュリティ,AI・ソフト・データ,3697,ＳＨＩＦＴ,東Ｐ
情報セキュリティ,AI・ソフト・データ,3744,サイオス,東Ｓ
情報セキュリティ,AI・ソフト・データ,3762,テクマト,東Ｐ
情報セキュリティ,AI・ソフト・データ,3773,ＡＭＩ,東Ｇ
情報セキュリティ,AI・ソフト・データ,3774,ＩＩＪ,東Ｐ
情報セキュリティ,AI・ソフト・データ,3776,ＢＢタワー,東Ｓ
情報セキュリティ,AI・ソフト・データ,3788,ＧＭＯ－ＧＳ,東Ｐ
情報セキュリティ,AI・ソフト・データ,3799,キーウェア,東Ｓ
情報セキュリティ,AI・ソフト・データ,3817,ＳＲＡＨＤ,東Ｐ
情報セキュリティ,AI・ソフト・データ,3837,アドソル日進,東Ｐ
情報セキュリティ,AI・ソフト・データ,3842,ネクスジェン,東Ｓ
情報セキュリティ,AI・ソフト・データ,3849,ＮＴＬ,札Ａ
情報セキュリティ,AI・ソフト・データ,3858,ユビＡＩ,東Ｓ
情報セキュリティ,AI・ソフト・データ,3909,ショーケース,東Ｓ
情報セキュリティ,AI・ソフト・データ,3914,ＪＩＧＳＡＷ,東Ｇ
情報セキュリティ,AI・ソフト・データ,3916,ＤＩＴ,東Ｐ
情報セキュリティ,AI・ソフト・データ,3920,アイビーシー,東Ｓ
情報セキュリティ,AI・ソフト・データ,3927,Ｆ－ブレイン,東Ｓ
情報セキュリティ,AI・ソフト・データ,3933,チエル,東Ｓ
情報セキュリティ,AI・ソフト・データ,3962,チェンジＨＤ,東Ｐ
情報セキュリティ,AI・ソフト・データ,3967,エルテス,東Ｇ
情報セキュリティ,AI・ソフト・データ,3968,セグエＧ,東Ｐ
情報セキュリティ,AI・ソフト・データ,3988,ＳＹＳＨＤ,東Ｓ
情報セキュリティ,AI・ソフト・データ,3992,ニーズウェル,東Ｐ
情報セキュリティ,AI・ソフト・データ,3997,Ｔワークス,東Ｓ
情報セキュリティ,AI・ソフト・データ,4015,ペイクラウド,東Ｇ
情報セキュリティ,AI・ソフト・データ,4016,ミット,東Ｓ
情報セキュリティ,AI・ソフト・データ,4018,ジオロケ,福Ｑ
情報セキュリティ,AI・ソフト・データ,4055,Ｔ＆Ｓ・Ｇ,東Ｇ
情報セキュリティ,AI・ソフト・データ,4076,シイエヌエス,東Ｇ
情報セキュリティ,AI・ソフト・データ,4166,かっこ,東Ｇ
情報セキュリティ,AI・ソフト・データ,4174,アピリッツ,東Ｓ
情報セキュリティ,AI・ソフト・データ,4258,網屋,東Ｇ
情報セキュリティ,AI・ソフト・データ,4264,セキュア,東Ｇ
情報セキュリティ,AI・ソフト・データ,4284,ソルクシーズ,東Ｓ
情報セキュリティ,AI・ソフト・データ,4288,アズジェント,東Ｓ
情報セキュリティ,AI・ソフト・データ,4307,野村総研,東Ｐ
情報セキュリティ,AI・ソフト・データ,4344,ソースネクス,東Ｐ
情報セキュリティ,AI・ソフト・データ,4386,ＳＩＧＧ,東Ｓ
情報セキュリティ,AI・ソフト・データ,4395,アクリート,東Ｇ
情報セキュリティ,AI・ソフト・データ,4398,ＢＢＳｅｃ,東Ｓ
情報セキュリティ,AI・ソフト・データ,4413,ボードルア,東Ｐ
情報セキュリティ,AI・ソフト・データ,4417,Ｇセキュリ,東Ｇ
情報セキュリティ,AI・ソフト・データ,4421,ＤＩシステム,東Ｓ
情報セキュリティ,AI・ソフト・データ,4434,サーバワクス,東Ｓ
情報セキュリティ,AI・ソフト・データ,4439,東名,東Ｓ
情報セキュリティ,AI・ソフト・データ,4440,ヴィッツ,東Ｓ
情報セキュリティ,AI・ソフト・データ,4441,トビラシステ,東Ｓ
情報セキュリティ,AI・ソフト・データ,4442,バルテスＨＤ,東Ｇ
情報セキュリティ,AI・ソフト・データ,4447,ＰＢシステム,東Ｇ
情報セキュリティ,AI・ソフト・データ,4475,ＨＥＮＮＧＥ,東Ｇ
情報セキュリティ,AI・ソフト・データ,4476,ＡＩクロス,東Ｇ
情報セキュリティ,AI・ソフト・データ,4486,ユナイト,東Ｇ
情報セキュリティ,AI・ソフト・データ,4493,サイバーセキ,東Ｇ
情報セキュリティ,AI・ソフト・データ,4495,ｉ３,東Ｇ
情報セキュリティ,AI・ソフト・データ,4498,サイバトラス,東Ｇ
情報セキュリティ,AI・ソフト・データ,4662,フォーカス,東Ｐ
情報セキュリティ,AI・ソフト・データ,4674,クレスコ,東Ｐ
情報セキュリティ,AI・ソフト・データ,4687,ＴＤＣソフト,東Ｐ
情報セキュリティ,AI・ソフト・データ,4704,トレンド,東Ｐ
情報セキュリティ,AI・ソフト・データ,4709,ＩＤＨＤ,東Ｐ
情報セキュリティ,AI・ソフト・データ,4736,日本ラッド,東Ｓ
情報セキュリティ,AI・ソフト・データ,4743,ＩＴＦＯＲ,東Ｐ
情報セキュリティ,AI・ソフト・データ,4746,東計電算,東Ｓ
情報セキュリティ,AI・ソフト・データ,4768,大塚商会,東Ｐ
情報セキュリティ,AI・ソフト・データ,4814,ネクスウェア,東Ｓ
情報セキュリティ,AI・ソフト・データ,4847,インテリＷ,東Ｐ
情報セキュリティ,AI・ソフト・データ,5033,ヌーラボ,東Ｇ
情報セキュリティ,AI・ソフト・データ,5036,ＪＢＳ,東Ｐ
情報セキュリティ,AI・ソフト・データ,5129,ＦＩＸＥＲ,東Ｇ
情報セキュリティ,AI・ソフト・データ,5133,テリロジＨＤ,東Ｓ
情報セキュリティ,AI・ソフト・データ,5258,ＴＭＮ,東Ｇ
情報セキュリティ,AI・ソフト・データ,5273,三谷セキ,東Ｓ
情報セキュリティ,AI・ソフト・データ,5599,Ｓ＆Ｊ,東Ｇ
情報セキュリティ,AI・ソフト・データ,6050,イーガーディ,東Ｐ
情報セキュリティ,AI・ソフト・データ,6088,シグマクシス,東Ｐ
情報セキュリティ,AI・ソフト・データ,6199,セラク,東Ｓ
情報セキュリティ,AI・ソフト・データ,6457,グローリー,東Ｐ
情報セキュリティ,AI・ソフト・データ,6501,日立,東Ｐ
情報セキュリティ,AI・ソフト・データ,6588,東芝テック,東Ｐ
情報セキュリティ,AI・ソフト・データ,6675,サクサ,東Ｓ
情報セキュリティ,AI・ソフト・データ,6701,ＮＥＣ,東Ｐ
情報セキュリティ,AI・ソフト・データ,6702,富士通,東Ｐ
情報セキュリティ,AI・ソフト・データ,6703,ＯＫＩ,東Ｐ
情報セキュリティ,AI・ソフト・データ,6730,アクセル,東Ｓ
情報セキュリティ,AI・ソフト・データ,6752,パナＨＤ,東Ｐ
情報セキュリティ,AI・ソフト・データ,6770,アルプスアル,東Ｐ
情報セキュリティ,AI・ソフト・データ,6888,アクモス,東Ｓ
情報セキュリティ,AI・ソフト・データ,7093,アディッシュ,東Ｇ
情報セキュリティ,AI・ソフト・データ,7505,扶桑電通,東Ｓ
情報セキュリティ,AI・ソフト・データ,8023,ＤＡＩＫＯＸ,東Ｓ
情報セキュリティ,AI・ソフト・データ,8056,ビプロジー,東Ｐ
情報セキュリティ,AI・ソフト・データ,8060,キヤノンＭＪ,東Ｐ
情報セキュリティ,AI・ソフト・データ,8151,東陽テク,東Ｐ
情報セキュリティ,AI・ソフト・データ,8285,三谷産業,東Ｓ
情報セキュリティ,AI・ソフト・データ,8783,ａｂｃ,東Ｓ
情報セキュリティ,AI・ソフト・データ,9250,ＧＲＣＳ,東Ｇ
情報セキュリティ,AI・ソフト・データ,9432,ＮＴＴ,東Ｐ
情報セキュリティ,AI・ソフト・データ,9434,ＳＢ,東Ｐ
情報セキュリティ,AI・ソフト・データ,9445,フォーバルＴ,東Ｓ
情報セキュリティ,AI・ソフト・データ,9449,ＧＭＯ,東Ｐ
情報セキュリティ,AI・ソフト・データ,9658,ビジ太田昭,東Ｐ
情報セキュリティ,AI・ソフト・データ,9692,シーイーシー,東Ｐ
情報セキュリティ,AI・ソフト・データ,9702,アイエスビー,東Ｐ
情報セキュリティ,AI・ソフト・データ,9709,ＮＣＳ＆Ａ,東Ｓ
情報セキュリティ,AI・ソフト・データ,9735,セコム,東Ｐ
情報セキュリティ,AI・ソフト・データ,9753,ＩＸナレッジ,東Ｓ
情報セキュリティ,AI・ソフト・データ,9759,ＮＳＤ,東Ｐ
情報セキュリティ,AI・ソフト・データ,9799,旭情報,東Ｓ
情報セキュリティ,AI・ソフト・データ,9889,ＪＢＣＣＨＤ,東Ｐ
消防無線デジタル化,AI・ソフト・データ,4341,西菱電機,東Ｓ
消防無線デジタル化,AI・ソフト・データ,5933,アルインコ,東Ｐ
消防無線デジタル化,AI・ソフト・データ,6706,電気興,東Ｐ
生成AI,AI・ソフト・データ,2130,メンバーズ,東Ｐ
生成AI,AI・ソフト・データ,2158,フロンテオ,東Ｇ
生成AI,AI・ソフト・データ,2164,地域新聞社,東Ｓ
生成AI,AI・ソフト・データ,2321,ソフトフロン,東Ｇ
生成AI,AI・ソフト・データ,2330,フォーサイド,東Ｓ
生成AI,AI・ソフト・データ,2375,ギグワークス,東Ｓ
生成AI,AI・ソフト・データ,2376,サイネックス,東Ｓ
生成AI,AI・ソフト・データ,2459,アウン,東Ｓ
生成AI,AI・ソフト・データ,2488,ＪＴＰ,東Ｓ
生成AI,AI・ソフト・データ,2497,ＵＮＩＴＥＤ,東Ｇ
生成AI,AI・ソフト・データ,2760,東エレデバ,東Ｐ
生成AI,AI・ソフト・データ,3082,きちりＨＤ,東Ｓ
生成AI,AI・ソフト・データ,3132,マクニカＨＤ,東Ｐ
生成AI,AI・ソフト・データ,3300,アンビＤＸ,東Ｇ
生成AI,AI・ソフト・データ,3491,ＧＡテクノ,東Ｇ
生成AI,AI・ソフト・データ,3559,ＰバンＣＯＭ,東Ｓ
生成AI,AI・ソフト・データ,3565,アセンテック,東Ｓ
生成AI,AI・ソフト・データ,3625,テックファム,東Ｇ
生成AI,AI・ソフト・データ,3626,ＴＩＳＩ,東Ｐ
生成AI,AI・ソフト・データ,3627,テクミラ,東Ｓ
生成AI,AI・ソフト・データ,3633,ＧＭＯペパボ,東Ｓ
生成AI,AI・ソフト・データ,3636,三菱総研,東Ｐ
生成AI,AI・ソフト・データ,3671,ソフトＭＡＸ,東Ｓ
生成AI,AI・ソフト・データ,3687,Ｆスターズ,東Ｐ
生成AI,AI・ソフト・データ,3758,アエリア,東Ｓ
生成AI,AI・ソフト・データ,3778,さくらネット,東Ｐ
生成AI,AI・ソフト・データ,3826,ＳＩ,東Ｓ
生成AI,AI・ソフト・データ,3848,データアプリ,東Ｓ
生成AI,AI・ソフト・データ,3853,アステリア,東Ｐ
生成AI,AI・ソフト・データ,3900,クラウドＷ,東Ｇ
生成AI,AI・ソフト・データ,3905,データセク,東Ｇ
生成AI,AI・ソフト・データ,3915,テラスカイ,東Ｐ
生成AI,AI・ソフト・データ,3928,マイネット,東Ｓ
生成AI,AI・ソフト・データ,3965,キャピタルＡ,東Ｓ
生成AI,AI・ソフト・データ,3984,ユーザーロカ,東Ｐ
生成AI,AI・ソフト・データ,3993,パークシャ,東Ｐ
生成AI,AI・ソフト・データ,3996,サインポスト,東Ｓ
生成AI,AI・ソフト・データ,4011,ヘッドウォ,東Ｇ
生成AI,AI・ソフト・データ,4071,ＰＡコンサル,東Ｐ
生成AI,AI・ソフト・データ,4165,プレイド,東Ｇ
生成AI,AI・ソフト・データ,4170,カイゼン,東Ｇ
生成AI,AI・ソフト・データ,4180,Ａｐｐｉｅｒ,東Ｐ
生成AI,AI・ソフト・データ,4193,ファブリカ,東Ｓ
生成AI,AI・ソフト・データ,4196,ネオマーケ,東Ｓ
生成AI,AI・ソフト・データ,4259,エクサＷｉｚ,東Ｇ
生成AI,AI・ソフト・データ,4265,ＩＧＳ,東Ｇ
生成AI,AI・ソフト・データ,4270,ＢｅｅＸ,東Ｇ
生成AI,AI・ソフト・データ,4284,ソルクシーズ,東Ｓ
生成AI,AI・ソフト・データ,4288,アズジェント,東Ｓ
生成AI,AI・ソフト・データ,4347,ブロメディア,東Ｓ
生成AI,AI・ソフト・データ,4380,Ｍマート,東Ｇ
生成AI,AI・ソフト・データ,4382,ＨＥＲＯＺ,東Ｓ
生成AI,AI・ソフト・データ,4388,エーアイ,東Ｓ
生成AI,AI・ソフト・データ,4412,サイエンスＡ,東Ｇ
生成AI,AI・ソフト・データ,4418,ＪＤＳＣ,東Ｇ
生成AI,AI・ソフト・データ,4419,フィナＨＤ,東Ｇ
生成AI,AI・ソフト・データ,4427,エデュラボ,東Ｇ
生成AI,AI・ソフト・データ,4434,サーバワクス,東Ｓ
生成AI,AI・ソフト・データ,4444,インフォネ,東Ｇ
生成AI,AI・ソフト・データ,4484,ランサーズ,東Ｇ
生成AI,AI・ソフト・データ,4488,ＡＩｉｎｓ,東Ｇ
生成AI,AI・ソフト・データ,4626,太陽ＨＤ,東Ｐ
生成AI,AI・ソフト・データ,4674,クレスコ,東Ｐ
生成AI,AI・ソフト・データ,4686,ジャスト,東Ｐ
生成AI,AI・ソフト・データ,4722,フューチャー,東Ｐ
生成AI,AI・ソフト・データ,4736,日本ラッド,東Ｓ
生成AI,AI・ソフト・データ,4751,サイバー,東Ｐ
生成AI,AI・ソフト・データ,4763,Ｃ＆Ｒ,東Ｐ
生成AI,AI・ソフト・データ,4784,ＧＭＯインタ,東Ｐ
生成AI,AI・ソフト・データ,4813,ＡＣＣＥＳＳ,東Ｐ
生成AI,AI・ソフト・データ,4825,ＷＮＩウェザ,東Ｐ
生成AI,AI・ソフト・データ,5026,トリプルアイ,東Ｇ
生成AI,AI・ソフト・データ,5027,エニマインド,東Ｇ
生成AI,AI・ソフト・データ,5029,サークレイス,東Ｇ
生成AI,AI・ソフト・データ,5033,ヌーラボ,東Ｇ
生成AI,AI・ソフト・データ,5035,ＨＯＵＳＥＩ,東Ｇ
生成AI,AI・ソフト・データ,5036,ＪＢＳ,東Ｐ
生成AI,AI・ソフト・データ,5038,ｅＷｅＬＬ,東Ｇ
生成AI,AI・ソフト・データ,5129,ＦＩＸＥＲ,東Ｇ
生成AI,AI・ソフト・データ,5132,プラスゼロ,東Ｇ
生成AI,AI・ソフト・データ,5242,アイズ,東Ｇ
生成AI,AI・ソフト・データ,5246,エレメンツ,東Ｇ
生成AI,AI・ソフト・データ,5247,ＢＴＭ,東Ｇ
生成AI,AI・ソフト・データ,5250,ＧＭＯプラ,東Ｓ
生成AI,AI・ソフト・データ,5255,モンラボ,東Ｇ
生成AI,AI・ソフト・データ,5256,フュージック,東Ｇ
生成AI,AI・ソフト・データ,5571,エキサイト,東Ｓ
生成AI,AI・ソフト・データ,5572,リッジアイ,東Ｇ
生成AI,AI・ソフト・データ,5574,ＡＢＥＪＡ,東Ｇ
生成AI,AI・ソフト・データ,5578,ＡＲアドバン,東Ｇ
生成AI,AI・ソフト・データ,5586,ラボロＡＩ,東Ｇ
生成AI,AI・ソフト・データ,5591,アヴィレン,東Ｇ
生成AI,AI・ソフト・データ,5618,ナイル,東Ｇ
生成AI,AI・ソフト・データ,6027,弁護士ＣＯＭ,東Ｐ
生成AI,AI・ソフト・データ,6031,ＺＥＴＡ,東Ｓ
生成AI,AI・ソフト・データ,6047,Ｇｕｎｏｓｙ,東Ｓ
生成AI,AI・ソフト・データ,6050,イーガーディ,東Ｐ
生成AI,AI・ソフト・データ,6054,リブセンス,東Ｓ
生成AI,AI・ソフト・データ,6058,ベクトル,東Ｐ
生成AI,AI・ソフト・データ,6182,メタリアル,東Ｇ
生成AI,AI・ソフト・データ,6193,バーチャレク,東Ｇ
生成AI,AI・ソフト・データ,6315,ＴＯＷＡ,東Ｐ
生成AI,AI・ソフト・データ,6501,日立,東Ｐ
生成AI,AI・ソフト・データ,6524,湖北工業,東Ｓ
生成AI,AI・ソフト・データ,6562,ジーニー,東Ｇ
生成AI,AI・ソフト・データ,6580,ライトアップ,東Ｇ
生成AI,AI・ソフト・データ,6632,ＪＶＣケンウ,東Ｐ
生成AI,AI・ソフト・データ,6701,ＮＥＣ,東Ｐ
生成AI,AI・ソフト・データ,6702,富士通,東Ｐ
生成AI,AI・ソフト・データ,6723,ルネサス,東Ｐ
生成AI,AI・ソフト・データ,6857,アドテスト,東Ｐ
生成AI,AI・ソフト・データ,6867,リーダー電子,東Ｓ
生成AI,AI・ソフト・データ,6961,エンプラス,東Ｐ
生成AI,AI・ソフト・データ,7031,インバウＴ,東Ｇ
生成AI,AI・ソフト・データ,7046,ＴＤＳＥ,東Ｇ
生成AI,AI・ソフト・データ,7047,ポート,東Ｇ
生成AI,AI・ソフト・データ,7066,ピアズ,東Ｇ
生成AI,AI・ソフト・データ,7072,インテＭ,東Ｇ
生成AI,AI・ソフト・データ,7073,ジェイック,東Ｇ
生成AI,AI・ソフト・データ,7352,ＴＷＯＳＴ,東Ｇ
生成AI,AI・ソフト・データ,7357,ジオコード,東Ｓ
生成AI,AI・ソフト・データ,7370,Ｅｎｊｉｎ,東Ｇ
生成AI,AI・ソフト・データ,7595,アルゴグラフ,東Ｐ
生成AI,AI・ソフト・データ,7694,いつも,東Ｇ
生成AI,AI・ソフト・データ,7735,スクリン,東Ｐ
生成AI,AI・ソフト・データ,8001,伊藤忠,東Ｐ
生成AI,AI・ソフト・データ,8035,東エレク,東Ｐ
生成AI,AI・ソフト・データ,8157,都築電,東Ｐ
生成AI,AI・ソフト・データ,9241,ＦＬネット,東Ｇ
生成AI,AI・ソフト・データ,9330,揚羽,東Ｇ
生成AI,AI・ソフト・データ,9331,キャスター,東Ｇ
生成AI,AI・ソフト・データ,9432,ＮＴＴ,東Ｐ
生成AI,AI・ソフト・データ,9433,ＫＤＤＩ,東Ｐ
生成AI,AI・ソフト・データ,9434,ＳＢ,東Ｐ
生成AI,AI・ソフト・データ,9449,ＧＭＯ,東Ｐ
生成AI,AI・ソフト・データ,9532,大ガス,東Ｐ
生成AI,AI・ソフト・データ,9561,グラッドＣ,東Ｇ
生成AI,AI・ソフト・データ,9984,ＳＢＧ,東Ｐ
量子コンピューター,AI・ソフト・データ,2693,ＹＫＴ,東Ｓ
量子コンピューター,AI・ソフト・データ,3131,シンデンハイ,東Ｓ
量子コンピューター,AI・ソフト・データ,3687,Ｆスターズ,東Ｐ
量子コンピューター,AI・ソフト・データ,3741,セック,東Ｐ
量子コンピューター,AI・ソフト・データ,3858,ユビＡＩ,東Ｓ
量子コンピューター,AI・ソフト・データ,3915,テラスカイ,東Ｐ
量子コンピューター,AI・ソフト・データ,4069,ブルーミーム,東Ｇ
量子コンピューター,AI・ソフト・データ,4188,三菱ケミＧ,東Ｐ
量子コンピューター,AI・ソフト・データ,4631,ＤＩＣ,東Ｐ
量子コンピューター,AI・ソフト・データ,4736,日本ラッド,東Ｓ
量子コンピューター,AI・ソフト・データ,4847,インテリＷ,東Ｐ
量子コンピューター,AI・ソフト・データ,5582,グリッド,東Ｇ
量子コンピューター,AI・ソフト・データ,6501,日立,東Ｐ
量子コンピューター,AI・ソフト・データ,6503,三菱電,東Ｐ
量子コンピューター,AI・ソフト・データ,6521,オキサイド,東Ｇ
量子コンピューター,AI・ソフト・データ,6597,ＨＰＣシス,東Ｇ
量子コンピューター,AI・ソフト・データ,6613,ＱＤレーザ,東Ｇ
量子コンピューター,AI・ソフト・データ,6701,ＮＥＣ,東Ｐ
量子コンピューター,AI・ソフト・データ,6702,富士通,東Ｐ
量子コンピューター,AI・ソフト・データ,6703,ＯＫＩ,東Ｐ
量子コンピューター,AI・ソフト・データ,6728,アルバック,東Ｐ
量子コンピューター,AI・ソフト・データ,6777,ｓａｎｔｅｃ,東Ｓ
量子コンピューター,AI・ソフト・データ,6807,航空電子,東Ｐ
量子コンピューター,AI・ソフト・データ,6838,多摩川ＨＤ,東Ｓ
量子コンピューター,AI・ソフト・データ,6864,エヌエフＨＤ,東Ｓ
量子コンピューター,AI・ソフト・データ,6902,デンソー,東Ｐ
量子コンピューター,AI・ソフト・データ,6965,ホトニクス,東Ｐ
量子コンピューター,AI・ソフト・データ,7203,トヨタ,東Ｐ
量子コンピューター,AI・ソフト・データ,7713,シグマ光機,東Ｓ
量子コンピューター,AI・ソフト・データ,8015,豊田通商,東Ｐ
量子コンピューター,AI・ソフト・データ,8151,東陽テク,東Ｐ
量子コンピューター,AI・ソフト・データ,8739,スパークス,東Ｐ
量子コンピューター,AI・ソフト・データ,9432,ＮＴＴ,東Ｐ
量子暗号通信,AI・ソフト・データ,6503,三菱電,東Ｐ
量子暗号通信,AI・ソフト・データ,6521,オキサイド,東Ｇ
量子暗号通信,AI・ソフト・データ,6701,ＮＥＣ,東Ｐ
量子暗号通信,AI・ソフト・データ,6702,富士通,東Ｐ
量子暗号通信,AI・ソフト・データ,9432,ＮＴＴ,東Ｐ
5G,通信,1417,ミライトワン,東Ｐ
5G,通信,1721,コムシスＨＤ,東Ｐ
5G,通信,1951,エクシオＧ,東Ｐ
5G,通信,2327,ＮＳＳＯＬ,東Ｐ
5G,通信,2375,ギグワークス,東Ｓ
5G,通信,2413,エムスリー,東Ｐ
5G,通信,3040,ソリトン,東Ｐ
5G,通信,3131,シンデンハイ,東Ｓ
5G,通信,3441,山王,東Ｓ
5G,通信,3559,ＰバンＣＯＭ,東Ｓ
5G,通信,3625,テックファム,東Ｇ
5G,通信,3661,エムアップ,東Ｐ
5G,通信,3774,ＩＩＪ,東Ｐ
5G,通信,3776,ＢＢタワー,東Ｓ
5G,通信,3837,アドソル日進,東Ｐ
5G,通信,3842,ネクスジェン,東Ｓ
5G,通信,3843,フリービット,東Ｐ
5G,通信,3914,ＪＩＧＳＡＷ,東Ｇ
5G,通信,3987,エコモット,東Ｇ
5G,通信,4063,信越化,東Ｐ
5G,通信,4390,アイピーエス,東Ｐ
5G,通信,4461,一工薬,東Ｐ
5G,通信,4634,ａｒｔｉｅｎ,東Ｐ
5G,通信,4687,ＴＤＣソフト,東Ｐ
5G,通信,4719,アルファ,東Ｐ
5G,通信,4755,楽天グループ,東Ｐ
5G,通信,4813,ＡＣＣＥＳＳ,東Ｐ
5G,通信,4968,荒川化,東Ｐ
5G,通信,4975,ＪＣＵ,東Ｐ
5G,通信,4980,デクセリ,東Ｐ
5G,通信,5201,ＡＧＣ,東Ｐ
5G,通信,5214,日電硝,東Ｐ
5G,通信,5713,住友鉱,東Ｐ
5G,通信,5801,古河電,東Ｐ
5G,通信,5802,住友電,東Ｐ
5G,通信,5803,フジクラ,東Ｐ
5G,通信,6038,イード,東Ｇ
5G,通信,6101,ツガミ,東Ｐ
5G,通信,6235,オプトラン,東Ｐ
5G,通信,6327,北川精機,東Ｓ
5G,通信,6501,日立,東Ｐ
5G,通信,6503,三菱電,東Ｐ
5G,通信,6526,ソシオネクス,東Ｐ
5G,通信,6599,エブレン,東Ｓ
5G,通信,6612,バルミューダ,東Ｇ
5G,通信,6613,ＱＤレーザ,東Ｇ
5G,通信,6627,テラプローブ,東Ｓ
5G,通信,6651,日東工,東Ｐ
5G,通信,6658,シライ電子,東Ｓ
5G,通信,6663,太洋テクノ,東Ｓ
5G,通信,6666,リバーエレク,東Ｓ
5G,通信,6701,ＮＥＣ,東Ｐ
5G,通信,6702,富士通,東Ｐ
5G,通信,6706,電気興,東Ｐ
5G,通信,6752,パナＨＤ,東Ｐ
5G,通信,6754,アンリツ,東Ｐ
5G,通信,6769,ザイン,東Ｓ
5G,通信,6777,ｓａｎｔｅｃ,東Ｓ
5G,通信,6778,アルチザ,東Ｓ
5G,通信,6779,日電波,東Ｐ
5G,通信,6800,ヨコオ,東Ｐ
5G,通信,6814,古野電,東Ｐ
5G,通信,6820,アイコム,東Ｐ
5G,通信,6832,アオイ電子,東Ｓ
5G,通信,6834,精工技研,東Ｓ
5G,通信,6838,多摩川ＨＤ,東Ｓ
5G,通信,6840,ＡＫＩＢＡ,東Ｓ
5G,通信,6857,アドテスト,東Ｐ
5G,通信,6862,ミナトＨＤ,東Ｓ
5G,通信,6866,ＨＩＯＫＩ,東Ｐ
5G,通信,6874,協立電機,東Ｓ
5G,通信,6875,メガチップス,東Ｐ
5G,通信,6890,フェローテク,東Ｓ
5G,通信,6902,デンソー,東Ｐ
5G,通信,6904,原田工業,東Ｓ
5G,通信,6946,日本アビオ,東Ｓ
5G,通信,6961,エンプラス,東Ｐ
5G,通信,6962,大真空,東Ｐ
5G,通信,6963,ローム,東Ｐ
5G,通信,6971,京セラ,東Ｐ
5G,通信,6981,村田製,東Ｐ
5G,通信,7203,トヨタ,東Ｐ
5G,通信,7500,西川計測,東Ｓ
5G,通信,7746,岡本硝子,東Ｓ
5G,通信,7826,フルヤ金属,東Ｐ
5G,通信,7912,大日印,東Ｐ
5G,通信,8053,住友商,東Ｐ
5G,通信,8056,ビプロジー,東Ｐ
5G,通信,8151,東陽テク,東Ｐ
5G,通信,8226,理経,東Ｓ
5G,通信,9424,日本通信,東Ｐ
5G,通信,9432,ＮＴＴ,東Ｐ
5G,通信,9433,ＫＤＤＩ,東Ｐ
5G,通信,9434,ＳＢ,東Ｐ
5G,通信,9449,ＧＭＯ,東Ｐ
5G,通信,9687,ＫＳＫ,東Ｓ
5G,通信,9702,アイエスビー,東Ｐ
5G,通信,9984,ＳＢＧ,東Ｐ
6G,通信,6501,日立,東Ｐ
6G,通信,6701,ＮＥＣ,東Ｐ
6G,通信,6754,アンリツ,東Ｐ
6G,通信,6758,ソニーＧ,東Ｐ
6G,通信,6778,アルチザ,東Ｓ
6G,通信,6971,京セラ,東Ｐ
6G,通信,7203,トヨタ,東Ｐ
6G,通信,9432,ＮＴＴ,東Ｐ
6G,通信,9433,ＫＤＤＩ,東Ｐ
6G,通信,9434,ＳＢ,東Ｐ
ローカル5G,通信,1417,ミライトワン,東Ｐ
ローカル5G,通信,2327,ＮＳＳＯＬ,東Ｐ
ローカル5G,通信,3105,日清紡ＨＤ,東Ｐ
ローカル5G,通信,3774,ＩＩＪ,東Ｐ
ローカル5G,通信,3842,ネクスジェン,東Ｓ
ローカル5G,通信,4261,アジアＱ,東Ｇ
ローカル5G,通信,4687,ＴＤＣソフト,東Ｐ
ローカル5G,通信,6503,三菱電,東Ｐ
ローカル5G,通信,6599,エブレン,東Ｓ
ローカル5G,通信,6701,ＮＥＣ,東Ｐ
ローカル5G,通信,6702,富士通,東Ｐ
ローカル5G,通信,6706,電気興,東Ｐ
ローカル5G,通信,6752,パナＨＤ,東Ｐ
ローカル5G,通信,6753,シャープ,東Ｐ
ローカル5G,通信,7912,大日印,東Ｐ
ローカル5G,通信,8053,住友商,東Ｐ
ローカル5G,通信,8151,東陽テク,東Ｐ
ローカル5G,通信,8591,オリックス,東Ｐ
ローカル5G,通信,9432,ＮＴＴ,東Ｐ
ローカル5G,通信,9433,ＫＤＤＩ,東Ｐ
ローカル5G,通信,9434,ＳＢ,東Ｐ
ローカル5G,通信,9687,ＫＳＫ,東Ｓ
MaaS,モビリティ,2428,ウェルネット,東Ｓ
MaaS,モビリティ,2432,ディーエヌエ,東Ｐ
MaaS,モビリティ,3626,ＴＩＳＩ,東Ｐ
MaaS,モビリティ,3646,駅探,東Ｓ
MaaS,モビリティ,3710,ジョルダン,東Ｓ
MaaS,モビリティ,3858,ユビＡＩ,東Ｓ
MaaS,モビリティ,3912,モバファク,東Ｓ
MaaS,モビリティ,3987,エコモット,東Ｇ
MaaS,モビリティ,3993,パークシャ,東Ｐ
MaaS,モビリティ,4324,電通グループ,東Ｐ
MaaS,モビリティ,4414,フレクト,東Ｇ
MaaS,モビリティ,4425,Ｋｕｄａｎ,東Ｇ
MaaS,モビリティ,4440,ヴィッツ,東Ｓ
MaaS,モビリティ,4666,パーク２４,東Ｐ
MaaS,モビリティ,4667,アイサンテク,東Ｓ
MaaS,モビリティ,4829,日エンター,東Ｓ
MaaS,モビリティ,5137,スマートＤ,東Ｇ
MaaS,モビリティ,5570,ジェノバ,東Ｇ
MaaS,モビリティ,6038,イード,東Ｇ
MaaS,モビリティ,6701,ＮＥＣ,東Ｐ
MaaS,モビリティ,6902,デンソー,東Ｐ
MaaS,モビリティ,7093,アディッシュ,東Ｇ
MaaS,モビリティ,7201,日産自,東Ｐ
MaaS,モビリティ,7203,トヨタ,東Ｐ
MaaS,モビリティ,7213,レシップＨＤ,東Ｓ
MaaS,モビリティ,7267,ホンダ,東Ｐ
MaaS,モビリティ,7599,ＩＤＯＭ,東Ｐ
MaaS,モビリティ,8056,ビプロジー,東Ｐ
MaaS,モビリティ,8399,琉球銀,東Ｐ
MaaS,モビリティ,8725,ＭＳ＆ＡＤ,東Ｐ
MaaS,モビリティ,8801,三井不,東Ｐ
MaaS,モビリティ,9005,東急,東Ｐ
MaaS,モビリティ,9007,小田急,東Ｐ
MaaS,モビリティ,9020,ＪＲ東日本,東Ｐ
MaaS,モビリティ,9028,ゼロ,東Ｓ
MaaS,モビリティ,9083,神姫バ,東Ｓ
MaaS,モビリティ,9417,スマバ,東Ｓ
MaaS,モビリティ,9432,ＮＴＴ,東Ｐ
MaaS,モビリティ,9433,ＫＤＤＩ,東Ｐ
MaaS,モビリティ,9439,ＭＨグループ,東Ｓ
MaaS,モビリティ,9691,両毛システム,東Ｓ
MaaS,モビリティ,9984,ＳＢＧ,東Ｐ
NAS電池,モビリティ,3433,トーカロ,東Ｐ
NAS電池,モビリティ,9501,東電ＨＤ,東Ｐ
その他太陽電池関連,モビリティ,1407,ウエストＨＤ,東Ｓ
その他太陽電池関連,モビリティ,1770,藤田エンジ,東Ｓ
その他太陽電池関連,モビリティ,1801,大成建,東Ｐ
その他太陽電池関連,モビリティ,1835,東鉄工,東Ｐ
その他太陽電池関連,モビリティ,1925,大和ハウス,東Ｐ
その他太陽電池関連,モビリティ,1928,積水ハウス,東Ｐ
その他太陽電池関連,モビリティ,1934,ユアテック,東Ｐ
その他太陽電池関連,モビリティ,1941,中電工,東Ｐ
その他太陽電池関連,モビリティ,1946,トーエネク,東Ｐ
その他太陽電池関連,モビリティ,1952,新日本空調,東Ｐ
その他太陽電池関連,モビリティ,2195,アミタＨＤ,東Ｇ
その他太陽電池関連,モビリティ,3023,ラサ商事,東Ｓ
その他太陽電池関連,モビリティ,4651,サニックスＨ,東Ｓ
その他太陽電池関連,モビリティ,4755,楽天グループ,東Ｐ
その他太陽電池関連,モビリティ,5333,ＮＧＫ,東Ｐ
その他太陽電池関連,モビリティ,5990,スーパツール,東Ｓ
その他太陽電池関連,モビリティ,6368,オルガノ,東Ｐ
その他太陽電池関連,モビリティ,6506,安川電,東Ｐ
その他太陽電池関連,モビリティ,6866,ＨＩＯＫＩ,東Ｐ
その他太陽電池関連,モビリティ,6920,レーザーテク,東Ｐ
その他太陽電池関連,モビリティ,7701,島津,東Ｐ
その他太陽電池関連,モビリティ,8012,長瀬産,東Ｐ
その他太陽電池関連,モビリティ,8081,カナデン,東Ｐ
その他太陽電池関連,モビリティ,9788,ナック,東Ｐ
その他自動車関連,モビリティ,3011,バナーズ,東Ｓ
その他自動車関連,モビリティ,3173,コミニックス,東Ｓ
その他自動車関連,モビリティ,3184,ＩＣＤＡ,東Ｓ
その他自動車関連,モビリティ,3186,ネクステージ,東Ｐ
その他自動車関連,モビリティ,3673,ブロドリーフ,東Ｐ
その他自動車関連,モビリティ,3901,Ｍラインズ,東Ｐ
その他自動車関連,モビリティ,4193,ファブリカ,東Ｓ
その他自動車関連,モビリティ,4732,ＵＳＳ,東Ｐ
その他自動車関連,モビリティ,5283,高見沢,東Ｓ
その他自動車関連,モビリティ,5618,ナイル,東Ｇ
その他自動車関連,モビリティ,5870,ナルネット,東Ｇ
その他自動車関連,モビリティ,5906,エムケー精工,東Ｓ
その他自動車関連,モビリティ,6087,アビスト,東Ｓ
その他自動車関連,モビリティ,6286,静甲,東Ｓ
その他自動車関連,モビリティ,6383,ダイフク,東Ｐ
その他自動車関連,モビリティ,6392,ヤマダコーポ,東Ｓ
その他自動車関連,モビリティ,6803,ティアック,東Ｓ
その他自動車関連,モビリティ,6853,共和電,東Ｓ
その他自動車関連,モビリティ,7218,田中精密,東Ｓ
その他自動車関連,モビリティ,7593,ＶＴＨＤ,東Ｐ
その他自動車関連,モビリティ,7595,アルゴグラフ,東Ｐ
その他自動車関連,モビリティ,7599,ＩＤＯＭ,東Ｐ
その他自動車関連,モビリティ,8037,カメイ,東Ｐ
その他自動車関連,モビリティ,8053,住友商,東Ｐ
その他自動車関連,モビリティ,8066,三谷商,東Ｓ
その他自動車関連,モビリティ,8133,エネクス,東Ｐ
その他自動車関連,モビリティ,8291,日産東ＨＤ,東Ｓ
その他自動車関連,モビリティ,9051,センコン物流,東Ｓ
その他自動車関連,モビリティ,9076,セイノーＨＤ,東Ｐ
その他自動車関連,モビリティ,9081,神奈交,東Ｐ
その他自動車関連,モビリティ,9247,ＴＲＥＨＤ,東Ｐ
その他自動車関連,モビリティ,9619,イチネンＨＤ,東Ｐ
その他自動車関連,モビリティ,9812,テーオーＨＤ,東Ｓ
カーシェアリング,モビリティ,1808,長谷工,東Ｐ
カーシェアリング,モビリティ,1925,大和ハウス,東Ｐ
カーシェアリング,モビリティ,2353,日本駐車場,東Ｐ
カーシェアリング,モビリティ,2687,ＣＶＳベイ,東Ｓ
カーシェアリング,モビリティ,3861,王子ＨＤ,東Ｐ
カーシェアリング,モビリティ,4394,エクスＭ,東Ｇ
カーシェアリング,モビリティ,4666,パーク２４,東Ｐ
カーシェアリング,モビリティ,6424,高見サイ,東Ｓ
カーシェアリング,モビリティ,6436,アマノ,東Ｐ
カーシェアリング,モビリティ,6457,グローリー,東Ｐ
カーシェアリング,モビリティ,6662,ユビテック,東Ｓ
カーシェアリング,モビリティ,6701,ＮＥＣ,東Ｐ
カーシェアリング,モビリティ,7065,ｕｐｒ,東Ｓ
カーシェアリング,モビリティ,7201,日産自,東Ｐ
カーシェアリング,モビリティ,7203,トヨタ,東Ｐ
カーシェアリング,モビリティ,7213,レシップＨＤ,東Ｓ
カーシェアリング,モビリティ,7269,スズキ,東Ｐ
カーシェアリング,モビリティ,7599,ＩＤＯＭ,東Ｐ
カーシェアリング,モビリティ,7911,ＴＯＰＰＡＮ,東Ｐ
カーシェアリング,モビリティ,7912,大日印,東Ｐ
カーシェアリング,モビリティ,8056,ビプロジー,東Ｐ
カーシェアリング,モビリティ,8439,東京センチュ,東Ｐ
カーシェアリング,モビリティ,8591,オリックス,東Ｐ
カーシェアリング,モビリティ,8801,三井不,東Ｐ
カーシェアリング,モビリティ,8830,住友不,東Ｐ
カーシェアリング,モビリティ,9020,ＪＲ東日本,東Ｐ
カーシェアリング,モビリティ,9021,ＪＲ西日本,東Ｐ
カーシェアリング,モビリティ,9042,阪急阪神,東Ｐ
カーシェアリング,モビリティ,9048,名鉄,東Ｐ
カーシェアリング,モビリティ,9417,スマバ,東Ｓ
カーシェアリング,モビリティ,9699,ニシオＨＤ,東Ｐ
ニッケル水素電池,モビリティ,6750,エレコム,東Ｐ
ニッケル水素電池,モビリティ,6752,パナＨＤ,東Ｐ
ニッケル水素電池,モビリティ,6810,マクセル,東Ｐ
ニッケル水素電池,モビリティ,6955,ＦＤＫ,東Ｓ
プラグイン電気自動車,モビリティ,7211,三菱自,東Ｐ
プラグイン電気自動車,モビリティ,7270,ＳＵＢＡＲＵ,東Ｐ
ペロブスカイト太陽電池,モビリティ,1663,Ｋ＆Ｏエナジ,東Ｐ
ペロブスカイト太陽電池,モビリティ,1802,大林組,東Ｐ
ペロブスカイト太陽電池,モビリティ,1963,日揮ＨＤ,東Ｐ
ペロブスカイト太陽電池,モビリティ,3132,マクニカＨＤ,東Ｐ
ペロブスカイト太陽電池,モビリティ,3777,環境フレンド,東Ｇ
ペロブスカイト太陽電池,モビリティ,4004,レゾナック,東Ｐ
ペロブスカイト太陽電池,モビリティ,4021,日産化,東Ｐ
ペロブスカイト太陽電池,モビリティ,4063,信越化,東Ｐ
ペロブスカイト太陽電池,モビリティ,4098,チタン,東Ｓ
ペロブスカイト太陽電池,モビリティ,4107,伊勢化,東Ｓ
ペロブスカイト太陽電池,モビリティ,4118,カネカ,東Ｐ
ペロブスカイト太陽電池,モビリティ,4188,三菱ケミＧ,東Ｐ
ペロブスカイト太陽電池,モビリティ,4204,積水化,東Ｐ
ペロブスカイト太陽電池,モビリティ,4221,大倉工,東Ｐ
ペロブスカイト太陽電池,モビリティ,4237,フジプレアム,東Ｓ
ペロブスカイト太陽電池,モビリティ,4362,日精化,東Ｐ
ペロブスカイト太陽電池,モビリティ,4633,サカタＩＮＸ,東Ｐ
ペロブスカイト太陽電池,モビリティ,4901,富士フイルム,東Ｐ
ペロブスカイト太陽電池,モビリティ,4902,コニカミノル,東Ｐ
ペロブスカイト太陽電池,モビリティ,4960,ケミプロ,東Ｓ
ペロブスカイト太陽電池,モビリティ,5018,ＭＯＲＥＳＣ,東Ｓ
ペロブスカイト太陽電池,モビリティ,5020,ＥＮＥＯＳ,東Ｐ
ペロブスカイト太陽電池,モビリティ,5201,ＡＧＣ,東Ｐ
ペロブスカイト太陽電池,モビリティ,5202,板硝子,東Ｐ
ペロブスカイト太陽電池,モビリティ,5214,日電硝,東Ｐ
ペロブスカイト太陽電池,モビリティ,5216,倉元,東Ｓ
ペロブスカイト太陽電池,モビリティ,5901,洋缶ＨＤ,東Ｐ
ペロブスカイト太陽電池,モビリティ,6145,ＮＩＴＴＯＫ,東Ｓ
ペロブスカイト太陽電池,モビリティ,6223,西部技研,東Ｓ
ペロブスカイト太陽電池,モビリティ,6245,ヒラノテク,東Ｓ
ペロブスカイト太陽電池,モビリティ,6255,エヌピーシー,東Ｇ
ペロブスカイト太陽電池,モビリティ,6384,昭和真空,東Ｓ
ペロブスカイト太陽電池,モビリティ,6387,サムコ,東Ｐ
ペロブスカイト太陽電池,モビリティ,6724,エプソン,東Ｐ
ペロブスカイト太陽電池,モビリティ,6752,パナＨＤ,東Ｐ
ペロブスカイト太陽電池,モビリティ,6753,シャープ,東Ｐ
ペロブスカイト太陽電池,モビリティ,6804,ホシデン,東Ｐ
ペロブスカイト太陽電池,モビリティ,6856,堀場製,東Ｐ
ペロブスカイト太陽電池,モビリティ,6996,ニチコン,東Ｐ
ペロブスカイト太陽電池,モビリティ,7259,アイシン,東Ｐ
ペロブスカイト太陽電池,モビリティ,7751,キヤノン,東Ｐ
ペロブスカイト太陽電池,モビリティ,7752,リコー,東Ｐ
ペロブスカイト太陽電池,モビリティ,7966,リンテック,東Ｐ
ペロブスカイト太陽電池,モビリティ,8015,豊田通商,東Ｐ
マグネシウム電池,モビリティ,3647,アスリナ,東Ｓ
マグネシウム電池,モビリティ,4026,神島化,東Ｓ
マグネシウム電池,モビリティ,4800,オリコン,東Ｓ
マグネシウム電池,モビリティ,5121,藤コンポ,東Ｐ
マグネシウム電池,モビリティ,5216,倉元,東Ｓ
マグネシウム電池,モビリティ,5491,日金属,東Ｓ
マグネシウム電池,モビリティ,5940,不二サッシ,東Ｓ
マグネシウム電池,モビリティ,6584,三桜工,東Ｐ
マグネシウム電池,モビリティ,7267,ホンダ,東Ｐ
マグネシウム電池,モビリティ,7995,バルカー,東Ｐ
ライドシェア,モビリティ,2359,コア,東Ｐ
ライドシェア,モビリティ,2432,ディーエヌエ,東Ｐ
ライドシェア,モビリティ,3435,サンコテクノ,東Ｓ
ライドシェア,モビリティ,3753,フライト,東Ｓ
ライドシェア,モビリティ,4392,ＦＩＧ,東Ｐ
ライドシェア,モビリティ,6632,ＪＶＣケンウ,東Ｐ
ライドシェア,モビリティ,6662,ユビテック,東Ｓ
ライドシェア,モビリティ,6758,ソニーＧ,東Ｐ
ライドシェア,モビリティ,6824,新コスモス,東Ｓ
ライドシェア,モビリティ,6902,デンソー,東Ｐ
ライドシェア,モビリティ,7093,アディッシュ,東Ｇ
ライドシェア,モビリティ,9020,ＪＲ東日本,東Ｐ
ライドシェア,モビリティ,9082,大和自,東Ｓ
ライドシェア,モビリティ,9360,鈴与シンワ,東Ｓ
ライドシェア,モビリティ,9434,ＳＢ,東Ｐ
リチウムイオン電池,モビリティ,1925,大和ハウス,東Ｐ
リチウムイオン電池,モビリティ,3131,シンデンハイ,東Ｓ
リチウムイオン電池,モビリティ,4275,カーリット,東Ｐ
リチウムイオン電池,モビリティ,4471,三洋化,東Ｐ
リチウムイオン電池,モビリティ,5333,ＮＧＫ,東Ｐ
リチウムイオン電池,モビリティ,5698,エンビプロ,東Ｓ
リチウムイオン電池,モビリティ,5724,アサカ理研,東Ｓ
リチウムイオン電池,モビリティ,6301,コマツ,東Ｐ
リチウムイオン電池,モビリティ,6501,日立,東Ｐ
リチウムイオン電池,モビリティ,6674,ＧＳユアサ,東Ｐ
リチウムイオン電池,モビリティ,6701,ＮＥＣ,東Ｐ
リチウムイオン電池,モビリティ,6752,パナＨＤ,東Ｐ
リチウムイオン電池,モビリティ,6762,ＴＤＫ,東Ｐ
リチウムイオン電池,モビリティ,6810,マクセル,東Ｐ
リチウムイオン電池,モビリティ,6955,ＦＤＫ,東Ｓ
リチウムイオン電池,モビリティ,6971,京セラ,東Ｐ
リチウムイオン電池,モビリティ,6981,村田製,東Ｐ
リチウムイオン電池,モビリティ,6996,ニチコン,東Ｐ
リチウムイオン電池,モビリティ,7013,ＩＨＩ,東Ｐ
リチウムイオン電池,モビリティ,7201,日産自,東Ｐ
リチウムイオン電池,モビリティ,7220,武蔵精密,東Ｐ
リチウムイオン電池,モビリティ,7760,ＩＭＶ,東Ｓ
リチウムイオン電池,モビリティ,8001,伊藤忠,東Ｐ
リチウムイオン電池,モビリティ,8015,豊田通商,東Ｐ
リチウムイオン電池,モビリティ,8058,三菱商,東Ｐ
リチウムイオン電池製造装置,モビリティ,1979,大気社,東Ｐ
リチウムイオン電池製造装置,モビリティ,5331,ノリタケ,東Ｐ
リチウムイオン電池製造装置,モビリティ,5333,ＮＧＫ,東Ｐ
リチウムイオン電池製造装置,モビリティ,5631,日製鋼,東Ｐ
リチウムイオン電池製造装置,モビリティ,6104,芝浦機,東Ｐ
リチウムイオン電池製造装置,モビリティ,6113,アマダ,東Ｐ
リチウムイオン電池製造装置,モビリティ,6223,西部技研,東Ｓ
リチウムイオン電池製造装置,モビリティ,6228,ＪＥＴ,東Ｓ
リチウムイオン電池製造装置,モビリティ,6233,ＫＬＡＳＳ,東Ｓ
リチウムイオン電池製造装置,モビリティ,6245,ヒラノテク,東Ｓ
リチウムイオン電池製造装置,モビリティ,6246,Ｔスマート,東Ｓ
リチウムイオン電池製造装置,モビリティ,6292,カワタ,東Ｓ
リチウムイオン電池製造装置,モビリティ,6322,タクミナ,東Ｓ
リチウムイオン電池製造装置,モビリティ,6332,月島ＨＤ,東Ｐ
リチウムイオン電池製造装置,モビリティ,6340,渋谷工,東Ｐ
リチウムイオン電池製造装置,モビリティ,6407,ＣＫＤ,東Ｐ
リチウムイオン電池製造装置,モビリティ,6590,芝浦,東Ｐ
リチウムイオン電池製造装置,モビリティ,6663,太洋テクノ,東Ｓ
リチウムイオン電池製造装置,モビリティ,6841,横河電,東Ｐ
リチウムイオン電池製造装置,モビリティ,6863,ニレコ,東Ｓ
リチウムイオン電池製造装置,モビリティ,6864,エヌエフＨＤ,東Ｓ
リチウムイオン電池製造装置,モビリティ,6866,ＨＩＯＫＩ,東Ｐ
リチウムイオン電池製造装置,モビリティ,6912,菊水ＨＤ,東Ｓ
リチウムイオン電池製造装置,モビリティ,7271,安永,東Ｓ
リチウムイオン電池製造装置,モビリティ,7299,フジオーゼ,東Ｓ
リチウムイオン電池製造装置,モビリティ,7609,ダイトロン,東Ｐ
リチウムイオン電池製造装置,モビリティ,7709,クボテック,東Ｓ
リチウムイオン電池製造装置,モビリティ,7735,スクリン,東Ｐ
リチウムイオン電池製造装置,モビリティ,7751,キヤノン,東Ｐ
リチウムイオン電池製造装置,モビリティ,8059,第一実,東Ｐ
リチウムイオン電池製造装置,モビリティ,8061,西華産,東Ｐ
リチウムイオン電池部材・部品,モビリティ,3036,アルコニクス,東Ｐ
リチウムイオン電池部材・部品,モビリティ,3176,三洋貿易,東Ｐ
リチウムイオン電池部材・部品,モビリティ,3401,帝人,東Ｐ
リチウムイオン電池部材・部品,モビリティ,3402,東レ,東Ｐ
リチウムイオン電池部材・部品,モビリティ,3405,クラレ,東Ｐ
リチウムイオン電池部材・部品,モビリティ,3407,旭化成,東Ｐ
リチウムイオン電池部材・部品,モビリティ,3863,日本紙,東Ｐ
リチウムイオン電池部材・部品,モビリティ,3864,三菱紙,東Ｐ
リチウムイオン電池部材・部品,モビリティ,3891,高度紙,東Ｓ
リチウムイオン電池部材・部品,モビリティ,4004,レゾナック,東Ｐ
リチウムイオン電池部材・部品,モビリティ,4005,住友化,東Ｐ
リチウムイオン電池部材・部品,モビリティ,4023,クレハ,東Ｐ
リチウムイオン電池部材・部品,モビリティ,4028,石原産,東Ｐ
リチウムイオン電池部材・部品,モビリティ,4042,東ソー,東Ｐ
リチウムイオン電池部材・部品,モビリティ,4044,セ硝子,東Ｐ
リチウムイオン電池部材・部品,モビリティ,4045,東合成,東Ｐ
リチウムイオン電池部材・部品,モビリティ,4046,大阪ソーダ,東Ｐ
リチウムイオン電池部材・部品,モビリティ,4047,関電化,東Ｐ
リチウムイオン電池部材・部品,モビリティ,4061,デンカ,東Ｐ
リチウムイオン電池部材・部品,モビリティ,4082,稀元素,東Ｐ
リチウムイオン電池部材・部品,モビリティ,4092,日本化,東Ｐ
リチウムイオン電池部材・部品,モビリティ,4094,日化産,東Ｓ
リチウムイオン電池部材・部品,モビリティ,4098,チタン,東Ｓ
リチウムイオン電池部材・部品,モビリティ,4100,戸田工,東Ｓ
リチウムイオン電池部材・部品,モビリティ,4109,ステラケミ,東Ｐ
リチウムイオン電池部材・部品,モビリティ,4114,日触媒,東Ｐ
リチウムイオン電池部材・部品,モビリティ,4125,三和油化工業,東Ｓ
リチウムイオン電池部材・部品,モビリティ,4183,三井化学,東Ｐ
リチウムイオン電池部材・部品,モビリティ,4188,三菱ケミＧ,東Ｐ
リチウムイオン電池部材・部品,モビリティ,4203,住友ベ,東Ｐ
リチウムイオン電池部材・部品,モビリティ,4204,積水化,東Ｐ
リチウムイオン電池部材・部品,モビリティ,4205,ゼオン,東Ｐ
リチウムイオン電池部材・部品,モビリティ,4208,ＵＢＥ,東Ｐ
リチウムイオン電池部材・部品,モビリティ,4221,大倉工,東Ｐ
リチウムイオン電池部材・部品,モビリティ,4461,一工薬,東Ｐ
リチウムイオン電池部材・部品,モビリティ,4634,ａｒｔｉｅｎ,東Ｐ
リチウムイオン電池部材・部品,モビリティ,4901,富士フイルム,東Ｐ
リチウムイオン電池部材・部品,モビリティ,4968,荒川化,東Ｐ
リチウムイオン電池部材・部品,モビリティ,4970,東洋合成,東Ｓ
リチウムイオン電池部材・部品,モビリティ,4980,デクセリ,東Ｐ
リチウムイオン電池部材・部品,モビリティ,5018,ＭＯＲＥＳＣ,東Ｓ
リチウムイオン電池部材・部品,モビリティ,5020,ＥＮＥＯＳ,東Ｐ
リチウムイオン電池部材・部品,モビリティ,5201,ＡＧＣ,東Ｐ
リチウムイオン電池部材・部品,モビリティ,5202,板硝子,東Ｐ
リチウムイオン電池部材・部品,モビリティ,5218,オハラ,東Ｓ
リチウムイオン電池部材・部品,モビリティ,5232,住友大阪,東Ｐ
リチウムイオン電池部材・部品,モビリティ,5233,太平洋セメ,東Ｐ
リチウムイオン電池部材・部品,モビリティ,5301,東海カーボン,東Ｐ
リチウムイオン電池部材・部品,モビリティ,5302,カーボン,東Ｐ
リチウムイオン電池部材・部品,モビリティ,5304,ＳＥＣカーボ,東Ｓ
リチウムイオン電池部材・部品,モビリティ,5331,ノリタケ,東Ｐ
リチウムイオン電池部材・部品,モビリティ,5411,ＪＦＥ,東Ｐ
リチウムイオン電池部材・部品,モビリティ,5541,大平金,東Ｐ
リチウムイオン電池部材・部品,モビリティ,5563,新日本電工,東Ｐ
リチウムイオン電池部材・部品,モビリティ,5706,三井金属,東Ｐ
リチウムイオン電池部材・部品,モビリティ,5713,住友鉱,東Ｐ
リチウムイオン電池部材・部品,モビリティ,5714,ＤＯＷＡ,東Ｐ
リチウムイオン電池部材・部品,モビリティ,5726,大阪チタ,東Ｐ
リチウムイオン電池部材・部品,モビリティ,5801,古河電,東Ｐ
リチウムイオン電池部材・部品,モビリティ,5901,洋缶ＨＤ,東Ｐ
リチウムイオン電池部材・部品,モビリティ,6326,クボタ,東Ｐ
リチウムイオン電池部材・部品,モビリティ,6367,ダイキン,東Ｐ
リチウムイオン電池部材・部品,モビリティ,6479,ミネベア,東Ｐ
リチウムイオン電池部材・部品,モビリティ,6619,ＷＳＣＯＰＥ,東Ｐ
リチウムイオン電池部材・部品,モビリティ,6762,ＴＤＫ,東Ｐ
リチウムイオン電池部材・部品,モビリティ,6955,ＦＤＫ,東Ｓ
リチウムイオン電池部材・部品,モビリティ,6969,松尾電,東Ｓ
リチウムイオン電池部材・部品,モビリティ,6988,日東電,東Ｐ
リチウムイオン電池部材・部品,モビリティ,6997,日ケミコン,東Ｐ
リチウムイオン電池部材・部品,モビリティ,7003,三井Ｅ＆Ｓ,東Ｐ
リチウムイオン電池部材・部品,モビリティ,7271,安永,東Ｓ
リチウムイオン電池部材・部品,モビリティ,7752,リコー,東Ｐ
リチウムイオン電池部材・部品,モビリティ,7911,ＴＯＰＰＡＮ,東Ｐ
リチウムイオン電池部材・部品,モビリティ,7912,大日印,東Ｐ
リチウムイオン電池部材・部品,モビリティ,7917,ＺＡＣＲＯＳ,東Ｐ
リチウムイオン電池部材・部品,モビリティ,8002,丸紅,東Ｐ
リチウムイオン電池部材・部品,モビリティ,8012,長瀬産,東Ｐ
リチウムイオン電池部材・部品,モビリティ,8014,蝶理,東Ｐ
リチウムイオン電池部材・部品,モビリティ,8015,豊田通商,東Ｐ
リチウムイオン電池部材・部品,モビリティ,8088,岩谷産,東Ｐ
リチウムイオン電池部材・部品,モビリティ,8103,明和産,東Ｐ
リチウムイオン電池部材・部品,モビリティ,9227,マイクロ波,東Ｇ
全固体電池,モビリティ,1964,中外炉,東Ｐ
全固体電池,モビリティ,3402,東レ,東Ｐ
全固体電池,モビリティ,3405,クラレ,東Ｐ
全固体電池,モビリティ,3407,旭化成,東Ｐ
全固体電池,モビリティ,3863,日本紙,東Ｐ
全固体電池,モビリティ,3891,高度紙,東Ｓ
全固体電池,モビリティ,4005,住友化,東Ｐ
全固体電池,モビリティ,4021,日産化,東Ｐ
全固体電池,モビリティ,4046,大阪ソーダ,東Ｐ
全固体電池,モビリティ,4082,稀元素,東Ｐ
全固体電池,モビリティ,4114,日触媒,東Ｐ
全固体電池,モビリティ,4182,菱ガス化,東Ｐ
全固体電池,モビリティ,4183,三井化学,東Ｐ
全固体電池,モビリティ,4188,三菱ケミＧ,東Ｐ
全固体電池,モビリティ,4204,積水化,東Ｐ
全固体電池,モビリティ,4275,カーリット,東Ｐ
全固体電池,モビリティ,4471,三洋化,東Ｐ
全固体電池,モビリティ,4901,富士フイルム,東Ｐ
全固体電池,モビリティ,5019,出光興産,東Ｐ
全固体電池,モビリティ,5201,ＡＧＣ,東Ｐ
全固体電池,モビリティ,5214,日電硝,東Ｐ
全固体電池,モビリティ,5218,オハラ,東Ｓ
全固体電池,モビリティ,5333,ＮＧＫ,東Ｐ
全固体電池,モビリティ,5334,特殊陶,東Ｐ
全固体電池,モビリティ,5367,ニッカトー,東Ｓ
全固体電池,モビリティ,5706,三井金属,東Ｐ
全固体電池,モビリティ,5711,三菱マ,東Ｐ
全固体電池,モビリティ,5713,住友鉱,東Ｐ
全固体電池,モビリティ,5715,古河機金,東Ｐ
全固体電池,モビリティ,5726,大阪チタ,東Ｐ
全固体電池,モビリティ,6277,ホソミクロン,東Ｐ
全固体電池,モビリティ,6292,カワタ,東Ｓ
全固体電池,モビリティ,6336,石井表記,東Ｓ
全固体電池,モビリティ,6339,新東工,東Ｐ
全固体電池,モビリティ,6501,日立,東Ｐ
全固体電池,モビリティ,6584,三桜工,東Ｐ
全固体電池,モビリティ,6674,ＧＳユアサ,東Ｐ
全固体電池,モビリティ,6728,アルバック,東Ｐ
全固体電池,モビリティ,6752,パナＨＤ,東Ｐ
全固体電池,モビリティ,6762,ＴＤＫ,東Ｐ
全固体電池,モビリティ,6810,マクセル,東Ｐ
全固体電池,モビリティ,6859,エスペック,東Ｐ
全固体電池,モビリティ,6866,ＨＩＯＫＩ,東Ｐ
全固体電池,モビリティ,6902,デンソー,東Ｐ
全固体電池,モビリティ,6955,ＦＤＫ,東Ｓ
全固体電池,モビリティ,6971,京セラ,東Ｐ
全固体電池,モビリティ,6976,太陽誘電,東Ｐ
全固体電池,モビリティ,6981,村田製,東Ｐ
全固体電池,モビリティ,6997,日ケミコン,東Ｐ
全固体電池,モビリティ,7201,日産自,東Ｐ
全固体電池,モビリティ,7203,トヨタ,東Ｐ
全固体電池,モビリティ,7220,武蔵精密,東Ｐ
全固体電池,モビリティ,7267,ホンダ,東Ｐ
全固体電池,モビリティ,7269,スズキ,東Ｐ
全固体電池,モビリティ,7272,ヤマハ発,東Ｐ
全固体電池,モビリティ,7746,岡本硝子,東Ｓ
全固体電池,モビリティ,7752,リコー,東Ｐ
全固体電池,モビリティ,7911,ＴＯＰＰＡＮ,東Ｐ
全固体電池,モビリティ,7912,大日印,東Ｐ
全固体電池,モビリティ,8591,オリックス,東Ｐ
全固体電池,モビリティ,9165,クオルテック,東Ｇ
全固体電池,モビリティ,9434,ＳＢ,東Ｐ
太陽電池・太陽光発電システム,モビリティ,1721,コムシスＨＤ,東Ｐ
太陽電池・太陽光発電システム,モビリティ,1967,ヤマト,東Ｓ
太陽電池・太陽光発電システム,モビリティ,1972,三晃金,東Ｓ
太陽電池・太陽光発電システム,モビリティ,3002,グンゼ,東Ｐ
太陽電池・太陽光発電システム,モビリティ,3113,ＵＮＩＶＡ,東Ｓ
太陽電池・太陽光発電システム,モビリティ,3150,グリムス,東Ｐ
太陽電池・太陽光発電システム,モビリティ,3157,ジオリーブＧ,東Ｓ
太陽電池・太陽光発電システム,モビリティ,3856,Ａバランス,東Ｓ
太陽電池・太陽光発電システム,モビリティ,3913,ＧｒｅｅｎＢ,東Ｓ
太陽電池・太陽光発電システム,モビリティ,4005,住友化,東Ｐ
太陽電池・太陽光発電システム,モビリティ,4093,アセチレン,東Ｓ
太陽電池・太陽光発電システム,モビリティ,4118,カネカ,東Ｐ
太陽電池・太陽光発電システム,モビリティ,4204,積水化,東Ｐ
太陽電池・太陽光発電システム,モビリティ,4212,積水樹,東Ｐ
太陽電池・太陽光発電システム,モビリティ,4237,フジプレアム,東Ｓ
太陽電池・太陽光発電システム,モビリティ,4272,日化薬,東Ｐ
太陽電池・太陽光発電システム,モビリティ,4902,コニカミノル,東Ｐ
太陽電池・太陽光発電システム,モビリティ,4975,ＪＣＵ,東Ｐ
太陽電池・太陽光発電システム,モビリティ,5018,ＭＯＲＥＳＣ,東Ｓ
太陽電池・太陽光発電システム,モビリティ,5019,出光興産,東Ｐ
太陽電池・太陽光発電システム,モビリティ,5074,テスＨＤ,東Ｐ
太陽電池・太陽光発電システム,モビリティ,5380,新東,東Ｓ
太陽電池・太陽光発電システム,モビリティ,5471,大同特鋼,東Ｐ
太陽電池・太陽光発電システム,モビリティ,5803,フジクラ,東Ｐ
太陽電池・太陽光発電システム,モビリティ,5816,オーナンバ,東Ｓ
太陽電池・太陽光発電システム,モビリティ,5901,洋缶ＨＤ,東Ｐ
太陽電池・太陽光発電システム,モビリティ,5942,フイルコン,東Ｓ
太陽電池・太陽光発電システム,モビリティ,5943,ノーリツ,東Ｐ
太陽電池・太陽光発電システム,モビリティ,6233,ＫＬＡＳＳ,東Ｓ
太陽電池・太陽光発電システム,モビリティ,6255,エヌピーシー,東Ｇ
太陽電池・太陽光発電システム,モビリティ,6501,日立,東Ｐ
太陽電池・太陽光発電システム,モビリティ,6645,オムロン,東Ｐ
太陽電池・太陽光発電システム,モビリティ,6655,東洋電機,名Ｍ
太陽電池・太陽光発電システム,モビリティ,6752,パナＨＤ,東Ｐ
太陽電池・太陽光発電システム,モビリティ,6753,シャープ,東Ｐ
太陽電池・太陽光発電システム,モビリティ,6762,ＴＤＫ,東Ｐ
太陽電池・太陽光発電システム,モビリティ,6971,京セラ,東Ｐ
太陽電池・太陽光発電システム,モビリティ,6976,太陽誘電,東Ｐ
太陽電池・太陽光発電システム,モビリティ,7011,三菱重,東Ｐ
太陽電池・太陽光発電システム,モビリティ,7012,川重,東Ｐ
太陽電池・太陽光発電システム,モビリティ,7013,ＩＨＩ,東Ｐ
太陽電池・太陽光発電システム,モビリティ,7486,サンリン,東Ｓ
太陽電池・太陽光発電システム,モビリティ,7752,リコー,東Ｐ
太陽電池・太陽光発電システム,モビリティ,8007,高島,東Ｐ
太陽電池・太陽光発電システム,モビリティ,8061,西華産,東Ｐ
太陽電池・太陽光発電システム,モビリティ,8101,クレオス,東Ｐ
太陽電池・太陽光発電システム,モビリティ,9872,北恵,東Ｓ
太陽電池搭載車,モビリティ,7201,日産自,東Ｐ
太陽電池搭載車,モビリティ,7267,ホンダ,東Ｐ
太陽電池搭載車,モビリティ,7280,ミツバ,東Ｐ
太陽電池製造装置,モビリティ,1964,中外炉,東Ｐ
太陽電池製造装置,モビリティ,3105,日清紡ＨＤ,東Ｐ
太陽電池製造装置,モビリティ,4023,クレハ,東Ｐ
太陽電池製造装置,モビリティ,5301,東海カーボン,東Ｐ
太陽電池製造装置,モビリティ,5302,カーボン,東Ｐ
太陽電池製造装置,モビリティ,5310,東洋炭素,東Ｐ
太陽電池製造装置,モビリティ,5331,ノリタケ,東Ｐ
太陽電池製造装置,モビリティ,5355,ルツボ,東Ｓ
太陽電池製造装置,モビリティ,5480,冶金工,東Ｐ
太陽電池製造装置,モビリティ,5741,ＵＡＣＪ,東Ｐ
太陽電池製造装置,モビリティ,5802,住友電,東Ｐ
太陽電池製造装置,モビリティ,5981,東京綱,東Ｐ
太陽電池製造装置,モビリティ,6113,アマダ,東Ｐ
太陽電池製造装置,モビリティ,6140,旭ダイヤ,東Ｐ
太陽電池製造装置,モビリティ,6166,中村超硬,東Ｇ
太陽電池製造装置,モビリティ,6245,ヒラノテク,東Ｓ
太陽電池製造装置,モビリティ,6246,Ｔスマート,東Ｓ
太陽電池製造装置,モビリティ,6255,エヌピーシー,東Ｇ
太陽電池製造装置,モビリティ,6258,平田機工,東Ｐ
太陽電池製造装置,モビリティ,6264,マルマエ,東Ｐ
太陽電池製造装置,モビリティ,6298,ワイエイシイ,東Ｐ
太陽電池製造装置,モビリティ,6301,コマツ,東Ｐ
太陽電池製造装置,モビリティ,6302,住友重,東Ｐ
太陽電池製造装置,モビリティ,6309,巴工業,東Ｐ
太陽電池製造装置,モビリティ,6322,タクミナ,東Ｓ
太陽電池製造装置,モビリティ,6327,北川精機,東Ｓ
太陽電池製造装置,モビリティ,6338,タカトリ,東Ｓ
太陽電池製造装置,モビリティ,6384,昭和真空,東Ｓ
太陽電池製造装置,モビリティ,6590,芝浦,東Ｐ
太陽電池製造装置,モビリティ,6668,ＡＤプラズマ,東Ｓ
太陽電池製造装置,モビリティ,6728,アルバック,東Ｐ
太陽電池製造装置,モビリティ,6856,堀場製,東Ｐ
太陽電池製造装置,モビリティ,6863,ニレコ,東Ｓ
太陽電池製造装置,モビリティ,6871,日本マイクロ,東Ｐ
太陽電池製造装置,モビリティ,6894,パルステック,東Ｓ
太陽電池製造装置,モビリティ,6912,菊水ＨＤ,東Ｓ
太陽電池製造装置,モビリティ,6925,ウシオ電,東Ｐ
太陽電池製造装置,モビリティ,6946,日本アビオ,東Ｓ
太陽電池製造装置,モビリティ,6951,日電子,東Ｐ
太陽電池製造装置,モビリティ,7004,カナデビア,東Ｐ
太陽電池製造装置,モビリティ,7271,安永,東Ｓ
太陽電池製造装置,モビリティ,7537,丸文,東Ｐ
太陽電池製造装置,モビリティ,7709,クボテック,東Ｓ
太陽電池製造装置,モビリティ,7717,Ｖテク,東Ｐ
太陽電池製造装置,モビリティ,7751,キヤノン,東Ｐ
太陽電池製造装置,モビリティ,7859,アルメディオ,東Ｓ
太陽電池製造装置,モビリティ,7885,タカノ,東Ｓ
太陽電池製造装置,モビリティ,7995,バルカー,東Ｐ
太陽電池製造装置,モビリティ,8151,東陽テク,東Ｐ
太陽電池部材・部品,モビリティ,2002,日清粉Ｇ,東Ｐ
太陽電池部材・部品,モビリティ,3101,東洋紡,東Ｐ
太陽電池部材・部品,モビリティ,3106,クラボウ,東Ｐ
太陽電池部材・部品,モビリティ,3401,帝人,東Ｐ
太陽電池部材・部品,モビリティ,3402,東レ,東Ｐ
太陽電池部材・部品,モビリティ,3405,クラレ,東Ｐ
太陽電池部材・部品,モビリティ,3407,旭化成,東Ｐ
太陽電池部材・部品,モビリティ,4004,レゾナック,東Ｐ
太陽電池部材・部品,モビリティ,4043,トクヤマ,東Ｐ
太陽電池部材・部品,モビリティ,4044,セ硝子,東Ｐ
太陽電池部材・部品,モビリティ,4061,デンカ,東Ｐ
太陽電池部材・部品,モビリティ,4063,信越化,東Ｐ
太陽電池部材・部品,モビリティ,4078,堺化学,東Ｐ
太陽電池部材・部品,モビリティ,4088,エアウォータ,東Ｐ
太陽電池部材・部品,モビリティ,4109,ステラケミ,東Ｐ
太陽電池部材・部品,モビリティ,4183,三井化学,東Ｐ
太陽電池部材・部品,モビリティ,4186,東応化,東Ｐ
太陽電池部材・部品,モビリティ,4188,三菱ケミＧ,東Ｐ
太陽電池部材・部品,モビリティ,4206,アイカ,東Ｐ
太陽電池部材・部品,モビリティ,4369,トリケミカル,東Ｐ
太陽電池部材・部品,モビリティ,4461,一工薬,東Ｐ
太陽電池部材・部品,モビリティ,4634,ａｒｔｉｅｎ,東Ｐ
太陽電池部材・部品,モビリティ,4901,富士フイルム,東Ｐ
太陽電池部材・部品,モビリティ,4902,コニカミノル,東Ｐ
太陽電池部材・部品,モビリティ,4972,綜研化学,東Ｓ
太陽電池部材・部品,モビリティ,4980,デクセリ,東Ｐ
太陽電池部材・部品,モビリティ,5013,ユシロ,東Ｓ
太陽電池部材・部品,モビリティ,5019,出光興産,東Ｐ
太陽電池部材・部品,モビリティ,5021,コスモＨＤ,東Ｐ
太陽電池部材・部品,モビリティ,5201,ＡＧＣ,東Ｐ
太陽電池部材・部品,モビリティ,5202,板硝子,東Ｐ
太陽電池部材・部品,モビリティ,5214,日電硝,東Ｐ
太陽電池部材・部品,モビリティ,5232,住友大阪,東Ｐ
太陽電池部材・部品,モビリティ,5384,フジミインコ,東Ｐ
太陽電池部材・部品,モビリティ,5401,日本製鉄,東Ｐ
太陽電池部材・部品,モビリティ,5491,日金属,東Ｓ
太陽電池部材・部品,モビリティ,5703,日軽金ＨＤ,東Ｐ
太陽電池部材・部品,モビリティ,5706,三井金属,東Ｐ
太陽電池部材・部品,モビリティ,5707,東邦鉛,東Ｐ
太陽電池部材・部品,モビリティ,5711,三菱マ,東Ｐ
太陽電池部材・部品,モビリティ,5714,ＤＯＷＡ,東Ｐ
太陽電池部材・部品,モビリティ,5816,オーナンバ,東Ｓ
太陽電池部材・部品,モビリティ,5820,三ッ星,東Ｓ
太陽電池部材・部品,モビリティ,5901,洋缶ＨＤ,東Ｐ
太陽電池部材・部品,モビリティ,5940,不二サッシ,東Ｓ
太陽電池部材・部品,モビリティ,6141,ＤＭＧ森精機,東Ｐ
太陽電池部材・部品,モビリティ,6235,オプトラン,東Ｐ
太陽電池部材・部品,モビリティ,6890,フェローテク,東Ｓ
太陽電池部材・部品,モビリティ,6907,ジオマテック,東Ｓ
太陽電池部材・部品,モビリティ,6941,山一電機,東Ｐ
太陽電池部材・部品,モビリティ,7727,オーバル,東Ｓ
太陽電池部材・部品,モビリティ,7911,ＴＯＰＰＡＮ,東Ｐ
太陽電池部材・部品,モビリティ,7912,大日印,東Ｐ
太陽電池部材・部品,モビリティ,7966,リンテック,東Ｐ
太陽電池部材・部品,モビリティ,8020,兼松,東Ｐ
家庭用燃料電池,モビリティ,1981,協和日成,東Ｓ
家庭用燃料電池,モビリティ,4093,アセチレン,東Ｓ
家庭用燃料電池,モビリティ,5020,ＥＮＥＯＳ,東Ｐ
家庭用燃料電池,モビリティ,5946,長府製,東Ｐ
家庭用燃料電池,モビリティ,5947,リンナイ,東Ｐ
家庭用燃料電池,モビリティ,6503,三菱電,東Ｐ
家庭用燃料電池,モビリティ,6752,パナＨＤ,東Ｐ
家庭用燃料電池,モビリティ,6971,京セラ,東Ｐ
家庭用燃料電池,モビリティ,7236,ティラド,東Ｐ
家庭用燃料電池,モビリティ,7247,ミクニ,東Ｓ
家庭用燃料電池,モビリティ,7259,アイシン,東Ｐ
家庭用燃料電池,モビリティ,8133,エネクス,東Ｐ
家庭用燃料電池,モビリティ,9531,東ガス,東Ｐ
家庭用燃料電池,モビリティ,9532,大ガス,東Ｐ
家庭用燃料電池,モビリティ,9534,北ガス,東Ｐ
家庭用燃料電池,モビリティ,9535,広ガス,東Ｐ
家庭用燃料電池,モビリティ,9536,西部ガスＨＤ,東Ｐ
家庭用燃料電池,モビリティ,9537,北陸ガス,東Ｓ
家庭用燃料電池,モビリティ,9543,静ガス,東Ｐ
家庭用燃料電池,モビリティ,9913,日邦産業,東Ｓ
消防自動車,モビリティ,1909,日本ドライ,東Ｓ
消防自動車,モビリティ,3001,片倉,東Ｓ
消防自動車,モビリティ,3302,帝国繊維,東Ｐ
消防自動車,モビリティ,6455,モリタＨＤ,東Ｐ
消防自動車,モビリティ,6743,大同信,東Ｓ
消防自動車,モビリティ,7202,いすゞ,東Ｐ
消防自動車,モビリティ,7226,極東開発,東Ｐ
消防自動車,モビリティ,7276,小糸製,東Ｐ
燃料電池製造装置,モビリティ,6245,ヒラノテク,東Ｓ
燃料電池製造装置,モビリティ,6246,Ｔスマート,東Ｓ
燃料電池製造装置,モビリティ,6338,タカトリ,東Ｓ
燃料電池製造装置,モビリティ,6590,芝浦,東Ｐ
燃料電池製造装置,モビリティ,6864,エヌエフＨＤ,東Ｓ
燃料電池製造装置,モビリティ,6912,菊水ＨＤ,東Ｓ
燃料電池製造装置,モビリティ,7709,クボテック,東Ｓ
燃料電池製造装置,モビリティ,7735,スクリン,東Ｐ
燃料電池車,モビリティ,3105,日清紡ＨＤ,東Ｐ
燃料電池車,モビリティ,3116,トヨタ紡織,東Ｐ
燃料電池車,モビリティ,3401,帝人,東Ｐ
燃料電池車,モビリティ,3402,東レ,東Ｐ
燃料電池車,モビリティ,3861,王子ＨＤ,東Ｐ
燃料電池車,モビリティ,3891,高度紙,東Ｓ
燃料電池車,モビリティ,4091,日本酸素ＨＤ,東Ｐ
燃料電池車,モビリティ,4188,三菱ケミＧ,東Ｐ
燃料電池車,モビリティ,4208,ＵＢＥ,東Ｐ
燃料電池車,モビリティ,5019,出光興産,東Ｐ
燃料電池車,モビリティ,5020,ＥＮＥＯＳ,東Ｐ
燃料電池車,モビリティ,5021,コスモＨＤ,東Ｐ
燃料電池車,モビリティ,5301,東海カーボン,東Ｐ
燃料電池車,モビリティ,5406,神戸鋼,東Ｐ
燃料電池車,モビリティ,5482,愛知鋼,東Ｐ
燃料電池車,モビリティ,5563,新日本電工,東Ｐ
燃料電池車,モビリティ,5974,中国工,東Ｓ
燃料電池車,モビリティ,6331,化工機,東Ｐ
燃料電池車,モビリティ,6339,新東工,東Ｐ
燃料電池車,モビリティ,6366,千代建,東Ｓ
燃料電池車,モビリティ,6370,栗田工,東Ｐ
燃料電池車,モビリティ,6470,大豊工業,東Ｓ
燃料電池車,モビリティ,6473,ジェイテクト,東Ｐ
燃料電池車,モビリティ,6495,宮入バ,東Ｓ
燃料電池車,モビリティ,6497,ハマイ,東Ｓ
燃料電池車,モビリティ,6498,キッツ,東Ｐ
燃料電池車,モビリティ,6507,シンフォニア,東Ｐ
燃料電池車,モビリティ,6752,パナＨＤ,東Ｐ
燃料電池車,モビリティ,6772,コスモス,東Ｓ
燃料電池車,モビリティ,6824,新コスモス,東Ｓ
燃料電池車,モビリティ,6856,堀場製,東Ｐ
燃料電池車,モビリティ,6955,ＦＤＫ,東Ｓ
燃料電池車,モビリティ,7012,川重,東Ｐ
燃料電池車,モビリティ,7201,日産自,東Ｐ
燃料電池車,モビリティ,7202,いすゞ,東Ｐ
燃料電池車,モビリティ,7203,トヨタ,東Ｐ
燃料電池車,モビリティ,7236,ティラド,東Ｐ
燃料電池車,モビリティ,7261,マツダ,東Ｐ
燃料電池車,モビリティ,7267,ホンダ,東Ｐ
燃料電池車,モビリティ,7269,スズキ,東Ｐ
燃料電池車,モビリティ,7272,ヤマハ発,東Ｐ
燃料電池車,モビリティ,7277,ＴＢＫ,東Ｓ
燃料電池車,モビリティ,7282,豊田合,東Ｐ
燃料電池車,モビリティ,7283,愛三工,東Ｐ
燃料電池車,モビリティ,7715,長野計器,東Ｐ
燃料電池車,モビリティ,7726,黒田精,東Ｓ
燃料電池車,モビリティ,7915,ＮＩＳＳＨＡ,東Ｐ
燃料電池車,モビリティ,8022,ミズノ,東Ｐ
燃料電池車,モビリティ,8088,岩谷産,東Ｐ
燃料電池車,モビリティ,8132,シナネンＨＤ,東Ｐ
燃料電池車,モビリティ,8133,エネクス,東Ｐ
燃料電池車,モビリティ,8151,東陽テク,東Ｐ
燃料電池車,モビリティ,9503,関西電,東Ｐ
燃料電池車,モビリティ,9531,東ガス,東Ｐ
燃料電池車,モビリティ,9532,大ガス,東Ｐ
燃料電池車,モビリティ,9533,邦ガス,東Ｐ
燃料電池部材・部品,モビリティ,3105,日清紡ＨＤ,東Ｐ
燃料電池部材・部品,モビリティ,3116,トヨタ紡織,東Ｐ
燃料電池部材・部品,モビリティ,3402,東レ,東Ｐ
燃料電池部材・部品,モビリティ,3407,旭化成,東Ｐ
燃料電池部材・部品,モビリティ,3891,高度紙,東Ｓ
燃料電池部材・部品,モビリティ,4043,トクヤマ,東Ｐ
燃料電池部材・部品,モビリティ,4045,東合成,東Ｐ
燃料電池部材・部品,モビリティ,4082,稀元素,東Ｐ
燃料電池部材・部品,モビリティ,4114,日触媒,東Ｐ
燃料電池部材・部品,モビリティ,5201,ＡＧＣ,東Ｐ
燃料電池部材・部品,モビリティ,5214,日電硝,東Ｐ
燃料電池部材・部品,モビリティ,5301,東海カーボン,東Ｐ
燃料電池部材・部品,モビリティ,5331,ノリタケ,東Ｐ
燃料電池部材・部品,モビリティ,5401,日本製鉄,東Ｐ
燃料電池部材・部品,モビリティ,5471,大同特鋼,東Ｐ
燃料電池部材・部品,モビリティ,5482,愛知鋼,東Ｐ
燃料電池部材・部品,モビリティ,5631,日製鋼,東Ｐ
燃料電池部材・部品,モビリティ,5659,日精線,東Ｐ
燃料電池部材・部品,モビリティ,5989,エイチワン,東Ｐ
燃料電池部材・部品,モビリティ,6277,ホソミクロン,東Ｐ
燃料電池部材・部品,モビリティ,6469,放電精密,東Ｓ
燃料電池部材・部品,モビリティ,6473,ジェイテクト,東Ｐ
燃料電池部材・部品,モビリティ,6928,エノモト,東Ｓ
燃料電池部材・部品,モビリティ,7236,ティラド,東Ｐ
燃料電池部材・部品,モビリティ,7282,豊田合,東Ｐ
燃料電池部材・部品,モビリティ,7911,ＴＯＰＰＡＮ,東Ｐ
燃料電池部材・部品,モビリティ,7912,大日印,東Ｐ
燃料電池部材・部品,モビリティ,8022,ミズノ,東Ｐ
燃料電池部材・部品,モビリティ,8101,クレオス,東Ｐ
燃料電池部材・部品,モビリティ,9895,コンセック,東Ｓ
燃料電池関連,モビリティ,1928,積水ハウス,東Ｐ
燃料電池関連,モビリティ,1939,四電工,東Ｐ
燃料電池関連,モビリティ,1952,新日本空調,東Ｐ
燃料電池関連,モビリティ,3101,東洋紡,東Ｐ
燃料電池関連,モビリティ,3103,ユニチカ,東Ｓ
燃料電池関連,モビリティ,3401,帝人,東Ｐ
燃料電池関連,モビリティ,3402,東レ,東Ｐ
燃料電池関連,モビリティ,3405,クラレ,東Ｐ
燃料電池関連,モビリティ,3437,特殊電極,東Ｓ
燃料電池関連,モビリティ,4004,レゾナック,東Ｐ
燃料電池関連,モビリティ,4062,イビデン,東Ｐ
燃料電池関連,モビリティ,4078,堺化学,東Ｐ
燃料電池関連,モビリティ,4091,日本酸素ＨＤ,東Ｐ
燃料電池関連,モビリティ,4188,三菱ケミＧ,東Ｐ
燃料電池関連,モビリティ,4204,積水化,東Ｐ
燃料電池関連,モビリティ,4208,ＵＢＥ,東Ｐ
燃料電池関連,モビリティ,4231,タイガポリ,東Ｓ
燃料電池関連,モビリティ,4631,ＤＩＣ,東Ｐ
燃料電池関連,モビリティ,5020,ＥＮＥＯＳ,東Ｐ
燃料電池関連,モビリティ,5021,コスモＨＤ,東Ｐ
燃料電池関連,モビリティ,5302,カーボン,東Ｐ
燃料電池関連,モビリティ,5310,東洋炭素,東Ｐ
燃料電池関連,モビリティ,5332,ＴＯＴＯ,東Ｐ
燃料電池関連,モビリティ,5333,ＮＧＫ,東Ｐ
燃料電池関連,モビリティ,5334,特殊陶,東Ｐ
燃料電池関連,モビリティ,5393,ニチアス,東Ｐ
燃料電池関連,モビリティ,5401,日本製鉄,東Ｐ
燃料電池関連,モビリティ,5406,神戸鋼,東Ｐ
燃料電池関連,モビリティ,5602,栗本鉄,東Ｐ
燃料電池関連,モビリティ,5711,三菱マ,東Ｐ
燃料電池関連,モビリティ,5713,住友鉱,東Ｐ
燃料電池関連,モビリティ,5803,フジクラ,東Ｐ
燃料電池関連,モビリティ,5820,三ッ星,東Ｓ
燃料電池関連,モビリティ,5943,ノーリツ,東Ｐ
燃料電池関連,モビリティ,5946,長府製,東Ｐ
燃料電池関連,モビリティ,5947,リンナイ,東Ｐ
燃料電池関連,モビリティ,5951,ダイニチ工業,東Ｓ
燃料電池関連,モビリティ,6005,三浦工,東Ｐ
燃料電池関連,モビリティ,6151,日東工器,東Ｐ
燃料電池関連,モビリティ,6301,コマツ,東Ｐ
燃料電池関連,モビリティ,6326,クボタ,東Ｐ
燃料電池関連,モビリティ,6331,化工機,東Ｐ
燃料電池関連,モビリティ,6333,ＴＥＩＫＯＫ,東Ｐ
燃料電池関連,モビリティ,6368,オルガノ,東Ｐ
燃料電池関連,モビリティ,6370,栗田工,東Ｐ
燃料電池関連,モビリティ,6391,加地テック,東Ｓ
燃料電池関連,モビリティ,6448,ブラザー,東Ｐ
燃料電池関連,モビリティ,6501,日立,東Ｐ
燃料電池関連,モビリティ,6504,富士電機,東Ｐ
燃料電池関連,モビリティ,6674,ＧＳユアサ,東Ｐ
燃料電池関連,モビリティ,6701,ＮＥＣ,東Ｐ
燃料電池関連,モビリティ,6702,富士通,東Ｐ
燃料電池関連,モビリティ,6724,エプソン,東Ｐ
燃料電池関連,モビリティ,6752,パナＨＤ,東Ｐ
燃料電池関連,モビリティ,6834,精工技研,東Ｓ
燃料電池関連,モビリティ,6850,チノー,東Ｐ
燃料電池関連,モビリティ,6858,小野測器,東Ｓ
燃料電池関連,モビリティ,6866,ＨＩＯＫＩ,東Ｐ
燃料電池関連,モビリティ,6955,ＦＤＫ,東Ｓ
燃料電池関連,モビリティ,6965,ホトニクス,東Ｐ
燃料電池関連,モビリティ,6971,京セラ,東Ｐ
燃料電池関連,モビリティ,7004,カナデビア,東Ｐ
燃料電池関連,モビリティ,7011,三菱重,東Ｐ
燃料電池関連,モビリティ,7013,ＩＨＩ,東Ｐ
燃料電池関連,モビリティ,7014,名村造,東Ｓ
燃料電池関連,モビリティ,7203,トヨタ,東Ｐ
燃料電池関連,モビリティ,7259,アイシン,東Ｐ
燃料電池関連,モビリティ,7282,豊田合,東Ｐ
燃料電池関連,モビリティ,7826,フルヤ金属,東Ｐ
燃料電池関連,モビリティ,7911,ＴＯＰＰＡＮ,東Ｐ
燃料電池関連,モビリティ,7970,信越ポリ,東Ｐ
燃料電池関連,モビリティ,8035,東エレク,東Ｐ
燃料電池関連,モビリティ,8053,住友商,東Ｐ
燃料電池関連,モビリティ,8058,三菱商,東Ｐ
燃料電池関連,モビリティ,8059,第一実,東Ｐ
燃料電池関連,モビリティ,8088,岩谷産,東Ｐ
燃料電池関連,モビリティ,8151,東陽テク,東Ｐ
燃料電池関連,モビリティ,9020,ＪＲ東日本,東Ｐ
燃料電池関連,モビリティ,9433,ＫＤＤＩ,東Ｐ
燃料電池関連,モビリティ,9513,Ｊパワー,東Ｐ
燃料電池関連,モビリティ,9531,東ガス,東Ｐ
燃料電池関連,モビリティ,9532,大ガス,東Ｐ
燃料電池関連,モビリティ,9857,英和,東Ｓ
燃料電池関連,モビリティ,9895,コンセック,東Ｓ
空飛ぶクルマ,モビリティ,2667,イメージワン,東Ｓ
空飛ぶクルマ,モビリティ,3402,東レ,東Ｐ
空飛ぶクルマ,モビリティ,4005,住友化,東Ｐ
空飛ぶクルマ,モビリティ,4062,イビデン,東Ｐ
空飛ぶクルマ,モビリティ,4272,日化薬,東Ｐ
空飛ぶクルマ,モビリティ,4440,ヴィッツ,東Ｓ
空飛ぶクルマ,モビリティ,5471,大同特鋼,東Ｐ
空飛ぶクルマ,モビリティ,5597,ブルーイノベ,東Ｇ
空飛ぶクルマ,モビリティ,5741,ＵＡＣＪ,東Ｐ
空飛ぶクルマ,モビリティ,5991,ニッパツ,東Ｐ
空飛ぶクルマ,モビリティ,6217,津田駒,東Ｓ
空飛ぶクルマ,モビリティ,6232,ＡＣＳＬ,東Ｇ
空飛ぶクルマ,モビリティ,6324,ハーモニック,東Ｐ
空飛ぶクルマ,モビリティ,6376,日機装,東Ｐ
空飛ぶクルマ,モビリティ,6503,三菱電,東Ｐ
空飛ぶクルマ,モビリティ,6594,ニデック,東Ｐ
空飛ぶクルマ,モビリティ,6701,ＮＥＣ,東Ｐ
空飛ぶクルマ,モビリティ,6702,富士通,東Ｐ
空飛ぶクルマ,モビリティ,6752,パナＨＤ,東Ｐ
空飛ぶクルマ,モビリティ,6754,アンリツ,東Ｐ
空飛ぶクルマ,モビリティ,6769,ザイン,東Ｓ
空飛ぶクルマ,モビリティ,6986,双葉電,東Ｐ
空飛ぶクルマ,モビリティ,6989,北電工,東Ｓ
空飛ぶクルマ,モビリティ,7203,トヨタ,東Ｐ
空飛ぶクルマ,モビリティ,7254,ユニバンス,東Ｓ
空飛ぶクルマ,モビリティ,7267,ホンダ,東Ｐ
空飛ぶクルマ,モビリティ,7269,スズキ,東Ｐ
空飛ぶクルマ,モビリティ,7270,ＳＵＢＡＲＵ,東Ｐ
空飛ぶクルマ,モビリティ,7832,バンナムＨＤ,東Ｐ
空飛ぶクルマ,モビリティ,8002,丸紅,東Ｐ
空飛ぶクルマ,モビリティ,8020,兼松,東Ｐ
空飛ぶクルマ,モビリティ,8053,住友商,東Ｐ
空飛ぶクルマ,モビリティ,8439,東京センチュ,東Ｐ
空飛ぶクルマ,モビリティ,8591,オリックス,東Ｐ
空飛ぶクルマ,モビリティ,8802,菱地所,東Ｐ
空飛ぶクルマ,モビリティ,9005,東急,東Ｐ
空飛ぶクルマ,モビリティ,9064,ヤマトＨＤ,東Ｐ
空飛ぶクルマ,モビリティ,9201,ＪＡＬ,東Ｐ
空飛ぶクルマ,モビリティ,9202,ＡＮＡＨＤ,東Ｐ
空飛ぶクルマ,モビリティ,9474,ゼンリン,東Ｐ
自動車,モビリティ,7201,日産自,東Ｐ
自動車,モビリティ,7202,いすゞ,東Ｐ
自動車,モビリティ,7203,トヨタ,東Ｐ
自動車,モビリティ,7211,三菱自,東Ｐ
自動車,モビリティ,7222,日産車体,東Ｓ
自動車,モビリティ,7261,マツダ,東Ｐ
自動車,モビリティ,7267,ホンダ,東Ｐ
自動車,モビリティ,7269,スズキ,東Ｐ
自動車,モビリティ,7270,ＳＵＢＡＲＵ,東Ｐ
自動車製造装置,モビリティ,1979,大気社,東Ｐ
自動車製造装置,モビリティ,3437,特殊電極,東Ｓ
自動車製造装置,モビリティ,4095,パーカライ,東Ｐ
自動車製造装置,モビリティ,4208,ＵＢＥ,東Ｐ
自動車製造装置,モビリティ,5602,栗本鉄,東Ｐ
自動車製造装置,モビリティ,5603,虹技,東Ｓ
自動車製造装置,モビリティ,5957,日東精,東Ｐ
自動車製造装置,モビリティ,6101,ツガミ,東Ｐ
自動車製造装置,モビリティ,6103,オークマ,東Ｐ
自動車製造装置,モビリティ,6113,アマダ,東Ｐ
自動車製造装置,モビリティ,6118,アイダ,東Ｐ
自動車製造装置,モビリティ,6134,ＦＵＪＩ,東Ｐ
自動車製造装置,モビリティ,6135,牧野フ,東Ｐ
自動車製造装置,モビリティ,6136,ＯＳＧ,東Ｐ
自動車製造装置,モビリティ,6138,ダイジェト,東Ｓ
自動車製造装置,モビリティ,6143,ソディック,東Ｐ
自動車製造装置,モビリティ,6147,ヤマザキ,福証
自動車製造装置,モビリティ,6149,小田原エンジ,東Ｓ
自動車製造装置,モビリティ,6155,高松機械,東Ｓ
自動車製造装置,モビリティ,6161,エスティック,東Ｓ
自動車製造装置,モビリティ,6218,エンシュウ,東Ｓ
自動車製造装置,モビリティ,6258,平田機工,東Ｐ
自動車製造装置,モビリティ,6292,カワタ,東Ｓ
自動車製造装置,モビリティ,6301,コマツ,東Ｐ
自動車製造装置,モビリティ,6327,北川精機,東Ｓ
自動車製造装置,モビリティ,6339,新東工,東Ｐ
自動車製造装置,モビリティ,6381,アネスト岩田,東Ｐ
自動車製造装置,モビリティ,6382,トリニ工,東Ｓ
自動車製造装置,モビリティ,6407,ＣＫＤ,東Ｐ
自動車製造装置,モビリティ,6467,ニチダイ,東Ｓ
自動車製造装置,モビリティ,6470,大豊工業,東Ｓ
自動車製造装置,モビリティ,6506,安川電,東Ｐ
自動車製造装置,モビリティ,6507,シンフォニア,東Ｐ
自動車製造装置,モビリティ,6508,明電舎,東Ｐ
自動車製造装置,モビリティ,6590,芝浦,東Ｐ
自動車製造装置,モビリティ,6622,ダイヘン,東Ｐ
自動車製造装置,モビリティ,6706,電気興,東Ｐ
自動車製造装置,モビリティ,6846,中央製,名Ｍ
自動車製造装置,モビリティ,6858,小野測器,東Ｓ
自動車製造装置,モビリティ,6877,ＯＢＡＲＡＧ,東Ｓ
自動車製造装置,モビリティ,6912,菊水ＨＤ,東Ｓ
自動車製造装置,モビリティ,6954,ファナック,東Ｐ
自動車製造装置,モビリティ,7128,ユニソルＨＤ,東Ｐ
自動車製造装置,モビリティ,7227,アスカ,名Ｍ
自動車製造装置,モビリティ,7255,桜井製,東Ｓ
自動車製造装置,モビリティ,7435,ナ・デックス,東Ｓ
自動車製造装置,モビリティ,7525,リックス,東Ｐ
自動車製造装置,モビリティ,7607,進和,東Ｐ
自動車製造装置,モビリティ,7624,ＮａＩＴＯ,東Ｓ
自動車製造装置,モビリティ,7722,国際計測,東Ｓ
自動車製造装置,モビリティ,7745,Ａ＆Ｄホロン,東Ｐ
自動車製造装置,モビリティ,8059,第一実,東Ｐ
自動車製造装置,モビリティ,8151,東陽テク,東Ｐ
自動車軽量化,モビリティ,3101,東洋紡,東Ｐ
自動車軽量化,モビリティ,3116,トヨタ紡織,東Ｐ
自動車軽量化,モビリティ,3401,帝人,東Ｐ
自動車軽量化,モビリティ,3402,東レ,東Ｐ
自動車軽量化,モビリティ,3569,セーレン,東Ｐ
自動車軽量化,モビリティ,3861,王子ＨＤ,東Ｐ
自動車軽量化,モビリティ,3880,大王紙,東Ｐ
自動車軽量化,モビリティ,4042,東ソー,東Ｐ
自動車軽量化,モビリティ,4118,カネカ,東Ｐ
自動車軽量化,モビリティ,4183,三井化学,東Ｐ
自動車軽量化,モビリティ,4188,三菱ケミＧ,東Ｐ
自動車軽量化,モビリティ,4203,住友ベ,東Ｐ
自動車軽量化,モビリティ,4204,積水化,東Ｐ
自動車軽量化,モビリティ,4208,ＵＢＥ,東Ｐ
自動車軽量化,モビリティ,4242,タカギセイコ,東Ｓ
自動車軽量化,モビリティ,4246,ＤＮＣ,東Ｐ
自動車軽量化,モビリティ,4401,ＡＤＥＫＡ,東Ｐ
自動車軽量化,モビリティ,4631,ＤＩＣ,東Ｐ
自動車軽量化,モビリティ,4971,メック,東Ｐ
自動車軽量化,モビリティ,5401,日本製鉄,東Ｐ
自動車軽量化,モビリティ,5406,神戸鋼,東Ｐ
自動車軽量化,モビリティ,5411,ＪＦＥ,東Ｐ
自動車軽量化,モビリティ,5703,日軽金ＨＤ,東Ｐ
自動車軽量化,モビリティ,5711,三菱マ,東Ｐ
自動車軽量化,モビリティ,5741,ＵＡＣＪ,東Ｐ
自動車軽量化,モビリティ,5801,古河電,東Ｐ
自動車軽量化,モビリティ,5858,ＳＴＧ,東Ｇ
自動車軽量化,モビリティ,5970,ジーテクト,東Ｐ
自動車軽量化,モビリティ,5975,東プレ,東Ｐ
自動車軽量化,モビリティ,5987,オーネックス,東Ｓ
自動車軽量化,モビリティ,6292,カワタ,東Ｓ
自動車軽量化,モビリティ,6302,住友重,東Ｐ
自動車軽量化,モビリティ,6327,北川精機,東Ｓ
自動車軽量化,モビリティ,6339,新東工,東Ｐ
自動車軽量化,モビリティ,6470,大豊工業,東Ｓ
自動車軽量化,モビリティ,6471,日精工,東Ｐ
自動車軽量化,モビリティ,6479,ミネベア,東Ｐ
自動車軽量化,モビリティ,6594,ニデック,東Ｐ
自動車軽量化,モビリティ,6656,インスペック,東Ｓ
自動車軽量化,モビリティ,6810,マクセル,東Ｐ
自動車軽量化,モビリティ,6902,デンソー,東Ｐ
自動車軽量化,モビリティ,7259,アイシン,東Ｐ
自動車軽量化,モビリティ,7282,豊田合,東Ｐ
自動車軽量化,モビリティ,7318,セレンＨＤ,東Ｇ
自動車軽量化,モビリティ,7888,三光合成,東Ｐ
自動車軽量化,モビリティ,7988,ニフコ,東Ｐ
自動車軽量化,モビリティ,9845,パーカー,東Ｓ
自動車軽量化,モビリティ,9972,アルテック,東Ｓ
自動車部材・部品,モビリティ,2768,双日,東Ｐ
自動車部材・部品,モビリティ,3036,アルコニクス,東Ｐ
自動車部材・部品,モビリティ,3101,東洋紡,東Ｐ
自動車部材・部品,モビリティ,3103,ユニチカ,東Ｓ
自動車部材・部品,モビリティ,3105,日清紡ＨＤ,東Ｐ
自動車部材・部品,モビリティ,3106,クラボウ,東Ｐ
自動車部材・部品,モビリティ,3116,トヨタ紡織,東Ｐ
自動車部材・部品,モビリティ,3176,三洋貿易,東Ｐ
自動車部材・部品,モビリティ,3201,ニッケ,東Ｐ
自動車部材・部品,モビリティ,3204,トーア紡,東Ｓ
自動車部材・部品,モビリティ,3306,日本麻,東Ｓ
自動車部材・部品,モビリティ,3321,ミタチ産業,東Ｓ
自動車部材・部品,モビリティ,3402,東レ,東Ｐ
自動車部材・部品,モビリティ,3405,クラレ,東Ｐ
自動車部材・部品,モビリティ,3407,旭化成,東Ｐ
自動車部材・部品,モビリティ,3422,Ｊ－ＭＡＸ,東Ｓ
自動車部材・部品,モビリティ,3434,アルファＣｏ,東Ｓ
自動車部材・部品,モビリティ,3439,三ツ知,東Ｓ
自動車部材・部品,モビリティ,3441,山王,東Ｓ
自動車部材・部品,モビリティ,3501,ＳＭＩＮＯＥ,東Ｐ
自動車部材・部品,モビリティ,3551,ダイニック,東Ｓ
自動車部材・部品,モビリティ,3553,共和レ,東Ｓ
自動車部材・部品,モビリティ,3569,セーレン,東Ｐ
自動車部材・部品,モビリティ,3591,ワコールＨＤ,東Ｐ
自動車部材・部品,モビリティ,3600,フジックス,東Ｓ
自動車部材・部品,モビリティ,3896,阿波製紙,東Ｓ
自動車部材・部品,モビリティ,4005,住友化,東Ｐ
自動車部材・部品,モビリティ,4023,クレハ,東Ｐ
自動車部材・部品,モビリティ,4044,セ硝子,東Ｐ
自動車部材・部品,モビリティ,4046,大阪ソーダ,東Ｐ
自動車部材・部品,モビリティ,4061,デンカ,東Ｐ
自動車部材・部品,モビリティ,4062,イビデン,東Ｐ
自動車部材・部品,モビリティ,4064,カーバイド,東Ｐ
自動車部材・部品,モビリティ,4082,稀元素,東Ｐ
自動車部材・部品,モビリティ,4092,日本化,東Ｐ
自動車部材・部品,モビリティ,4095,パーカライ,東Ｐ
自動車部材・部品,モビリティ,4102,丸尾カル,東Ｓ
自動車部材・部品,モビリティ,4119,日ピグＨＤ,東Ｓ
自動車部材・部品,モビリティ,4125,三和油化工業,東Ｓ
自動車部材・部品,モビリティ,4182,菱ガス化,東Ｐ
自動車部材・部品,モビリティ,4189,ＫＨネオケム,東Ｐ
自動車部材・部品,モビリティ,4202,ダイセル,東Ｐ
自動車部材・部品,モビリティ,4203,住友ベ,東Ｐ
自動車部材・部品,モビリティ,4204,積水化,東Ｐ
自動車部材・部品,モビリティ,4205,ゼオン,東Ｐ
自動車部材・部品,モビリティ,4220,リケンテクノ,東Ｐ
自動車部材・部品,モビリティ,4221,大倉工,東Ｐ
自動車部材・部品,モビリティ,4222,児玉化,東Ｓ
自動車部材・部品,モビリティ,4228,積化成,東Ｐ
自動車部材・部品,モビリティ,4229,群栄化,東Ｐ
自動車部材・部品,モビリティ,4231,タイガポリ,東Ｓ
自動車部材・部品,モビリティ,4235,ＵＦＨＤ,東Ｓ
自動車部材・部品,モビリティ,4237,フジプレアム,東Ｓ
自動車部材・部品,モビリティ,4241,アテクト,東Ｓ
自動車部材・部品,モビリティ,4242,タカギセイコ,東Ｓ
自動車部材・部品,モビリティ,4246,ＤＮＣ,東Ｐ
自動車部材・部品,モビリティ,4249,森六,東Ｐ
自動車部材・部品,モビリティ,4250,フロンテア,福Ｑ
自動車部材・部品,モビリティ,4272,日化薬,東Ｐ
自動車部材・部品,モビリティ,4274,細火工,東Ｓ
自動車部材・部品,モビリティ,4361,川口化,東Ｓ
自動車部材・部品,モビリティ,4365,松本油脂,東Ｓ
自動車部材・部品,モビリティ,4401,ＡＤＥＫＡ,東Ｐ
自動車部材・部品,モビリティ,4403,日油,東Ｐ
自動車部材・部品,モビリティ,4461,一工薬,東Ｐ
自動車部材・部品,モビリティ,4471,三洋化,東Ｐ
自動車部材・部品,モビリティ,4612,日本ペＨＤ,東Ｐ
自動車部材・部品,モビリティ,4613,関西ペ,東Ｐ
自動車部材・部品,モビリティ,4619,日特塗,東Ｓ
自動車部材・部品,モビリティ,4620,藤倉化,東Ｓ
自動車部材・部品,モビリティ,4624,イサム,東Ｓ
自動車部材・部品,モビリティ,4627,ナトコ,東Ｓ
自動車部材・部品,モビリティ,4634,ａｒｔｉｅｎ,東Ｐ
自動車部材・部品,モビリティ,4635,東インキ,東Ｓ
自動車部材・部品,モビリティ,4966,上村工,東Ｓ
自動車部材・部品,モビリティ,4976,東洋ドライ,東Ｓ
自動車部材・部品,モビリティ,5013,ユシロ,東Ｓ
自動車部材・部品,モビリティ,5015,ＢＰカストロ,東Ｓ
自動車部材・部品,モビリティ,5018,ＭＯＲＥＳＣ,東Ｓ
自動車部材・部品,モビリティ,5101,浜ゴム,東Ｐ
自動車部材・部品,モビリティ,5105,ＴＯＹＯ,東Ｐ
自動車部材・部品,モビリティ,5108,ブリヂストン,東Ｐ
自動車部材・部品,モビリティ,5110,住友ゴ,東Ｐ
自動車部材・部品,モビリティ,5121,藤コンポ,東Ｐ
自動車部材・部品,モビリティ,5122,オカモト,東Ｐ
自動車部材・部品,モビリティ,5142,アキレス,東Ｐ
自動車部材・部品,モビリティ,5161,西川ゴム,東Ｓ
自動車部材・部品,モビリティ,5162,朝日ラバー,東Ｓ
自動車部材・部品,モビリティ,5184,ニチリン,東Ｓ
自動車部材・部品,モビリティ,5185,フコク,東Ｐ
自動車部材・部品,モビリティ,5186,ニッタ,東Ｐ
自動車部材・部品,モビリティ,5192,三星ベ,東Ｐ
自動車部材・部品,モビリティ,5195,バンドー,東Ｐ
自動車部材・部品,モビリティ,5199,不二ラテ,東Ｓ
自動車部材・部品,モビリティ,5201,ＡＧＣ,東Ｐ
自動車部材・部品,モビリティ,5202,板硝子,東Ｐ
自動車部材・部品,モビリティ,5210,日山村硝,東Ｓ
自動車部材・部品,モビリティ,5214,日電硝,東Ｐ
自動車部材・部品,モビリティ,5301,東海カーボン,東Ｐ
自動車部材・部品,モビリティ,5333,ＮＧＫ,東Ｐ
自動車部材・部品,モビリティ,5334,特殊陶,東Ｐ
自動車部材・部品,モビリティ,5344,ＭＡＲＵＷＡ,東Ｐ
自動車部材・部品,モビリティ,5355,ルツボ,東Ｓ
自動車部材・部品,モビリティ,5388,クニミネ,東Ｓ
自動車部材・部品,モビリティ,5391,Ａ＆ＡＭ,東Ｓ
自動車部材・部品,モビリティ,5393,ニチアス,東Ｐ
自動車部材・部品,モビリティ,5401,日本製鉄,東Ｐ
自動車部材・部品,モビリティ,5406,神戸鋼,東Ｐ
自動車部材・部品,モビリティ,5411,ＪＦＥ,東Ｐ
自動車部材・部品,モビリティ,5423,東京製鉄,東Ｐ
自動車部材・部品,モビリティ,5458,高砂鉄,東Ｓ
自動車部材・部品,モビリティ,5463,丸一管,東Ｐ
自動車部材・部品,モビリティ,5464,モリ工業,東Ｓ
自動車部材・部品,モビリティ,5471,大同特鋼,東Ｐ
自動車部材・部品,モビリティ,5482,愛知鋼,東Ｐ
自動車部材・部品,モビリティ,5484,東北鋼,東Ｓ
自動車部材・部品,モビリティ,5491,日金属,東Ｓ
自動車部材・部品,モビリティ,5607,中可鍛,名Ｍ
自動車部材・部品,モビリティ,5632,菱製鋼,東Ｐ
自動車部材・部品,モビリティ,5644,メタルアート,東Ｓ
自動車部材・部品,モビリティ,5658,日亜鋼,東Ｓ
自動車部材・部品,モビリティ,5659,日精線,東Ｐ
自動車部材・部品,モビリティ,5697,サンユウ,東Ｓ
自動車部材・部品,モビリティ,5703,日軽金ＨＤ,東Ｐ
自動車部材・部品,モビリティ,5704,ＪＭＣ,東Ｓ
自動車部材・部品,モビリティ,5706,三井金属,東Ｐ
自動車部材・部品,モビリティ,5711,三菱マ,東Ｐ
自動車部材・部品,モビリティ,5714,ＤＯＷＡ,東Ｐ
自動車部材・部品,モビリティ,5715,古河機金,東Ｐ
自動車部材・部品,モビリティ,5729,日精鉱,東Ｓ
自動車部材・部品,モビリティ,5741,ＵＡＣＪ,東Ｐ
自動車部材・部品,モビリティ,5753,日伸銅,東Ｓ
自動車部材・部品,モビリティ,5757,ＣＫサンエツ,東Ｐ
自動車部材・部品,モビリティ,5801,古河電,東Ｐ
自動車部材・部品,モビリティ,5802,住友電,東Ｐ
自動車部材・部品,モビリティ,5803,フジクラ,東Ｐ
自動車部材・部品,モビリティ,5805,ＳＷＣＣ,東Ｐ
自動車部材・部品,モビリティ,5816,オーナンバ,東Ｓ
自動車部材・部品,モビリティ,5820,三ッ星,東Ｓ
自動車部材・部品,モビリティ,5821,平河ヒューテ,東Ｐ
自動車部材・部品,モビリティ,5851,リョービ,東Ｐ
自動車部材・部品,モビリティ,5852,アーレスティ,東Ｐ
自動車部材・部品,モビリティ,5858,ＳＴＧ,東Ｇ
自動車部材・部品,モビリティ,5901,洋缶ＨＤ,東Ｐ
自動車部材・部品,モビリティ,5932,三協立山,東Ｐ
自動車部材・部品,モビリティ,5942,フイルコン,東Ｓ
自動車部材・部品,モビリティ,5949,ユニプレス,東Ｐ
自動車部材・部品,モビリティ,5950,パワーファス,東Ｓ
自動車部材・部品,モビリティ,5952,アマテイ,東Ｓ
自動車部材・部品,モビリティ,5955,ワイズＨＤ,東Ｓ
自動車部材・部品,モビリティ,5957,日東精,東Ｐ
自動車部材・部品,モビリティ,5959,岡部,東Ｐ
自動車部材・部品,モビリティ,5970,ジーテクト,東Ｐ
自動車部材・部品,モビリティ,5971,共和工業,東Ｓ
自動車部材・部品,モビリティ,5975,東プレ,東Ｐ
自動車部材・部品,モビリティ,5976,ネツレン,東Ｐ
自動車部材・部品,モビリティ,5985,サンコール,東Ｓ
自動車部材・部品,モビリティ,5986,モリテック,東Ｓ
自動車部材・部品,モビリティ,5987,オーネックス,東Ｓ
自動車部材・部品,モビリティ,5988,パイオラック,東Ｐ
自動車部材・部品,モビリティ,5989,エイチワン,東Ｐ
自動車部材・部品,モビリティ,5991,ニッパツ,東Ｐ
自動車部材・部品,モビリティ,5992,中発条,東Ｓ
自動車部材・部品,モビリティ,5994,ファインシン,東Ｓ
自動車部材・部品,モビリティ,5998,アドバネクス,東Ｓ
自動車部材・部品,モビリティ,6042,ニッキ,東Ｓ
自動車部材・部品,モビリティ,6118,アイダ,東Ｐ
自動車部材・部品,モビリティ,6140,旭ダイヤ,東Ｐ
自動車部材・部品,モビリティ,6142,富士精,名Ｍ
自動車部材・部品,モビリティ,6147,ヤマザキ,福証
自動車部材・部品,モビリティ,6151,日東工器,東Ｐ
自動車部材・部品,モビリティ,6155,高松機械,東Ｓ
自動車部材・部品,モビリティ,6156,エーワン精密,東Ｓ
自動車部材・部品,モビリティ,6165,パンチ,東Ｓ
自動車部材・部品,モビリティ,6209,リケンＮＰＲ,東Ｐ
自動車部材・部品,モビリティ,6218,エンシュウ,東Ｓ
自動車部材・部品,モビリティ,6262,ペガサス,東Ｓ
自動車部材・部品,モビリティ,6268,ナブテスコ,東Ｐ
自動車部材・部品,モビリティ,6282,オイレス,東Ｐ
自動車部材・部品,モビリティ,6286,静甲,東Ｓ
自動車部材・部品,モビリティ,6315,ＴＯＷＡ,東Ｐ
自動車部材・部品,モビリティ,6317,北川鉄,東Ｓ
自動車部材・部品,モビリティ,6324,ハーモニック,東Ｐ
自動車部材・部品,モビリティ,6327,北川精機,東Ｓ
自動車部材・部品,モビリティ,6339,新東工,東Ｐ
自動車部材・部品,モビリティ,6347,プラコー,東Ｓ
自動車部材・部品,モビリティ,6356,日ギア,東Ｓ
自動車部材・部品,モビリティ,6367,ダイキン,東Ｐ
自動車部材・部品,モビリティ,6371,椿本チ,東Ｐ
自動車部材・部品,モビリティ,6380,オリチェン,東Ｓ
自動車部材・部品,モビリティ,6382,トリニ工,東Ｓ
自動車部材・部品,モビリティ,6384,昭和真空,東Ｓ
自動車部材・部品,モビリティ,6400,不二精機,東Ｓ
自動車部材・部品,モビリティ,6408,クラッチ,東Ｓ
自動車部材・部品,モビリティ,6439,中日鋳,名Ｍ
自動車部材・部品,モビリティ,6444,サンデン,東Ｓ
自動車部材・部品,モビリティ,6463,ＴＰＲ,東Ｐ
自動車部材・部品,モビリティ,6464,ツバキナカ,東Ｐ
自動車部材・部品,モビリティ,6467,ニチダイ,東Ｓ
自動車部材・部品,モビリティ,6469,放電精密,東Ｓ
自動車部材・部品,モビリティ,6470,大豊工業,東Ｓ
自動車部材・部品,モビリティ,6471,日精工,東Ｐ
自動車部材・部品,モビリティ,6472,ＮＴＮ,東Ｐ
自動車部材・部品,モビリティ,6473,ジェイテクト,東Ｐ
自動車部材・部品,モビリティ,6474,不二越,東Ｐ
自動車部材・部品,モビリティ,6479,ミネベア,東Ｐ
自動車部材・部品,モビリティ,6481,ＴＨＫ,東Ｐ
自動車部材・部品,モビリティ,6486,イーグル工,東Ｐ
自動車部材・部品,モビリティ,6493,ＮＩＴＴＡＮ,東Ｓ
自動車部材・部品,モビリティ,6501,日立,東Ｐ
自動車部材・部品,モビリティ,6507,シンフォニア,東Ｐ
自動車部材・部品,モビリティ,6513,オリジン,東Ｓ
自動車部材・部品,モビリティ,6524,湖北工業,東Ｓ
自動車部材・部品,モビリティ,6584,三桜工,東Ｐ
自動車部材・部品,モビリティ,6592,マブチ,東Ｐ
自動車部材・部品,モビリティ,6594,ニデック,東Ｐ
自動車部材・部品,モビリティ,6615,ＵＭＣエレ,東Ｓ
自動車部材・部品,モビリティ,6616,ＴＯＲＥＸ,東Ｐ
自動車部材・部品,モビリティ,6626,ＳＥＭＴＥＣ,東Ｓ
自動車部材・部品,モビリティ,6632,ＪＶＣケンウ,東Ｐ
自動車部材・部品,モビリティ,6635,大日光,東Ｓ
自動車部材・部品,モビリティ,6643,戸上電,東Ｓ
自動車部材・部品,モビリティ,6645,オムロン,東Ｐ
自動車部材・部品,モビリティ,6656,インスペック,東Ｓ
自動車部材・部品,モビリティ,6666,リバーエレク,東Ｓ
自動車部材・部品,モビリティ,6674,ＧＳユアサ,東Ｐ
自動車部材・部品,モビリティ,6699,ダイヤＨＤ,東Ｓ
自動車部材・部品,モビリティ,6707,サンケン,東Ｐ
自動車部材・部品,モビリティ,6723,ルネサス,東Ｐ
自動車部材・部品,モビリティ,6740,Ｊディスプレ,東Ｐ
自動車部材・部品,モビリティ,6752,パナＨＤ,東Ｐ
自動車部材・部品,モビリティ,6753,シャープ,東Ｐ
自動車部材・部品,モビリティ,6762,ＴＤＫ,東Ｐ
自動車部材・部品,モビリティ,6763,帝通工,東Ｐ
自動車部材・部品,モビリティ,6769,ザイン,東Ｓ
自動車部材・部品,モビリティ,6770,アルプスアル,東Ｐ
自動車部材・部品,モビリティ,6772,コスモス,東Ｓ
自動車部材・部品,モビリティ,6776,天昇電,東Ｓ
自動車部材・部品,モビリティ,6779,日電波,東Ｐ
自動車部材・部品,モビリティ,6785,鈴木,東Ｐ
自動車部材・部品,モビリティ,6787,メイコー,東Ｐ
自動車部材・部品,モビリティ,6794,フォスター,東Ｐ
自動車部材・部品,モビリティ,6800,ヨコオ,東Ｐ
自動車部材・部品,モビリティ,6804,ホシデン,東Ｐ
自動車部材・部品,モビリティ,6806,ヒロセ電,東Ｐ
自動車部材・部品,モビリティ,6807,航空電子,東Ｐ
自動車部材・部品,モビリティ,6810,マクセル,東Ｐ
自動車部材・部品,モビリティ,6817,スミダコーポ,東Ｐ
自動車部材・部品,モビリティ,6832,アオイ電子,東Ｓ
自動車部材・部品,モビリティ,6834,精工技研,東Ｓ
自動車部材・部品,モビリティ,6837,京写,東Ｓ
自動車部材・部品,モビリティ,6844,新電元,東Ｐ
自動車部材・部品,モビリティ,6890,フェローテク,東Ｓ
自動車部材・部品,モビリティ,6899,ＡＳＴＩ,東Ｓ
自動車部材・部品,モビリティ,6902,デンソー,東Ｐ
自動車部材・部品,モビリティ,6904,原田工業,東Ｓ
自動車部材・部品,モビリティ,6908,イリソ電子,東Ｐ
自動車部材・部品,モビリティ,6915,千代田インテ,東Ｓ
自動車部材・部品,モビリティ,6923,スタンレー,東Ｐ
自動車部材・部品,モビリティ,6928,エノモト,東Ｓ
自動車部材・部品,モビリティ,6947,図研,東Ｐ
自動車部材・部品,モビリティ,6958,日本ＣＭＫ,東Ｐ
自動車部材・部品,モビリティ,6961,エンプラス,東Ｐ
自動車部材・部品,モビリティ,6962,大真空,東Ｐ
自動車部材・部品,モビリティ,6963,ローム,東Ｐ
自動車部材・部品,モビリティ,6964,サンコー,東Ｓ
自動車部材・部品,モビリティ,6966,三井ハイテク,東Ｐ
自動車部材・部品,モビリティ,6969,松尾電,東Ｓ
自動車部材・部品,モビリティ,6971,京セラ,東Ｐ
自動車部材・部品,モビリティ,6977,抵抗器,東Ｓ
自動車部材・部品,モビリティ,6981,村田製,東Ｐ
自動車部材・部品,モビリティ,6982,リード,東Ｓ
自動車部材・部品,モビリティ,6986,双葉電,東Ｐ
自動車部材・部品,モビリティ,6988,日東電,東Ｐ
自動車部材・部品,モビリティ,6994,指月電,東Ｓ
自動車部材・部品,モビリティ,6995,東海理,東Ｐ
自動車部材・部品,モビリティ,6996,ニチコン,東Ｐ
自動車部材・部品,モビリティ,6997,日ケミコン,東Ｐ
自動車部材・部品,モビリティ,6999,ＫＯＡ,東Ｐ
自動車部材・部品,モビリティ,7011,三菱重,東Ｐ
自動車部材・部品,モビリティ,7013,ＩＨＩ,東Ｐ
自動車部材・部品,モビリティ,7208,カネミツ,東Ｓ
自動車部材・部品,モビリティ,7212,エフテック,東Ｓ
自動車部材・部品,モビリティ,7213,レシップＨＤ,東Ｓ
自動車部材・部品,モビリティ,7214,ＧＭＢ,東Ｓ
自動車部材・部品,モビリティ,7215,ファルテック,東Ｓ
自動車部材・部品,モビリティ,7217,テイン,東Ｓ
自動車部材・部品,モビリティ,7218,田中精密,東Ｓ
自動車部材・部品,モビリティ,7219,ＨＫＳ,東Ｓ
自動車部材・部品,モビリティ,7220,武蔵精密,東Ｐ
自動車部材・部品,モビリティ,7227,アスカ,名Ｍ
自動車部材・部品,モビリティ,7231,トピー,東Ｐ
自動車部材・部品,モビリティ,7235,東ラヂ,東Ｓ
自動車部材・部品,モビリティ,7236,ティラド,東Ｐ
自動車部材・部品,モビリティ,7238,ブレーキ,東Ｐ
自動車部材・部品,モビリティ,7239,タチエス,東Ｐ
自動車部材・部品,モビリティ,7240,ＮＯＫ,東Ｐ
自動車部材・部品,モビリティ,7241,フタバ,東Ｐ
自動車部材・部品,モビリティ,7242,カヤバ,東Ｐ
自動車部材・部品,モビリティ,7244,市光工,東Ｐ
自動車部材・部品,モビリティ,7245,大同メ,東Ｐ
自動車部材・部品,モビリティ,7246,プレス工,東Ｐ
自動車部材・部品,モビリティ,7247,ミクニ,東Ｓ
自動車部材・部品,モビリティ,7254,ユニバンス,東Ｓ
自動車部材・部品,モビリティ,7255,桜井製,東Ｓ
自動車部材・部品,モビリティ,7256,河西工,東Ｓ
自動車部材・部品,モビリティ,7259,アイシン,東Ｐ
自動車部材・部品,モビリティ,7264,ＭＵＲＯ,東Ｓ
自動車部材・部品,モビリティ,7265,エイケン工業,東Ｓ
自動車部材・部品,モビリティ,7266,今仙電機,東Ｓ
自動車部材・部品,モビリティ,7271,安永,東Ｓ
自動車部材・部品,モビリティ,7273,イクヨ,東Ｓ
自動車部材・部品,モビリティ,7276,小糸製,東Ｐ
自動車部材・部品,モビリティ,7277,ＴＢＫ,東Ｓ
自動車部材・部品,モビリティ,7278,エクセディ,東Ｐ
自動車部材・部品,モビリティ,7279,ハイレックス,東Ｓ
自動車部材・部品,モビリティ,7280,ミツバ,東Ｐ
自動車部材・部品,モビリティ,7282,豊田合,東Ｐ
自動車部材・部品,モビリティ,7283,愛三工,東Ｐ
自動車部材・部品,モビリティ,7284,盟和産,東Ｓ
自動車部材・部品,モビリティ,7287,日精機,東Ｓ
自動車部材・部品,モビリティ,7291,日本プラスト,東Ｓ
自動車部材・部品,モビリティ,7292,村上開明,東Ｓ
自動車部材・部品,モビリティ,7294,ヨロズ,東Ｐ
自動車部材・部品,モビリティ,7296,ＦＣＣ,東Ｐ
自動車部材・部品,モビリティ,7299,フジオーゼ,東Ｓ
自動車部材・部品,モビリティ,7313,ＴＳテック,東Ｐ
自動車部材・部品,モビリティ,7318,セレンＨＤ,東Ｇ
自動車部材・部品,モビリティ,7466,ＳＰＫ,東Ｐ
自動車部材・部品,モビリティ,7485,岡谷鋼機,名Ｐ
自動車部材・部品,モビリティ,7551,ウェッズ,東Ｓ
自動車部材・部品,モビリティ,7613,シークス,東Ｐ
自動車部材・部品,モビリティ,7628,オーハシテク,東Ｐ
自動車部材・部品,モビリティ,7670,オーウエル,東Ｓ
自動車部材・部品,モビリティ,7699,オムニプラス,東Ｇ
自動車部材・部品,モビリティ,7715,長野計器,東Ｐ
自動車部材・部品,モビリティ,7726,黒田精,東Ｓ
自動車部材・部品,モビリティ,7740,タムロン,東Ｐ
自動車部材・部品,モビリティ,7744,ノーリツ鋼機,東Ｐ
自動車部材・部品,モビリティ,7746,岡本硝子,東Ｓ
自動車部材・部品,モビリティ,7762,シチズン,東Ｐ
自動車部材・部品,モビリティ,7769,リズム,東Ｐ
自動車部材・部品,モビリティ,7821,前田工繊,東Ｐ
自動車部材・部品,モビリティ,7841,遠藤製作所,東Ｓ
自動車部材・部品,モビリティ,7871,フクビ,東Ｓ
自動車部材・部品,モビリティ,7888,三光合成,東Ｐ
自動車部材・部品,モビリティ,7927,ムトー精工,東Ｓ
自動車部材・部品,モビリティ,7928,旭化学,東Ｓ
自動車部材・部品,モビリティ,7932,ニッピ,東Ｓ
自動車部材・部品,モビリティ,7942,ＪＳＰ,東Ｐ
自動車部材・部品,モビリティ,7951,ヤマハ,東Ｐ
自動車部材・部品,モビリティ,7952,河合楽,東Ｐ
自動車部材・部品,モビリティ,7970,信越ポリ,東Ｐ
自動車部材・部品,モビリティ,7983,ミロク,東Ｓ
自動車部材・部品,モビリティ,7988,ニフコ,東Ｐ
自動車部材・部品,モビリティ,7995,バルカー,東Ｐ
自動車部材・部品,モビリティ,8012,長瀬産,東Ｐ
自動車部材・部品,モビリティ,8014,蝶理,東Ｐ
自動車部材・部品,モビリティ,8015,豊田通商,東Ｐ
自動車部材・部品,モビリティ,8020,兼松,東Ｐ
自動車部材・部品,モビリティ,8065,佐藤商,東Ｐ
自動車部材・部品,モビリティ,8075,神鋼商,東Ｐ
自動車部材・部品,モビリティ,8076,カノークス,東Ｓ
自動車部材・部品,モビリティ,8078,阪和興,東Ｐ
自動車部材・部品,モビリティ,8088,岩谷産,東Ｐ
自動車部材・部品,モビリティ,8098,稲畑産,東Ｐ
自動車部材・部品,モビリティ,8103,明和産,東Ｐ
自動車部材・部品,モビリティ,8117,中央自,東Ｓ
自動車部材・部品,モビリティ,8138,三京化,東Ｓ
自動車部材・部品,モビリティ,8141,新光商,東Ｐ
自動車部材・部品,モビリティ,8152,ソマール,東Ｓ
自動車部材・部品,モビリティ,8154,加賀電子,東Ｐ
自動車部材・部品,モビリティ,8285,三谷産業,東Ｓ
自動車部材・部品,モビリティ,9361,伏木運,東Ｓ
自動車部材・部品,モビリティ,9619,イチネンＨＤ,東Ｐ
自動車部材・部品,モビリティ,9837,モリト,東Ｐ
自動車部材・部品,モビリティ,9845,パーカー,東Ｓ
自動車部材・部品,モビリティ,9913,日邦産業,東Ｓ
自動車電子化,モビリティ,3089,Ｔアルファ,東Ｓ
自動車電子化,モビリティ,6470,大豊工業,東Ｓ
自動車電子化,モビリティ,6501,日立,東Ｐ
自動車電子化,モビリティ,6503,三菱電,東Ｐ
自動車電子化,モビリティ,6592,マブチ,東Ｐ
自動車電子化,モビリティ,6594,ニデック,東Ｐ
自動車電子化,モビリティ,6645,オムロン,東Ｐ
自動車電子化,モビリティ,6701,ＮＥＣ,東Ｐ
自動車電子化,モビリティ,6707,サンケン,東Ｐ
自動車電子化,モビリティ,6723,ルネサス,東Ｐ
自動車電子化,モビリティ,6752,パナＨＤ,東Ｐ
自動車電子化,モビリティ,6758,ソニーＧ,東Ｐ
自動車電子化,モビリティ,6762,ＴＤＫ,東Ｐ
自動車電子化,モビリティ,6769,ザイン,東Ｓ
自動車電子化,モビリティ,6770,アルプスアル,東Ｐ
自動車電子化,モビリティ,6798,ＳＭＫ,東Ｐ
自動車電子化,モビリティ,6902,デンソー,東Ｐ
自動車電子化,モビリティ,6923,スタンレー,東Ｐ
自動車電子化,モビリティ,6963,ローム,東Ｐ
自動車電子化,モビリティ,6966,三井ハイテク,東Ｐ
自動車電子化,モビリティ,6971,京セラ,東Ｐ
自動車電子化,モビリティ,6977,抵抗器,東Ｓ
自動車電子化,モビリティ,6981,村田製,東Ｐ
自動車電子化,モビリティ,6989,北電工,東Ｓ
自動車電子化,モビリティ,6995,東海理,東Ｐ
自動車電子化,モビリティ,6997,日ケミコン,東Ｐ
自動車電子化,モビリティ,6999,ＫＯＡ,東Ｐ
自動車電子化,モビリティ,7240,ＮＯＫ,東Ｐ
自動車電子化,モビリティ,7259,アイシン,東Ｐ
自動車電子化,モビリティ,7266,今仙電機,東Ｓ
自動車電子化,モビリティ,7276,小糸製,東Ｐ
自動車電子化,モビリティ,7282,豊田合,東Ｐ
自動車電子化,モビリティ,9432,ＮＴＴ,東Ｐ
自動車電子化,モビリティ,9651,日本プロセス,東Ｓ
自動運転車,モビリティ,2186,ソーバル,東Ｓ
自動運転車,モビリティ,2303,ドーン,東Ｓ
自動運転車,モビリティ,2317,システナ,東Ｐ
自動運転車,モビリティ,2359,コア,東Ｐ
自動運転車,モビリティ,2432,ディーエヌエ,東Ｐ
自動運転車,モビリティ,3040,ソリトン,東Ｐ
自動運転車,モビリティ,3132,マクニカＨＤ,東Ｐ
自動運転車,モビリティ,3156,レスター,東Ｐ
自動運転車,モビリティ,3407,旭化成,東Ｐ
自動運転車,モビリティ,3652,ＤＭＰ,東Ｇ
自動運転車,モビリティ,3653,モルフォ,東Ｇ
自動運転車,モビリティ,3676,デジハＨＤ,東Ｐ
自動運転車,モビリティ,3687,Ｆスターズ,東Ｐ
自動運転車,モビリティ,3710,ジョルダン,東Ｓ
自動運転車,モビリティ,3837,アドソル日進,東Ｐ
自動運転車,モビリティ,3905,データセク,東Ｇ
自動運転車,モビリティ,3916,ＤＩＴ,東Ｐ
自動運転車,モビリティ,3918,ＰＣＩＨＤ,東Ｓ
自動運転車,モビリティ,3937,Ｕｂｉｃｏｍ,東Ｓ
自動運転車,モビリティ,3992,ニーズウェル,東Ｐ
自動運転車,モビリティ,3993,パークシャ,東Ｐ
自動運転車,モビリティ,4052,フィーチャ,東Ｇ
自動運転車,モビリティ,4382,ＨＥＲＯＺ,東Ｓ
自動運転車,モビリティ,4394,エクスＭ,東Ｇ
自動運転車,モビリティ,4420,イーソル,東Ｓ
自動運転車,モビリティ,4425,Ｋｕｄａｎ,東Ｇ
自動運転車,モビリティ,4430,東海ソフト,東Ｓ
自動運転車,モビリティ,4440,ヴィッツ,東Ｓ
自動運転車,モビリティ,4667,アイサンテク,東Ｓ
自動運転車,モビリティ,4689,ラインヤフー,東Ｐ
自動運転車,モビリティ,5248,テクノロジー,東Ｇ
自動運転車,モビリティ,5482,愛知鋼,東Ｐ
自動運転車,モビリティ,5570,ジェノバ,東Ｇ
自動運転車,モビリティ,5802,住友電,東Ｐ
自動運転車,モビリティ,6301,コマツ,東Ｐ
自動運転車,モビリティ,6326,クボタ,東Ｐ
自動運転車,モビリティ,6473,ジェイテクト,東Ｐ
自動運転車,モビリティ,6479,ミネベア,東Ｐ
自動運転車,モビリティ,6501,日立,東Ｐ
自動運転車,モビリティ,6526,ソシオネクス,東Ｐ
自動運転車,モビリティ,6594,ニデック,東Ｐ
自動運転車,モビリティ,6597,ＨＰＣシス,東Ｇ
自動運転車,モビリティ,6599,エブレン,東Ｓ
自動運転車,モビリティ,6614,シキノＨＴ,東Ｓ
自動運転車,モビリティ,6629,Ｔホライゾン,東Ｓ
自動運転車,モビリティ,6632,ＪＶＣケンウ,東Ｐ
自動運転車,モビリティ,6701,ＮＥＣ,東Ｐ
自動運転車,モビリティ,6703,ＯＫＩ,東Ｐ
自動運転車,モビリティ,6723,ルネサス,東Ｐ
自動運転車,モビリティ,6752,パナＨＤ,東Ｐ
自動運転車,モビリティ,6753,シャープ,東Ｐ
自動運転車,モビリティ,6754,アンリツ,東Ｐ
自動運転車,モビリティ,6758,ソニーＧ,東Ｐ
自動運転車,モビリティ,6762,ＴＤＫ,東Ｐ
自動運転車,モビリティ,6770,アルプスアル,東Ｐ
自動運転車,モビリティ,6814,古野電,東Ｐ
自動運転車,モビリティ,6856,堀場製,東Ｐ
自動運転車,モビリティ,6862,ミナトＨＤ,東Ｓ
自動運転車,モビリティ,6902,デンソー,東Ｐ
自動運転車,モビリティ,6904,原田工業,東Ｓ
自動運転車,モビリティ,6908,イリソ電子,東Ｐ
自動運転車,モビリティ,6929,日セラ,東Ｐ
自動運転車,モビリティ,6965,ホトニクス,東Ｐ
自動運転車,モビリティ,6971,京セラ,東Ｐ
自動運転車,モビリティ,6981,村田製,東Ｐ
自動運転車,モビリティ,6988,日東電,東Ｐ
自動運転車,モビリティ,6989,北電工,東Ｓ
自動運転車,モビリティ,7046,ＴＤＳＥ,東Ｇ
自動運転車,モビリティ,7201,日産自,東Ｐ
自動運転車,モビリティ,7202,いすゞ,東Ｐ
自動運転車,モビリティ,7203,トヨタ,東Ｐ
自動運転車,モビリティ,7259,アイシン,東Ｐ
自動運転車,モビリティ,7261,マツダ,東Ｐ
自動運転車,モビリティ,7267,ホンダ,東Ｐ
自動運転車,モビリティ,7272,ヤマハ発,東Ｐ
自動運転車,モビリティ,7276,小糸製,東Ｐ
自動運転車,モビリティ,7731,ニコン,東Ｐ
自動運転車,モビリティ,7991,マミヤＯＰ,東Ｓ
自動運転車,モビリティ,8015,豊田通商,東Ｐ
自動運転車,モビリティ,8058,三菱商,東Ｐ
自動運転車,モビリティ,8151,東陽テク,東Ｐ
自動運転車,モビリティ,9081,神奈交,東Ｐ
自動運転車,モビリティ,9432,ＮＴＴ,東Ｐ
自動運転車,モビリティ,9434,ＳＢ,東Ｐ
自動運転車,モビリティ,9474,ゼンリン,東Ｐ
自動運転車,モビリティ,9651,日本プロセス,東Ｓ
自動運転車,モビリティ,9687,ＫＳＫ,東Ｓ
自動運転車,モビリティ,9908,Ｄｅｎｋｅｉ,東Ｓ
自動運転車,モビリティ,9984,ＳＢＧ,東Ｐ
蓄電池,モビリティ,1407,ウエストＨＤ,東Ｓ
蓄電池,モビリティ,1436,グリーンエナ,東Ｇ
蓄電池,モビリティ,1783,ファンタジス,東Ｓ
蓄電池,モビリティ,1925,大和ハウス,東Ｐ
蓄電池,モビリティ,1963,日揮ＨＤ,東Ｐ
蓄電池,モビリティ,2311,エプコ,東Ｓ
蓄電池,モビリティ,2489,アドウェイズ,東Ｓ
蓄電池,モビリティ,2982,ＡＤＷＧ,東Ｐ
蓄電池,モビリティ,3083,スターシーズ,東Ｓ
蓄電池,モビリティ,3113,ＵＮＩＶＡ,東Ｓ
蓄電池,モビリティ,3131,シンデンハイ,東Ｓ
蓄電池,モビリティ,3133,海帆,東Ｇ
蓄電池,モビリティ,3150,グリムス,東Ｐ
蓄電池,モビリティ,3719,ＡＩストーム,東Ｓ
蓄電池,モビリティ,3825,リミックス,東Ｓ
蓄電池,モビリティ,3863,日本紙,東Ｐ
蓄電池,モビリティ,3913,ＧｒｅｅｎＢ,東Ｓ
蓄電池,モビリティ,4471,三洋化,東Ｐ
蓄電池,モビリティ,5074,テスＨＤ,東Ｐ
蓄電池,モビリティ,5121,藤コンポ,東Ｐ
蓄電池,モビリティ,5582,グリッド,東Ｇ
蓄電池,モビリティ,5801,古河電,東Ｐ
蓄電池,モビリティ,5802,住友電,東Ｐ
蓄電池,モビリティ,6233,ＫＬＡＳＳ,東Ｓ
蓄電池,モビリティ,6301,コマツ,東Ｐ
蓄電池,モビリティ,6302,住友重,東Ｐ
蓄電池,モビリティ,6328,荏原実業,東Ｐ
蓄電池,モビリティ,6501,日立,東Ｐ
蓄電池,モビリティ,6508,明電舎,東Ｐ
蓄電池,モビリティ,6645,オムロン,東Ｐ
蓄電池,モビリティ,6653,正興電,東Ｐ
蓄電池,モビリティ,6674,ＧＳユアサ,東Ｐ
蓄電池,モビリティ,6699,ダイヤＨＤ,東Ｓ
蓄電池,モビリティ,6701,ＮＥＣ,東Ｐ
蓄電池,モビリティ,6748,星和電,東Ｓ
蓄電池,モビリティ,6752,パナＨＤ,東Ｐ
蓄電池,モビリティ,6753,シャープ,東Ｐ
蓄電池,モビリティ,6864,エヌエフＨＤ,東Ｓ
蓄電池,モビリティ,6955,ＦＤＫ,東Ｓ
蓄電池,モビリティ,6971,京セラ,東Ｐ
蓄電池,モビリティ,6996,ニチコン,東Ｐ
蓄電池,モビリティ,6997,日ケミコン,東Ｐ
蓄電池,モビリティ,7011,三菱重,東Ｐ
蓄電池,モビリティ,7012,川重,東Ｐ
蓄電池,モビリティ,7047,ポート,東Ｇ
蓄電池,モビリティ,7063,バードマン,東Ｇ
蓄電池,モビリティ,7087,ウイルテック,東Ｓ
蓄電池,モビリティ,7220,武蔵精密,東Ｐ
蓄電池,モビリティ,8001,伊藤忠,東Ｐ
蓄電池,モビリティ,8060,キヤノンＭＪ,東Ｐ
蓄電池,モビリティ,8070,東京産,東Ｐ
蓄電池,モビリティ,8439,東京センチュ,東Ｐ
蓄電池,モビリティ,9419,ワイヤレスＧ,東Ｓ
蓄電池,モビリティ,9434,ＳＢ,東Ｐ
蓄電池,モビリティ,9517,イーレックス,東Ｐ
蓄電池,モビリティ,9519,レノバ,東Ｐ
蓄電池,モビリティ,9831,ヤマダＨＤ,東Ｐ
蓄電池,モビリティ,9872,北恵,東Ｓ
軽自動車,モビリティ,7201,日産自,東Ｐ
軽自動車,モビリティ,7203,トヨタ,東Ｐ
軽自動車,モビリティ,7211,三菱自,東Ｐ
軽自動車,モビリティ,7261,マツダ,東Ｐ
軽自動車,モビリティ,7267,ホンダ,東Ｐ
軽自動車,モビリティ,7269,スズキ,東Ｐ
電気自動車充電器,モビリティ,1783,ファンタジス,東Ｓ
電気自動車充電器,モビリティ,3121,マーチャント,東Ｓ
電気自動車充電器,モビリティ,3719,ＡＩストーム,東Ｓ
電気自動車充電器,モビリティ,3777,環境フレンド,東Ｇ
電気自動車充電器,モビリティ,3913,ＧｒｅｅｎＢ,東Ｓ
電気自動車充電器,モビリティ,4169,エネチェンジ,東Ｇ
電気自動車充電器,モビリティ,5341,アサヒエイト,東Ｓ
電気自動車充電器,モビリティ,5821,平河ヒューテ,東Ｐ
電気自動車充電器,モビリティ,5986,モリテック,東Ｓ
電気自動車充電器,モビリティ,6371,椿本チ,東Ｐ
電気自動車充電器,モビリティ,6471,日精工,東Ｐ
電気自動車充電器,モビリティ,6505,東洋電,東Ｓ
電気自動車充電器,モビリティ,6506,安川電,東Ｐ
電気自動車充電器,モビリティ,6507,シンフォニア,東Ｐ
電気自動車充電器,モビリティ,6617,東光高岳,東Ｐ
電気自動車充電器,モビリティ,6622,ダイヘン,東Ｐ
電気自動車充電器,モビリティ,6651,日東工,東Ｐ
電気自動車充電器,モビリティ,6728,アルバック,東Ｐ
電気自動車充電器,モビリティ,6752,パナＨＤ,東Ｐ
電気自動車充電器,モビリティ,6762,ＴＤＫ,東Ｐ
電気自動車充電器,モビリティ,6844,新電元,東Ｐ
電気自動車充電器,モビリティ,6866,ＨＩＯＫＩ,東Ｐ
電気自動車充電器,モビリティ,6902,デンソー,東Ｐ
電気自動車充電器,モビリティ,6926,ＯＫＡＹＡ,東Ｓ
電気自動車充電器,モビリティ,6996,ニチコン,東Ｐ
電気自動車充電器,モビリティ,7013,ＩＨＩ,東Ｐ
電気自動車充電器,モビリティ,7087,ウイルテック,東Ｓ
電気自動車充電器,モビリティ,7201,日産自,東Ｐ
電気自動車充電器,モビリティ,7203,トヨタ,東Ｐ
電気自動車充電器,モビリティ,7211,三菱自,東Ｐ
電気自動車充電器,モビリティ,7267,ホンダ,東Ｐ
電気自動車充電器,モビリティ,7677,ヤシマキザイ,東Ｓ
電気自動車充電器,モビリティ,8151,東陽テク,東Ｐ
電気自動車関連,モビリティ,2432,ディーエヌエ,東Ｐ
電気自動車関連,モビリティ,2788,アップル,東Ｓ
電気自動車関連,モビリティ,3036,アルコニクス,東Ｐ
電気自動車関連,モビリティ,3407,旭化成,東Ｐ
電気自動車関連,モビリティ,3422,Ｊ－ＭＡＸ,東Ｓ
電気自動車関連,モビリティ,3861,王子ＨＤ,東Ｐ
電気自動車関連,モビリティ,3891,高度紙,東Ｓ
電気自動車関連,モビリティ,3907,シリコンスタ,東Ｓ
電気自動車関連,モビリティ,4005,住友化,東Ｐ
電気自動車関連,モビリティ,4047,関電化,東Ｐ
電気自動車関連,モビリティ,4062,イビデン,東Ｐ
電気自動車関連,モビリティ,4100,戸田工,東Ｓ
電気自動車関連,モビリティ,4169,エネチェンジ,東Ｇ
電気自動車関連,モビリティ,4188,三菱ケミＧ,東Ｐ
電気自動車関連,モビリティ,4208,ＵＢＥ,東Ｐ
電気自動車関連,モビリティ,4221,大倉工,東Ｐ
電気自動車関連,モビリティ,4360,ＭＣＰｓ,東Ｓ
電気自動車関連,モビリティ,4394,エクスＭ,東Ｇ
電気自動車関連,モビリティ,4634,ａｒｔｉｅｎ,東Ｐ
電気自動車関連,モビリティ,5019,出光興産,東Ｐ
電気自動車関連,モビリティ,5020,ＥＮＥＯＳ,東Ｐ
電気自動車関連,モビリティ,5232,住友大阪,東Ｐ
電気自動車関連,モビリティ,5334,特殊陶,東Ｐ
電気自動車関連,モビリティ,5411,ＪＦＥ,東Ｐ
電気自動車関連,モビリティ,5471,大同特鋼,東Ｐ
電気自動車関連,モビリティ,5563,新日本電工,東Ｐ
電気自動車関連,モビリティ,5704,ＪＭＣ,東Ｓ
電気自動車関連,モビリティ,5711,三菱マ,東Ｐ
電気自動車関連,モビリティ,5741,ＵＡＣＪ,東Ｐ
電気自動車関連,モビリティ,5802,住友電,東Ｐ
電気自動車関連,モビリティ,5805,ＳＷＣＣ,東Ｐ
電気自動車関連,モビリティ,5820,三ッ星,東Ｓ
電気自動車関連,モビリティ,5851,リョービ,東Ｐ
電気自動車関連,モビリティ,5932,三協立山,東Ｐ
電気自動車関連,モビリティ,5952,アマテイ,東Ｓ
電気自動車関連,モビリティ,5975,東プレ,東Ｐ
電気自動車関連,モビリティ,5985,サンコール,東Ｓ
電気自動車関連,モビリティ,5992,中発条,東Ｓ
電気自動車関連,モビリティ,6113,アマダ,東Ｐ
電気自動車関連,モビリティ,6118,アイダ,東Ｐ
電気自動車関連,モビリティ,6125,岡本工,東Ｓ
電気自動車関連,モビリティ,6145,ＮＩＴＴＯＫ,東Ｓ
電気自動車関連,モビリティ,6149,小田原エンジ,東Ｓ
電気自動車関連,モビリティ,6245,ヒラノテク,東Ｓ
電気自動車関連,モビリティ,6258,平田機工,東Ｐ
電気自動車関連,モビリティ,6292,カワタ,東Ｓ
電気自動車関連,モビリティ,6339,新東工,東Ｐ
電気自動車関連,モビリティ,6444,サンデン,東Ｓ
電気自動車関連,モビリティ,6463,ＴＰＲ,東Ｐ
電気自動車関連,モビリティ,6464,ツバキナカ,東Ｐ
電気自動車関連,モビリティ,6471,日精工,東Ｐ
電気自動車関連,モビリティ,6472,ＮＴＮ,東Ｐ
電気自動車関連,モビリティ,6481,ＴＨＫ,東Ｐ
電気自動車関連,モビリティ,6504,富士電機,東Ｐ
電気自動車関連,モビリティ,6506,安川電,東Ｐ
電気自動車関連,モビリティ,6507,シンフォニア,東Ｐ
電気自動車関連,モビリティ,6508,明電舎,東Ｐ
電気自動車関連,モビリティ,6524,湖北工業,東Ｓ
電気自動車関連,モビリティ,6584,三桜工,東Ｐ
電気自動車関連,モビリティ,6594,ニデック,東Ｐ
電気自動車関連,モビリティ,6615,ＵＭＣエレ,東Ｓ
電気自動車関連,モビリティ,6617,東光高岳,東Ｐ
電気自動車関連,モビリティ,6619,ＷＳＣＯＰＥ,東Ｐ
電気自動車関連,モビリティ,6622,ダイヘン,東Ｐ
電気自動車関連,モビリティ,6626,ＳＥＭＴＥＣ,東Ｓ
電気自動車関連,モビリティ,6656,インスペック,東Ｓ
電気自動車関連,モビリティ,6674,ＧＳユアサ,東Ｐ
電気自動車関連,モビリティ,6699,ダイヤＨＤ,東Ｓ
電気自動車関連,モビリティ,6701,ＮＥＣ,東Ｐ
電気自動車関連,モビリティ,6707,サンケン,東Ｐ
電気自動車関連,モビリティ,6723,ルネサス,東Ｐ
電気自動車関連,モビリティ,6752,パナＨＤ,東Ｐ
電気自動車関連,モビリティ,6758,ソニーＧ,東Ｐ
電気自動車関連,モビリティ,6762,ＴＤＫ,東Ｐ
電気自動車関連,モビリティ,6769,ザイン,東Ｓ
電気自動車関連,モビリティ,6787,メイコー,東Ｐ
電気自動車関連,モビリティ,6803,ティアック,東Ｓ
電気自動車関連,モビリティ,6817,スミダコーポ,東Ｐ
電気自動車関連,モビリティ,6844,新電元,東Ｐ
電気自動車関連,モビリティ,6846,中央製,名Ｍ
電気自動車関連,モビリティ,6856,堀場製,東Ｐ
電気自動車関連,モビリティ,6866,ＨＩＯＫＩ,東Ｐ
電気自動車関連,モビリティ,6874,協立電機,東Ｓ
電気自動車関連,モビリティ,6882,三社電機,東Ｓ
電気自動車関連,モビリティ,6898,トミタ電機,東Ｓ
電気自動車関連,モビリティ,6899,ＡＳＴＩ,東Ｓ
電気自動車関連,モビリティ,6902,デンソー,東Ｐ
電気自動車関連,モビリティ,6912,菊水ＨＤ,東Ｓ
電気自動車関連,モビリティ,6926,ＯＫＡＹＡ,東Ｓ
電気自動車関連,モビリティ,6929,日セラ,東Ｐ
電気自動車関連,モビリティ,6963,ローム,東Ｐ
電気自動車関連,モビリティ,6966,三井ハイテク,東Ｐ
電気自動車関連,モビリティ,6969,松尾電,東Ｓ
電気自動車関連,モビリティ,6981,村田製,東Ｐ
電気自動車関連,モビリティ,6994,指月電,東Ｓ
電気自動車関連,モビリティ,6996,ニチコン,東Ｐ
電気自動車関連,モビリティ,7201,日産自,東Ｐ
電気自動車関連,モビリティ,7203,トヨタ,東Ｐ
電気自動車関連,モビリティ,7208,カネミツ,東Ｓ
電気自動車関連,モビリティ,7211,三菱自,東Ｐ
電気自動車関連,モビリティ,7219,ＨＫＳ,東Ｓ
電気自動車関連,モビリティ,7220,武蔵精密,東Ｐ
電気自動車関連,モビリティ,7226,極東開発,東Ｐ
電気自動車関連,モビリティ,7236,ティラド,東Ｐ
電気自動車関連,モビリティ,7245,大同メ,東Ｐ
電気自動車関連,モビリティ,7247,ミクニ,東Ｓ
電気自動車関連,モビリティ,7254,ユニバンス,東Ｓ
電気自動車関連,モビリティ,7259,アイシン,東Ｐ
電気自動車関連,モビリティ,7264,ＭＵＲＯ,東Ｓ
電気自動車関連,モビリティ,7267,ホンダ,東Ｐ
電気自動車関連,モビリティ,7269,スズキ,東Ｐ
電気自動車関連,モビリティ,7270,ＳＵＢＡＲＵ,東Ｐ
電気自動車関連,モビリティ,7273,イクヨ,東Ｓ
電気自動車関連,モビリティ,7277,ＴＢＫ,東Ｓ
電気自動車関連,モビリティ,7278,エクセディ,東Ｐ
電気自動車関連,モビリティ,7283,愛三工,東Ｐ
電気自動車関連,モビリティ,7320,Ｓｏｌｖｖｙ,東Ｇ
電気自動車関連,モビリティ,7715,長野計器,東Ｐ
電気自動車関連,モビリティ,7726,黒田精,東Ｓ
電気自動車関連,モビリティ,7760,ＩＭＶ,東Ｓ
電気自動車関連,モビリティ,8001,伊藤忠,東Ｐ
電気自動車関連,モビリティ,8002,丸紅,東Ｐ
電気自動車関連,モビリティ,8020,兼松,東Ｐ
電気自動車関連,モビリティ,8031,三井物,東Ｐ
電気自動車関連,モビリティ,8056,ビプロジー,東Ｐ
電気自動車関連,モビリティ,8058,三菱商,東Ｐ
電気自動車関連,モビリティ,8070,東京産,東Ｐ
電気自動車関連,モビリティ,8151,東陽テク,東Ｐ
電気自動車関連,モビリティ,8152,ソマール,東Ｓ
電気自動車関連,モビリティ,9165,クオルテック,東Ｇ
電気自動車関連,モビリティ,9432,ＮＴＴ,東Ｐ
電気自動車関連,モビリティ,9501,東電ＨＤ,東Ｐ
電気自動車関連,モビリティ,9831,ヤマダＨＤ,東Ｐ
電気自動車関連,モビリティ,9908,Ｄｅｎｋｅｉ,東Ｓ
電池関連,モビリティ,3433,トーカロ,東Ｐ
電池関連,モビリティ,5216,倉元,東Ｓ
電池関連,モビリティ,5802,住友電,東Ｐ
電池関連,モビリティ,6501,日立,東Ｐ
電池関連,モビリティ,6674,ＧＳユアサ,東Ｐ
電池関連,モビリティ,6750,エレコム,東Ｐ
電池関連,モビリティ,6752,パナＨＤ,東Ｐ
電池関連,モビリティ,6859,エスペック,東Ｐ
電池関連,モビリティ,6915,千代田インテ,東Ｓ
電池関連,モビリティ,6955,ＦＤＫ,東Ｓ
電池関連,モビリティ,7320,Ｓｏｌｖｖｙ,東Ｇ
電池関連,モビリティ,7995,バルカー,東Ｐ
3Dプリンター,ロボット・FA・機械,1431,リブワーク,東Ｇ
3Dプリンター,ロボット・FA・機械,3103,ユニチカ,東Ｓ
3Dプリンター,ロボット・FA・機械,3401,帝人,東Ｐ
3Dプリンター,ロボット・FA・機械,3402,東レ,東Ｐ
3Dプリンター,ロボット・FA・機械,4229,群栄化,東Ｐ
3Dプリンター,ロボット・FA・機械,4240,クラスター,東Ｓ
3Dプリンター,ロボット・FA・機械,4401,ＡＤＥＫＡ,東Ｐ
3Dプリンター,ロボット・FA・機械,4631,ＤＩＣ,東Ｐ
3Dプリンター,ロボット・FA・機械,4635,東インキ,東Ｓ
3Dプリンター,ロボット・FA・機械,4892,サイフューズ,東Ｇ
3Dプリンター,ロボット・FA・機械,5471,大同特鋼,東Ｐ
3Dプリンター,ロボット・FA・機械,5603,虹技,東Ｓ
3Dプリンター,ロボット・FA・機械,5609,日鋳造,東Ｓ
3Dプリンター,ロボット・FA・機械,5704,ＪＭＣ,東Ｓ
3Dプリンター,ロボット・FA・機械,5801,古河電,東Ｐ
3Dプリンター,ロボット・FA・機械,5871,ＳＯＬＩＺＥ,東Ｓ
3Dプリンター,ロボット・FA・機械,6091,ウエスコＨＤ,東Ｓ
3Dプリンター,ロボット・FA・機械,6104,芝浦機,東Ｐ
3Dプリンター,ロボット・FA・機械,6141,ＤＭＧ森精機,東Ｐ
3Dプリンター,ロボット・FA・機械,6142,富士精,名Ｍ
3Dプリンター,ロボット・FA・機械,6143,ソディック,東Ｐ
3Dプリンター,ロボット・FA・機械,6268,ナブテスコ,東Ｐ
3Dプリンター,ロボット・FA・機械,6301,コマツ,東Ｐ
3Dプリンター,ロボット・FA・機械,6339,新東工,東Ｐ
3Dプリンター,ロボット・FA・機械,6340,渋谷工,東Ｐ
3Dプリンター,ロボット・FA・機械,6433,ヒーハイスト,東Ｓ
3Dプリンター,ロボット・FA・機械,6503,三菱電,東Ｐ
3Dプリンター,ロボット・FA・機械,6622,ダイヘン,東Ｐ
3Dプリンター,ロボット・FA・機械,6633,ＣＧＳＨＤ,東Ｓ
3Dプリンター,ロボット・FA・機械,6638,ミマキエンジ,東Ｐ
3Dプリンター,ロボット・FA・機械,6724,エプソン,東Ｐ
3Dプリンター,ロボット・FA・機械,6752,パナＨＤ,東Ｐ
3Dプリンター,ロボット・FA・機械,6777,ｓａｎｔｅｃ,東Ｓ
3Dプリンター,ロボット・FA・機械,6861,キーエンス,東Ｐ
3Dプリンター,ロボット・FA・機械,6869,シスメックス,東Ｐ
3Dプリンター,ロボット・FA・機械,6894,パルステック,東Ｓ
3Dプリンター,ロボット・FA・機械,6947,図研,東Ｐ
3Dプリンター,ロボット・FA・機械,6951,日電子,東Ｐ
3Dプリンター,ロボット・FA・機械,7011,三菱重,東Ｐ
3Dプリンター,ロボット・FA・機械,7012,川重,東Ｐ
3Dプリンター,ロボット・FA・機械,7013,ＩＨＩ,東Ｐ
3Dプリンター,ロボット・FA・機械,7201,日産自,東Ｐ
3Dプリンター,ロボット・FA・機械,7220,武蔵精密,東Ｐ
3Dプリンター,ロボット・FA・機械,7267,ホンダ,東Ｐ
3Dプリンター,ロボット・FA・機械,7409,エアロエッジ,東Ｇ
3Dプリンター,ロボット・FA・機械,7637,白銅,東Ｐ
3Dプリンター,ロボット・FA・機械,7731,ニコン,東Ｐ
3Dプリンター,ロボット・FA・機械,7741,ＨＯＹＡ,東Ｐ
3Dプリンター,ロボット・FA・機械,7751,キヤノン,東Ｐ
3Dプリンター,ロボット・FA・機械,7752,リコー,東Ｐ
3Dプリンター,ロボット・FA・機械,7804,Ｂ＆Ｐ,東Ｓ
3Dプリンター,ロボット・FA・機械,7814,日本創発Ｇ,東Ｓ
3Dプリンター,ロボット・FA・機械,7888,三光合成,東Ｐ
3Dプリンター,ロボット・FA・機械,7908,ＫＩＭＯＴＯ,東Ｓ
3Dプリンター,ロボット・FA・機械,8002,丸紅,東Ｐ
3Dプリンター,ロボット・FA・機械,8060,キヤノンＭＪ,東Ｐ
3Dプリンター,ロボット・FA・機械,8226,理経,東Ｓ
3Dプリンター,ロボット・FA・機械,9340,アソインター,東Ｓ
3Dプリンター,ロボット・FA・機械,9831,ヤマダＨＤ,東Ｐ
3Dプリンター,ロボット・FA・機械,9889,ＪＢＣＣＨＤ,東Ｐ
3Dプリンター,ロボット・FA・機械,9972,アルテック,東Ｓ
FA関連,ロボット・FA・機械,1961,三機工,東Ｐ
FA関連,ロボット・FA・機械,2169,ＣＤＳ,東Ｓ
FA関連,ロボット・FA・機械,2354,ＹＥデジタル,東Ｓ
FA関連,ロボット・FA・機械,3388,明治電機工業,東Ｐ
FA関連,ロボット・FA・機械,3443,川田テク,東Ｐ
FA関連,ロボット・FA・機械,3652,ＤＭＰ,東Ｇ
FA関連,ロボット・FA・機械,3653,モルフォ,東Ｇ
FA関連,ロボット・FA・機械,4237,フジプレアム,東Ｓ
FA関連,ロボット・FA・機械,4392,ＦＩＧ,東Ｐ
FA関連,ロボット・FA・機械,4430,東海ソフト,東Ｓ
FA関連,ロボット・FA・機械,5406,神戸鋼,東Ｐ
FA関連,ロボット・FA・機械,5704,ＪＭＣ,東Ｓ
FA関連,ロボット・FA・機械,5742,ＮＩＣ,東Ｓ
FA関連,ロボット・FA・機械,6103,オークマ,東Ｐ
FA関連,ロボット・FA・機械,6104,芝浦機,東Ｐ
FA関連,ロボット・FA・機械,6134,ＦＵＪＩ,東Ｐ
FA関連,ロボット・FA・機械,6135,牧野フ,東Ｐ
FA関連,ロボット・FA・機械,6141,ＤＭＧ森精機,東Ｐ
FA関連,ロボット・FA・機械,6143,ソディック,東Ｐ
FA関連,ロボット・FA・機械,6144,西部電機,東Ｓ
FA関連,ロボット・FA・機械,6145,ＮＩＴＴＯＫ,東Ｓ
FA関連,ロボット・FA・機械,6155,高松機械,東Ｓ
FA関連,ロボット・FA・機械,6159,ミクロン,東Ｓ
FA関連,ロボット・FA・機械,6233,ＫＬＡＳＳ,東Ｓ
FA関連,ロボット・FA・機械,6255,エヌピーシー,東Ｇ
FA関連,ロボット・FA・機械,6258,平田機工,東Ｐ
FA関連,ロボット・FA・機械,6266,タツモ,東Ｐ
FA関連,ロボット・FA・機械,6273,ＳＭＣ,東Ｐ
FA関連,ロボット・FA・機械,6286,静甲,東Ｓ
FA関連,ロボット・FA・機械,6301,コマツ,東Ｐ
FA関連,ロボット・FA・機械,6302,住友重,東Ｐ
FA関連,ロボット・FA・機械,6305,日立建機,東Ｐ
FA関連,ロボット・FA・機械,6323,ローツェ,東Ｐ
FA関連,ロボット・FA・機械,6324,ハーモニック,東Ｐ
FA関連,ロボット・FA・機械,6327,北川精機,東Ｓ
FA関連,ロボット・FA・機械,6335,東京機,東Ｓ
FA関連,ロボット・FA・機械,6369,トヨカネツ,東Ｐ
FA関連,ロボット・FA・機械,6371,椿本チ,東Ｐ
FA関連,ロボット・FA・機械,6380,オリチェン,東Ｓ
FA関連,ロボット・FA・機械,6383,ダイフク,東Ｐ
FA関連,ロボット・FA・機械,6440,ＪＵＫＩ,東Ｐ
FA関連,ロボット・FA・機械,6448,ブラザー,東Ｐ
FA関連,ロボット・FA・機械,6471,日精工,東Ｐ
FA関連,ロボット・FA・機械,6474,不二越,東Ｐ
FA関連,ロボット・FA・機械,6480,トムソン,東Ｐ
FA関連,ロボット・FA・機械,6481,ＴＨＫ,東Ｐ
FA関連,ロボット・FA・機械,6482,ＹＵＳＨＩＮ,東Ｓ
FA関連,ロボット・FA・機械,6503,三菱電,東Ｐ
FA関連,ロボット・FA・機械,6504,富士電機,東Ｐ
FA関連,ロボット・FA・機械,6505,東洋電,東Ｓ
FA関連,ロボット・FA・機械,6506,安川電,東Ｐ
FA関連,ロボット・FA・機械,6507,シンフォニア,東Ｐ
FA関連,ロボット・FA・機械,6508,明電舎,東Ｐ
FA関連,ロボット・FA・機械,6516,山洋電,東Ｐ
FA関連,ロボット・FA・機械,6594,ニデック,東Ｐ
FA関連,ロボット・FA・機械,6599,エブレン,東Ｓ
FA関連,ロボット・FA・機械,6622,ダイヘン,東Ｐ
FA関連,ロボット・FA・機械,6629,Ｔホライゾン,東Ｓ
FA関連,ロボット・FA・機械,6638,ミマキエンジ,東Ｐ
FA関連,ロボット・FA・機械,6645,オムロン,東Ｐ
FA関連,ロボット・FA・機械,6652,ＩＤＥＣ,東Ｐ
FA関連,ロボット・FA・機械,6655,東洋電機,名Ｍ
FA関連,ロボット・FA・機械,6723,ルネサス,東Ｐ
FA関連,ロボット・FA・機械,6752,パナＨＤ,東Ｐ
FA関連,ロボット・FA・機械,6785,鈴木,東Ｐ
FA関連,ロボット・FA・機械,6841,横河電,東Ｐ
FA関連,ロボット・FA・機械,6861,キーエンス,東Ｐ
FA関連,ロボット・FA・機械,6874,協立電機,東Ｓ
FA関連,ロボット・FA・機械,6914,オプテクスＧ,東Ｐ
FA関連,ロボット・FA・機械,6954,ファナック,東Ｐ
FA関連,ロボット・FA・機械,7011,三菱重,東Ｐ
FA関連,ロボット・FA・機械,7012,川重,東Ｐ
FA関連,ロボット・FA・機械,7128,ユニソルＨＤ,東Ｐ
FA関連,ロボット・FA・機械,7218,田中精密,東Ｓ
FA関連,ロボット・FA・機械,7227,アスカ,名Ｍ
FA関連,ロボット・FA・機械,7271,安永,東Ｓ
FA関連,ロボット・FA・機械,7272,ヤマハ発,東Ｐ
FA関連,ロボット・FA・機械,7299,フジオーゼ,東Ｓ
FA関連,ロボット・FA・機械,7318,セレンＨＤ,東Ｇ
FA関連,ロボット・FA・機械,7417,南陽,東Ｓ
FA関連,ロボット・FA・機械,7435,ナ・デックス,東Ｓ
FA関連,ロボット・FA・機械,7472,鳥羽洋行,東Ｓ
FA関連,ロボット・FA・機械,7480,スズデン,東Ｓ
FA関連,ロボット・FA・機械,7485,岡谷鋼機,名Ｐ
FA関連,ロボット・FA・機械,7510,たけびし,東Ｐ
FA関連,ロボット・FA・機械,7565,万世電機,東Ｓ
FA関連,ロボット・FA・機械,7607,進和,東Ｐ
FA関連,ロボット・FA・機械,7725,インターアク,東Ｐ
FA関連,ロボット・FA・機械,7740,タムロン,東Ｐ
FA関連,ロボット・FA・機械,7751,キヤノン,東Ｐ
FA関連,ロボット・FA・機械,7752,リコー,東Ｐ
FA関連,ロボット・FA・機械,7762,シチズン,東Ｐ
FA関連,ロボット・FA・機械,7951,ヤマハ,東Ｐ
FA関連,ロボット・FA・機械,8052,椿本興,東Ｐ
FA関連,ロボット・FA・機械,8071,東海エレ,名Ｍ
FA関連,ロボット・FA・機械,8081,カナデン,東Ｐ
FA関連,ロボット・FA・機械,8084,ＲＹＯＤＥＮ,東Ｐ
FA関連,ロボット・FA・機械,8085,ナラサキ,東Ｓ
FA関連,ロボット・FA・機械,8088,岩谷産,東Ｐ
FA関連,ロボット・FA・機械,8137,サンワテク,東Ｐ
FA関連,ロボット・FA・機械,8147,トミタ,東Ｓ
FA関連,ロボット・FA・機械,8159,立花エレ,東Ｐ
FA関連,ロボット・FA・機械,9824,泉州電,東Ｐ
FA関連,ロボット・FA・機械,9857,英和,東Ｓ
FA関連,ロボット・FA・機械,9902,日伝,東Ｐ
FA関連,ロボット・FA・機械,9914,植松商会,名Ｍ
FA関連,ロボット・FA・機械,9934,因幡電産,東Ｐ
FA関連,ロボット・FA・機械,9962,ミスミＧ,東Ｐ
PFAS対策,ロボット・FA・機械,1833,奥村組,東Ｐ
PFAS対策,ロボット・FA・機械,3036,アルコニクス,東Ｐ
PFAS対策,ロボット・FA・機械,3405,クラレ,東Ｐ
PFAS対策,ロボット・FA・機械,3861,王子ＨＤ,東Ｐ
PFAS対策,ロボット・FA・機械,4004,レゾナック,東Ｐ
PFAS対策,ロボット・FA・機械,4044,セ硝子,東Ｐ
PFAS対策,ロボット・FA・機械,4094,日化産,東Ｓ
PFAS対策,ロボット・FA・機械,4188,三菱ケミＧ,東Ｐ
PFAS対策,ロボット・FA・機械,4203,住友ベ,東Ｐ
PFAS対策,ロボット・FA・機械,4461,一工薬,東Ｐ
PFAS対策,ロボット・FA・機械,4657,環境管理,東Ｓ
PFAS対策,ロボット・FA・機械,4885,室町ケミカル,東Ｓ
PFAS対策,ロボット・FA・機械,4935,リベルタ,東Ｓ
PFAS対策,ロボット・FA・機械,5331,ノリタケ,東Ｐ
PFAS対策,ロボット・FA・機械,5957,日東精,東Ｐ
PFAS対策,ロボット・FA・機械,6005,三浦工,東Ｐ
PFAS対策,ロボット・FA・機械,6326,クボタ,東Ｐ
PFAS対策,ロボット・FA・機械,6368,オルガノ,東Ｐ
PFAS対策,ロボット・FA・機械,6744,能美防災,東Ｐ
PFAS対策,ロボット・FA・機械,6925,ウシオ電,東Ｐ
PFAS対策,ロボット・FA・機械,6955,ＦＤＫ,東Ｓ
PFAS対策,ロボット・FA・機械,7701,島津,東Ｐ
PFAS対策,ロボット・FA・機械,9551,メタウォータ,東Ｐ
PFAS対策,ロボット・FA・機械,9755,応用地質,東Ｐ
インフラ点検ロボット,ロボット・FA・機械,1801,大成建,東Ｐ
インフラ点検ロボット,ロボット・FA・機械,1802,大林組,東Ｐ
インフラ点検ロボット,ロボット・FA・機械,1925,大和ハウス,東Ｐ
インフラ点検ロボット,ロボット・FA・機械,4204,積水化,東Ｐ
インフラ点検ロボット,ロボット・FA・機械,5597,ブルーイノベ,東Ｇ
インフラ点検ロボット,ロボット・FA・機械,6232,ＡＣＳＬ,東Ｇ
インフラ点検ロボット,ロボット・FA・機械,6503,三菱電,東Ｐ
インフラ点検ロボット,ロボット・FA・機械,6653,正興電,東Ｐ
インフラ点検ロボット,ロボット・FA・機械,6701,ＮＥＣ,東Ｐ
インフラ点検ロボット,ロボット・FA・機械,7003,三井Ｅ＆Ｓ,東Ｐ
インフラ点検ロボット,ロボット・FA・機械,7231,トピー,東Ｐ
インフラ点検ロボット,ロボット・FA・機械,7525,リックス,東Ｐ
インフラ点検ロボット,ロボット・FA・機械,8061,西華産,東Ｐ
インホイールモーター,ロボット・FA・機械,6471,日精工,東Ｐ
インホイールモーター,ロボット・FA・機械,6472,ＮＴＮ,東Ｐ
インホイールモーター,ロボット・FA・機械,6505,東洋電,東Ｓ
インホイールモーター,ロボット・FA・機械,6507,シンフォニア,東Ｐ
インホイールモーター,ロボット・FA・機械,6508,明電舎,東Ｐ
インホイールモーター,ロボット・FA・機械,6902,デンソー,東Ｐ
インホイールモーター,ロボット・FA・機械,7201,日産自,東Ｐ
インホイールモーター,ロボット・FA・機械,7211,三菱自,東Ｐ
インホイールモーター,ロボット・FA・機械,7280,ミツバ,東Ｐ
サービスロボット,ロボット・FA・機械,1801,大成建,東Ｐ
サービスロボット,ロボット・FA・機械,1925,大和ハウス,東Ｐ
サービスロボット,ロボット・FA・機械,2173,博展,東Ｇ
サービスロボット,ロボット・FA・機械,2321,ソフトフロン,東Ｇ
サービスロボット,ロボット・FA・機械,2331,ＡＬＳＯＫ,東Ｐ
サービスロボット,ロボット・FA・機械,3443,川田テク,東Ｐ
サービスロボット,ロボット・FA・機械,3444,菊池製作,東Ｓ
サービスロボット,ロボット・FA・機械,3741,セック,東Ｐ
サービスロボット,ロボット・FA・機械,3934,ベネフィＪ,東Ｓ
サービスロボット,ロボット・FA・機械,4284,ソルクシーズ,東Ｓ
サービスロボット,ロボット・FA・機械,4379,フォトシンス,東Ｇ
サービスロボット,ロボット・FA・機械,4388,エーアイ,東Ｓ
サービスロボット,ロボット・FA・機械,4826,ＣＩＪ,東Ｐ
サービスロボット,ロボット・FA・機械,6268,ナブテスコ,東Ｐ
サービスロボット,ロボット・FA・機械,6273,ＳＭＣ,東Ｐ
サービスロボット,ロボット・FA・機械,6324,ハーモニック,東Ｐ
サービスロボット,ロボット・FA・機械,6357,三精テクノロ,東Ｓ
サービスロボット,ロボット・FA・機械,6405,鈴茂器工,東Ｓ
サービスロボット,ロボット・FA・機械,6407,ＣＫＤ,東Ｐ
サービスロボット,ロボット・FA・機械,6433,ヒーハイスト,東Ｓ
サービスロボット,ロボット・FA・機械,6482,ＹＵＳＨＩＮ,東Ｓ
サービスロボット,ロボット・FA・機械,6501,日立,東Ｐ
サービスロボット,ロボット・FA・機械,6506,安川電,東Ｐ
サービスロボット,ロボット・FA・機械,6629,Ｔホライゾン,東Ｓ
サービスロボット,ロボット・FA・機械,6658,シライ電子,東Ｓ
サービスロボット,ロボット・FA・機械,6696,トラースＯＰ,東Ｇ
サービスロボット,ロボット・FA・機械,6741,日本信号,東Ｐ
サービスロボット,ロボット・FA・機械,6775,ＴＢグループ,東Ｓ
サービスロボット,ロボット・FA・機械,6861,キーエンス,東Ｐ
サービスロボット,ロボット・FA・機械,6954,ファナック,東Ｐ
サービスロボット,ロボット・FA・機械,7065,ｕｐｒ,東Ｓ
サービスロボット,ロボット・FA・機械,7259,アイシン,東Ｐ
サービスロボット,ロボット・FA・機械,7779,サイバダイン,東Ｇ
サービスロボット,ロボット・FA・機械,8136,サンリオ,東Ｐ
サービスロボット,ロボット・FA・機械,9735,セコム,東Ｐ
サービスロボット,ロボット・FA・機械,9740,ＣＳＰ,東Ｐ
サービスロボット,ロボット・FA・機械,9984,ＳＢＧ,東Ｐ
ドローン,ロボット・FA・機械,1417,ミライトワン,東Ｐ
ドローン,ロボット・FA・機械,1893,五洋建,東Ｐ
ドローン,ロボット・FA・機械,2303,ドーン,東Ｓ
ドローン,ロボット・FA・機械,2325,ＮＪＳ,東Ｐ
ドローン,ロボット・FA・機械,2327,ＮＳＳＯＬ,東Ｐ
ドローン,ロボット・FA・機械,2331,ＡＬＳＯＫ,東Ｐ
ドローン,ロボット・FA・機械,2667,イメージワン,東Ｓ
ドローン,ロボット・FA・機械,2784,アルフレッサ,東Ｐ
ドローン,ロボット・FA・機械,3156,レスター,東Ｐ
ドローン,ロボット・FA・機械,3402,東レ,東Ｐ
ドローン,ロボット・FA・機械,3443,川田テク,東Ｐ
ドローン,ロボット・FA・機械,3444,菊池製作,東Ｓ
ドローン,ロボット・FA・機械,3625,テックファム,東Ｇ
ドローン,ロボット・FA・機械,3652,ＤＭＰ,東Ｇ
ドローン,ロボット・FA・機械,3653,モルフォ,東Ｇ
ドローン,ロボット・FA・機械,3694,オプティム,東Ｐ
ドローン,ロボット・FA・機械,3905,データセク,東Ｇ
ドローン,ロボット・FA・機械,3962,チェンジＨＤ,東Ｐ
ドローン,ロボット・FA・機械,4016,ミット,東Ｓ
ドローン,ロボット・FA・機械,4068,ベイシス,東Ｇ
ドローン,ロボット・FA・機械,4205,ゼオン,東Ｐ
ドローン,ロボット・FA・機械,4272,日化薬,東Ｐ
ドローン,ロボット・FA・機械,4316,ビーマップ,東Ｇ
ドローン,ロボット・FA・機械,4345,ＣＴＳ,東Ｐ
ドローン,ロボット・FA・機械,4392,ＦＩＧ,東Ｐ
ドローン,ロボット・FA・機械,4425,Ｋｕｄａｎ,東Ｇ
ドローン,ロボット・FA・機械,4662,フォーカス,東Ｐ
ドローン,ロボット・FA・機械,4667,アイサンテク,東Ｓ
ドローン,ロボット・FA・機械,4755,楽天グループ,東Ｐ
ドローン,ロボット・FA・機械,4763,Ｃ＆Ｒ,東Ｐ
ドローン,ロボット・FA・機械,4814,ネクスウェア,東Ｓ
ドローン,ロボット・FA・機械,4829,日エンター,東Ｓ
ドローン,ロボット・FA・機械,5334,特殊陶,東Ｐ
ドローン,ロボット・FA・機械,5341,アサヒエイト,東Ｓ
ドローン,ロボット・FA・機械,5482,愛知鋼,東Ｐ
ドローン,ロボット・FA・機械,5530,日本ＳＢ,名Ｍ
ドローン,ロボット・FA・機械,5570,ジェノバ,東Ｇ
ドローン,ロボット・FA・機械,5597,ブルーイノベ,東Ｇ
ドローン,ロボット・FA・機械,6203,豊和工,東Ｓ
ドローン,ロボット・FA・機械,6232,ＡＣＳＬ,東Ｇ
ドローン,ロボット・FA・機械,6250,やまびこ,東Ｐ
ドローン,ロボット・FA・機械,6301,コマツ,東Ｐ
ドローン,ロボット・FA・機械,6326,クボタ,東Ｐ
ドローン,ロボット・FA・機械,6371,椿本チ,東Ｐ
ドローン,ロボット・FA・機械,6479,ミネベア,東Ｐ
ドローン,ロボット・FA・機械,6503,三菱電,東Ｐ
ドローン,ロボット・FA・機械,6701,ＮＥＣ,東Ｐ
ドローン,ロボット・FA・機械,6702,富士通,東Ｐ
ドローン,ロボット・FA・機械,6724,エプソン,東Ｐ
ドローン,ロボット・FA・機械,6754,アンリツ,東Ｐ
ドローン,ロボット・FA・機械,6758,ソニーＧ,東Ｐ
ドローン,ロボット・FA・機械,6769,ザイン,東Ｓ
ドローン,ロボット・FA・機械,6798,ＳＭＫ,東Ｐ
ドローン,ロボット・FA・機械,6800,ヨコオ,東Ｐ
ドローン,ロボット・FA・機械,6807,航空電子,東Ｐ
ドローン,ロボット・FA・機械,6810,マクセル,東Ｐ
ドローン,ロボット・FA・機械,6814,古野電,東Ｐ
ドローン,ロボット・FA・機械,6871,日本マイクロ,東Ｐ
ドローン,ロボット・FA・機械,6888,アクモス,東Ｓ
ドローン,ロボット・FA・機械,6902,デンソー,東Ｐ
ドローン,ロボット・FA・機械,6946,日本アビオ,東Ｓ
ドローン,ロボット・FA・機械,6981,村田製,東Ｐ
ドローン,ロボット・FA・機械,6986,双葉電,東Ｐ
ドローン,ロボット・FA・機械,6989,北電工,東Ｓ
ドローン,ロボット・FA・機械,7011,三菱重,東Ｐ
ドローン,ロボット・FA・機械,7013,ＩＨＩ,東Ｐ
ドローン,ロボット・FA・機械,7270,ＳＵＢＡＲＵ,東Ｐ
ドローン,ロボット・FA・機械,7272,ヤマハ発,東Ｐ
ドローン,ロボット・FA・機械,7278,エクセディ,東Ｐ
ドローン,ロボット・FA・機械,7485,岡谷鋼機,名Ｐ
ドローン,ロボット・FA・機械,7719,東京衡機,東Ｓ
ドローン,ロボット・FA・機械,7752,リコー,東Ｐ
ドローン,ロボット・FA・機械,7911,ＴＯＰＰＡＮ,東Ｐ
ドローン,ロボット・FA・機械,8053,住友商,東Ｐ
ドローン,ロボット・FA・機械,8061,西華産,東Ｐ
ドローン,ロボット・FA・機械,8226,理経,東Ｓ
ドローン,ロボット・FA・機械,9202,ＡＮＡＨＤ,東Ｐ
ドローン,ロボット・FA・機械,9233,アジア航,東Ｓ
ドローン,ロボット・FA・機械,9432,ＮＴＴ,東Ｐ
ドローン,ロボット・FA・機械,9433,ＫＤＤＩ,東Ｐ
ドローン,ロボット・FA・機械,9474,ゼンリン,東Ｐ
ドローン,ロボット・FA・機械,9735,セコム,東Ｐ
ドローン,ロボット・FA・機械,9740,ＣＳＰ,東Ｐ
ヒト型ロボット,ロボット・FA・機械,2980,ＳＲＥＨＤ,東Ｐ
ヒト型ロボット,ロボット・FA・機械,3443,川田テク,東Ｐ
ヒト型ロボット,ロボット・FA・機械,3741,セック,東Ｐ
ヒト型ロボット,ロボット・FA・機械,4075,ブレインズ,東Ｇ
ヒト型ロボット,ロボット・FA・機械,4826,ＣＩＪ,東Ｐ
ヒト型ロボット,ロボット・FA・機械,5802,住友電,東Ｐ
ヒト型ロボット,ロボット・FA・機械,6268,ナブテスコ,東Ｐ
ヒト型ロボット,ロボット・FA・機械,6302,住友重,東Ｐ
ヒト型ロボット,ロボット・FA・機械,6324,ハーモニック,東Ｐ
ヒト型ロボット,ロボット・FA・機械,6433,ヒーハイスト,東Ｓ
ヒト型ロボット,ロボット・FA・機械,6471,日精工,東Ｐ
ヒト型ロボット,ロボット・FA・機械,6473,ジェイテクト,東Ｐ
ヒト型ロボット,ロボット・FA・機械,6481,ＴＨＫ,東Ｐ
ヒト型ロボット,ロボット・FA・機械,6503,三菱電,東Ｐ
ヒト型ロボット,ロボット・FA・機械,6506,安川電,東Ｐ
ヒト型ロボット,ロボット・FA・機械,6592,マブチ,東Ｐ
ヒト型ロボット,ロボット・FA・機械,6723,ルネサス,東Ｐ
ヒト型ロボット,ロボット・FA・機械,6741,日本信号,東Ｐ
ヒト型ロボット,ロボット・FA・機械,6758,ソニーＧ,東Ｐ
ヒト型ロボット,ロボット・FA・機械,6807,航空電子,東Ｐ
ヒト型ロボット,ロボット・FA・機械,6954,ファナック,東Ｐ
ヒト型ロボット,ロボット・FA・機械,6981,村田製,東Ｐ
ヒト型ロボット,ロボット・FA・機械,7011,三菱重,東Ｐ
ヒト型ロボット,ロボット・FA・機械,7012,川重,東Ｐ
ヒト型ロボット,ロボット・FA・機械,7203,トヨタ,東Ｐ
ヒト型ロボット,ロボット・FA・機械,7211,三菱自,東Ｐ
ヒト型ロボット,ロボット・FA・機械,7242,カヤバ,東Ｐ
ヒト型ロボット,ロボット・FA・機械,7259,アイシン,東Ｐ
ヒト型ロボット,ロボット・FA・機械,9449,ＧＭＯ,東Ｐ
ヒト型ロボット,ロボット・FA・機械,9984,ＳＢＧ,東Ｐ
リニアモーターカー,ロボット・FA・機械,1820,西松建,東Ｐ
リニアモーターカー,ロボット・FA・機械,1822,大豊建,東Ｓ
リニアモーターカー,ロボット・FA・機械,1861,熊谷組,東Ｐ
リニアモーターカー,ロボット・FA・機械,5406,神戸鋼,東Ｐ
リニアモーターカー,ロボット・FA・機械,5715,古河機金,東Ｐ
リニアモーターカー,ロボット・FA・機械,5801,古河電,東Ｐ
リニアモーターカー,ロボット・FA・機械,5802,住友電,東Ｐ
リニアモーターカー,ロボット・FA・機械,5981,東京綱,東Ｐ
リニアモーターカー,ロボット・FA・機械,6302,住友重,東Ｐ
リニアモーターカー,ロボット・FA・機械,6501,日立,東Ｐ
リニアモーターカー,ロボット・FA・機械,6503,三菱電,東Ｐ
リニアモーターカー,ロボット・FA・機械,6505,東洋電,東Ｓ
リニアモーターカー,ロボット・FA・機械,6506,安川電,東Ｐ
リニアモーターカー,ロボット・FA・機械,7012,川重,東Ｐ
リニアモーターカー,ロボット・FA・機械,7102,日車両,東Ｐ
リニアモーターカー,ロボット・FA・機械,7122,近畿車,東Ｓ
リニアモーターカー,ロボット・FA・機械,7242,カヤバ,東Ｐ
リニアモーターカー,ロボット・FA・機械,7259,アイシン,東Ｐ
リニアモーターカー,ロボット・FA・機械,8088,岩谷産,東Ｐ
リニアモーターカー,ロボット・FA・機械,9022,ＪＲ東海,東Ｐ
リニアモーターカー,ロボット・FA・機械,9048,名鉄,東Ｐ
リニアモーターカー,ロボット・FA・機械,9502,中部電,東Ｐ
リニアモーターカー,ロボット・FA・機械,9699,ニシオＨＤ,東Ｐ
ロボット,ロボット・FA・機械,1812,鹿島,東Ｐ
ロボット,ロボット・FA・機械,1925,大和ハウス,東Ｐ
ロボット,ロボット・FA・機械,2158,フロンテオ,東Ｇ
ロボット,ロボット・FA・機械,2169,ＣＤＳ,東Ｓ
ロボット,ロボット・FA・機械,2331,ＡＬＳＯＫ,東Ｐ
ロボット,ロボット・FA・機械,2488,ＪＴＰ,東Ｓ
ロボット,ロボット・FA・機械,2760,東エレデバ,東Ｐ
ロボット,ロボット・FA・機械,3388,明治電機工業,東Ｐ
ロボット,ロボット・FA・機械,3441,山王,東Ｓ
ロボット,ロボット・FA・機械,3443,川田テク,東Ｐ
ロボット,ロボット・FA・機械,3444,菊池製作,東Ｓ
ロボット,ロボット・FA・機械,3449,テクノフレ,東Ｓ
ロボット,ロボット・FA・機械,3652,ＤＭＰ,東Ｇ
ロボット,ロボット・FA・機械,3741,セック,東Ｐ
ロボット,ロボット・FA・機械,3840,ヴィクトン,東Ｓ
ロボット,ロボット・FA・機械,3937,Ｕｂｉｃｏｍ,東Ｓ
ロボット,ロボット・FA・機械,3962,チェンジＨＤ,東Ｐ
ロボット,ロボット・FA・機械,4075,ブレインズ,東Ｇ
ロボット,ロボット・FA・機械,4093,アセチレン,東Ｓ
ロボット,ロボット・FA・機械,4237,フジプレアム,東Ｓ
ロボット,ロボット・FA・機械,4284,ソルクシーズ,東Ｓ
ロボット,ロボット・FA・機械,4392,ＦＩＧ,東Ｐ
ロボット,ロボット・FA・機械,4425,Ｋｕｄａｎ,東Ｇ
ロボット,ロボット・FA・機械,4641,アルプス技,東Ｐ
ロボット,ロボット・FA・機械,4664,ＲＳＣ,東Ｓ
ロボット,ロボット・FA・機械,4674,クレスコ,東Ｐ
ロボット,ロボット・FA・機械,4784,ＧＭＯインタ,東Ｐ
ロボット,ロボット・FA・機械,5195,バンドー,東Ｐ
ロボット,ロボット・FA・機械,5406,神戸鋼,東Ｐ
ロボット,ロボット・FA・機械,5411,ＪＦＥ,東Ｐ
ロボット,ロボット・FA・機械,5570,ジェノバ,東Ｇ
ロボット,ロボット・FA・機械,5574,ＡＢＥＪＡ,東Ｇ
ロボット,ロボット・FA・機械,5704,ＪＭＣ,東Ｓ
ロボット,ロボット・FA・機械,5817,ＪＭＡＣＳ,東Ｓ
ロボット,ロボット・FA・機械,5820,三ッ星,東Ｓ
ロボット,ロボット・FA・機械,5906,エムケー精工,東Ｓ
ロボット,ロボット・FA・機械,5955,ワイズＨＤ,東Ｓ
ロボット,ロボット・FA・機械,5957,日東精,東Ｐ
ロボット,ロボット・FA・機械,6104,芝浦機,東Ｐ
ロボット,ロボット・FA・機械,6113,アマダ,東Ｐ
ロボット,ロボット・FA・機械,6118,アイダ,東Ｐ
ロボット,ロボット・FA・機械,6125,岡本工,東Ｓ
ロボット,ロボット・FA・機械,6134,ＦＵＪＩ,東Ｐ
ロボット,ロボット・FA・機械,6137,小池工,東Ｓ
ロボット,ロボット・FA・機械,6144,西部電機,東Ｓ
ロボット,ロボット・FA・機械,6147,ヤマザキ,福証
ロボット,ロボット・FA・機械,6149,小田原エンジ,東Ｓ
ロボット,ロボット・FA・機械,6161,エスティック,東Ｓ
ロボット,ロボット・FA・機械,6224,ＪＲＣ,東Ｇ
ロボット,ロボット・FA・機械,6233,ＫＬＡＳＳ,東Ｓ
ロボット,ロボット・FA・機械,6258,平田機工,東Ｐ
ロボット,ロボット・FA・機械,6264,マルマエ,東Ｐ
ロボット,ロボット・FA・機械,6265,コンバム,東Ｓ
ロボット,ロボット・FA・機械,6266,タツモ,東Ｐ
ロボット,ロボット・FA・機械,6268,ナブテスコ,東Ｐ
ロボット,ロボット・FA・機械,6272,レオン,東Ｐ
ロボット,ロボット・FA・機械,6273,ＳＭＣ,東Ｐ
ロボット,ロボット・FA・機械,6302,住友重,東Ｐ
ロボット,ロボット・FA・機械,6323,ローツェ,東Ｐ
ロボット,ロボット・FA・機械,6324,ハーモニック,東Ｐ
ロボット,ロボット・FA・機械,6340,渋谷工,東Ｐ
ロボット,ロボット・FA・機械,6383,ダイフク,東Ｐ
ロボット,ロボット・FA・機械,6405,鈴茂器工,東Ｓ
ロボット,ロボット・FA・機械,6433,ヒーハイスト,東Ｓ
ロボット,ロボット・FA・機械,6440,ＪＵＫＩ,東Ｐ
ロボット,ロボット・FA・機械,6445,ジャノメ,東Ｐ
ロボット,ロボット・FA・機械,6448,ブラザー,東Ｐ
ロボット,ロボット・FA・機械,6471,日精工,東Ｐ
ロボット,ロボット・FA・機械,6474,不二越,東Ｐ
ロボット,ロボット・FA・機械,6479,ミネベア,東Ｐ
ロボット,ロボット・FA・機械,6480,トムソン,東Ｐ
ロボット,ロボット・FA・機械,6481,ＴＨＫ,東Ｐ
ロボット,ロボット・FA・機械,6482,ＹＵＳＨＩＮ,東Ｓ
ロボット,ロボット・FA・機械,6501,日立,東Ｐ
ロボット,ロボット・FA・機械,6503,三菱電,東Ｐ
ロボット,ロボット・FA・機械,6506,安川電,東Ｐ
ロボット,ロボット・FA・機械,6507,シンフォニア,東Ｐ
ロボット,ロボット・FA・機械,6516,山洋電,東Ｐ
ロボット,ロボット・FA・機械,6592,マブチ,東Ｐ
ロボット,ロボット・FA・機械,6594,ニデック,東Ｐ
ロボット,ロボット・FA・機械,6616,ＴＯＲＥＸ,東Ｐ
ロボット,ロボット・FA・機械,6622,ダイヘン,東Ｐ
ロボット,ロボット・FA・機械,6645,オムロン,東Ｐ
ロボット,ロボット・FA・機械,6652,ＩＤＥＣ,東Ｐ
ロボット,ロボット・FA・機械,6701,ＮＥＣ,東Ｐ
ロボット,ロボット・FA・機械,6702,富士通,東Ｐ
ロボット,ロボット・FA・機械,6703,ＯＫＩ,東Ｐ
ロボット,ロボット・FA・機械,6724,エプソン,東Ｐ
ロボット,ロボット・FA・機械,6728,アルバック,東Ｐ
ロボット,ロボット・FA・機械,6752,パナＨＤ,東Ｐ
ロボット,ロボット・FA・機械,6758,ソニーＧ,東Ｐ
ロボット,ロボット・FA・機械,6807,航空電子,東Ｐ
ロボット,ロボット・FA・機械,6845,アズビル,東Ｐ
ロボット,ロボット・FA・機械,6861,キーエンス,東Ｐ
ロボット,ロボット・FA・機械,6869,シスメックス,東Ｐ
ロボット,ロボット・FA・機械,6894,パルステック,東Ｓ
ロボット,ロボット・FA・機械,6918,アバール,東Ｓ
ロボット,ロボット・FA・機械,6952,カシオ,東Ｐ
ロボット,ロボット・FA・機械,6954,ファナック,東Ｐ
ロボット,ロボット・FA・機械,6986,双葉電,東Ｐ
ロボット,ロボット・FA・機械,7003,三井Ｅ＆Ｓ,東Ｐ
ロボット,ロボット・FA・機械,7011,三菱重,東Ｐ
ロボット,ロボット・FA・機械,7012,川重,東Ｐ
ロボット,ロボット・FA・機械,7087,ウイルテック,東Ｓ
ロボット,ロボット・FA・機械,7201,日産自,東Ｐ
ロボット,ロボット・FA・機械,7203,トヨタ,東Ｐ
ロボット,ロボット・FA・機械,7227,アスカ,名Ｍ
ロボット,ロボット・FA・機械,7231,トピー,東Ｐ
ロボット,ロボット・FA・機械,7241,フタバ,東Ｐ
ロボット,ロボット・FA・機械,7259,アイシン,東Ｐ
ロボット,ロボット・FA・機械,7266,今仙電機,東Ｓ
ロボット,ロボット・FA・機械,7267,ホンダ,東Ｐ
ロボット,ロボット・FA・機械,7269,スズキ,東Ｐ
ロボット,ロボット・FA・機械,7270,ＳＵＢＡＲＵ,東Ｐ
ロボット,ロボット・FA・機械,7272,ヤマハ発,東Ｐ
ロボット,ロボット・FA・機械,7278,エクセディ,東Ｐ
ロボット,ロボット・FA・機械,7417,南陽,東Ｓ
ロボット,ロボット・FA・機械,7472,鳥羽洋行,東Ｓ
ロボット,ロボット・FA・機械,7726,黒田精,東Ｓ
ロボット,ロボット・FA・機械,7731,ニコン,東Ｐ
ロボット,ロボット・FA・機械,7779,サイバダイン,東Ｇ
ロボット,ロボット・FA・機械,7832,バンナムＨＤ,東Ｐ
ロボット,ロボット・FA・機械,7867,タカラトミー,東Ｐ
ロボット,ロボット・FA・機械,7991,マミヤＯＰ,東Ｓ
ロボット,ロボット・FA・機械,7992,セーラー,東Ｓ
ロボット,ロボット・FA・機械,7994,オカムラ,東Ｐ
ロボット,ロボット・FA・機械,8053,住友商,東Ｐ
ロボット,ロボット・FA・機械,8088,岩谷産,東Ｐ
ロボット,ロボット・FA・機械,8137,サンワテク,東Ｐ
ロボット,ロボット・FA・機械,8147,トミタ,東Ｓ
ロボット,ロボット・FA・機械,8151,東陽テク,東Ｐ
ロボット,ロボット・FA・機械,8159,立花エレ,東Ｐ
ロボット,ロボット・FA・機械,9735,セコム,東Ｐ
ロボット,ロボット・FA・機械,9902,日伝,東Ｐ
ロボット,ロボット・FA・機械,9906,藤井産業,東Ｓ
ロボット,ロボット・FA・機械,9914,植松商会,名Ｍ
ロボット,ロボット・FA・機械,9934,因幡電産,東Ｐ
ロボット,ロボット・FA・機械,9972,アルテック,東Ｓ
ロボット,ロボット・FA・機械,9984,ＳＢＧ,東Ｐ
ロボット掃除機,ロボット・FA・機械,3323,レカム,東Ｓ
ロボット掃除機,ロボット・FA・機械,5216,倉元,東Ｓ
ロボット掃除機,ロボット・FA・機械,5597,ブルーイノベ,東Ｇ
ロボット掃除機,ロボット・FA・機械,6291,エアーテック,東Ｓ
ロボット掃除機,ロボット・FA・機械,6335,東京機,東Ｓ
ロボット掃除機,ロボット・FA・機械,6436,アマノ,東Ｐ
ロボット掃除機,ロボット・FA・機械,6658,シライ電子,東Ｓ
ロボット掃除機,ロボット・FA・機械,6753,シャープ,東Ｐ
ロボット掃除機,ロボット・FA・機械,8025,ツカモト,東Ｓ
ロボット掃除機,ロボット・FA・機械,8051,山善,東Ｐ
ロボット掃除機,ロボット・FA・機械,8267,イオン,東Ｐ
ロボット掃除機,ロボット・FA・機械,9986,蔵王産業,東Ｓ
介護ロボット,ロボット・FA・機械,1420,サンヨーＨ,東Ｓ
介護ロボット,ロボット・FA・機械,1925,大和ハウス,東Ｐ
介護ロボット,ロボット・FA・機械,3443,川田テク,東Ｐ
介護ロボット,ロボット・FA・機械,3444,菊池製作,東Ｓ
介護ロボット,ロボット・FA・機械,3741,セック,東Ｐ
介護ロボット,ロボット・FA・機械,6134,ＦＵＪＩ,東Ｐ
介護ロボット,ロボット・FA・機械,6324,ハーモニック,東Ｐ
介護ロボット,ロボット・FA・機械,6433,ヒーハイスト,東Ｓ
介護ロボット,ロボット・FA・機械,6474,不二越,東Ｐ
介護ロボット,ロボット・FA・機械,6506,安川電,東Ｐ
介護ロボット,ロボット・FA・機械,6594,ニデック,東Ｐ
介護ロボット,ロボット・FA・機械,6652,ＩＤＥＣ,東Ｐ
介護ロボット,ロボット・FA・機械,6752,パナＨＤ,東Ｐ
介護ロボット,ロボット・FA・機械,6981,村田製,東Ｐ
介護ロボット,ロボット・FA・機械,7259,アイシン,東Ｐ
介護ロボット,ロボット・FA・機械,7267,ホンダ,東Ｐ
介護ロボット,ロボット・FA・機械,7779,サイバダイン,東Ｇ
介護ロボット,ロボット・FA・機械,7807,幸和製,東Ｓ
介護ロボット,ロボット・FA・機械,7965,象印,東Ｐ
介護ロボット,ロボット・FA・機械,8113,ユニチャーム,東Ｐ
介護ロボット,ロボット・FA・機械,8157,都築電,東Ｐ
工作機械,ロボット・FA・機械,1491,中外鉱,東Ｓ
工作機械,ロボット・FA・機械,2693,ＹＫＴ,東Ｓ
工作機械,ロボット・FA・機械,3107,ダイワボウ,東Ｐ
工作機械,ロボット・FA・機械,3173,コミニックス,東Ｓ
工作機械,ロボット・FA・機械,5603,虹技,東Ｓ
工作機械,ロボット・FA・機械,5609,日鋳造,東Ｓ
工作機械,ロボット・FA・機械,5976,ネツレン,東Ｐ
工作機械,ロボット・FA・機械,5987,オーネックス,東Ｓ
工作機械,ロボット・FA・機械,6101,ツガミ,東Ｐ
工作機械,ロボット・FA・機械,6103,オークマ,東Ｐ
工作機械,ロボット・FA・機械,6104,芝浦機,東Ｐ
工作機械,ロボット・FA・機械,6111,旭精機,名Ｍ
工作機械,ロボット・FA・機械,6113,アマダ,東Ｐ
工作機械,ロボット・FA・機械,6125,岡本工,東Ｓ
工作機械,ロボット・FA・機械,6134,ＦＵＪＩ,東Ｐ
工作機械,ロボット・FA・機械,6135,牧野フ,東Ｐ
工作機械,ロボット・FA・機械,6137,小池工,東Ｓ
工作機械,ロボット・FA・機械,6141,ＤＭＧ森精機,東Ｐ
工作機械,ロボット・FA・機械,6143,ソディック,東Ｐ
工作機械,ロボット・FA・機械,6144,西部電機,東Ｓ
工作機械,ロボット・FA・機械,6147,ヤマザキ,福証
工作機械,ロボット・FA・機械,6150,タケダ機械,東Ｓ
工作機械,ロボット・FA・機械,6155,高松機械,東Ｓ
工作機械,ロボット・FA・機械,6156,エーワン精密,東Ｓ
工作機械,ロボット・FA・機械,6158,和井田,東Ｓ
工作機械,ロボット・FA・機械,6159,ミクロン,東Ｓ
工作機械,ロボット・FA・機械,6203,豊和工,東Ｓ
工作機械,ロボット・FA・機械,6217,津田駒,東Ｓ
工作機械,ロボット・FA・機械,6218,エンシュウ,東Ｓ
工作機械,ロボット・FA・機械,6268,ナブテスコ,東Ｐ
工作機械,ロボット・FA・機械,6278,ユニオンツル,東Ｐ
工作機械,ロボット・FA・機械,6301,コマツ,東Ｐ
工作機械,ロボット・FA・機械,6317,北川鉄,東Ｓ
工作機械,ロボット・FA・機械,6324,ハーモニック,東Ｐ
工作機械,ロボット・FA・機械,6346,キクカワ,東Ｓ
工作機械,ロボット・FA・機械,6371,椿本チ,東Ｐ
工作機械,ロボット・FA・機械,6380,オリチェン,東Ｓ
工作機械,ロボット・FA・機械,6393,油研工,東Ｓ
工作機械,ロボット・FA・機械,6448,ブラザー,東Ｐ
工作機械,ロボット・FA・機械,6464,ツバキナカ,東Ｐ
工作機械,ロボット・FA・機械,6473,ジェイテクト,東Ｐ
工作機械,ロボット・FA・機械,6474,不二越,東Ｐ
工作機械,ロボット・FA・機械,6481,ＴＨＫ,東Ｐ
工作機械,ロボット・FA・機械,6516,山洋電,東Ｐ
工作機械,ロボット・FA・機械,6594,ニデック,東Ｐ
工作機械,ロボット・FA・機械,6954,ファナック,東Ｐ
工作機械,ロボット・FA・機械,6966,三井ハイテク,東Ｐ
工作機械,ロボット・FA・機械,7011,三菱重,東Ｐ
工作機械,ロボット・FA・機械,7128,ユニソルＨＤ,東Ｐ
工作機械,ロボット・FA・機械,7255,桜井製,東Ｓ
工作機械,ロボット・FA・機械,7271,安永,東Ｓ
工作機械,ロボット・FA・機械,7485,岡谷鋼機,名Ｐ
工作機械,ロボット・FA・機械,7525,リックス,東Ｐ
工作機械,ロボット・FA・機械,7624,ＮａＩＴＯ,東Ｓ
工作機械,ロボット・FA・機械,7637,白銅,東Ｐ
工作機械,ロボット・FA・機械,7726,黒田精,東Ｓ
工作機械,ロボット・FA・機械,7731,ニコン,東Ｐ
工作機械,ロボット・FA・機械,7762,シチズン,東Ｐ
工作機械,ロボット・FA・機械,7983,ミロク,東Ｓ
工作機械,ロボット・FA・機械,8020,兼松,東Ｐ
工作機械,ロボット・FA・機械,8051,山善,東Ｐ
工作機械,ロボット・FA・機械,8070,東京産,東Ｐ
工作機械,ロボット・FA・機械,8074,ＹＵＡＳＡ,東Ｐ
工作機械,ロボット・FA・機械,8147,トミタ,東Ｓ
工作機械,ロボット・FA・機械,9824,泉州電,東Ｐ
工作機械,ロボット・FA・機械,9914,植松商会,名Ｍ
災害ロボット,ロボット・FA・機械,4316,ビーマップ,東Ｇ
災害ロボット,ロボット・FA・機械,6268,ナブテスコ,東Ｐ
災害ロボット,ロボット・FA・機械,6301,コマツ,東Ｐ
災害ロボット,ロボット・FA・機械,6501,日立,東Ｐ
災害ロボット,ロボット・FA・機械,6506,安川電,東Ｐ
災害ロボット,ロボット・FA・機械,7003,三井Ｅ＆Ｓ,東Ｐ
災害ロボット,ロボット・FA・機械,7011,三菱重,東Ｐ
災害ロボット,ロボット・FA・機械,7231,トピー,東Ｐ
精密モーター,ロボット・FA・機械,6042,ニッキ,東Ｓ
精密モーター,ロボット・FA・機械,6324,ハーモニック,東Ｐ
精密モーター,ロボット・FA・機械,6479,ミネベア,東Ｐ
精密モーター,ロボット・FA・機械,6516,山洋電,東Ｐ
精密モーター,ロボット・FA・機械,6592,マブチ,東Ｐ
精密モーター,ロボット・FA・機械,6594,ニデック,東Ｐ
精密モーター,ロボット・FA・機械,6623,愛電機,名Ｐ
宇宙ごみ対策,防衛・宇宙,3524,日東網,東Ｓ
宇宙ごみ対策,防衛・宇宙,6463,ＴＰＲ,東Ｐ
宇宙ごみ対策,防衛・宇宙,6503,三菱電,東Ｐ
宇宙ごみ対策,防衛・宇宙,6701,ＮＥＣ,東Ｐ
宇宙ごみ対策,防衛・宇宙,6702,富士通,東Ｐ
宇宙ごみ対策,防衛・宇宙,6965,ホトニクス,東Ｐ
宇宙ごみ対策,防衛・宇宙,7011,三菱重,東Ｐ
宇宙ごみ対策,防衛・宇宙,7012,川重,東Ｐ
宇宙ごみ対策,防衛・宇宙,7013,ＩＨＩ,東Ｐ
宇宙ごみ対策,防衛・宇宙,7731,ニコン,東Ｐ
宇宙ごみ対策,防衛・宇宙,8739,スパークス,東Ｐ
宇宙ごみ対策,防衛・宇宙,9412,スカＪＳＡＴ,東Ｐ
宇宙開発関連,防衛・宇宙,2359,コア,東Ｐ
宇宙開発関連,防衛・宇宙,3004,神栄,東Ｓ
宇宙開発関連,防衛・宇宙,3040,ソリトン,東Ｐ
宇宙開発関連,防衛・宇宙,3401,帝人,東Ｐ
宇宙開発関連,防衛・宇宙,3402,東レ,東Ｐ
宇宙開発関連,防衛・宇宙,3524,日東網,東Ｓ
宇宙開発関連,防衛・宇宙,3569,セーレン,東Ｐ
宇宙開発関連,防衛・宇宙,3626,ＴＩＳＩ,東Ｐ
宇宙開発関連,防衛・宇宙,3741,セック,東Ｐ
宇宙開発関連,防衛・宇宙,3778,さくらネット,東Ｐ
宇宙開発関連,防衛・宇宙,4026,神島化,東Ｓ
宇宙開発関連,防衛・宇宙,4091,日本酸素ＨＤ,東Ｐ
宇宙開発関連,防衛・宇宙,4188,三菱ケミＧ,東Ｐ
宇宙開発関連,防衛・宇宙,4202,ダイセル,東Ｐ
宇宙開発関連,防衛・宇宙,4208,ＵＢＥ,東Ｐ
宇宙開発関連,防衛・宇宙,4275,カーリット,東Ｐ
宇宙開発関連,防衛・宇宙,4403,日油,東Ｐ
宇宙開発関連,防衛・宇宙,4667,アイサンテク,東Ｓ
宇宙開発関連,防衛・宇宙,4685,菱友システム,東Ｓ
宇宙開発関連,防衛・宇宙,4825,ＷＮＩウェザ,東Ｐ
宇宙開発関連,防衛・宇宙,4980,デクセリ,東Ｐ
宇宙開発関連,防衛・宇宙,5101,浜ゴム,東Ｐ
宇宙開発関連,防衛・宇宙,5189,桜ゴム,東Ｓ
宇宙開発関連,防衛・宇宙,5256,フュージック,東Ｇ
宇宙開発関連,防衛・宇宙,5471,大同特鋼,東Ｐ
宇宙開発関連,防衛・宇宙,5570,ジェノバ,東Ｇ
宇宙開発関連,防衛・宇宙,5572,リッジアイ,東Ｇ
宇宙開発関連,防衛・宇宙,5711,三菱マ,東Ｐ
宇宙開発関連,防衛・宇宙,5741,ＵＡＣＪ,東Ｐ
宇宙開発関連,防衛・宇宙,6055,Ｊマテリアル,東Ｐ
宇宙開発関連,防衛・宇宙,6165,パンチ,東Ｓ
宇宙開発関連,防衛・宇宙,6232,ＡＣＳＬ,東Ｇ
宇宙開発関連,防衛・宇宙,6302,住友重,東Ｐ
宇宙開発関連,防衛・宇宙,6324,ハーモニック,東Ｐ
宇宙開発関連,防衛・宇宙,6327,北川精機,東Ｓ
宇宙開発関連,防衛・宇宙,6370,栗田工,東Ｐ
宇宙開発関連,防衛・宇宙,6384,昭和真空,東Ｓ
宇宙開発関連,防衛・宇宙,6467,ニチダイ,東Ｓ
宇宙開発関連,防衛・宇宙,6472,ＮＴＮ,東Ｐ
宇宙開発関連,防衛・宇宙,6473,ジェイテクト,東Ｐ
宇宙開発関連,防衛・宇宙,6479,ミネベア,東Ｐ
宇宙開発関連,防衛・宇宙,6486,イーグル工,東Ｐ
宇宙開発関連,防衛・宇宙,6501,日立,東Ｐ
宇宙開発関連,防衛・宇宙,6503,三菱電,東Ｐ
宇宙開発関連,防衛・宇宙,6504,富士電機,東Ｐ
宇宙開発関連,防衛・宇宙,6507,シンフォニア,東Ｐ
宇宙開発関連,防衛・宇宙,6635,大日光,東Ｓ
宇宙開発関連,防衛・宇宙,6663,太洋テクノ,東Ｓ
宇宙開発関連,防衛・宇宙,6674,ＧＳユアサ,東Ｐ
宇宙開発関連,防衛・宇宙,6701,ＮＥＣ,東Ｐ
宇宙開発関連,防衛・宇宙,6702,富士通,東Ｐ
宇宙開発関連,防衛・宇宙,6703,ＯＫＩ,東Ｐ
宇宙開発関連,防衛・宇宙,6752,パナＨＤ,東Ｐ
宇宙開発関連,防衛・宇宙,6753,シャープ,東Ｐ
宇宙開発関連,防衛・宇宙,6758,ソニーＧ,東Ｐ
宇宙開発関連,防衛・宇宙,6779,日電波,東Ｐ
宇宙開発関連,防衛・宇宙,6807,航空電子,東Ｐ
宇宙開発関連,防衛・宇宙,6824,新コスモス,東Ｓ
宇宙開発関連,防衛・宇宙,6838,多摩川ＨＤ,東Ｓ
宇宙開発関連,防衛・宇宙,6841,横河電,東Ｐ
宇宙開発関連,防衛・宇宙,6853,共和電,東Ｓ
宇宙開発関連,防衛・宇宙,6858,小野測器,東Ｓ
宇宙開発関連,防衛・宇宙,6864,エヌエフＨＤ,東Ｓ
宇宙開発関連,防衛・宇宙,6946,日本アビオ,東Ｓ
宇宙開発関連,防衛・宇宙,6965,ホトニクス,東Ｐ
宇宙開発関連,防衛・宇宙,6969,松尾電,東Ｓ
宇宙開発関連,防衛・宇宙,7004,カナデビア,東Ｐ
宇宙開発関連,防衛・宇宙,7011,三菱重,東Ｐ
宇宙開発関連,防衛・宇宙,7012,川重,東Ｐ
宇宙開発関連,防衛・宇宙,7013,ＩＨＩ,東Ｐ
宇宙開発関連,防衛・宇宙,7078,ＩＮＣＨＤ,東Ｇ
宇宙開発関連,防衛・宇宙,7203,トヨタ,東Ｐ
宇宙開発関連,防衛・宇宙,7266,今仙電機,東Ｓ
宇宙開発関連,防衛・宇宙,7267,ホンダ,東Ｐ
宇宙開発関連,防衛・宇宙,7270,ＳＵＢＡＲＵ,東Ｐ
宇宙開発関連,防衛・宇宙,7537,丸文,東Ｐ
宇宙開発関連,防衛・宇宙,7607,進和,東Ｐ
宇宙開発関連,防衛・宇宙,7701,島津,東Ｐ
宇宙開発関連,防衛・宇宙,7713,シグマ光機,東Ｓ
宇宙開発関連,防衛・宇宙,7721,東京計器,東Ｐ
宇宙開発関連,防衛・宇宙,7731,ニコン,東Ｐ
宇宙開発関連,防衛・宇宙,7745,Ａ＆Ｄホロン,東Ｐ
宇宙開発関連,防衛・宇宙,7751,キヤノン,東Ｐ
宇宙開発関連,防衛・宇宙,7760,ＩＭＶ,東Ｓ
宇宙開発関連,防衛・宇宙,7867,タカラトミー,東Ｐ
宇宙開発関連,防衛・宇宙,8023,ＤＡＩＫＯＸ,東Ｓ
宇宙開発関連,防衛・宇宙,8088,岩谷産,東Ｐ
宇宙開発関連,防衛・宇宙,9348,アイスペース,東Ｇ
宇宙開発関連,防衛・宇宙,9412,スカＪＳＡＴ,東Ｐ
宇宙開発関連,防衛・宇宙,9651,日本プロセス,東Ｓ
生活防衛,防衛・宇宙,2371,カカクコム,東Ｐ
生活防衛,防衛・宇宙,2440,ぐるなび,東Ｓ
生活防衛,防衛・宇宙,2477,手間いらず,東Ｓ
生活防衛,防衛・宇宙,2670,ＡＢＣマート,東Ｐ
生活防衛,防衛・宇宙,2674,ハードオフ,東Ｐ
生活防衛,防衛・宇宙,2681,ゲオＨＤ,東Ｐ
生活防衛,防衛・宇宙,2694,焼肉坂井ＨＤ,東Ｓ
生活防衛,防衛・宇宙,2695,くら寿司,東Ｐ
生活防衛,防衛・宇宙,2698,キャンドゥ,東Ｓ
生活防衛,防衛・宇宙,2702,マクドナルド,東Ｓ
生活防衛,防衛・宇宙,2730,エディオン,東Ｐ
生活防衛,防衛・宇宙,2735,ワッツ,東Ｓ
生活防衛,防衛・宇宙,2742,ハローズ,東Ｐ
生活防衛,防衛・宇宙,2752,フジオフード,東Ｐ
生活防衛,防衛・宇宙,2780,コメ兵ＨＤ,東Ｓ
生活防衛,防衛・宇宙,2782,セリア,東Ｓ
生活防衛,防衛・宇宙,2791,大黒天,東Ｐ
生活防衛,防衛・宇宙,3021,ＰＣＮＥＴ,東Ｓ
生活防衛,防衛・宇宙,3032,ゴルフ・ドゥ,名Ｎ
生活防衛,防衛・宇宙,3038,神戸物産,東Ｐ
生活防衛,防衛・宇宙,3046,ＪＩＮＳＨＤ,東Ｐ
生活防衛,防衛・宇宙,3048,ビックカメラ,東Ｐ
生活防衛,防衛・宇宙,3050,ＤＣＭ,東Ｐ
生活防衛,防衛・宇宙,3059,ヒラキ,東Ｓ
生活防衛,防衛・宇宙,3080,ジェーソン,東Ｓ
生活防衛,防衛・宇宙,3093,トレファク,東Ｐ
生活防衛,防衛・宇宙,3197,すかいらーく,東Ｐ
生活防衛,防衛・宇宙,3349,コスモス薬品,東Ｐ
生活防衛,防衛・宇宙,3989,シェアテク,東Ｇ
生活防衛,防衛・宇宙,4376,くふうカンパ,東Ｇ
生活防衛,防衛・宇宙,4385,メルカリ,東Ｐ
生活防衛,防衛・宇宙,6025,日本ＰＣ,名Ｎ
生活防衛,防衛・宇宙,7419,ノジマ,東Ｐ
生活防衛,防衛・宇宙,7421,カッパクリエ,東Ｐ
生活防衛,防衛・宇宙,7475,アルビス,東Ｐ
生活防衛,防衛・宇宙,7513,コジマ,東Ｐ
生活防衛,防衛・宇宙,7532,パンパシＨＤ,東Ｐ
生活防衛,防衛・宇宙,7564,ワークマン,東Ｓ
生活防衛,防衛・宇宙,7581,サイゼリヤ,東Ｐ
生活防衛,防衛・宇宙,7610,テイツー,東Ｓ
生活防衛,防衛・宇宙,7611,ハイデ日高,東Ｐ
生活防衛,防衛・宇宙,7640,トップカルチ,東Ｓ
生活防衛,防衛・宇宙,7643,ダイイチ,東Ｓ
生活防衛,防衛・宇宙,7646,ＰＬＡＮＴ,東Ｓ
生活防衛,防衛・宇宙,7686,ひとまいる,東Ｓ
生活防衛,防衛・宇宙,7874,レック,東Ｐ
生活防衛,防衛・宇宙,8167,リテールＰＡ,東Ｐ
生活防衛,防衛・宇宙,8173,Ｊｏｓｈｉｎ,東Ｐ
生活防衛,防衛・宇宙,8203,ＭｒＭａｘ,東Ｐ
生活防衛,防衛・宇宙,8217,オークワ,東Ｐ
生活防衛,防衛・宇宙,8267,イオン,東Ｐ
生活防衛,防衛・宇宙,8281,ゼビオＨＤ,東Ｐ
生活防衛,防衛・宇宙,8282,ケーズＨＤ,東Ｐ
生活防衛,防衛・宇宙,9278,ブックオフＧ,東Ｐ
生活防衛,防衛・宇宙,9603,ＨＩＳ,東Ｐ
生活防衛,防衛・宇宙,9823,マミーマート,東Ｓ
生活防衛,防衛・宇宙,9831,ヤマダＨＤ,東Ｐ
生活防衛,防衛・宇宙,9843,ニトリＨＤ,東Ｐ
生活防衛,防衛・宇宙,9890,マキヤ,東Ｓ
生活防衛,防衛・宇宙,9903,カンセキ,東Ｓ
生活防衛,防衛・宇宙,9936,王将フード,東Ｐ
生活防衛,防衛・宇宙,9946,ミニストップ,東Ｐ
生活防衛,防衛・宇宙,9948,アークス,東Ｐ
生活防衛,防衛・宇宙,9956,バローＨＤ,東Ｐ
生活防衛,防衛・宇宙,9974,ベルク,東Ｐ
生活防衛,防衛・宇宙,9983,ファストリ,東Ｐ
生活防衛,防衛・宇宙,9994,やまや,東Ｓ
衛星放送,防衛・宇宙,2329,東北新社,東Ｓ
衛星放送,防衛・宇宙,3048,ビックカメラ,東Ｐ
衛星放送,防衛・宇宙,4772,ＳＭＥＪ,東Ｇ
衛星放送,防衛・宇宙,4839,ＷＯＷＯＷ,東Ｐ
衛星放送,防衛・宇宙,7419,ノジマ,東Ｐ
衛星放送,防衛・宇宙,9412,スカＪＳＡＴ,東Ｐ
衛星放送,防衛・宇宙,9414,ＢＳ１１,東Ｓ
衛星放送,防衛・宇宙,9605,東映,東Ｐ
衛星運営,防衛・宇宙,4825,ＷＮＩウェザ,東Ｐ
衛星運営,防衛・宇宙,4839,ＷＯＷＯＷ,東Ｐ
衛星運営,防衛・宇宙,9348,アイスペース,東Ｇ
衛星運営,防衛・宇宙,9412,スカＪＳＡＴ,東Ｐ
防衛,防衛・宇宙,2768,双日,東Ｐ
防衛,防衛・宇宙,3105,日清紡ＨＤ,東Ｐ
防衛,防衛・宇宙,3201,ニッケ,東Ｐ
防衛,防衛・宇宙,3302,帝国繊維,東Ｐ
防衛,防衛・宇宙,3405,クラレ,東Ｐ
防衛,防衛・宇宙,3407,旭化成,東Ｐ
防衛,防衛・宇宙,3692,ＦＦＲＩ,東Ｇ
防衛,防衛・宇宙,3697,ＳＨＩＦＴ,東Ｐ
防衛,防衛・宇宙,3987,エコモット,東Ｇ
防衛,防衛・宇宙,4274,細火工,東Ｓ
防衛,防衛・宇宙,4275,カーリット,東Ｐ
防衛,防衛・宇宙,4284,ソルクシーズ,東Ｓ
防衛,防衛・宇宙,4316,ビーマップ,東Ｇ
防衛,防衛・宇宙,4403,日油,東Ｐ
防衛,防衛・宇宙,4422,ＶＮＸ,東Ｇ
防衛,防衛・宇宙,4685,菱友システム,東Ｓ
防衛,防衛・宇宙,4755,楽天グループ,東Ｐ
防衛,防衛・宇宙,5019,出光興産,東Ｐ
防衛,防衛・宇宙,5020,ＥＮＥＯＳ,東Ｐ
防衛,防衛・宇宙,5189,桜ゴム,東Ｓ
防衛,防衛・宇宙,5631,日製鋼,東Ｐ
防衛,防衛・宇宙,5726,大阪チタ,東Ｐ
防衛,防衛・宇宙,5741,ＵＡＣＪ,東Ｐ
防衛,防衛・宇宙,6111,旭精機,名Ｍ
防衛,防衛・宇宙,6203,豊和工,東Ｓ
防衛,防衛・宇宙,6208,石川製,東Ｓ
防衛,防衛・宇宙,6232,ＡＣＳＬ,東Ｇ
防衛,防衛・宇宙,6268,ナブテスコ,東Ｐ
防衛,防衛・宇宙,6301,コマツ,東Ｐ
防衛,防衛・宇宙,6302,住友重,東Ｐ
防衛,防衛・宇宙,6335,東京機,東Ｓ
防衛,防衛・宇宙,6367,ダイキン,東Ｐ
防衛,防衛・宇宙,6469,放電精密,東Ｓ
防衛,防衛・宇宙,6479,ミネベア,東Ｐ
防衛,防衛・宇宙,6501,日立,東Ｐ
防衛,防衛・宇宙,6503,三菱電,東Ｐ
防衛,防衛・宇宙,6507,シンフォニア,東Ｐ
防衛,防衛・宇宙,6599,エブレン,東Ｓ
防衛,防衛・宇宙,6647,森尾電,東Ｓ
防衛,防衛・宇宙,6701,ＮＥＣ,東Ｐ
防衛,防衛・宇宙,6702,富士通,東Ｐ
防衛,防衛・宇宙,6703,ＯＫＩ,東Ｐ
防衛,防衛・宇宙,6706,電気興,東Ｐ
防衛,防衛・宇宙,6753,シャープ,東Ｐ
防衛,防衛・宇宙,6838,多摩川ＨＤ,東Ｓ
防衛,防衛・宇宙,6946,日本アビオ,東Ｓ
防衛,防衛・宇宙,6993,大黒屋,東Ｓ
防衛,防衛・宇宙,7011,三菱重,東Ｐ
防衛,防衛・宇宙,7012,川重,東Ｐ
防衛,防衛・宇宙,7013,ＩＨＩ,東Ｐ
防衛,防衛・宇宙,7014,名村造,東Ｓ
防衛,防衛・宇宙,7202,いすゞ,東Ｐ
防衛,防衛・宇宙,7203,トヨタ,東Ｐ
防衛,防衛・宇宙,7224,新明和,東Ｐ
防衛,防衛・宇宙,7270,ＳＵＢＡＲＵ,東Ｐ
防衛,防衛・宇宙,7409,エアロエッジ,東Ｇ
防衛,防衛・宇宙,7701,島津,東Ｐ
防衛,防衛・宇宙,7713,シグマ光機,東Ｓ
防衛,防衛・宇宙,7721,東京計器,東Ｐ
防衛,防衛・宇宙,7760,ＩＭＶ,東Ｓ
防衛,防衛・宇宙,7963,興研,東Ｓ
防衛,防衛・宇宙,7980,重松製,東Ｓ
防衛,防衛・宇宙,8001,伊藤忠,東Ｐ
防衛,防衛・宇宙,8093,極東貿易,東Ｐ
防衛,防衛・宇宙,8151,東陽テク,東Ｐ
防衛,防衛・宇宙,8226,理経,東Ｓ
防衛,防衛・宇宙,9412,スカＪＳＡＴ,東Ｐ
防衛,防衛・宇宙,9647,協和コンサル,東Ｓ
LNG,エネルギー,1605,ＩＮＰＥＸ,東Ｐ
LNG,エネルギー,1662,石油資源,東Ｐ
LNG,エネルギー,1663,Ｋ＆Ｏエナジ,東Ｐ
LNG,エネルギー,1963,日揮ＨＤ,東Ｐ
LNG,エネルギー,1976,明星工,東Ｐ
LNG,エネルギー,2768,双日,東Ｐ
LNG,エネルギー,3105,日清紡ＨＤ,東Ｐ
LNG,エネルギー,3355,クリヤマＨＤ,東Ｓ
LNG,エネルギー,3442,ＭＩＥコーポ,名Ｍ
LNG,エネルギー,4088,エアウォータ,東Ｐ
LNG,エネルギー,5020,ＥＮＥＯＳ,東Ｐ
LNG,エネルギー,5105,ＴＯＹＯ,東Ｐ
LNG,エネルギー,5393,ニチアス,東Ｐ
LNG,エネルギー,5401,日本製鉄,東Ｐ
LNG,エネルギー,5406,神戸鋼,東Ｐ
LNG,エネルギー,5411,ＪＦＥ,東Ｐ
LNG,エネルギー,6013,タクマ,東Ｐ
LNG,エネルギー,6229,オーケーエム,東Ｓ
LNG,エネルギー,6247,日阪製,東Ｐ
LNG,エネルギー,6269,三井海洋,東Ｐ
LNG,エネルギー,6330,東洋エンジ,東Ｐ
LNG,エネルギー,6331,化工機,東Ｐ
LNG,エネルギー,6333,ＴＥＩＫＯＫ,東Ｐ
LNG,エネルギー,6361,荏原,東Ｐ
LNG,エネルギー,6366,千代建,東Ｓ
LNG,エネルギー,6369,トヨカネツ,東Ｐ
LNG,エネルギー,6376,日機装,東Ｐ
LNG,エネルギー,6391,加地テック,東Ｓ
LNG,エネルギー,6495,宮入バ,東Ｓ
LNG,エネルギー,6498,キッツ,東Ｐ
LNG,エネルギー,6841,横河電,東Ｐ
LNG,エネルギー,7003,三井Ｅ＆Ｓ,東Ｐ
LNG,エネルギー,7004,カナデビア,東Ｐ
LNG,エネルギー,7011,三菱重,東Ｐ
LNG,エネルギー,7012,川重,東Ｐ
LNG,エネルギー,7013,ＩＨＩ,東Ｐ
LNG,エネルギー,7500,西川計測,東Ｓ
LNG,エネルギー,7727,オーバル,東Ｓ
LNG,エネルギー,8001,伊藤忠,東Ｐ
LNG,エネルギー,8002,丸紅,東Ｐ
LNG,エネルギー,8031,三井物,東Ｐ
LNG,エネルギー,8053,住友商,東Ｐ
LNG,エネルギー,8058,三菱商,東Ｐ
LNG,エネルギー,8088,岩谷産,東Ｐ
LNG,エネルギー,8131,ミツウロコＧ,東Ｓ
LNG,エネルギー,9074,日石輸,東Ｓ
LNG,エネルギー,9101,郵船,東Ｐ
LNG,エネルギー,9104,商船三井,東Ｐ
LNG,エネルギー,9107,川崎汽,東Ｐ
LNG,エネルギー,9115,明海グループ,東Ｓ
LNG,エネルギー,9119,飯野海,東Ｐ
LNG,エネルギー,9502,中部電,東Ｐ
LNG,エネルギー,9531,東ガス,東Ｐ
LNG,エネルギー,9532,大ガス,東Ｐ
LNG,エネルギー,9534,北ガス,東Ｐ
LNG,エネルギー,9536,西部ガスＨＤ,東Ｐ
LNG,エネルギー,9537,北陸ガス,東Ｓ
その他バイオマス,エネルギー,2264,森永乳,東Ｐ
その他バイオマス,エネルギー,2750,石光商事,東Ｓ
その他バイオマス,エネルギー,3041,ビューテＨＤ,東Ｓ
その他バイオマス,エネルギー,3176,三洋貿易,東Ｐ
その他バイオマス,エネルギー,6306,日工,東Ｐ
その他バイオマス,エネルギー,7522,ワタミ,東Ｐ
その他バイオマス,エネルギー,7897,ホクシン,東Ｓ
その他バイオマス,エネルギー,8591,オリックス,東Ｐ
その他バイオマス,エネルギー,8835,太平発,東Ｓ
その他原子力発電関連,エネルギー,1801,大成建,東Ｐ
その他原子力発電関連,エネルギー,1803,清水建,東Ｐ
その他原子力発電関連,エネルギー,1812,鹿島,東Ｐ
その他原子力発電関連,エネルギー,1961,三機工,東Ｐ
その他原子力発電関連,エネルギー,5609,日鋳造,東Ｓ
その他原子力発電関連,エネルギー,6369,トヨカネツ,東Ｐ
その他原子力発電関連,エネルギー,6504,富士電機,東Ｐ
その他原子力発電関連,エネルギー,8070,東京産,東Ｐ
アンモニア,エネルギー,1605,ＩＮＰＥＸ,東Ｐ
アンモニア,エネルギー,1963,日揮ＨＤ,東Ｐ
アンモニア,エネルギー,1964,中外炉,東Ｐ
アンモニア,エネルギー,2802,味の素,東Ｐ
アンモニア,エネルギー,3407,旭化成,東Ｐ
アンモニア,エネルギー,4004,レゾナック,東Ｐ
アンモニア,エネルギー,4005,住友化,東Ｐ
アンモニア,エネルギー,4008,住友精化,東Ｐ
アンモニア,エネルギー,4021,日産化,東Ｐ
アンモニア,エネルギー,4043,トクヤマ,東Ｐ
アンモニア,エネルギー,4044,セ硝子,東Ｐ
アンモニア,エネルギー,4091,日本酸素ＨＤ,東Ｐ
アンモニア,エネルギー,4097,高圧ガス,東Ｐ
アンモニア,エネルギー,4114,日触媒,東Ｐ
アンモニア,エネルギー,4182,菱ガス化,東Ｐ
アンモニア,エネルギー,4183,三井化学,東Ｐ
アンモニア,エネルギー,4188,三菱ケミＧ,東Ｐ
アンモニア,エネルギー,4208,ＵＢＥ,東Ｐ
アンモニア,エネルギー,5019,出光興産,東Ｐ
アンモニア,エネルギー,5331,ノリタケ,東Ｐ
アンモニア,エネルギー,5659,日精線,東Ｐ
アンモニア,エネルギー,6016,ジャパンエン,東Ｓ
アンモニア,エネルギー,6022,赤阪鉄,東Ｓ
アンモニア,エネルギー,6042,ニッキ,東Ｓ
アンモニア,エネルギー,6229,オーケーエム,東Ｓ
アンモニア,エネルギー,6269,三井海洋,東Ｐ
アンモニア,エネルギー,6306,日工,東Ｐ
アンモニア,エネルギー,6328,荏原実業,東Ｐ
アンモニア,エネルギー,6330,東洋エンジ,東Ｐ
アンモニア,エネルギー,6333,ＴＥＩＫＯＫ,東Ｐ
アンモニア,エネルギー,6361,荏原,東Ｐ
アンモニア,エネルギー,6363,酉島,東Ｐ
アンモニア,エネルギー,6366,千代建,東Ｓ
アンモニア,エネルギー,6369,トヨカネツ,東Ｐ
アンモニア,エネルギー,6376,日機装,東Ｐ
アンモニア,エネルギー,6378,木村化,東Ｓ
アンモニア,エネルギー,6848,東亜ＤＫＫ,東Ｓ
アンモニア,エネルギー,7003,三井Ｅ＆Ｓ,東Ｐ
アンモニア,エネルギー,7004,カナデビア,東Ｐ
アンモニア,エネルギー,7011,三菱重,東Ｐ
アンモニア,エネルギー,7012,川重,東Ｐ
アンモニア,エネルギー,7013,ＩＨＩ,東Ｐ
アンモニア,エネルギー,7014,名村造,東Ｓ
アンモニア,エネルギー,8001,伊藤忠,東Ｐ
アンモニア,エネルギー,8031,三井物,東Ｐ
アンモニア,エネルギー,8053,住友商,東Ｐ
アンモニア,エネルギー,8058,三菱商,東Ｐ
アンモニア,エネルギー,8133,エネクス,東Ｐ
アンモニア,エネルギー,9036,東部ネット,東Ｓ
アンモニア,エネルギー,9101,郵船,東Ｐ
アンモニア,エネルギー,9104,商船三井,東Ｐ
アンモニア,エネルギー,9119,飯野海,東Ｐ
アンモニア,エネルギー,9501,東電ＨＤ,東Ｐ
アンモニア,エネルギー,9502,中部電,東Ｐ
アンモニア,エネルギー,9513,Ｊパワー,東Ｐ
アンモニア,エネルギー,9532,大ガス,東Ｐ
エネルギー,エネルギー,1407,ウエストＨＤ,東Ｓ
エネルギー,エネルギー,1605,ＩＮＰＥＸ,東Ｐ
エネルギー,エネルギー,1662,石油資源,東Ｐ
エネルギー,エネルギー,1663,Ｋ＆Ｏエナジ,東Ｐ
エネルギー,エネルギー,1685,ＷＴエナジー,東Ｅ
エネルギー,エネルギー,1711,ＳＤＳＨＤ,東Ｓ
エネルギー,エネルギー,2311,エプコ,東Ｓ
エネルギー,エネルギー,2337,いちご,東Ｐ
エネルギー,エネルギー,3150,グリムス,東Ｐ
エネルギー,エネルギー,4169,エネチェンジ,東Ｇ
エネルギー,エネルギー,5582,グリッド,東Ｇ
エネルギー,エネルギー,7047,ポート,東Ｇ
エネルギー,エネルギー,7692,Ｅインフィニ,東Ｓ
エネルギー,エネルギー,8132,シナネンＨＤ,東Ｐ
エネルギー,エネルギー,8133,エネクス,東Ｐ
エネルギー,エネルギー,9501,東電ＨＤ,東Ｐ
エネルギー,エネルギー,9502,中部電,東Ｐ
エネルギー,エネルギー,9503,関西電,東Ｐ
エネルギー,エネルギー,9504,中国電,東Ｐ
エネルギー,エネルギー,9505,北陸電,東Ｐ
エネルギー,エネルギー,9506,東北電,東Ｐ
エネルギー,エネルギー,9507,四国電,東Ｐ
エネルギー,エネルギー,9508,九州電,東Ｐ
エネルギー,エネルギー,9509,北海電,東Ｐ
エネルギー,エネルギー,9511,沖縄電,東Ｐ
エネルギー,エネルギー,9513,Ｊパワー,東Ｐ
エネルギー,エネルギー,9514,エフオン,東Ｓ
エネルギー,エネルギー,9517,イーレックス,東Ｐ
エネルギー,エネルギー,9519,レノバ,東Ｐ
エネルギー,エネルギー,9531,東ガス,東Ｐ
エネルギー,エネルギー,9532,大ガス,東Ｐ
エネルギー,エネルギー,9533,邦ガス,東Ｐ
エネルギー,エネルギー,9534,北ガス,東Ｐ
エネルギー,エネルギー,9535,広ガス,東Ｐ
エネルギー,エネルギー,9536,西部ガスＨＤ,東Ｐ
エネルギー,エネルギー,9537,北陸ガス,東Ｓ
エネルギー,エネルギー,9539,葉ガス,東Ｓ
エネルギー,エネルギー,9543,静ガス,東Ｐ
カーボンオフセット,エネルギー,1911,住友林,東Ｐ
カーボンオフセット,エネルギー,3623,ビリングシス,東Ｇ
カーボンオフセット,エネルギー,4204,積水化,東Ｐ
カーボンオフセット,エネルギー,6701,ＮＥＣ,東Ｐ
カーボンオフセット,エネルギー,7911,ＴＯＰＰＡＮ,東Ｐ
カーボンオフセット,エネルギー,8002,丸紅,東Ｐ
カーボンオフセット,エネルギー,8058,三菱商,東Ｐ
カーボンオフセット,エネルギー,8113,ユニチャーム,東Ｐ
カーボンオフセット,エネルギー,8267,イオン,東Ｐ
カーボンオフセット,エネルギー,8306,三菱ＵＦＪ,東Ｐ
カーボンオフセット,エネルギー,8316,三井住友ＦＧ,東Ｐ
カーボンオフセット,エネルギー,8358,スルガ銀,東Ｐ
カーボンオフセット,エネルギー,8366,滋賀銀,東Ｐ
カーボンオフセット,エネルギー,8601,大和,東Ｐ
カーボンオフセット,エネルギー,8766,東京海上,東Ｐ
カーボンオフセット,エネルギー,9517,イーレックス,東Ｐ
カーボンオフセット,エネルギー,9929,平和紙業,東Ｓ
カーボンオフセット,エネルギー,9946,ミニストップ,東Ｐ
カーボンナノチューブ,エネルギー,3111,オーミケンシ,東Ｓ
カーボンナノチューブ,エネルギー,3176,三洋貿易,東Ｐ
カーボンナノチューブ,エネルギー,3401,帝人,東Ｐ
カーボンナノチューブ,エネルギー,3402,東レ,東Ｐ
カーボンナノチューブ,エネルギー,3405,クラレ,東Ｐ
カーボンナノチューブ,エネルギー,3864,三菱紙,東Ｐ
カーボンナノチューブ,エネルギー,4004,レゾナック,東Ｐ
カーボンナノチューブ,エネルギー,4097,高圧ガス,東Ｐ
カーボンナノチューブ,エネルギー,4112,保土谷,東Ｐ
カーボンナノチューブ,エネルギー,4205,ゼオン,東Ｐ
カーボンナノチューブ,エネルギー,4208,ＵＢＥ,東Ｐ
カーボンナノチューブ,エネルギー,4634,ａｒｔｉｅｎ,東Ｐ
カーボンナノチューブ,エネルギー,5162,朝日ラバー,東Ｓ
カーボンナノチューブ,エネルギー,5711,三菱マ,東Ｐ
カーボンナノチューブ,エネルギー,5801,古河電,東Ｐ
カーボンナノチューブ,エネルギー,5998,アドバネクス,東Ｓ
カーボンナノチューブ,エネルギー,6463,ＴＰＲ,東Ｐ
カーボンナノチューブ,エネルギー,6568,神戸天然物化,東Ｇ
カーボンナノチューブ,エネルギー,6701,ＮＥＣ,東Ｐ
カーボンナノチューブ,エネルギー,6965,ホトニクス,東Ｐ
カーボンナノチューブ,エネルギー,7859,アルメディオ,東Ｓ
カーボンナノチューブ,エネルギー,7915,ＮＩＳＳＨＡ,東Ｐ
カーボンナノチューブ,エネルギー,7966,リンテック,東Ｐ
カーボンナノチューブ,エネルギー,8101,クレオス,東Ｐ
カーボンニュートラル,エネルギー,1436,グリーンエナ,東Ｇ
カーボンニュートラル,エネルギー,1711,ＳＤＳＨＤ,東Ｓ
カーボンニュートラル,エネルギー,1911,住友林,東Ｐ
カーボンニュートラル,エネルギー,2395,新日本科学,東Ｐ
カーボンニュートラル,エネルギー,3232,三重交ＨＤ,東Ｐ
カーボンニュートラル,エネルギー,3382,セブン＆アイ,東Ｐ
カーボンニュートラル,エネルギー,3861,王子ＨＤ,東Ｐ
カーボンニュートラル,エネルギー,3863,日本紙,東Ｐ
カーボンニュートラル,エネルギー,3864,三菱紙,東Ｐ
カーボンニュートラル,エネルギー,3865,北越コーポ,東Ｐ
カーボンニュートラル,エネルギー,3880,大王紙,東Ｐ
カーボンニュートラル,エネルギー,4097,高圧ガス,東Ｐ
カーボンニュートラル,エネルギー,4204,積水化,東Ｐ
カーボンニュートラル,エネルギー,5074,テスＨＤ,東Ｐ
カーボンニュートラル,エネルギー,5351,品川リフラ,東Ｐ
カーボンニュートラル,エネルギー,5401,日本製鉄,東Ｐ
カーボンニュートラル,エネルギー,5471,大同特鋼,東Ｐ
カーボンニュートラル,エネルギー,5582,グリッド,東Ｇ
カーボンニュートラル,エネルギー,5659,日精線,東Ｐ
カーボンニュートラル,エネルギー,6240,ヤマシン―Ｆ,東Ｐ
カーボンニュートラル,エネルギー,6302,住友重,東Ｐ
カーボンニュートラル,エネルギー,6330,東洋エンジ,東Ｐ
カーボンニュートラル,エネルギー,6701,ＮＥＣ,東Ｐ
カーボンニュートラル,エネルギー,6848,東亜ＤＫＫ,東Ｓ
カーボンニュートラル,エネルギー,7011,三菱重,東Ｐ
カーボンニュートラル,エネルギー,7012,川重,東Ｐ
カーボンニュートラル,エネルギー,7318,セレンＨＤ,東Ｇ
カーボンニュートラル,エネルギー,7911,ＴＯＰＰＡＮ,東Ｐ
カーボンニュートラル,エネルギー,8002,丸紅,東Ｐ
カーボンニュートラル,エネルギー,8031,三井物,東Ｐ
カーボンニュートラル,エネルギー,8058,三菱商,東Ｐ
カーボンニュートラル,エネルギー,8061,西華産,東Ｐ
カーボンニュートラル,エネルギー,8113,ユニチャーム,東Ｐ
カーボンニュートラル,エネルギー,8267,イオン,東Ｐ
カーボンニュートラル,エネルギー,8306,三菱ＵＦＪ,東Ｐ
カーボンニュートラル,エネルギー,8316,三井住友ＦＧ,東Ｐ
カーボンニュートラル,エネルギー,8766,東京海上,東Ｐ
カーボンニュートラル,エネルギー,9168,ライズＣＧ,東Ｇ
カーボンニュートラル,エネルギー,9212,ＧＥＩ,東Ｇ
カーボンニュートラル,エネルギー,9221,フルハシＥ,東Ｓ
カーボンニュートラル,エネルギー,9227,マイクロ波,東Ｇ
カーボンニュートラル,エネルギー,9247,ＴＲＥＨＤ,東Ｐ
カーボンニュートラル,エネルギー,9508,九州電,東Ｐ
カーボンニュートラル,エネルギー,9517,イーレックス,東Ｐ
カーボンニュートラル,エネルギー,9519,レノバ,東Ｐ
カーボンニュートラル,エネルギー,9929,平和紙業,東Ｓ
カーボンニュートラル,エネルギー,9946,ミニストップ,東Ｐ
バイオマスプラスチック,エネルギー,1332,ニッスイ,東Ｐ
バイオマスプラスチック,エネルギー,1518,三井松島ＨＤ,東Ｐ
バイオマスプラスチック,エネルギー,1963,日揮ＨＤ,東Ｐ
バイオマスプラスチック,エネルギー,3101,東洋紡,東Ｐ
バイオマスプラスチック,エネルギー,3103,ユニチカ,東Ｓ
バイオマスプラスチック,エネルギー,3401,帝人,東Ｐ
バイオマスプラスチック,エネルギー,3402,東レ,東Ｐ
バイオマスプラスチック,エネルギー,3405,クラレ,東Ｐ
バイオマスプラスチック,エネルギー,3407,旭化成,東Ｐ
バイオマスプラスチック,エネルギー,3861,王子ＨＤ,東Ｐ
バイオマスプラスチック,エネルギー,3863,日本紙,東Ｐ
バイオマスプラスチック,エネルギー,4004,レゾナック,東Ｐ
バイオマスプラスチック,エネルギー,4021,日産化,東Ｐ
バイオマスプラスチック,エネルギー,4031,片倉コープ,東Ｓ
バイオマスプラスチック,エネルギー,4114,日触媒,東Ｐ
バイオマスプラスチック,エネルギー,4116,大日精,東Ｐ
バイオマスプラスチック,エネルギー,4118,カネカ,東Ｐ
バイオマスプラスチック,エネルギー,4182,菱ガス化,東Ｐ
バイオマスプラスチック,エネルギー,4183,三井化学,東Ｐ
バイオマスプラスチック,エネルギー,4188,三菱ケミＧ,東Ｐ
バイオマスプラスチック,エネルギー,4202,ダイセル,東Ｐ
バイオマスプラスチック,エネルギー,4248,竹本容器,東Ｓ
バイオマスプラスチック,エネルギー,4401,ＡＤＥＫＡ,東Ｐ
バイオマスプラスチック,エネルギー,4631,ＤＩＣ,東Ｐ
バイオマスプラスチック,エネルギー,5110,住友ゴ,東Ｐ
バイオマスプラスチック,エネルギー,6469,放電精密,東Ｓ
バイオマスプラスチック,エネルギー,6701,ＮＥＣ,東Ｐ
バイオマスプラスチック,エネルギー,7203,トヨタ,東Ｐ
バイオマスプラスチック,エネルギー,7261,マツダ,東Ｐ
バイオマスプラスチック,エネルギー,7966,リンテック,東Ｐ
バイオマスプラスチック,エネルギー,8031,三井物,東Ｐ
バイオマスプラスチック,エネルギー,9212,ＧＥＩ,東Ｇ
バイオマス発電,エネルギー,1711,ＳＤＳＨＤ,東Ｓ
バイオマス発電,エネルギー,1802,大林組,東Ｐ
バイオマス発電,エネルギー,1812,鹿島,東Ｐ
バイオマス発電,エネルギー,1833,奥村組,東Ｐ
バイオマス発電,エネルギー,1860,戸田建,東Ｐ
バイオマス発電,エネルギー,1911,住友林,東Ｐ
バイオマス発電,エネルギー,1925,大和ハウス,東Ｐ
バイオマス発電,エネルギー,1964,中外炉,東Ｐ
バイオマス発電,エネルギー,1968,太平電,東Ｐ
バイオマス発電,エネルギー,1976,明星工,東Ｐ
バイオマス発電,エネルギー,2134,北浜ＣＰ,東Ｓ
バイオマス発電,エネルギー,2437,シンワワイズ,東Ｓ
バイオマス発電,エネルギー,2533,オエノンＨＤ,東Ｐ
バイオマス発電,エネルギー,2734,サーラ,東Ｐ
バイオマス発電,エネルギー,3038,神戸物産,東Ｐ
バイオマス発電,エネルギー,3106,クラボウ,東Ｐ
バイオマス発電,エネルギー,3289,東急不ＨＤ,東Ｐ
バイオマス発電,エネルギー,3407,旭化成,東Ｐ
バイオマス発電,エネルギー,3498,霞ヶ関Ｃ,東Ｐ
バイオマス発電,エネルギー,3777,環境フレンド,東Ｇ
バイオマス発電,エネルギー,3861,王子ＨＤ,東Ｐ
バイオマス発電,エネルギー,3863,日本紙,東Ｐ
バイオマス発電,エネルギー,3864,三菱紙,東Ｐ
バイオマス発電,エネルギー,3865,北越コーポ,東Ｐ
バイオマス発電,エネルギー,3877,中越パ,東Ｐ
バイオマス発電,エネルギー,3880,大王紙,東Ｐ
バイオマス発電,エネルギー,4088,エアウォータ,東Ｐ
バイオマス発電,エネルギー,4404,ミヨシ,東Ｓ
バイオマス発電,エネルギー,4410,ハリマ化成Ｇ,東Ｐ
バイオマス発電,エネルギー,5019,出光興産,東Ｐ
バイオマス発電,エネルギー,5074,テスＨＤ,東Ｐ
バイオマス発電,エネルギー,5232,住友大阪,東Ｐ
バイオマス発電,エネルギー,5411,ＪＦＥ,東Ｐ
バイオマス発電,エネルギー,5542,報国マテリア,東Ｓ
バイオマス発電,エネルギー,6013,タクマ,東Ｐ
バイオマス発電,エネルギー,6092,エンバイオＨ,東Ｓ
バイオマス発電,エネルギー,6277,ホソミクロン,東Ｐ
バイオマス発電,エネルギー,6302,住友重,東Ｐ
バイオマス発電,エネルギー,6330,東洋エンジ,東Ｐ
バイオマス発電,エネルギー,6331,化工機,東Ｐ
バイオマス発電,エネルギー,6332,月島ＨＤ,東Ｐ
バイオマス発電,エネルギー,6333,ＴＥＩＫＯＫ,東Ｐ
バイオマス発電,エネルギー,6361,荏原,東Ｐ
バイオマス発電,エネルギー,6363,酉島,東Ｐ
バイオマス発電,エネルギー,6508,明電舎,東Ｐ
バイオマス発電,エネルギー,7003,三井Ｅ＆Ｓ,東Ｐ
バイオマス発電,エネルギー,7004,カナデビア,東Ｐ
バイオマス発電,エネルギー,7011,三菱重,東Ｐ
バイオマス発電,エネルギー,7012,川重,東Ｐ
バイオマス発電,エネルギー,7172,ＪＩＡ,東Ｐ
バイオマス発電,エネルギー,7898,ウッドワン,東Ｓ
バイオマス発電,エネルギー,7987,ナカバヤシ,東Ｓ
バイオマス発電,エネルギー,8001,伊藤忠,東Ｐ
バイオマス発電,エネルギー,8002,丸紅,東Ｐ
バイオマス発電,エネルギー,8031,三井物,東Ｐ
バイオマス発電,エネルギー,8053,住友商,東Ｐ
バイオマス発電,エネルギー,8059,第一実,東Ｐ
バイオマス発電,エネルギー,8061,西華産,東Ｐ
バイオマス発電,エネルギー,8070,東京産,東Ｐ
バイオマス発電,エネルギー,8131,ミツウロコＧ,東Ｓ
バイオマス発電,エネルギー,8439,東京センチュ,東Ｐ
バイオマス発電,エネルギー,8518,アジア投資,東Ｓ
バイオマス発電,エネルギー,8704,トレイダーズ,東Ｓ
バイオマス発電,エネルギー,9020,ＪＲ東日本,東Ｐ
バイオマス発電,エネルギー,9221,フルハシＥ,東Ｓ
バイオマス発電,エネルギー,9247,ＴＲＥＨＤ,東Ｐ
バイオマス発電,エネルギー,9274,ＫＰＰＧＨＤ,東Ｐ
バイオマス発電,エネルギー,9336,大栄環境,東Ｐ
バイオマス発電,エネルギー,9501,東電ＨＤ,東Ｐ
バイオマス発電,エネルギー,9502,中部電,東Ｐ
バイオマス発電,エネルギー,9503,関西電,東Ｐ
バイオマス発電,エネルギー,9504,中国電,東Ｐ
バイオマス発電,エネルギー,9505,北陸電,東Ｐ
バイオマス発電,エネルギー,9506,東北電,東Ｐ
バイオマス発電,エネルギー,9507,四国電,東Ｐ
バイオマス発電,エネルギー,9508,九州電,東Ｐ
バイオマス発電,エネルギー,9509,北海電,東Ｐ
バイオマス発電,エネルギー,9511,沖縄電,東Ｐ
バイオマス発電,エネルギー,9513,Ｊパワー,東Ｐ
バイオマス発電,エネルギー,9514,エフオン,東Ｓ
バイオマス発電,エネルギー,9517,イーレックス,東Ｐ
バイオマス発電,エネルギー,9519,レノバ,東Ｐ
バイオマス発電,エネルギー,9534,北ガス,東Ｐ
バイオマス発電,エネルギー,9603,ＨＩＳ,東Ｐ
バイオ航空燃料,エネルギー,1662,石油資源,東Ｐ
バイオ航空燃料,エネルギー,1963,日揮ＨＤ,東Ｐ
バイオ航空燃料,エネルギー,2613,Ｊオイル,東Ｐ
バイオ航空燃料,エネルギー,2931,ユーグレナ,東Ｐ
バイオ航空燃料,エネルギー,3647,アスリナ,東Ｓ
バイオ航空燃料,エネルギー,4631,ＤＩＣ,東Ｐ
バイオ航空燃料,エネルギー,5020,ＥＮＥＯＳ,東Ｐ
バイオ航空燃料,エネルギー,5021,コスモＨＤ,東Ｐ
バイオ航空燃料,エネルギー,6330,東洋エンジ,東Ｐ
バイオ航空燃料,エネルギー,6366,千代建,東Ｓ
バイオ航空燃料,エネルギー,6378,木村化,東Ｓ
バイオ航空燃料,エネルギー,6902,デンソー,東Ｐ
バイオ航空燃料,エネルギー,7011,三菱重,東Ｐ
バイオ航空燃料,エネルギー,7012,川重,東Ｐ
バイオ航空燃料,エネルギー,7013,ＩＨＩ,東Ｐ
バイオ航空燃料,エネルギー,7202,いすゞ,東Ｐ
バイオ航空燃料,エネルギー,8001,伊藤忠,東Ｐ
バイオ航空燃料,エネルギー,8053,住友商,東Ｐ
バイオ航空燃料,エネルギー,8133,エネクス,東Ｐ
バイオ航空燃料,エネルギー,9201,ＪＡＬ,東Ｐ
バイオ航空燃料,エネルギー,9202,ＡＮＡＨＤ,東Ｐ
バイオ航空燃料,エネルギー,9212,ＧＥＩ,東Ｇ
バイオ航空燃料,エネルギー,9502,中部電,東Ｐ
バイオ航空燃料,エネルギー,9513,Ｊパワー,東Ｐ
再生可能エネルギー,エネルギー,1407,ウエストＨＤ,東Ｓ
再生可能エネルギー,エネルギー,1434,ＪＥＳＣＯ,東Ｓ
再生可能エネルギー,エネルギー,1436,グリーンエナ,東Ｇ
再生可能エネルギー,エネルギー,1605,ＩＮＰＥＸ,東Ｐ
再生可能エネルギー,エネルギー,1711,ＳＤＳＨＤ,東Ｓ
再生可能エネルギー,エネルギー,1798,守谷商会,東Ｓ
再生可能エネルギー,エネルギー,1832,北海電工,札証
再生可能エネルギー,エネルギー,1925,大和ハウス,東Ｐ
再生可能エネルギー,エネルギー,1945,東京エネシス,東Ｐ
再生可能エネルギー,エネルギー,1950,日本電設,東Ｐ
再生可能エネルギー,エネルギー,1968,太平電,東Ｐ
再生可能エネルギー,エネルギー,2134,北浜ＣＰ,東Ｓ
再生可能エネルギー,エネルギー,2353,日本駐車場,東Ｐ
再生可能エネルギー,エネルギー,2437,シンワワイズ,東Ｓ
再生可能エネルギー,エネルギー,2667,イメージワン,東Ｓ
再生可能エネルギー,エネルギー,3038,神戸物産,東Ｐ
再生可能エネルギー,エネルギー,3113,ＵＮＩＶＡ,東Ｓ
再生可能エネルギー,エネルギー,3133,海帆,東Ｇ
再生可能エネルギー,エネルギー,3150,グリムス,東Ｐ
再生可能エネルギー,エネルギー,3156,レスター,東Ｐ
再生可能エネルギー,エネルギー,3232,三重交ＨＤ,東Ｐ
再生可能エネルギー,エネルギー,3266,ファンクリＧ,東Ｓ
再生可能エネルギー,エネルギー,3289,東急不ＨＤ,東Ｐ
再生可能エネルギー,エネルギー,3498,霞ヶ関Ｃ,東Ｐ
再生可能エネルギー,エネルギー,3647,アスリナ,東Ｓ
再生可能エネルギー,エネルギー,3719,ＡＩストーム,東Ｓ
再生可能エネルギー,エネルギー,3777,環境フレンド,東Ｇ
再生可能エネルギー,エネルギー,3856,Ａバランス,東Ｓ
再生可能エネルギー,エネルギー,3913,ＧｒｅｅｎＢ,東Ｓ
再生可能エネルギー,エネルギー,4169,エネチェンジ,東Ｇ
再生可能エネルギー,エネルギー,4237,フジプレアム,東Ｓ
再生可能エネルギー,エネルギー,4245,Ｄ・アクシス,東Ｓ
再生可能エネルギー,エネルギー,4651,サニックスＨ,東Ｓ
再生可能エネルギー,エネルギー,4673,川崎地質,東Ｓ
再生可能エネルギー,エネルギー,5074,テスＨＤ,東Ｐ
再生可能エネルギー,エネルギー,5248,テクノロジー,東Ｇ
再生可能エネルギー,エネルギー,5261,リソル,東Ｐ
再生可能エネルギー,エネルギー,5915,駒井ハルテク,東Ｓ
再生可能エネルギー,エネルギー,6013,タクマ,東Ｐ
再生可能エネルギー,エネルギー,6255,エヌピーシー,東Ｇ
再生可能エネルギー,エネルギー,6361,荏原,東Ｐ
再生可能エネルギー,エネルギー,6367,ダイキン,東Ｐ
再生可能エネルギー,エネルギー,6472,ＮＴＮ,東Ｐ
再生可能エネルギー,エネルギー,6508,明電舎,東Ｐ
再生可能エネルギー,エネルギー,6516,山洋電,東Ｐ
再生可能エネルギー,エネルギー,6653,正興電,東Ｐ
再生可能エネルギー,エネルギー,6721,ウインテスト,東Ｓ
再生可能エネルギー,エネルギー,6786,ＲＶＨ,東Ｓ
再生可能エネルギー,エネルギー,6864,エヌエフＨＤ,東Ｓ
再生可能エネルギー,エネルギー,7047,ポート,東Ｇ
再生可能エネルギー,エネルギー,7162,アストマクス,東Ｓ
再生可能エネルギー,エネルギー,7172,ＪＩＡ,東Ｐ
再生可能エネルギー,エネルギー,7377,ＤＮＨＤ,東Ｓ
再生可能エネルギー,エネルギー,8053,住友商,東Ｐ
再生可能エネルギー,エネルギー,8059,第一実,東Ｐ
再生可能エネルギー,エネルギー,8070,東京産,東Ｐ
再生可能エネルギー,エネルギー,8131,ミツウロコＧ,東Ｓ
再生可能エネルギー,エネルギー,8132,シナネンＨＤ,東Ｐ
再生可能エネルギー,エネルギー,8345,岩手銀,東Ｐ
再生可能エネルギー,エネルギー,8381,山陰合銀,東Ｐ
再生可能エネルギー,エネルギー,8439,東京センチュ,東Ｐ
再生可能エネルギー,エネルギー,8518,アジア投資,東Ｓ
再生可能エネルギー,エネルギー,8591,オリックス,東Ｐ
再生可能エネルギー,エネルギー,8593,三菱ＨＣキャ,東Ｐ
再生可能エネルギー,エネルギー,8704,トレイダーズ,東Ｓ
再生可能エネルギー,エネルギー,8766,東京海上,東Ｐ
再生可能エネルギー,エネルギー,8918,ランド,東Ｓ
再生可能エネルギー,エネルギー,9020,ＪＲ東日本,東Ｐ
再生可能エネルギー,エネルギー,9247,ＴＲＥＨＤ,東Ｐ
再生可能エネルギー,エネルギー,9249,エコシステム,東Ｓ
再生可能エネルギー,エネルギー,9432,ＮＴＴ,東Ｐ
再生可能エネルギー,エネルギー,9446,サカイＨＤ,東Ｓ
再生可能エネルギー,エネルギー,9501,東電ＨＤ,東Ｐ
再生可能エネルギー,エネルギー,9502,中部電,東Ｐ
再生可能エネルギー,エネルギー,9503,関西電,東Ｐ
再生可能エネルギー,エネルギー,9505,北陸電,東Ｐ
再生可能エネルギー,エネルギー,9513,Ｊパワー,東Ｐ
再生可能エネルギー,エネルギー,9514,エフオン,東Ｓ
再生可能エネルギー,エネルギー,9517,イーレックス,東Ｐ
再生可能エネルギー,エネルギー,9519,レノバ,東Ｐ
再生可能エネルギー,エネルギー,9536,西部ガスＨＤ,東Ｐ
再生可能エネルギー,エネルギー,9647,協和コンサル,東Ｓ
再生可能エネルギー,エネルギー,9651,日本プロセス,東Ｓ
原子力発電,エネルギー,1433,ベステラ,東Ｐ
原子力発電,エネルギー,1945,東京エネシス,東Ｐ
原子力発電,エネルギー,1952,新日本空調,東Ｐ
原子力発電,エネルギー,1963,日揮ＨＤ,東Ｐ
原子力発電,エネルギー,1966,高田工,東Ｓ
原子力発電,エネルギー,1968,太平電,東Ｐ
原子力発電,エネルギー,1976,明星工,東Ｐ
原子力発電,エネルギー,5631,日製鋼,東Ｐ
原子力発電,エネルギー,6356,日ギア,東Ｓ
原子力発電,エネルギー,6368,オルガノ,東Ｐ
原子力発電,エネルギー,6378,木村化,東Ｓ
原子力発電,エネルギー,6466,ＴＶＥ,東Ｓ
原子力発電,エネルギー,6486,イーグル工,東Ｐ
原子力発電,エネルギー,6492,岡野バ,東Ｓ
原子力発電,エネルギー,6501,日立,東Ｐ
原子力発電,エネルギー,6503,三菱電,東Ｐ
原子力発電,エネルギー,6841,横河電,東Ｐ
原子力発電,エネルギー,7004,カナデビア,東Ｐ
原子力発電,エネルギー,7011,三菱重,東Ｐ
原子力発電,エネルギー,7711,助川電気,東Ｓ
原子力発電,エネルギー,7760,ＩＭＶ,東Ｓ
原子力発電,エネルギー,7980,重松製,東Ｓ
原子力発電,エネルギー,8001,伊藤忠,東Ｐ
原子力発電,エネルギー,8002,丸紅,東Ｐ
原子力発電,エネルギー,8031,三井物,東Ｐ
原子力発電,エネルギー,8058,三菱商,東Ｐ
原子力発電,エネルギー,8061,西華産,東Ｐ
原子力発電,エネルギー,8070,東京産,東Ｐ
原子力発電,エネルギー,9501,東電ＨＤ,東Ｐ
原子力発電,エネルギー,9502,中部電,東Ｐ
原子力発電,エネルギー,9503,関西電,東Ｐ
原子力発電,エネルギー,9504,中国電,東Ｐ
原子力発電,エネルギー,9505,北陸電,東Ｐ
原子力発電,エネルギー,9506,東北電,東Ｐ
原子力発電,エネルギー,9507,四国電,東Ｐ
原子力発電,エネルギー,9508,九州電,東Ｐ
原子力発電,エネルギー,9509,北海電,東Ｐ
原子力発電,エネルギー,9513,Ｊパワー,東Ｐ
原子力発電部材・部品,エネルギー,4109,ステラケミ,東Ｐ
原子力発電部材・部品,エネルギー,4611,大日塗,東Ｐ
原子力発電部材・部品,エネルギー,5310,東洋炭素,東Ｐ
原子力発電部材・部品,エネルギー,5355,ルツボ,東Ｓ
原子力発電部材・部品,エネルギー,5393,ニチアス,東Ｐ
原子力発電部材・部品,エネルギー,5401,日本製鉄,東Ｐ
原子力発電部材・部品,エネルギー,5406,神戸鋼,東Ｐ
原子力発電部材・部品,エネルギー,5480,冶金工,東Ｐ
原子力発電部材・部品,エネルギー,5631,日製鋼,東Ｐ
原子力発電部材・部品,エネルギー,6331,化工機,東Ｐ
原子力発電部材・部品,エネルギー,6333,ＴＥＩＫＯＫ,東Ｐ
原子力発電部材・部品,エネルギー,6356,日ギア,東Ｓ
原子力発電部材・部品,エネルギー,6361,荏原,東Ｐ
原子力発電部材・部品,エネルギー,6365,電業社,東Ｓ
原子力発電部材・部品,エネルギー,6368,オルガノ,東Ｐ
原子力発電部材・部品,エネルギー,6376,日機装,東Ｐ
原子力発電部材・部品,エネルギー,6378,木村化,東Ｓ
原子力発電部材・部品,エネルギー,6466,ＴＶＥ,東Ｓ
原子力発電部材・部品,エネルギー,6486,イーグル工,東Ｐ
原子力発電部材・部品,エネルギー,6490,ＰＩＬＬＡＲ,東Ｐ
原子力発電部材・部品,エネルギー,6492,岡野バ,東Ｓ
原子力発電部材・部品,エネルギー,6496,中北製,東Ｓ
原子力発電部材・部品,エネルギー,6503,三菱電,東Ｐ
原子力発電部材・部品,エネルギー,6841,横河電,東Ｐ
原子力発電部材・部品,エネルギー,7012,川重,東Ｐ
原子力発電部材・部品,エネルギー,7013,ＩＨＩ,東Ｐ
原子力発電部材・部品,エネルギー,7711,助川電気,東Ｓ
原子力発電部材・部品,エネルギー,7995,バルカー,東Ｐ
受変電設備,エネルギー,1980,ダイダン,東Ｐ
受変電設備,エネルギー,3153,八洲電機,東Ｐ
受変電設備,エネルギー,6623,愛電機,名Ｐ
受変電設備,エネルギー,6653,正興電,東Ｐ
受変電設備,エネルギー,8081,カナデン,東Ｐ
受変電設備,エネルギー,8085,ナラサキ,東Ｓ
受変電設備,エネルギー,8159,立花エレ,東Ｐ
地熱発電,エネルギー,1515,日鉄鉱,東Ｐ
地熱発電,エネルギー,1605,ＩＮＰＥＸ,東Ｐ
地熱発電,エネルギー,1662,石油資源,東Ｐ
地熱発電,エネルギー,1801,大成建,東Ｐ
地熱発電,エネルギー,1802,大林組,東Ｐ
地熱発電,エネルギー,1911,住友林,東Ｐ
地熱発電,エネルギー,1945,東京エネシス,東Ｐ
地熱発電,エネルギー,1963,日揮ＨＤ,東Ｐ
地熱発電,エネルギー,1968,太平電,東Ｐ
地熱発電,エネルギー,2395,新日本科学,東Ｐ
地熱発電,エネルギー,3038,神戸物産,東Ｐ
地熱発電,エネルギー,3176,三洋貿易,東Ｐ
地熱発電,エネルギー,3861,王子ＨＤ,東Ｐ
地熱発電,エネルギー,4182,菱ガス化,東Ｐ
地熱発電,エネルギー,5019,出光興産,東Ｐ
地熱発電,エネルギー,5020,ＥＮＥＯＳ,東Ｐ
地熱発電,エネルギー,5074,テスＨＤ,東Ｐ
地熱発電,エネルギー,5401,日本製鉄,東Ｐ
地熱発電,エネルギー,5411,ＪＦＥ,東Ｐ
地熱発電,エネルギー,5471,大同特鋼,東Ｐ
地熱発電,エネルギー,5711,三菱マ,東Ｐ
地熱発電,エネルギー,6248,横田製,東Ｓ
地熱発電,エネルギー,6309,巴工業,東Ｐ
地熱発電,エネルギー,6330,東洋エンジ,東Ｐ
地熱発電,エネルギー,6363,酉島,東Ｐ
地熱発電,エネルギー,6501,日立,東Ｐ
地熱発電,エネルギー,6504,富士電機,東Ｐ
地熱発電,エネルギー,6838,多摩川ＨＤ,東Ｓ
地熱発電,エネルギー,7011,三菱重,東Ｐ
地熱発電,エネルギー,7012,川重,東Ｐ
地熱発電,エネルギー,7162,アストマクス,東Ｓ
地熱発電,エネルギー,8001,伊藤忠,東Ｐ
地熱発電,エネルギー,8002,丸紅,東Ｐ
地熱発電,エネルギー,8015,豊田通商,東Ｐ
地熱発電,エネルギー,8020,兼松,東Ｐ
地熱発電,エネルギー,8031,三井物,東Ｐ
地熱発電,エネルギー,8053,住友商,東Ｐ
地熱発電,エネルギー,8058,三菱商,東Ｐ
地熱発電,エネルギー,8059,第一実,東Ｐ
地熱発電,エネルギー,8075,神鋼商,東Ｐ
地熱発電,エネルギー,8591,オリックス,東Ｐ
地熱発電,エネルギー,8739,スパークス,東Ｐ
地熱発電,エネルギー,9501,東電ＨＤ,東Ｐ
地熱発電,エネルギー,9504,中国電,東Ｐ
地熱発電,エネルギー,9506,東北電,東Ｐ
地熱発電,エネルギー,9508,九州電,東Ｐ
地熱発電,エネルギー,9509,北海電,東Ｐ
地熱発電,エネルギー,9513,Ｊパワー,東Ｐ
地熱発電,エネルギー,9519,レノバ,東Ｐ
天然ガス火力発電,エネルギー,1662,石油資源,東Ｐ
天然ガス火力発電,エネルギー,1963,日揮ＨＤ,東Ｐ
天然ガス火力発電,エネルギー,2768,双日,東Ｐ
天然ガス火力発電,エネルギー,5020,ＥＮＥＯＳ,東Ｐ
天然ガス火力発電,エネルギー,5406,神戸鋼,東Ｐ
天然ガス火力発電,エネルギー,6247,日阪製,東Ｐ
天然ガス火力発電,エネルギー,6330,東洋エンジ,東Ｐ
天然ガス火力発電,エネルギー,6366,千代建,東Ｓ
天然ガス火力発電,エネルギー,6501,日立,東Ｐ
天然ガス火力発電,エネルギー,6503,三菱電,東Ｐ
天然ガス火力発電,エネルギー,7011,三菱重,東Ｐ
天然ガス火力発電,エネルギー,7013,ＩＨＩ,東Ｐ
天然ガス火力発電,エネルギー,8002,丸紅,東Ｐ
天然ガス火力発電,エネルギー,8015,豊田通商,東Ｐ
天然ガス火力発電,エネルギー,9501,東電ＨＤ,東Ｐ
天然ガス火力発電,エネルギー,9502,中部電,東Ｐ
天然ガス火力発電,エネルギー,9503,関西電,東Ｐ
天然ガス火力発電,エネルギー,9504,中国電,東Ｐ
天然ガス火力発電,エネルギー,9505,北陸電,東Ｐ
天然ガス火力発電,エネルギー,9506,東北電,東Ｐ
天然ガス火力発電,エネルギー,9507,四国電,東Ｐ
天然ガス火力発電,エネルギー,9508,九州電,東Ｐ
天然ガス火力発電,エネルギー,9509,北海電,東Ｐ
天然ガス火力発電,エネルギー,9511,沖縄電,東Ｐ
天然ガス火力発電,エネルギー,9531,東ガス,東Ｐ
天然ガス火力発電,エネルギー,9532,大ガス,東Ｐ
天然ガス火力発電,エネルギー,9534,北ガス,東Ｐ
天然ガス火力発電,エネルギー,9543,静ガス,東Ｐ
天然ガス火力発電,エネルギー,9984,ＳＢＧ,東Ｐ
太陽光発電関連,エネルギー,1407,ウエストＨＤ,東Ｓ
太陽光発電関連,エネルギー,1417,ミライトワン,東Ｐ
太陽光発電関連,エネルギー,1436,グリーンエナ,東Ｇ
太陽光発電関連,エネルギー,1438,岐阜造園,東Ｓ
太陽光発電関連,エネルギー,1515,日鉄鉱,東Ｐ
太陽光発電関連,エネルギー,1605,ＩＮＰＥＸ,東Ｐ
太陽光発電関連,エネルギー,1711,ＳＤＳＨＤ,東Ｓ
太陽光発電関連,エネルギー,1718,美樹工業,東Ｓ
太陽光発電関連,エネルギー,1738,ＮＩＴＴＯＨ,名Ｍ
太陽光発電関連,エネルギー,1810,松井建,東Ｓ
太陽光発電関連,エネルギー,1812,鹿島,東Ｐ
太陽光発電関連,エネルギー,1832,北海電工,札証
太陽光発電関連,エネルギー,1887,日本国土開発,東Ｐ
太陽光発電関連,エネルギー,1925,大和ハウス,東Ｐ
太陽光発電関連,エネルギー,1928,積水ハウス,東Ｐ
太陽光発電関連,エネルギー,1938,日リーテック,東Ｐ
太陽光発電関連,エネルギー,1939,四電工,東Ｐ
太陽光発電関連,エネルギー,1942,関電工,東Ｐ
太陽光発電関連,エネルギー,1944,きんでん,東Ｐ
太陽光発電関連,エネルギー,1945,東京エネシス,東Ｐ
太陽光発電関連,エネルギー,1950,日本電設,東Ｐ
太陽光発電関連,エネルギー,1959,クラフティア,東Ｐ
太陽光発電関連,エネルギー,2311,エプコ,東Ｓ
太陽光発電関連,エネルギー,2337,いちご,東Ｐ
太陽光発電関連,エネルギー,2437,シンワワイズ,東Ｓ
太陽光発電関連,エネルギー,2445,タカミヤ,東Ｓ
太陽光発電関連,エネルギー,2667,イメージワン,東Ｓ
太陽光発電関連,エネルギー,2721,ＪＨＤ,東Ｓ
太陽光発電関連,エネルギー,2730,エディオン,東Ｐ
太陽光発電関連,エネルギー,2768,双日,東Ｐ
太陽光発電関連,エネルギー,3050,ＤＣＭ,東Ｐ
太陽光発電関連,エネルギー,3133,海帆,東Ｇ
太陽光発電関連,エネルギー,3156,レスター,東Ｐ
太陽光発電関連,エネルギー,3224,Ｇオイスター,東Ｇ
太陽光発電関連,エネルギー,3232,三重交ＨＤ,東Ｐ
太陽光発電関連,エネルギー,3266,ファンクリＧ,東Ｓ
太陽光発電関連,エネルギー,3289,東急不ＨＤ,東Ｐ
太陽光発電関連,エネルギー,3440,日創グループ,東Ｓ
太陽光発電関連,エネルギー,3445,ＲＳテクノ,東Ｐ
太陽光発電関連,エネルギー,3495,香陵住販,東Ｓ
太陽光発電関連,エネルギー,3498,霞ヶ関Ｃ,東Ｐ
太陽光発電関連,エネルギー,3529,アツギ,東Ｓ
太陽光発電関連,エネルギー,3636,三菱総研,東Ｐ
太陽光発電関連,エネルギー,3647,アスリナ,東Ｓ
太陽光発電関連,エネルギー,3719,ＡＩストーム,東Ｓ
太陽光発電関連,エネルギー,3726,フォーシーズ,東Ｓ
太陽光発電関連,エネルギー,3776,ＢＢタワー,東Ｓ
太陽光発電関連,エネルギー,3777,環境フレンド,東Ｇ
太陽光発電関連,エネルギー,3856,Ａバランス,東Ｓ
太陽光発電関連,エネルギー,4245,Ｄ・アクシス,東Ｓ
太陽光発電関連,エネルギー,4251,恵和,東Ｐ
太陽光発電関連,エネルギー,4418,ＪＤＳＣ,東Ｇ
太陽光発電関連,エネルギー,4651,サニックスＨ,東Ｓ
太陽光発電関連,エネルギー,4658,日本空調,東Ｐ
太陽光発電関連,エネルギー,4809,パラカ,東Ｐ
太陽光発電関連,エネルギー,5074,テスＨＤ,東Ｐ
太陽光発電関連,エネルギー,5076,インフロニア,東Ｐ
太陽光発電関連,エネルギー,5122,オカモト,東Ｐ
太陽光発電関連,エネルギー,5218,オハラ,東Ｓ
太陽光発電関連,エネルギー,5248,テクノロジー,東Ｇ
太陽光発電関連,エネルギー,5261,リソル,東Ｐ
太陽光発電関連,エネルギー,5262,日ヒュム,東Ｐ
太陽光発電関連,エネルギー,5273,三谷セキ,東Ｓ
太陽光発電関連,エネルギー,5341,アサヒエイト,東Ｓ
太陽光発電関連,エネルギー,5461,中部鋼鈑,東Ｐ
太陽光発電関連,エネルギー,5922,那須鉄,東Ｓ
太陽光発電関連,エネルギー,5938,ＬＩＸＩＬ,東Ｐ
太陽光発電関連,エネルギー,6055,Ｊマテリアル,東Ｐ
太陽光発電関連,エネルギー,6092,エンバイオＨ,東Ｓ
太陽光発電関連,エネルギー,6255,エヌピーシー,東Ｇ
太陽光発電関連,エネルギー,6268,ナブテスコ,東Ｐ
太陽光発電関連,エネルギー,6326,クボタ,東Ｐ
太陽光発電関連,エネルギー,6334,明治機,東Ｓ
太陽光発電関連,エネルギー,6361,荏原,東Ｐ
太陽光発電関連,エネルギー,6367,ダイキン,東Ｐ
太陽光発電関連,エネルギー,6428,オーイズミ,東Ｓ
太陽光発電関連,エネルギー,6439,中日鋳,名Ｍ
太陽光発電関連,エネルギー,6498,キッツ,東Ｐ
太陽光発電関連,エネルギー,6504,富士電機,東Ｐ
太陽光発電関連,エネルギー,6508,明電舎,東Ｐ
太陽光発電関連,エネルギー,6513,オリジン,東Ｓ
太陽光発電関連,エネルギー,6516,山洋電,東Ｐ
太陽光発電関連,エネルギー,6578,コレックＨＤ,東Ｓ
太陽光発電関連,エネルギー,6622,ダイヘン,東Ｐ
太陽光発電関連,エネルギー,6644,大崎電,東Ｐ
太陽光発電関連,エネルギー,6648,かわでん,東Ｓ
太陽光発電関連,エネルギー,6652,ＩＤＥＣ,東Ｐ
太陽光発電関連,エネルギー,6653,正興電,東Ｐ
太陽光発電関連,エネルギー,6674,ＧＳユアサ,東Ｐ
太陽光発電関連,エネルギー,6699,ダイヤＨＤ,東Ｓ
太陽光発電関連,エネルギー,6707,サンケン,東Ｐ
太陽光発電関連,エネルギー,6786,ＲＶＨ,東Ｓ
太陽光発電関連,エネルギー,6798,ＳＭＫ,東Ｐ
太陽光発電関連,エネルギー,6817,スミダコーポ,東Ｐ
太陽光発電関連,エネルギー,6844,新電元,東Ｐ
太陽光発電関連,エネルギー,6864,エヌエフＨＤ,東Ｓ
太陽光発電関連,エネルギー,6882,三社電機,東Ｓ
太陽光発電関連,エネルギー,6932,遠藤照明,東Ｓ
太陽光発電関連,エネルギー,6994,指月電,東Ｓ
太陽光発電関連,エネルギー,6997,日ケミコン,東Ｐ
太陽光発電関連,エネルギー,7087,ウイルテック,東Ｓ
太陽光発電関連,エネルギー,7162,アストマクス,東Ｓ
太陽光発電関連,エネルギー,7172,ＪＩＡ,東Ｐ
太陽光発電関連,エネルギー,7245,大同メ,東Ｐ
太陽光発電関連,エネルギー,7278,エクセディ,東Ｐ
太陽光発電関連,エネルギー,7425,初穂商事,東Ｓ
太陽光発電関連,エネルギー,7486,サンリン,東Ｓ
太陽光発電関連,エネルギー,7513,コジマ,東Ｐ
太陽光発電関連,エネルギー,7516,コーナン,東Ｐ
太陽光発電関連,エネルギー,7522,ワタミ,東Ｐ
太陽光発電関連,エネルギー,7746,岡本硝子,東Ｓ
太陽光発電関連,エネルギー,7769,リズム,東Ｐ
太陽光発電関連,エネルギー,7827,オービス,東Ｓ
太陽光発電関連,エネルギー,7917,ＺＡＣＲＯＳ,東Ｐ
太陽光発電関連,エネルギー,7987,ナカバヤシ,東Ｓ
太陽光発電関連,エネルギー,8001,伊藤忠,東Ｐ
太陽光発電関連,エネルギー,8002,丸紅,東Ｐ
太陽光発電関連,エネルギー,8051,山善,東Ｐ
太陽光発電関連,エネルギー,8053,住友商,東Ｐ
太陽光発電関連,エネルギー,8059,第一実,東Ｐ
太陽光発電関連,エネルギー,8070,東京産,東Ｐ
太陽光発電関連,エネルギー,8074,ＹＵＡＳＡ,東Ｐ
太陽光発電関連,エネルギー,8085,ナラサキ,東Ｓ
太陽光発電関連,エネルギー,8101,クレオス,東Ｐ
太陽光発電関連,エネルギー,8104,クワザワＨＤ,東Ｓ
太陽光発電関連,エネルギー,8131,ミツウロコＧ,東Ｓ
太陽光発電関連,エネルギー,8132,シナネンＨＤ,東Ｐ
太陽光発電関連,エネルギー,8133,エネクス,東Ｐ
太陽光発電関連,エネルギー,8218,コメリ,東Ｐ
太陽光発電関連,エネルギー,8267,イオン,東Ｐ
太陽光発電関連,エネルギー,8275,フォーバル,東Ｓ
太陽光発電関連,エネルギー,8381,山陰合銀,東Ｐ
太陽光発電関連,エネルギー,8425,みずほリース,東Ｐ
太陽光発電関連,エネルギー,8439,東京センチュ,東Ｐ
太陽光発電関連,エネルギー,8518,アジア投資,東Ｓ
太陽光発電関連,エネルギー,8593,三菱ＨＣキャ,東Ｐ
太陽光発電関連,エネルギー,8596,九州リース,東Ｓ
太陽光発電関連,エネルギー,8801,三井不,東Ｐ
太陽光発電関連,エネルギー,8848,レオパレス,東Ｐ
太陽光発電関連,エネルギー,8897,ミラースＨＤ,東Ｐ
太陽光発電関連,エネルギー,8908,毎コムネット,東Ｓ
太陽光発電関連,エネルギー,8918,ランド,東Ｓ
太陽光発電関連,エネルギー,9020,ＪＲ東日本,東Ｐ
太陽光発電関連,エネルギー,9051,センコン物流,東Ｓ
太陽光発電関連,エネルギー,9074,日石輸,東Ｓ
太陽光発電関連,エネルギー,9119,飯野海,東Ｐ
太陽光発電関連,エネルギー,9249,エコシステム,東Ｓ
太陽光発電関連,エネルギー,9336,大栄環境,東Ｐ
太陽光発電関連,エネルギー,9432,ＮＴＴ,東Ｐ
太陽光発電関連,エネルギー,9446,サカイＨＤ,東Ｓ
太陽光発電関連,エネルギー,9450,ファイバーＧ,東Ｓ
太陽光発電関連,エネルギー,9501,東電ＨＤ,東Ｐ
太陽光発電関連,エネルギー,9502,中部電,東Ｐ
太陽光発電関連,エネルギー,9503,関西電,東Ｐ
太陽光発電関連,エネルギー,9504,中国電,東Ｐ
太陽光発電関連,エネルギー,9505,北陸電,東Ｐ
太陽光発電関連,エネルギー,9506,東北電,東Ｐ
太陽光発電関連,エネルギー,9507,四国電,東Ｐ
太陽光発電関連,エネルギー,9508,九州電,東Ｐ
太陽光発電関連,エネルギー,9509,北海電,東Ｐ
太陽光発電関連,エネルギー,9511,沖縄電,東Ｐ
太陽光発電関連,エネルギー,9514,エフオン,東Ｓ
太陽光発電関連,エネルギー,9517,イーレックス,東Ｐ
太陽光発電関連,エネルギー,9519,レノバ,東Ｐ
太陽光発電関連,エネルギー,9534,北ガス,東Ｐ
太陽光発電関連,エネルギー,9536,西部ガスＨＤ,東Ｐ
太陽光発電関連,エネルギー,9791,ビケンテクノ,東Ｓ
太陽光発電関連,エネルギー,9831,ヤマダＨＤ,東Ｐ
太陽光発電関連,エネルギー,9906,藤井産業,東Ｓ
太陽光発電関連,エネルギー,9908,Ｄｅｎｋｅｉ,東Ｓ
太陽光発電関連,エネルギー,9934,因幡電産,東Ｐ
太陽熱発電,エネルギー,1801,大成建,東Ｐ
太陽熱発電,エネルギー,1963,日揮ＨＤ,東Ｐ
太陽熱発電,エネルギー,4902,コニカミノル,東Ｐ
太陽熱発電,エネルギー,5021,コスモＨＤ,東Ｐ
太陽熱発電,エネルギー,5201,ＡＧＣ,東Ｐ
太陽熱発電,エネルギー,5202,板硝子,東Ｐ
太陽熱発電,エネルギー,5411,ＪＦＥ,東Ｐ
太陽熱発電,エネルギー,6268,ナブテスコ,東Ｐ
太陽熱発電,エネルギー,6366,千代建,東Ｓ
太陽熱発電,エネルギー,6841,横河電,東Ｐ
太陽熱発電,エネルギー,7003,三井Ｅ＆Ｓ,東Ｐ
太陽熱発電,エネルギー,7004,カナデビア,東Ｐ
太陽熱発電,エネルギー,7011,三菱重,東Ｐ
太陽熱発電,エネルギー,7746,岡本硝子,東Ｓ
太陽熱発電,エネルギー,8001,伊藤忠,東Ｐ
太陽熱発電,エネルギー,8031,三井物,東Ｐ
太陽熱発電,エネルギー,8058,三菱商,東Ｐ
核融合発電,エネルギー,1605,ＩＮＰＥＸ,東Ｐ
核融合発電,エネルギー,1802,大林組,東Ｐ
核融合発電,エネルギー,1963,日揮ＨＤ,東Ｐ
核融合発電,エネルギー,3446,Ｊテック・Ｃ,東Ｓ
核融合発電,エネルギー,4026,神島化,東Ｓ
核融合発電,エネルギー,4205,ゼオン,東Ｐ
核融合発電,エネルギー,5016,ＪＸ金属,東Ｐ
核融合発電,エネルギー,5310,東洋炭素,東Ｐ
核融合発電,エネルギー,5471,大同特鋼,東Ｐ
核融合発電,エネルギー,5541,大平金,東Ｐ
核融合発電,エネルギー,5801,古河電,東Ｐ
核融合発電,エネルギー,5802,住友電,東Ｐ
核融合発電,エネルギー,5803,フジクラ,東Ｐ
核融合発電,エネルギー,6315,ＴＯＷＡ,東Ｐ
核融合発電,エネルギー,6378,木村化,東Ｓ
核融合発電,エネルギー,6501,日立,東Ｐ
核融合発電,エネルギー,6503,三菱電,東Ｐ
核融合発電,エネルギー,6728,アルバック,東Ｐ
核融合発電,エネルギー,6841,横河電,東Ｐ
核融合発電,エネルギー,6965,ホトニクス,東Ｐ
核融合発電,エネルギー,7011,三菱重,東Ｐ
核融合発電,エネルギー,7013,ＩＨＩ,東Ｐ
核融合発電,エネルギー,7203,トヨタ,東Ｐ
核融合発電,エネルギー,7711,助川電気,東Ｓ
核融合発電,エネルギー,8031,三井物,東Ｐ
核融合発電,エネルギー,8058,三菱商,東Ｐ
核融合発電,エネルギー,9227,マイクロ波,東Ｇ
核融合発電,エネルギー,9432,ＮＴＴ,東Ｐ
核融合発電,エネルギー,9503,関西電,東Ｐ
核融合発電,エネルギー,9513,Ｊパワー,東Ｐ
水素,エネルギー,1605,ＩＮＰＥＸ,東Ｐ
水素,エネルギー,1802,大林組,東Ｐ
水素,エネルギー,1803,清水建,東Ｐ
水素,エネルギー,1963,日揮ＨＤ,東Ｐ
水素,エネルギー,1964,中外炉,東Ｐ
水素,エネルギー,1969,高砂熱,東Ｐ
水素,エネルギー,2395,新日本科学,東Ｐ
水素,エネルギー,2962,テクニスコ,東Ｓ
水素,エネルギー,3315,日本コークス,東Ｐ
水素,エネルギー,3402,東レ,東Ｐ
水素,エネルギー,3407,旭化成,東Ｐ
水素,エネルギー,3441,山王,東Ｓ
水素,エネルギー,4043,トクヤマ,東Ｐ
水素,エネルギー,4047,関電化,東Ｐ
水素,エネルギー,4078,堺化学,東Ｐ
水素,エネルギー,4088,エアウォータ,東Ｐ
水素,エネルギー,4091,日本酸素ＨＤ,東Ｐ
水素,エネルギー,4093,アセチレン,東Ｓ
水素,エネルギー,4097,高圧ガス,東Ｐ
水素,エネルギー,4114,日触媒,東Ｐ
水素,エネルギー,4182,菱ガス化,東Ｐ
水素,エネルギー,4406,日理化,東Ｓ
水素,エネルギー,5019,出光興産,東Ｐ
水素,エネルギー,5020,ＥＮＥＯＳ,東Ｐ
水素,エネルギー,5021,コスモＨＤ,東Ｐ
水素,エネルギー,5406,神戸鋼,東Ｐ
水素,エネルギー,5411,ＪＦＥ,東Ｐ
水素,エネルギー,5563,新日本電工,東Ｐ
水素,エネルギー,5659,日精線,東Ｐ
水素,エネルギー,5703,日軽金ＨＤ,東Ｐ
水素,エネルギー,5802,住友電,東Ｐ
水素,エネルギー,5922,那須鉄,東Ｓ
水素,エネルギー,5941,中西製,東Ｓ
水素,エネルギー,5943,ノーリツ,東Ｐ
水素,エネルギー,5947,リンナイ,東Ｐ
水素,エネルギー,6005,三浦工,東Ｐ
水素,エネルギー,6016,ジャパンエン,東Ｓ
水素,エネルギー,6022,赤阪鉄,東Ｓ
水素,エネルギー,6023,ダイハツイン,東Ｓ
水素,エネルギー,6042,ニッキ,東Ｓ
水素,エネルギー,6229,オーケーエム,東Ｓ
水素,エネルギー,6250,やまびこ,東Ｐ
水素,エネルギー,6301,コマツ,東Ｐ
水素,エネルギー,6306,日工,東Ｐ
水素,エネルギー,6316,丸山製,東Ｓ
水素,エネルギー,6326,クボタ,東Ｐ
水素,エネルギー,6330,東洋エンジ,東Ｐ
水素,エネルギー,6331,化工機,東Ｐ
水素,エネルギー,6333,ＴＥＩＫＯＫ,東Ｐ
水素,エネルギー,6340,渋谷工,東Ｐ
水素,エネルギー,6347,プラコー,東Ｓ
水素,エネルギー,6361,荏原,東Ｐ
水素,エネルギー,6363,酉島,東Ｐ
水素,エネルギー,6366,千代建,東Ｓ
水素,エネルギー,6369,トヨカネツ,東Ｐ
水素,エネルギー,6376,日機装,東Ｐ
水素,エネルギー,6378,木村化,東Ｓ
水素,エネルギー,6391,加地テック,東Ｓ
水素,エネルギー,6448,ブラザー,東Ｐ
水素,エネルギー,6488,ヨシタケ,東Ｓ
水素,エネルギー,6495,宮入バ,東Ｓ
水素,エネルギー,6497,ハマイ,東Ｓ
水素,エネルギー,6498,キッツ,東Ｐ
水素,エネルギー,6501,日立,東Ｐ
水素,エネルギー,6517,デンヨー,東Ｐ
水素,エネルギー,6699,ダイヤＨＤ,東Ｓ
水素,エネルギー,6752,パナＨＤ,東Ｐ
水素,エネルギー,6824,新コスモス,東Ｓ
水素,エネルギー,6848,東亜ＤＫＫ,東Ｓ
水素,エネルギー,6902,デンソー,東Ｐ
水素,エネルギー,6996,ニチコン,東Ｐ
水素,エネルギー,7003,三井Ｅ＆Ｓ,東Ｐ
水素,エネルギー,7004,カナデビア,東Ｐ
水素,エネルギー,7011,三菱重,東Ｐ
水素,エネルギー,7012,川重,東Ｐ
水素,エネルギー,7013,ＩＨＩ,東Ｐ
水素,エネルギー,7014,名村造,東Ｓ
水素,エネルギー,7202,いすゞ,東Ｐ
水素,エネルギー,7203,トヨタ,東Ｐ
水素,エネルギー,7224,新明和,東Ｐ
水素,エネルギー,7240,ＮＯＫ,東Ｐ
水素,エネルギー,7245,大同メ,東Ｐ
水素,エネルギー,7267,ホンダ,東Ｐ
水素,エネルギー,7269,スズキ,東Ｐ
水素,エネルギー,7272,ヤマハ発,東Ｐ
水素,エネルギー,7377,ＤＮＨＤ,東Ｓ
水素,エネルギー,7715,長野計器,東Ｐ
水素,エネルギー,7721,東京計器,東Ｐ
水素,エネルギー,7735,スクリン,東Ｐ
水素,エネルギー,7911,ＴＯＰＰＡＮ,東Ｐ
水素,エネルギー,8001,伊藤忠,東Ｐ
水素,エネルギー,8002,丸紅,東Ｐ
水素,エネルギー,8015,豊田通商,東Ｐ
水素,エネルギー,8031,三井物,東Ｐ
水素,エネルギー,8053,住友商,東Ｐ
水素,エネルギー,8059,第一実,東Ｐ
水素,エネルギー,8088,岩谷産,東Ｐ
水素,エネルギー,8151,東陽テク,東Ｐ
水素,エネルギー,9020,ＪＲ東日本,東Ｐ
水素,エネルギー,9036,東部ネット,東Ｓ
水素,エネルギー,9501,東電ＨＤ,東Ｐ
水素,エネルギー,9502,中部電,東Ｐ
水素,エネルギー,9503,関西電,東Ｐ
水素,エネルギー,9506,東北電,東Ｐ
水素,エネルギー,9509,北海電,東Ｐ
水素,エネルギー,9513,Ｊパワー,東Ｐ
水素,エネルギー,9517,イーレックス,東Ｐ
水素,エネルギー,9531,東ガス,東Ｐ
水素,エネルギー,9532,大ガス,東Ｐ
水素ステーション,エネルギー,3382,セブン＆アイ,東Ｐ
水素ステーション,エネルギー,3402,東レ,東Ｐ
水素ステーション,エネルギー,4045,東合成,東Ｐ
水素ステーション,エネルギー,4088,エアウォータ,東Ｐ
水素ステーション,エネルギー,4091,日本酸素ＨＤ,東Ｐ
水素ステーション,エネルギー,5019,出光興産,東Ｐ
水素ステーション,エネルギー,5020,ＥＮＥＯＳ,東Ｐ
水素ステーション,エネルギー,5021,コスモＨＤ,東Ｐ
水素ステーション,エネルギー,5101,浜ゴム,東Ｐ
水素ステーション,エネルギー,5108,ブリヂストン,東Ｐ
水素ステーション,エネルギー,5401,日本製鉄,東Ｐ
水素ステーション,エネルギー,5406,神戸鋼,東Ｐ
水素ステーション,エネルギー,5563,新日本電工,東Ｐ
水素ステーション,エネルギー,5631,日製鋼,東Ｐ
水素ステーション,エネルギー,5659,日精線,東Ｐ
水素ステーション,エネルギー,5922,那須鉄,東Ｓ
水素ステーション,エネルギー,5974,中国工,東Ｓ
水素ステーション,エネルギー,6331,化工機,東Ｐ
水素ステーション,エネルギー,6333,ＴＥＩＫＯＫ,東Ｐ
水素ステーション,エネルギー,6366,千代建,東Ｓ
水素ステーション,エネルギー,6370,栗田工,東Ｐ
水素ステーション,エネルギー,6391,加地テック,東Ｓ
水素ステーション,エネルギー,6495,宮入バ,東Ｓ
水素ステーション,エネルギー,6497,ハマイ,東Ｓ
水素ステーション,エネルギー,6498,キッツ,東Ｐ
水素ステーション,エネルギー,6824,新コスモス,東Ｓ
水素ステーション,エネルギー,6955,ＦＤＫ,東Ｓ
水素ステーション,エネルギー,7012,川重,東Ｐ
水素ステーション,エネルギー,7240,ＮＯＫ,東Ｐ
水素ステーション,エネルギー,7246,プレス工,東Ｐ
水素ステーション,エネルギー,7377,ＤＮＨＤ,東Ｓ
水素ステーション,エネルギー,7715,長野計器,東Ｐ
水素ステーション,エネルギー,7721,東京計器,東Ｐ
水素ステーション,エネルギー,7727,オーバル,東Ｓ
水素ステーション,エネルギー,8015,豊田通商,東Ｐ
水素ステーション,エネルギー,8088,岩谷産,東Ｐ
水素ステーション,エネルギー,8132,シナネンＨＤ,東Ｐ
水素ステーション,エネルギー,8133,エネクス,東Ｐ
水素ステーション,エネルギー,9264,ポエック,東Ｓ
水素ステーション,エネルギー,9531,東ガス,東Ｐ
水素ステーション,エネルギー,9532,大ガス,東Ｐ
水素ステーション,エネルギー,9533,邦ガス,東Ｐ
水素ステーション,エネルギー,9536,西部ガスＨＤ,東Ｐ
水素ステーション,エネルギー,9888,ＵＥＸ,東Ｓ
波力発電,エネルギー,3443,川田テク,東Ｐ
波力発電,エネルギー,5019,出光興産,東Ｐ
波力発電,エネルギー,6505,東洋電,東Ｓ
波力発電,エネルギー,7003,三井Ｅ＆Ｓ,東Ｐ
波力発電,エネルギー,7004,カナデビア,東Ｐ
波力発電,エネルギー,7012,川重,東Ｐ
波力発電,エネルギー,9104,商船三井,東Ｐ
洋上風力発電,エネルギー,1605,ＩＮＰＥＸ,東Ｐ
洋上風力発電,エネルギー,1787,ナカボテック,東Ｓ
洋上風力発電,エネルギー,1802,大林組,東Ｐ
洋上風力発電,エネルギー,1803,清水建,東Ｐ
洋上風力発電,エネルギー,1812,鹿島,東Ｐ
洋上風力発電,エネルギー,1822,大豊建,東Ｓ
洋上風力発電,エネルギー,1860,戸田建,東Ｐ
洋上風力発電,エネルギー,1885,東亜建,東Ｐ
洋上風力発電,エネルギー,1893,五洋建,東Ｐ
洋上風力発電,エネルギー,1963,日揮ＨＤ,東Ｐ
洋上風力発電,エネルギー,1968,太平電,東Ｐ
洋上風力発電,エネルギー,3176,三洋貿易,東Ｐ
洋上風力発電,エネルギー,4673,川崎地質,東Ｓ
洋上風力発電,エネルギー,5020,ＥＮＥＯＳ,東Ｐ
洋上風力発電,エネルギー,5021,コスモＨＤ,東Ｐ
洋上風力発電,エネルギー,5401,日本製鉄,東Ｐ
洋上風力発電,エネルギー,5411,ＪＦＥ,東Ｐ
洋上風力発電,エネルギー,5632,菱製鋼,東Ｐ
洋上風力発電,エネルギー,5801,古河電,東Ｐ
洋上風力発電,エネルギー,5915,駒井ハルテク,東Ｓ
洋上風力発電,エネルギー,5981,東京綱,東Ｐ
洋上風力発電,エネルギー,6269,三井海洋,東Ｐ
洋上風力発電,エネルギー,6333,ＴＥＩＫＯＫ,東Ｐ
洋上風力発電,エネルギー,6501,日立,東Ｐ
洋上風力発電,エネルギー,6762,ＴＤＫ,東Ｐ
洋上風力発電,エネルギー,7003,三井Ｅ＆Ｓ,東Ｐ
洋上風力発電,エネルギー,7004,カナデビア,東Ｐ
洋上風力発電,エネルギー,7011,三菱重,東Ｐ
洋上風力発電,エネルギー,7013,ＩＨＩ,東Ｐ
洋上風力発電,エネルギー,8002,丸紅,東Ｐ
洋上風力発電,エネルギー,8031,三井物,東Ｐ
洋上風力発電,エネルギー,8053,住友商,東Ｐ
洋上風力発電,エネルギー,8058,三菱商,東Ｐ
洋上風力発電,エネルギー,8066,三谷商,東Ｓ
洋上風力発電,エネルギー,8591,オリックス,東Ｐ
洋上風力発電,エネルギー,8713,フィデアＨＤ,東Ｐ
洋上風力発電,エネルギー,9101,郵船,東Ｐ
洋上風力発電,エネルギー,9107,川崎汽,東Ｐ
洋上風力発電,エネルギー,9193,東京汽,東Ｓ
洋上風力発電,エネルギー,9501,東電ＨＤ,東Ｐ
洋上風力発電,エネルギー,9502,中部電,東Ｐ
洋上風力発電,エネルギー,9503,関西電,東Ｐ
洋上風力発電,エネルギー,9505,北陸電,東Ｐ
洋上風力発電,エネルギー,9506,東北電,東Ｐ
洋上風力発電,エネルギー,9508,九州電,東Ｐ
洋上風力発電,エネルギー,9509,北海電,東Ｐ
洋上風力発電,エネルギー,9513,Ｊパワー,東Ｐ
洋上風力発電,エネルギー,9519,レノバ,東Ｐ
洋上風力発電,エネルギー,9531,東ガス,東Ｐ
洋上風力発電,エネルギー,9532,大ガス,東Ｐ
洋上風力発電,エネルギー,9755,応用地質,東Ｐ
潮力発電,エネルギー,1803,清水建,東Ｐ
潮力発電,エネルギー,7003,三井Ｅ＆Ｓ,東Ｐ
潮力発電,エネルギー,7011,三菱重,東Ｐ
潮力発電,エネルギー,7012,川重,東Ｐ
潮力発電,エネルギー,7013,ＩＨＩ,東Ｐ
火力発電,エネルギー,1945,東京エネシス,東Ｐ
火力発電,エネルギー,1963,日揮ＨＤ,東Ｐ
火力発電,エネルギー,5019,出光興産,東Ｐ
火力発電,エネルギー,5918,滝上工,東Ｓ
火力発電,エネルギー,6248,横田製,東Ｓ
火力発電,エネルギー,6368,オルガノ,東Ｐ
火力発電,エネルギー,6376,日機装,東Ｐ
火力発電,エネルギー,6466,ＴＶＥ,東Ｓ
火力発電,エネルギー,6492,岡野バ,東Ｓ
火力発電,エネルギー,6501,日立,東Ｐ
火力発電,エネルギー,6504,富士電機,東Ｐ
火力発電,エネルギー,7011,三菱重,東Ｐ
火力発電,エネルギー,7013,ＩＨＩ,東Ｐ
火力発電,エネルギー,7677,ヤシマキザイ,東Ｓ
火力発電,エネルギー,8061,西華産,東Ｐ
火力発電,エネルギー,8133,エネクス,東Ｐ
火力発電,エネルギー,9501,東電ＨＤ,東Ｐ
火力発電,エネルギー,9502,中部電,東Ｐ
火力発電,エネルギー,9503,関西電,東Ｐ
火力発電,エネルギー,9504,中国電,東Ｐ
火力発電,エネルギー,9505,北陸電,東Ｐ
火力発電,エネルギー,9506,東北電,東Ｐ
火力発電,エネルギー,9507,四国電,東Ｐ
火力発電,エネルギー,9508,九州電,東Ｐ
火力発電,エネルギー,9509,北海電,東Ｐ
火力発電,エネルギー,9511,沖縄電,東Ｐ
火力発電,エネルギー,9513,Ｊパワー,東Ｐ
火力発電,エネルギー,9651,日本プロセス,東Ｓ
独立系発電事業者,エネルギー,1711,ＳＤＳＨＤ,東Ｓ
独立系発電事業者,エネルギー,2768,双日,東Ｐ
独立系発電事業者,エネルギー,3856,Ａバランス,東Ｓ
独立系発電事業者,エネルギー,3863,日本紙,東Ｐ
独立系発電事業者,エネルギー,4004,レゾナック,東Ｐ
独立系発電事業者,エネルギー,4208,ＵＢＥ,東Ｐ
独立系発電事業者,エネルギー,5019,出光興産,東Ｐ
独立系発電事業者,エネルギー,5020,ＥＮＥＯＳ,東Ｐ
独立系発電事業者,エネルギー,5021,コスモＨＤ,東Ｐ
独立系発電事業者,エネルギー,5232,住友大阪,東Ｐ
独立系発電事業者,エネルギー,5233,太平洋セメ,東Ｐ
独立系発電事業者,エネルギー,5401,日本製鉄,東Ｐ
独立系発電事業者,エネルギー,5406,神戸鋼,東Ｐ
独立系発電事業者,エネルギー,5411,ＪＦＥ,東Ｐ
独立系発電事業者,エネルギー,6361,荏原,東Ｐ
独立系発電事業者,エネルギー,6501,日立,東Ｐ
独立系発電事業者,エネルギー,6503,三菱電,東Ｐ
独立系発電事業者,エネルギー,7004,カナデビア,東Ｐ
独立系発電事業者,エネルギー,7231,トピー,東Ｐ
独立系発電事業者,エネルギー,8002,丸紅,東Ｐ
独立系発電事業者,エネルギー,9519,レノバ,東Ｐ
独立系発電事業者,エネルギー,9531,東ガス,東Ｐ
独立系発電事業者,エネルギー,9532,大ガス,東Ｐ
発電機,エネルギー,3440,日創グループ,東Ｓ
発電機,エネルギー,3647,アスリナ,東Ｓ
発電機,エネルギー,5343,ニッコー,名Ｍ
発電機,エネルギー,6023,ダイハツイン,東Ｓ
発電機,エネルギー,6149,小田原エンジ,東Ｓ
発電機,エネルギー,6250,やまびこ,東Ｐ
発電機,エネルギー,6309,巴工業,東Ｐ
発電機,エネルギー,6364,ＡＩＲＭＡＮ,東Ｐ
発電機,エネルギー,6507,シンフォニア,東Ｐ
発電機,エネルギー,6517,デンヨー,東Ｐ
発電機,エネルギー,7011,三菱重,東Ｐ
発電機,エネルギー,7012,川重,東Ｐ
発電機,エネルギー,7267,ホンダ,東Ｐ
発電機,エネルギー,7272,ヤマハ発,東Ｐ
発電機,エネルギー,8125,ワキタ,東Ｐ
発電機,エネルギー,9678,カナモト,東Ｐ
石油,エネルギー,1605,ＩＮＰＥＸ,東Ｐ
石油,エネルギー,1662,石油資源,東Ｐ
石油,エネルギー,1671,ＷＴＩ原油,東Ｅ
石油,エネルギー,1690,ＷＴ原油,東Ｅ
石油,エネルギー,1699,野村原油,東Ｅ
石油,エネルギー,2038,原油先Ｗブル,東EN
石油,エネルギー,2039,原油先物ベア,東EN
石油,エネルギー,2768,双日,東Ｐ
石油,エネルギー,3167,ＴＯＫＡＩ,東Ｐ
石油,エネルギー,3232,三重交ＨＤ,東Ｐ
石油,エネルギー,5010,日精蝋,東Ｓ
石油,エネルギー,5013,ユシロ,東Ｓ
石油,エネルギー,5015,ＢＰカストロ,東Ｓ
石油,エネルギー,5019,出光興産,東Ｐ
石油,エネルギー,5020,ＥＮＥＯＳ,東Ｐ
石油,エネルギー,5021,コスモＨＤ,東Ｐ
石油,エネルギー,5283,高見沢,東Ｓ
石油,エネルギー,6239,ナガオカ,東Ｓ
石油,エネルギー,7441,Ｍｉｓｕｍｉ,福証
石油,エネルギー,7462,ＣＡＰＩＴＡ,東Ｓ
石油,エネルギー,7486,サンリン,東Ｓ
石油,エネルギー,7490,日新商,東Ｓ
石油,エネルギー,8002,丸紅,東Ｐ
石油,エネルギー,8020,兼松,東Ｐ
石油,エネルギー,8031,三井物,東Ｐ
石油,エネルギー,8037,カメイ,東Ｐ
石油,エネルギー,8053,住友商,東Ｐ
石油,エネルギー,8058,三菱商,東Ｐ
石油,エネルギー,8066,三谷商,東Ｓ
石油,エネルギー,8085,ナラサキ,東Ｓ
石油,エネルギー,8097,三愛オブリ,東Ｐ
石油,エネルギー,8131,ミツウロコＧ,東Ｓ
石油,エネルギー,8132,シナネンＨＤ,東Ｐ
石油,エネルギー,8133,エネクス,東Ｐ
石油,エネルギー,8285,三谷産業,東Ｓ
石油,エネルギー,9036,東部ネット,東Ｓ
石油,エネルギー,9063,岡県運送,東Ｓ
石油,エネルギー,9069,センコーＨＤ,東Ｐ
石油,エネルギー,9073,京極運,東Ｓ
石油,エネルギー,9074,日石輸,東Ｓ
石油,エネルギー,9082,大和自,東Ｓ
石油,エネルギー,9619,イチネンＨＤ,東Ｐ
石炭ガス化複合発電,エネルギー,1963,日揮ＨＤ,東Ｐ
石炭ガス化複合発電,エネルギー,3315,日本コークス,東Ｐ
石炭ガス化複合発電,エネルギー,5351,品川リフラ,東Ｐ
石炭ガス化複合発電,エネルギー,6363,酉島,東Ｐ
石炭ガス化複合発電,エネルギー,6366,千代建,東Ｓ
石炭ガス化複合発電,エネルギー,6466,ＴＶＥ,東Ｓ
石炭ガス化複合発電,エネルギー,6492,岡野バ,東Ｓ
石炭ガス化複合発電,エネルギー,6496,中北製,東Ｓ
石炭ガス化複合発電,エネルギー,6501,日立,東Ｐ
石炭ガス化複合発電,エネルギー,6856,堀場製,東Ｐ
石炭ガス化複合発電,エネルギー,7003,三井Ｅ＆Ｓ,東Ｐ
石炭ガス化複合発電,エネルギー,7011,三菱重,東Ｐ
石炭ガス化複合発電,エネルギー,7012,川重,東Ｐ
石炭ガス化複合発電,エネルギー,7013,ＩＨＩ,東Ｐ
石炭ガス化複合発電,エネルギー,9501,東電ＨＤ,東Ｐ
石炭ガス化複合発電,エネルギー,9502,中部電,東Ｐ
石炭ガス化複合発電,エネルギー,9503,関西電,東Ｐ
石炭ガス化複合発電,エネルギー,9504,中国電,東Ｐ
石炭ガス化複合発電,エネルギー,9513,Ｊパワー,東Ｐ
石炭火力発電,エネルギー,1514,住石ＨＤ,東Ｓ
石炭火力発電,エネルギー,1773,ＹＴＬ,東Ｐ
石炭火力発電,エネルギー,1909,日本ドライ,東Ｓ
石炭火力発電,エネルギー,1968,太平電,東Ｐ
石炭火力発電,エネルギー,3315,日本コークス,東Ｐ
石炭火力発電,エネルギー,6248,横田製,東Ｓ
石炭火力発電,エネルギー,6331,化工機,東Ｐ
石炭火力発電,エネルギー,6466,ＴＶＥ,東Ｓ
石炭火力発電,エネルギー,6492,岡野バ,東Ｓ
石炭火力発電,エネルギー,6501,日立,東Ｐ
石炭火力発電,エネルギー,7011,三菱重,東Ｐ
石炭火力発電,エネルギー,7012,川重,東Ｐ
石炭火力発電,エネルギー,7013,ＩＨＩ,東Ｐ
石炭火力発電,エネルギー,7245,大同メ,東Ｐ
石炭火力発電,エネルギー,8058,三菱商,東Ｐ
石炭火力発電,エネルギー,8061,西華産,東Ｐ
石炭火力発電,エネルギー,8070,東京産,東Ｐ
石炭火力発電,エネルギー,9501,東電ＨＤ,東Ｐ
石炭火力発電,エネルギー,9502,中部電,東Ｐ
石炭火力発電,エネルギー,9503,関西電,東Ｐ
石炭火力発電,エネルギー,9504,中国電,東Ｐ
石炭火力発電,エネルギー,9505,北陸電,東Ｐ
石炭火力発電,エネルギー,9506,東北電,東Ｐ
石炭火力発電,エネルギー,9507,四国電,東Ｐ
石炭火力発電,エネルギー,9508,九州電,東Ｐ
石炭火力発電,エネルギー,9509,北海電,東Ｐ
石炭火力発電,エネルギー,9511,沖縄電,東Ｐ
石炭火力発電,エネルギー,9513,Ｊパワー,東Ｐ
脱炭素,エネルギー,1433,ベステラ,東Ｐ
脱炭素,エネルギー,1436,グリーンエナ,東Ｇ
脱炭素,エネルギー,1605,ＩＮＰＥＸ,東Ｐ
脱炭素,エネルギー,1812,鹿島,東Ｐ
脱炭素,エネルギー,1860,戸田建,東Ｐ
脱炭素,エネルギー,1963,日揮ＨＤ,東Ｐ
脱炭素,エネルギー,2195,アミタＨＤ,東Ｇ
脱炭素,エネルギー,2471,エスプール,東Ｐ
脱炭素,エネルギー,2931,ユーグレナ,東Ｐ
脱炭素,エネルギー,2982,ＡＤＷＧ,東Ｐ
脱炭素,エネルギー,3076,あいＨＤ,東Ｐ
脱炭素,エネルギー,3083,スターシーズ,東Ｓ
脱炭素,エネルギー,3232,三重交ＨＤ,東Ｐ
脱炭素,エネルギー,3407,旭化成,東Ｐ
脱炭素,エネルギー,3837,アドソル日進,東Ｐ
脱炭素,エネルギー,3913,ＧｒｅｅｎＢ,東Ｓ
脱炭素,エネルギー,4061,デンカ,東Ｐ
脱炭素,エネルギー,4169,エネチェンジ,東Ｇ
脱炭素,エネルギー,4439,東名,東Ｓ
脱炭素,エネルギー,4651,サニックスＨ,東Ｓ
脱炭素,エネルギー,5074,テスＨＤ,東Ｐ
脱炭素,エネルギー,5233,太平洋セメ,東Ｐ
脱炭素,エネルギー,5582,グリッド,東Ｇ
脱炭素,エネルギー,6005,三浦工,東Ｐ
脱炭素,エネルギー,6022,赤阪鉄,東Ｓ
脱炭素,エネルギー,6023,ダイハツイン,東Ｓ
脱炭素,エネルギー,6229,オーケーエム,東Ｓ
脱炭素,エネルギー,6269,三井海洋,東Ｐ
脱炭素,エネルギー,6361,荏原,東Ｐ
脱炭素,エネルギー,6378,木村化,東Ｓ
脱炭素,エネルギー,6508,明電舎,東Ｐ
脱炭素,エネルギー,6653,正興電,東Ｐ
脱炭素,エネルギー,6848,東亜ＤＫＫ,東Ｓ
脱炭素,エネルギー,7004,カナデビア,東Ｐ
脱炭素,エネルギー,7011,三菱重,東Ｐ
脱炭素,エネルギー,7012,川重,東Ｐ
脱炭素,エネルギー,7013,ＩＨＩ,東Ｐ
脱炭素,エネルギー,8001,伊藤忠,東Ｐ
脱炭素,エネルギー,8031,三井物,東Ｐ
脱炭素,エネルギー,8058,三菱商,東Ｐ
脱炭素,エネルギー,8088,岩谷産,東Ｐ
脱炭素,エネルギー,8766,東京海上,東Ｐ
脱炭素,エネルギー,9221,フルハシＥ,東Ｓ
脱炭素,エネルギー,9227,マイクロ波,東Ｇ
脱炭素,エネルギー,9432,ＮＴＴ,東Ｐ
脱炭素,エネルギー,9504,中国電,東Ｐ
脱炭素,エネルギー,9508,九州電,東Ｐ
脱炭素,エネルギー,9513,Ｊパワー,東Ｐ
脱炭素,エネルギー,9514,エフオン,東Ｓ
脱炭素,エネルギー,9517,イーレックス,東Ｐ
脱炭素,エネルギー,9519,レノバ,東Ｐ
脱炭素,エネルギー,9532,大ガス,東Ｐ
送電,エネルギー,1921,巴,東Ｓ
送電,エネルギー,1942,関電工,東Ｐ
送電,エネルギー,1944,きんでん,東Ｐ
送電,エネルギー,1959,クラフティア,東Ｐ
送電,エネルギー,3837,アドソル日進,東Ｐ
送電,エネルギー,5333,ＮＧＫ,東Ｐ
送電,エネルギー,5801,古河電,東Ｐ
送電,エネルギー,5802,住友電,東Ｐ
送電,エネルギー,5803,フジクラ,東Ｐ
送電,エネルギー,5805,ＳＷＣＣ,東Ｐ
送電,エネルギー,5816,オーナンバ,東Ｓ
送電,エネルギー,5817,ＪＭＡＣＳ,東Ｓ
送電,エネルギー,5819,カナレ電気,東Ｓ
送電,エネルギー,5821,平河ヒューテ,東Ｐ
送電,エネルギー,5922,那須鉄,東Ｓ
送電,エネルギー,6501,日立,東Ｐ
送電,エネルギー,6617,東光高岳,東Ｐ
送電,エネルギー,6653,正興電,東Ｐ
送電,エネルギー,9508,九州電,東Ｐ
送電,エネルギー,9651,日本プロセス,東Ｓ
電力エンジニアリング,エネルギー,5582,グリッド,東Ｇ
電力会社,エネルギー,1773,ＹＴＬ,東Ｐ
電力会社,エネルギー,3825,リミックス,東Ｓ
電力会社,エネルギー,4439,東名,東Ｓ
電力会社,エネルギー,5541,大平金,東Ｐ
電力会社,エネルギー,5563,新日本電工,東Ｐ
電力会社,エネルギー,7111,ＩＮＥＳＴ,東Ｓ
電力会社,エネルギー,7162,アストマクス,東Ｓ
電力会社,エネルギー,7692,Ｅインフィニ,東Ｓ
電力会社,エネルギー,8133,エネクス,東Ｐ
電力会社,エネルギー,9445,フォーバルＴ,東Ｓ
電力会社,エネルギー,9501,東電ＨＤ,東Ｐ
電力会社,エネルギー,9502,中部電,東Ｐ
電力会社,エネルギー,9503,関西電,東Ｐ
電力会社,エネルギー,9504,中国電,東Ｐ
電力会社,エネルギー,9505,北陸電,東Ｐ
電力会社,エネルギー,9506,東北電,東Ｐ
電力会社,エネルギー,9507,四国電,東Ｐ
電力会社,エネルギー,9508,九州電,東Ｐ
電力会社,エネルギー,9509,北海電,東Ｐ
電力会社,エネルギー,9511,沖縄電,東Ｐ
電力会社,エネルギー,9513,Ｊパワー,東Ｐ
電力会社,エネルギー,9514,エフオン,東Ｓ
電力会社,エネルギー,9534,北ガス,東Ｐ
電力工事,エネルギー,1434,ＪＥＳＣＯ,東Ｓ
電力工事,エネルギー,1758,太洋基礎,東Ｓ
電力工事,エネルギー,1777,川崎設備,名Ｍ
電力工事,エネルギー,1832,北海電工,札証
電力工事,エネルギー,1930,北陸電工,東Ｐ
電力工事,エネルギー,1934,ユアテック,東Ｐ
電力工事,エネルギー,1938,日リーテック,東Ｐ
電力工事,エネルギー,1939,四電工,東Ｐ
電力工事,エネルギー,1942,関電工,東Ｐ
電力工事,エネルギー,1944,きんでん,東Ｐ
電力工事,エネルギー,1946,トーエネク,東Ｐ
電力工事,エネルギー,1948,弘電社,東Ｓ
電力工事,エネルギー,1950,日本電設,東Ｐ
電力工事,エネルギー,1959,クラフティア,東Ｐ
電力工事,エネルギー,1960,サンテック,東Ｓ
電力工事,エネルギー,1980,ダイダン,東Ｐ
電力工事,エネルギー,1981,協和日成,東Ｓ
電力工事,エネルギー,4068,ベイシス,東Ｇ
電力工事,エネルギー,5983,イワブチ,東Ｓ
電力線通信,エネルギー,1944,きんでん,東Ｐ
電力線通信,エネルギー,3837,アドソル日進,東Ｐ
電力線通信,エネルギー,5802,住友電,東Ｐ
電力線通信,エネルギー,6503,三菱電,東Ｐ
電力線通信,エネルギー,6701,ＮＥＣ,東Ｐ
電力線通信,エネルギー,6702,富士通,東Ｐ
電力線通信,エネルギー,6752,パナＨＤ,東Ｐ
電力線通信,エネルギー,6753,シャープ,東Ｐ
電力線通信,エネルギー,6798,ＳＭＫ,東Ｐ
電力線通信,エネルギー,6875,メガチップス,東Ｐ
電力線通信,エネルギー,9432,ＮＴＴ,東Ｐ
電力線通信,エネルギー,9433,ＫＤＤＩ,東Ｐ
電力線通信,エネルギー,9501,東電ＨＤ,東Ｐ
電力線通信,エネルギー,9502,中部電,東Ｐ
電力線通信,エネルギー,9503,関西電,東Ｐ
電力設備投資関連,エネルギー,1434,ＪＥＳＣＯ,東Ｓ
電力設備投資関連,エネルギー,1721,コムシスＨＤ,東Ｐ
電力設備投資関連,エネルギー,1758,太洋基礎,東Ｓ
電力設備投資関連,エネルギー,1832,北海電工,札証
電力設備投資関連,エネルギー,1921,巴,東Ｓ
電力設備投資関連,エネルギー,1930,北陸電工,東Ｐ
電力設備投資関連,エネルギー,1934,ユアテック,東Ｐ
電力設備投資関連,エネルギー,1938,日リーテック,東Ｐ
電力設備投資関連,エネルギー,1939,四電工,東Ｐ
電力設備投資関連,エネルギー,1941,中電工,東Ｐ
電力設備投資関連,エネルギー,1942,関電工,東Ｐ
電力設備投資関連,エネルギー,1944,きんでん,東Ｐ
電力設備投資関連,エネルギー,1945,東京エネシス,東Ｐ
電力設備投資関連,エネルギー,1946,トーエネク,東Ｐ
電力設備投資関連,エネルギー,1948,弘電社,東Ｓ
電力設備投資関連,エネルギー,1959,クラフティア,東Ｐ
電力設備投資関連,エネルギー,1960,サンテック,東Ｓ
電力設備投資関連,エネルギー,1961,三機工,東Ｐ
電力設備投資関連,エネルギー,1966,高田工,東Ｓ
電力設備投資関連,エネルギー,1968,太平電,東Ｐ
電力設備投資関連,エネルギー,4240,クラスター,東Ｓ
電力設備投資関連,エネルギー,5269,日コン,東Ｐ
電力設備投資関連,エネルギー,5333,ＮＧＫ,東Ｐ
電力設備投資関連,エネルギー,5631,日製鋼,東Ｐ
電力設備投資関連,エネルギー,5801,古河電,東Ｐ
電力設備投資関連,エネルギー,5802,住友電,東Ｐ
電力設備投資関連,エネルギー,5803,フジクラ,東Ｐ
電力設備投資関連,エネルギー,5805,ＳＷＣＣ,東Ｐ
電力設備投資関連,エネルギー,5922,那須鉄,東Ｓ
電力設備投資関連,エネルギー,5939,大谷工業,東Ｓ
電力設備投資関連,エネルギー,5983,イワブチ,東Ｓ
電力設備投資関連,エネルギー,6144,西部電機,東Ｓ
電力設備投資関連,エネルギー,6333,ＴＥＩＫＯＫ,東Ｐ
電力設備投資関連,エネルギー,6345,アイチコーポ,東Ｐ
電力設備投資関連,エネルギー,6356,日ギア,東Ｓ
電力設備投資関連,エネルギー,6395,タダノ,東Ｐ
電力設備投資関連,エネルギー,6501,日立,東Ｐ
電力設備投資関連,エネルギー,6503,三菱電,東Ｐ
電力設備投資関連,エネルギー,6504,富士電機,東Ｐ
電力設備投資関連,エネルギー,6506,安川電,東Ｐ
電力設備投資関連,エネルギー,6507,シンフォニア,東Ｐ
電力設備投資関連,エネルギー,6508,明電舎,東Ｐ
電力設備投資関連,エネルギー,6617,東光高岳,東Ｐ
電力設備投資関連,エネルギー,6622,ダイヘン,東Ｐ
電力設備投資関連,エネルギー,6623,愛電機,名Ｐ
電力設備投資関連,エネルギー,6643,戸上電,東Ｓ
電力設備投資関連,エネルギー,6644,大崎電,東Ｐ
電力設備投資関連,エネルギー,6648,かわでん,東Ｓ
電力設備投資関連,エネルギー,6651,日東工,東Ｐ
電力設備投資関連,エネルギー,6653,正興電,東Ｐ
電力設備投資関連,エネルギー,6654,不二電機,東Ｓ
電力設備投資関連,エネルギー,6655,東洋電機,名Ｍ
電力設備投資関連,エネルギー,6994,指月電,東Ｓ
電力設備投資関連,エネルギー,7011,三菱重,東Ｐ
電力設備投資関連,エネルギー,7227,アスカ,名Ｍ
電力設備投資関連,エネルギー,7760,ＩＭＶ,東Ｓ
電力設備投資関連,エネルギー,8061,西華産,東Ｐ
電力設備投資関連,エネルギー,8070,東京産,東Ｐ
電力設備投資関連,エネルギー,9501,東電ＨＤ,東Ｐ
電力設備投資関連,エネルギー,9502,中部電,東Ｐ
電力設備投資関連,エネルギー,9503,関西電,東Ｐ
電力設備投資関連,エネルギー,9504,中国電,東Ｐ
電力設備投資関連,エネルギー,9505,北陸電,東Ｐ
電力設備投資関連,エネルギー,9506,東北電,東Ｐ
電力設備投資関連,エネルギー,9507,四国電,東Ｐ
電力設備投資関連,エネルギー,9508,九州電,東Ｐ
電力設備投資関連,エネルギー,9509,北海電,東Ｐ
電力設備投資関連,エネルギー,9511,沖縄電,東Ｐ
電力設備投資関連,エネルギー,9513,Ｊパワー,東Ｐ
電線,エネルギー,5016,ＪＸ金属,東Ｐ
電線,エネルギー,5020,ＥＮＥＯＳ,東Ｐ
電線,エネルギー,5711,三菱マ,東Ｐ
電線,エネルギー,5801,古河電,東Ｐ
電線,エネルギー,5802,住友電,東Ｐ
電線,エネルギー,5803,フジクラ,東Ｐ
電線,エネルギー,5805,ＳＷＣＣ,東Ｐ
電線,エネルギー,5816,オーナンバ,東Ｓ
電線,エネルギー,5817,ＪＭＡＣＳ,東Ｓ
電線,エネルギー,5819,カナレ電気,東Ｓ
電線,エネルギー,5820,三ッ星,東Ｓ
電線,エネルギー,5821,平河ヒューテ,東Ｐ
電線,エネルギー,5955,ワイズＨＤ,東Ｓ
電線,エネルギー,7619,田中商事,東Ｓ
電線,エネルギー,7673,ダイコー通産,東Ｓ
電線,エネルギー,7887,南プラ,東Ｓ
電線,エネルギー,9824,泉州電,東Ｐ
電線,エネルギー,9906,藤井産業,東Ｓ
電線,エネルギー,9934,因幡電産,東Ｐ
電線地中化,エネルギー,1721,コムシスＨＤ,東Ｐ
電線地中化,エネルギー,1844,大盛工業,東Ｓ
電線地中化,エネルギー,1941,中電工,東Ｐ
電線地中化,エネルギー,1942,関電工,東Ｐ
電線地中化,エネルギー,1944,きんでん,東Ｐ
電線地中化,エネルギー,1951,エクシオＧ,東Ｐ
電線地中化,エネルギー,1959,クラフティア,東Ｐ
電線地中化,エネルギー,4204,積水化,東Ｐ
電線地中化,エネルギー,4231,タイガポリ,東Ｓ
電線地中化,エネルギー,5262,日ヒュム,東Ｐ
電線地中化,エネルギー,5268,旭コン,東Ｓ
電線地中化,エネルギー,5269,日コン,東Ｐ
電線地中化,エネルギー,5279,日本興業,東Ｓ
電線地中化,エネルギー,5282,ジオスター,東Ｓ
電線地中化,エネルギー,5284,ヤマウＨＤ,東Ｓ
電線地中化,エネルギー,5285,ヤマックス,東Ｓ
電線地中化,エネルギー,5287,イトヨーギョ,東Ｓ
電線地中化,エネルギー,5290,ベルテクス,東Ｓ
電線地中化,エネルギー,5603,虹技,東Ｓ
電線地中化,エネルギー,5801,古河電,東Ｐ
電線地中化,エネルギー,5803,フジクラ,東Ｐ
電線地中化,エネルギー,5805,ＳＷＣＣ,東Ｐ
電線地中化,エネルギー,5922,那須鉄,東Ｓ
電線地中化,エネルギー,9248,人・夢・技術,東Ｓ
電線地中化,エネルギー,9765,オオバ,東Ｐ
電線地中化,エネルギー,9824,泉州電,東Ｐ
風力発電,エネルギー,1514,住石ＨＤ,東Ｓ
風力発電,エネルギー,1605,ＩＮＰＥＸ,東Ｐ
風力発電,エネルギー,1721,コムシスＨＤ,東Ｐ
風力発電,エネルギー,1801,大成建,東Ｐ
風力発電,エネルギー,1802,大林組,東Ｐ
風力発電,エネルギー,1803,清水建,東Ｐ
風力発電,エネルギー,1812,鹿島,東Ｐ
風力発電,エネルギー,1813,不動テトラ,東Ｐ
風力発電,エネルギー,1832,北海電工,札証
風力発電,エネルギー,1860,戸田建,東Ｐ
風力発電,エネルギー,1885,東亜建,東Ｐ
風力発電,エネルギー,1893,五洋建,東Ｐ
風力発電,エネルギー,1911,住友林,東Ｐ
風力発電,エネルギー,1925,大和ハウス,東Ｐ
風力発電,エネルギー,1934,ユアテック,東Ｐ
風力発電,エネルギー,1942,関電工,東Ｐ
風力発電,エネルギー,1944,きんでん,東Ｐ
風力発電,エネルギー,1959,クラフティア,東Ｐ
風力発電,エネルギー,1968,太平電,東Ｐ
風力発電,エネルギー,2337,いちご,東Ｐ
風力発電,エネルギー,2667,イメージワン,東Ｓ
風力発電,エネルギー,3156,レスター,東Ｐ
風力発電,エネルギー,3231,野村不ＨＤ,東Ｐ
風力発電,エネルギー,3289,東急不ＨＤ,東Ｐ
風力発電,エネルギー,3401,帝人,東Ｐ
風力発電,エネルギー,3402,東レ,東Ｐ
風力発電,エネルギー,3498,霞ヶ関Ｃ,東Ｐ
風力発電,エネルギー,3856,Ａバランス,東Ｓ
風力発電,エネルギー,4063,信越化,東Ｐ
風力発電,エネルギー,4183,三井化学,東Ｐ
風力発電,エネルギー,4188,三菱ケミＧ,東Ｐ
風力発電,エネルギー,4245,Ｄ・アクシス,東Ｓ
風力発電,エネルギー,5019,出光興産,東Ｐ
風力発電,エネルギー,5020,ＥＮＥＯＳ,東Ｐ
風力発電,エネルギー,5021,コスモＨＤ,東Ｐ
風力発電,エネルギー,5074,テスＨＤ,東Ｐ
風力発電,エネルギー,5076,インフロニア,東Ｐ
風力発電,エネルギー,5262,日ヒュム,東Ｐ
風力発電,エネルギー,5310,東洋炭素,東Ｐ
風力発電,エネルギー,5333,ＮＧＫ,東Ｐ
風力発電,エネルギー,5343,ニッコー,名Ｍ
風力発電,エネルギー,5344,ＭＡＲＵＷＡ,東Ｐ
風力発電,エネルギー,5401,日本製鉄,東Ｐ
風力発電,エネルギー,5411,ＪＦＥ,東Ｐ
風力発電,エネルギー,5609,日鋳造,東Ｓ
風力発電,エネルギー,5801,古河電,東Ｐ
風力発電,エネルギー,5802,住友電,東Ｐ
風力発電,エネルギー,5915,駒井ハルテク,東Ｓ
風力発電,エネルギー,5922,那須鉄,東Ｓ
風力発電,エネルギー,5987,オーネックス,東Ｓ
風力発電,エネルギー,6166,中村超硬,東Ｇ
風力発電,エネルギー,6268,ナブテスコ,東Ｐ
風力発電,エネルギー,6325,タカキタ,東Ｓ
風力発電,エネルギー,6363,酉島,東Ｐ
風力発電,エネルギー,6471,日精工,東Ｐ
風力発電,エネルギー,6472,ＮＴＮ,東Ｐ
風力発電,エネルギー,6473,ジェイテクト,東Ｐ
風力発電,エネルギー,6501,日立,東Ｐ
風力発電,エネルギー,6504,富士電機,東Ｐ
風力発電,エネルギー,6506,安川電,東Ｐ
風力発電,エネルギー,6507,シンフォニア,東Ｐ
風力発電,エネルギー,6508,明電舎,東Ｐ
風力発電,エネルギー,6594,ニデック,東Ｐ
風力発電,エネルギー,6762,ＴＤＫ,東Ｐ
風力発電,エネルギー,6786,ＲＶＨ,東Ｓ
風力発電,エネルギー,6838,多摩川ＨＤ,東Ｓ
風力発電,エネルギー,6853,共和電,東Ｓ
風力発電,エネルギー,7003,三井Ｅ＆Ｓ,東Ｐ
風力発電,エネルギー,7004,カナデビア,東Ｐ
風力発電,エネルギー,7011,三菱重,東Ｐ
風力発電,エネルギー,7012,川重,東Ｐ
風力発電,エネルギー,7013,ＩＨＩ,東Ｐ
風力発電,エネルギー,7014,名村造,東Ｓ
風力発電,エネルギー,7245,大同メ,東Ｐ
風力発電,エネルギー,7522,ワタミ,東Ｐ
風力発電,エネルギー,7692,Ｅインフィニ,東Ｓ
風力発電,エネルギー,8001,伊藤忠,東Ｐ
風力発電,エネルギー,8002,丸紅,東Ｐ
風力発電,エネルギー,8015,豊田通商,東Ｐ
風力発電,エネルギー,8022,ミズノ,東Ｐ
風力発電,エネルギー,8031,三井物,東Ｐ
風力発電,エネルギー,8053,住友商,東Ｐ
風力発電,エネルギー,8058,三菱商,東Ｐ
風力発電,エネルギー,8066,三谷商,東Ｓ
風力発電,エネルギー,8088,岩谷産,東Ｐ
風力発電,エネルギー,8131,ミツウロコＧ,東Ｓ
風力発電,エネルギー,8133,エネクス,東Ｐ
風力発電,エネルギー,8591,オリックス,東Ｐ
風力発電,エネルギー,9020,ＪＲ東日本,東Ｐ
風力発電,エネルギー,9501,東電ＨＤ,東Ｐ
風力発電,エネルギー,9503,関西電,東Ｐ
風力発電,エネルギー,9504,中国電,東Ｐ
風力発電,エネルギー,9505,北陸電,東Ｐ
風力発電,エネルギー,9506,東北電,東Ｐ
風力発電,エネルギー,9507,四国電,東Ｐ
風力発電,エネルギー,9508,九州電,東Ｐ
風力発電,エネルギー,9509,北海電,東Ｐ
風力発電,エネルギー,9511,沖縄電,東Ｐ
風力発電,エネルギー,9513,Ｊパワー,東Ｐ
風力発電,エネルギー,9519,レノバ,東Ｐ
風力発電,エネルギー,9531,東ガス,東Ｐ
風力発電,エネルギー,9532,大ガス,東Ｐ
風力発電,エネルギー,9534,北ガス,東Ｐ
風力発電,エネルギー,9536,西部ガスＨＤ,東Ｐ
風力発電,エネルギー,9755,応用地質,東Ｐ
風力発電,エネルギー,9908,Ｄｅｎｋｅｉ,東Ｓ
風力発電,エネルギー,9984,ＳＢＧ,東Ｐ
コバルト,素材・資源,4092,日本化,東Ｐ
コバルト,素材・資源,4107,伊勢化,東Ｓ
コバルト,素材・資源,5233,太平洋セメ,東Ｐ
コバルト,素材・資源,5541,大平金,東Ｐ
コバルト,素材・資源,5713,住友鉱,東Ｐ
コバルト,素材・資源,5724,アサカ理研,東Ｓ
コバルト,素材・資源,5857,ＡＲＥＨＤ,東Ｐ
コバルト,素材・資源,7456,松田産業,東Ｐ
コバルト,素材・資源,8031,三井物,東Ｐ
コバルト,素材・資源,8053,住友商,東Ｐ
スーパー繊維,素材・資源,2931,ユーグレナ,東Ｐ
スーパー繊維,素材・資源,3001,片倉,東Ｓ
スーパー繊維,素材・資源,3101,東洋紡,東Ｐ
スーパー繊維,素材・資源,3103,ユニチカ,東Ｓ
スーパー繊維,素材・資源,3104,富士紡ＨＤ,東Ｐ
スーパー繊維,素材・資源,3109,シキボウ,東Ｐ
スーパー繊維,素材・資源,3111,オーミケンシ,東Ｓ
スーパー繊維,素材・資源,3302,帝国繊維,東Ｐ
スーパー繊維,素材・資源,3401,帝人,東Ｐ
スーパー繊維,素材・資源,3402,東レ,東Ｐ
スーパー繊維,素材・資源,3405,クラレ,東Ｐ
スーパー繊維,素材・資源,3407,旭化成,東Ｐ
スーパー繊維,素材・資源,3569,セーレン,東Ｐ
スーパー繊維,素材・資源,3580,小松マテーレ,東Ｐ
スーパー繊維,素材・資源,4023,クレハ,東Ｐ
スーパー繊維,素材・資源,4188,三菱ケミＧ,東Ｐ
スーパー繊維,素材・資源,5302,カーボン,東Ｐ
セメント,素材・資源,1773,ＹＴＬ,東Ｐ
セメント,素材・資源,4042,東ソー,東Ｐ
セメント,素材・資源,4043,トクヤマ,東Ｐ
セメント,素材・資源,4208,ＵＢＥ,東Ｐ
セメント,素材・資源,5232,住友大阪,東Ｐ
セメント,素材・資源,5233,太平洋セメ,東Ｐ
セメント,素材・資源,5711,三菱マ,東Ｐ
セメント,素材・資源,8066,三谷商,東Ｓ
セメント,素材・資源,8085,ナラサキ,東Ｓ
セメント,素材・資源,9036,東部ネット,東Ｓ
タングステン,素材・資源,2768,双日,東Ｐ
タングステン,素材・資源,4047,関電化,東Ｐ
タングステン,素材・資源,5334,特殊陶,東Ｐ
タングステン,素材・資源,5711,三菱マ,東Ｐ
タングステン,素材・資源,5802,住友電,東Ｐ
タングステン,素材・資源,6138,ダイジェト,東Ｓ
タングステン,素材・資源,6167,冨士ダイス,東Ｐ
タングステン,素材・資源,6998,タングス,東Ｓ
タングステン,素材・資源,7456,松田産業,東Ｐ
タングステン,素材・資源,7637,白銅,東Ｐ
ニッケル,素材・資源,1694,ＷＴニッケル,東Ｅ
ニッケル,素材・資源,2768,双日,東Ｐ
ニッケル,素材・資源,3036,アルコニクス,東Ｐ
ニッケル,素材・資源,4107,伊勢化,東Ｓ
ニッケル,素材・資源,5016,ＪＸ金属,東Ｐ
ニッケル,素材・資源,5480,冶金工,東Ｐ
ニッケル,素材・資源,5541,大平金,東Ｐ
ニッケル,素材・資源,5713,住友鉱,東Ｐ
ニッケル,素材・資源,5721,Ｓクリプトエ,東Ｓ
ニッケル,素材・資源,7456,松田産業,東Ｐ
ニッケル,素材・資源,8031,三井物,東Ｐ
ニッケル,素材・資源,8053,住友商,東Ｐ
ニッケル,素材・資源,8058,三菱商,東Ｐ
ニッケル,素材・資源,9227,マイクロ波,東Ｇ
レアアース,素材・資源,1662,石油資源,東Ｐ
レアアース,素材・資源,1885,東亜建,東Ｐ
レアアース,素材・資源,1963,日揮ＨＤ,東Ｐ
レアアース,素材・資源,2768,双日,東Ｐ
レアアース,素材・資源,3036,アルコニクス,東Ｐ
レアアース,素材・資源,3176,三洋貿易,東Ｐ
レアアース,素材・資源,3556,リネットＪ,東Ｇ
レアアース,素材・資源,4004,レゾナック,東Ｐ
レアアース,素材・資源,4063,信越化,東Ｐ
レアアース,素材・資源,4082,稀元素,東Ｐ
レアアース,素材・資源,5471,大同特鋼,東Ｐ
レアアース,素材・資源,5541,大平金,東Ｐ
レアアース,素材・資源,5698,エンビプロ,東Ｓ
レアアース,素材・資源,5707,東邦鉛,東Ｐ
レアアース,素材・資源,5711,三菱マ,東Ｐ
レアアース,素材・資源,5713,住友鉱,東Ｐ
レアアース,素材・資源,5714,ＤＯＷＡ,東Ｐ
レアアース,素材・資源,5715,古河機金,東Ｐ
レアアース,素材・資源,5724,アサカ理研,東Ｓ
レアアース,素材・資源,5857,ＡＲＥＨＤ,東Ｐ
レアアース,素材・資源,6166,中村超硬,東Ｇ
レアアース,素材・資源,6167,冨士ダイス,東Ｐ
レアアース,素材・資源,6269,三井海洋,東Ｐ
レアアース,素材・資源,6330,東洋エンジ,東Ｐ
レアアース,素材・資源,6728,アルバック,東Ｐ
レアアース,素材・資源,7003,三井Ｅ＆Ｓ,東Ｐ
レアアース,素材・資源,7280,ミツバ,東Ｐ
レアアース,素材・資源,7456,松田産業,東Ｐ
レアアース,素材・資源,7485,岡谷鋼機,名Ｐ
レアアース,素材・資源,7746,岡本硝子,東Ｓ
レアアース,素材・資源,8002,丸紅,東Ｐ
レアアース,素材・資源,8015,豊田通商,東Ｐ
レアアース,素材・資源,8031,三井物,東Ｐ
レアアース,素材・資源,8053,住友商,東Ｐ
レアアース,素材・資源,8058,三菱商,東Ｐ
レアアース,素材・資源,8078,阪和興,東Ｐ
レアアース,素材・資源,8103,明和産,東Ｐ
レアアース,素材・資源,9768,いであ,東Ｓ
レアメタル,素材・資源,1491,中外鉱,東Ｓ
レアメタル,素材・資源,1605,ＩＮＰＥＸ,東Ｐ
レアメタル,素材・資源,1662,石油資源,東Ｐ
レアメタル,素材・資源,2768,双日,東Ｐ
レアメタル,素材・資源,3036,アルコニクス,東Ｐ
レアメタル,素材・資源,3168,ＭＥＲＦ,東Ｓ
レアメタル,素材・資源,4004,レゾナック,東Ｐ
レアメタル,素材・資源,4047,関電化,東Ｐ
レアメタル,素材・資源,4092,日本化,東Ｐ
レアメタル,素材・資源,4107,伊勢化,東Ｓ
レアメタル,素材・資源,4125,三和油化工業,東Ｓ
レアメタル,素材・資源,4462,石原ケミ,東Ｐ
レアメタル,素材・資源,4524,仁丹,東Ｓ
レアメタル,素材・資源,5016,ＪＸ金属,東Ｐ
レアメタル,素材・資源,5020,ＥＮＥＯＳ,東Ｐ
レアメタル,素材・資源,5406,神戸鋼,東Ｐ
レアメタル,素材・資源,5411,ＪＦＥ,東Ｐ
レアメタル,素材・資源,5480,冶金工,東Ｐ
レアメタル,素材・資源,5541,大平金,東Ｐ
レアメタル,素材・資源,5563,新日本電工,東Ｐ
レアメタル,素材・資源,5702,大紀ア,東Ｐ
レアメタル,素材・資源,5703,日軽金ＨＤ,東Ｐ
レアメタル,素材・資源,5706,三井金属,東Ｐ
レアメタル,素材・資源,5707,東邦鉛,東Ｐ
レアメタル,素材・資源,5711,三菱マ,東Ｐ
レアメタル,素材・資源,5713,住友鉱,東Ｐ
レアメタル,素材・資源,5714,ＤＯＷＡ,東Ｐ
レアメタル,素材・資源,5715,古河機金,東Ｐ
レアメタル,素材・資源,5724,アサカ理研,東Ｓ
レアメタル,素材・資源,5726,大阪チタ,東Ｐ
レアメタル,素材・資源,5729,日精鉱,東Ｓ
レアメタル,素材・資源,5741,ＵＡＣＪ,東Ｐ
レアメタル,素材・資源,5742,ＮＩＣ,東Ｓ
レアメタル,素材・資源,5857,ＡＲＥＨＤ,東Ｐ
レアメタル,素材・資源,5955,ワイズＨＤ,東Ｓ
レアメタル,素材・資源,6138,ダイジェト,東Ｓ
レアメタル,素材・資源,6167,冨士ダイス,東Ｐ
レアメタル,素材・資源,6269,三井海洋,東Ｐ
レアメタル,素材・資源,6762,ＴＤＫ,東Ｐ
レアメタル,素材・資源,6998,タングス,東Ｓ
レアメタル,素材・資源,7456,松田産業,東Ｐ
レアメタル,素材・資源,7826,フルヤ金属,東Ｐ
レアメタル,素材・資源,8001,伊藤忠,東Ｐ
レアメタル,素材・資源,8002,丸紅,東Ｐ
レアメタル,素材・資源,8031,三井物,東Ｐ
レアメタル,素材・資源,8053,住友商,東Ｐ
レアメタル,素材・資源,8058,三菱商,東Ｐ
レアメタル,素材・資源,8088,岩谷産,東Ｐ
レアメタル,素材・資源,8103,明和産,東Ｐ
レアメタル,素材・資源,9227,マイクロ波,東Ｇ
レアメタル,素材・資源,9888,ＵＥＸ,東Ｓ
亜鉛,素材・資源,4027,テイカ,東Ｐ
亜鉛,素材・資源,4028,石原産,東Ｐ
亜鉛,素材・資源,4078,堺化学,東Ｐ
亜鉛,素材・資源,5706,三井金属,東Ｐ
亜鉛,素材・資源,5707,東邦鉛,東Ｐ
亜鉛,素材・資源,5713,住友鉱,東Ｐ
亜鉛,素材・資源,5714,ＤＯＷＡ,東Ｐ
亜鉛,素材・資源,6301,コマツ,東Ｐ
亜鉛,素材・資源,7485,岡谷鋼機,名Ｐ
亜鉛,素材・資源,8001,伊藤忠,東Ｐ
亜鉛,素材・資源,8065,佐藤商,東Ｐ
化学,素材・資源,3405,クラレ,東Ｐ
化学,素材・資源,3407,旭化成,東Ｐ
化学,素材・資源,3537,昭栄薬品,東Ｓ
化学,素材・資源,3553,共和レ,東Ｓ
化学,素材・資源,4004,レゾナック,東Ｐ
化学,素材・資源,4005,住友化,東Ｐ
化学,素材・資源,4008,住友精化,東Ｐ
化学,素材・資源,4021,日産化,東Ｐ
化学,素材・資源,4022,ラサ工,東Ｐ
化学,素材・資源,4023,クレハ,東Ｐ
化学,素材・資源,4025,多木化,東Ｐ
化学,素材・資源,4027,テイカ,東Ｐ
化学,素材・資源,4028,石原産,東Ｐ
化学,素材・資源,4031,片倉コープ,東Ｓ
化学,素材・資源,4040,南海化学,東Ｓ
化学,素材・資源,4041,日曹達,東Ｐ
化学,素材・資源,4042,東ソー,東Ｐ
化学,素材・資源,4043,トクヤマ,東Ｐ
化学,素材・資源,4044,セ硝子,東Ｐ
化学,素材・資源,4045,東合成,東Ｐ
化学,素材・資源,4046,大阪ソーダ,東Ｐ
化学,素材・資源,4047,関電化,東Ｐ
化学,素材・資源,4061,デンカ,東Ｐ
化学,素材・資源,4063,信越化,東Ｐ
化学,素材・資源,4064,カーバイド,東Ｐ
化学,素材・資源,4078,堺化学,東Ｐ
化学,素材・資源,4082,稀元素,東Ｐ
化学,素材・資源,4088,エアウォータ,東Ｐ
化学,素材・資源,4091,日本酸素ＨＤ,東Ｐ
化学,素材・資源,4092,日本化,東Ｐ
化学,素材・資源,4093,アセチレン,東Ｓ
化学,素材・資源,4094,日化産,東Ｓ
化学,素材・資源,4095,パーカライ,東Ｐ
化学,素材・資源,4097,高圧ガス,東Ｐ
化学,素材・資源,4098,チタン,東Ｓ
化学,素材・資源,4099,四国化ＨＤ,東Ｐ
化学,素材・資源,4100,戸田工,東Ｓ
化学,素材・資源,4102,丸尾カル,東Ｓ
化学,素材・資源,4107,伊勢化,東Ｓ
化学,素材・資源,4109,ステラケミ,東Ｐ
化学,素材・資源,4112,保土谷,東Ｐ
化学,素材・資源,4113,田岡化,東Ｓ
化学,素材・資源,4114,日触媒,東Ｐ
化学,素材・資源,4116,大日精,東Ｐ
化学,素材・資源,4118,カネカ,東Ｐ
化学,素材・資源,4124,大阪油化,東Ｓ
化学,素材・資源,4125,三和油化工業,東Ｓ
化学,素材・資源,4182,菱ガス化,東Ｐ
化学,素材・資源,4183,三井化学,東Ｐ
化学,素材・資源,4186,東応化,東Ｐ
化学,素材・資源,4187,大有機,東Ｐ
化学,素材・資源,4188,三菱ケミＧ,東Ｐ
化学,素材・資源,4189,ＫＨネオケム,東Ｐ
化学,素材・資源,4202,ダイセル,東Ｐ
化学,素材・資源,4203,住友ベ,東Ｐ
化学,素材・資源,4204,積水化,東Ｐ
化学,素材・資源,4205,ゼオン,東Ｐ
化学,素材・資源,4206,アイカ,東Ｐ
化学,素材・資源,4208,ＵＢＥ,東Ｐ
化学,素材・資源,4212,積水樹,東Ｐ
化学,素材・資源,4216,旭有機材,東Ｐ
化学,素材・資源,4218,ニチバン,東Ｐ
化学,素材・資源,4220,リケンテクノ,東Ｐ
化学,素材・資源,4221,大倉工,東Ｐ
化学,素材・資源,4228,積化成,東Ｐ
化学,素材・資源,4229,群栄化,東Ｐ
化学,素材・資源,4231,タイガポリ,東Ｓ
化学,素材・資源,4234,サンエー化研,東Ｓ
化学,素材・資源,4237,フジプレアム,東Ｓ
化学,素材・資源,4238,ミライアル,東Ｓ
化学,素材・資源,4243,ニックス,東Ｓ
化学,素材・資源,4245,Ｄ・アクシス,東Ｓ
化学,素材・資源,4246,ＤＮＣ,東Ｐ
化学,素材・資源,4248,竹本容器,東Ｓ
化学,素材・資源,4251,恵和,東Ｐ
化学,素材・資源,4272,日化薬,東Ｐ
化学,素材・資源,4275,カーリット,東Ｐ
化学,素材・資源,4360,ＭＣＰｓ,東Ｓ
化学,素材・資源,4362,日精化,東Ｐ
化学,素材・資源,4366,ダイトーケミ,東Ｓ
化学,素材・資源,4368,扶桑化学,東Ｐ
化学,素材・資源,4369,トリケミカル,東Ｐ
化学,素材・資源,4401,ＡＤＥＫＡ,東Ｐ
化学,素材・資源,4403,日油,東Ｐ
化学,素材・資源,4406,日理化,東Ｓ
化学,素材・資源,4409,東邦化,東Ｓ
化学,素材・資源,4410,ハリマ化成Ｇ,東Ｐ
化学,素材・資源,4452,花王,東Ｐ
化学,素材・資源,4461,一工薬,東Ｐ
化学,素材・資源,4463,日華化学,東Ｓ
化学,素材・資源,4465,ニイタカ,東Ｓ
化学,素材・資源,4471,三洋化,東Ｐ
化学,素材・資源,4531,有機薬,東Ｓ
化学,素材・資源,4611,大日塗,東Ｐ
化学,素材・資源,4612,日本ペＨＤ,東Ｐ
化学,素材・資源,4613,関西ペ,東Ｐ
化学,素材・資源,4615,神東塗,東Ｓ
化学,素材・資源,4616,川上塗,東Ｓ
化学,素材・資源,4617,中国塗,東Ｐ
化学,素材・資源,4619,日特塗,東Ｓ
化学,素材・資源,4620,藤倉化,東Ｓ
化学,素材・資源,4623,アサヒペン,東Ｓ
化学,素材・資源,4624,イサム,東Ｓ
化学,素材・資源,4626,太陽ＨＤ,東Ｐ
化学,素材・資源,4627,ナトコ,東Ｓ
化学,素材・資源,4628,エスケー化研,東Ｓ
化学,素材・資源,4629,大伸化学,東Ｓ
化学,素材・資源,4631,ＤＩＣ,東Ｐ
化学,素材・資源,4633,サカタＩＮＸ,東Ｐ
化学,素材・資源,4634,ａｒｔｉｅｎ,東Ｐ
化学,素材・資源,4635,東インキ,東Ｓ
化学,素材・資源,4901,富士フイルム,東Ｐ
化学,素材・資源,4912,ライオン,東Ｐ
化学,素材・資源,4914,高砂香,東Ｐ
化学,素材・資源,4918,アイビー,東Ｓ
化学,素材・資源,4919,ミルボン,東Ｐ
化学,素材・資源,4920,日本色材,東Ｓ
化学,素材・資源,4922,コーセーＨＤ,東Ｐ
化学,素材・資源,4923,ＣＯＴＡ,東Ｐ
化学,素材・資源,4926,シーボン,東Ｓ
化学,素材・資源,4928,ノエビアＨＤ,東Ｐ
化学,素材・資源,4929,アジュバン,東Ｓ
化学,素材・資源,4937,ワクー,東Ｇ
化学,素材・資源,4951,エステー,東Ｐ
化学,素材・資源,4956,コニシ,東Ｐ
化学,素材・資源,4958,長谷川香料,東Ｐ
化学,素材・資源,4960,ケミプロ,東Ｓ
化学,素材・資源,4966,上村工,東Ｓ
化学,素材・資源,4967,小林製薬,東Ｐ
化学,素材・資源,4968,荒川化,東Ｐ
化学,素材・資源,4971,メック,東Ｐ
化学,素材・資源,4973,日本高純度,東Ｐ
化学,素材・資源,4975,ＪＣＵ,東Ｐ
化学,素材・資源,4976,東洋ドライ,東Ｓ
化学,素材・資源,4977,新田ゼラチン,東Ｓ
化学,素材・資源,4979,ＯＡＴアグリ,東Ｓ
化学,素材・資源,4980,デクセリ,東Ｐ
化学,素材・資源,4985,アース製薬,東Ｐ
化学,素材・資源,4990,昭和化,東Ｓ
化学,素材・資源,4992,北興化,東Ｓ
化学,素材・資源,4994,大成ラミック,東Ｓ
化学,素材・資源,4995,サンケ化,福証
化学,素材・資源,4996,クミアイ化,東Ｐ
化学,素材・資源,4997,日農薬,東Ｐ
化学,素材・資源,4998,フマキラ,東Ｓ
化学,素材・資源,5142,アキレス,東Ｐ
化学,素材・資源,5208,有沢製,東Ｐ
化学,素材・資源,6239,ナガオカ,東Ｓ
化学,素材・資源,6776,天昇電,東Ｓ
化学,素材・資源,6988,日東電,東Ｐ
化学,素材・資源,7871,フクビ,東Ｓ
化学,素材・資源,7874,レック,東Ｐ
化学,素材・資源,7888,三光合成,東Ｐ
化学,素材・資源,7908,ＫＩＭＯＴＯ,東Ｓ
化学,素材・資源,7917,ＺＡＣＲＯＳ,東Ｐ
化学,素材・資源,7927,ムトー精工,東Ｓ
化学,素材・資源,7928,旭化学,東Ｓ
化学,素材・資源,7931,未来工業,東Ｐ
化学,素材・資源,7942,ＪＳＰ,東Ｐ
化学,素材・資源,7947,エフピコ,東Ｐ
化学,素材・資源,7953,菊水化,東Ｓ
化学,素材・資源,7970,信越ポリ,東Ｐ
化学,素材・資源,7971,東リ,東Ｓ
化学,素材・資源,7988,ニフコ,東Ｐ
化学,素材・資源,7995,バルカー,東Ｐ
化学,素材・資源,8113,ユニチャーム,東Ｐ
化学,素材・資源,9385,ショーエイ,東Ｓ
化学,素材・資源,9845,パーカー,東Ｓ
合成繊維,素材・資源,3103,ユニチカ,東Ｓ
合成繊維,素材・資源,3401,帝人,東Ｐ
合成繊維,素材・資源,3402,東レ,東Ｐ
合成繊維,素材・資源,3405,クラレ,東Ｐ
合成繊維,素材・資源,3409,北紡,東Ｓ
合成繊維,素材・資源,3580,小松マテーレ,東Ｐ
合成繊維,素材・資源,4118,カネカ,東Ｐ
合成繊維,素材・資源,7460,ヤギ,東Ｓ
合成繊維,素材・資源,7856,萩原工業,東Ｐ
合成繊維,素材・資源,8014,蝶理,東Ｐ
合成繊維,素材・資源,8101,クレオス,東Ｐ
吸湿発熱機能繊維,素材・資源,3101,東洋紡,東Ｐ
吸湿発熱機能繊維,素材・資源,3402,東レ,東Ｐ
吸湿発熱機能繊維,素材・資源,8022,ミズノ,東Ｐ
吸湿発熱機能繊維,素材・資源,8267,イオン,東Ｐ
吸湿発熱機能繊維,素材・資源,9983,ファストリ,東Ｐ
水産資源,素材・資源,1301,極洋,東Ｐ
水産資源,素材・資源,1332,ニッスイ,東Ｐ
水産資源,素材・資源,1333,Ｕｍｉｏｓ,東Ｐ
水産資源,素材・資源,2053,中部飼,東Ｐ
水産資源,素材・資源,2058,ヒガシマル,福証
水産資源,素材・資源,2060,フィードワン,東Ｐ
水産資源,素材・資源,2195,アミタＨＤ,東Ｇ
水産資源,素材・資源,2286,林兼,東Ｓ
水産資源,素材・資源,2683,ＵＯＧ,東Ｓ
水産資源,素材・資源,2694,焼肉坂井ＨＤ,東Ｓ
水産資源,素材・資源,2695,くら寿司,東Ｐ
水産資源,素材・資源,2768,双日,東Ｐ
水産資源,素材・資源,2831,はごろも,東Ｓ
水産資源,素材・資源,2871,ニチレイ,東Ｐ
水産資源,素材・資源,2874,ヨコレイ,東Ｐ
水産資源,素材・資源,2883,大冷,東Ｓ
水産資源,素材・資源,2904,一正蒲鉾,東Ｓ
水産資源,素材・資源,3524,日東網,東Ｓ
水産資源,素材・資源,3563,Ｆ＆ＬＣ,東Ｐ
水産資源,素材・資源,6082,ライドオンＥ,東Ｓ
水産資源,素材・資源,6814,古野電,東Ｐ
水産資源,素材・資源,7412,アトム,東Ｓ
水産資源,素材・資源,7421,カッパクリエ,東Ｐ
水産資源,素材・資源,7443,横浜魚類,東Ｓ
水産資源,素材・資源,7538,大水,東Ｓ
水産資源,素材・資源,7596,魚力,東Ｐ
水産資源,素材・資源,8015,豊田通商,東Ｐ
水産資源,素材・資源,8030,中央魚,東Ｓ
水産資源,素材・資源,8039,築地魚,東Ｓ
水産資源,素材・資源,8041,ＯＵＧＨＤ,東Ｓ
水産資源,素材・資源,8045,浜丸魚,東Ｓ
水産資源,素材・資源,8058,三菱商,東Ｐ
水産資源,素材・資源,8091,ニチモウ,東Ｐ
水産資源,素材・資源,8145,中部水産,名Ｍ
水産資源,素材・資源,9828,ゲンキＧＤＣ,東Ｓ
水産資源,素材・資源,9955,ヨンキュウ,東Ｓ
水産資源,素材・資源,9973,ＫＯＺＯＨＤ,東Ｓ
海底資源,素材・資源,1605,ＩＮＰＥＸ,東Ｐ
海底資源,素材・資源,1662,石油資源,東Ｐ
海底資源,素材・資源,1801,大成建,東Ｐ
海底資源,素材・資源,1803,清水建,東Ｐ
海底資源,素材・資源,1861,熊谷組,東Ｐ
海底資源,素材・資源,1885,東亜建,東Ｐ
海底資源,素材・資源,1893,五洋建,東Ｐ
海底資源,素材・資源,3176,三洋貿易,東Ｐ
海底資源,素材・資源,4403,日油,東Ｐ
海底資源,素材・資源,4673,川崎地質,東Ｓ
海底資源,素材・資源,5020,ＥＮＥＯＳ,東Ｐ
海底資源,素材・資源,5401,日本製鉄,東Ｐ
海底資源,素材・資源,5541,大平金,東Ｐ
海底資源,素材・資源,5715,古河機金,東Ｐ
海底資源,素材・資源,6269,三井海洋,東Ｐ
海底資源,素材・資源,6330,東洋エンジ,東Ｐ
海底資源,素材・資源,6361,荏原,東Ｐ
海底資源,素材・資源,7003,三井Ｅ＆Ｓ,東Ｐ
海底資源,素材・資源,7011,三菱重,東Ｐ
海底資源,素材・資源,7012,川重,東Ｐ
海底資源,素材・資源,7013,ＩＨＩ,東Ｐ
海底資源,素材・資源,7746,岡本硝子,東Ｓ
海底資源,素材・資源,9755,応用地質,東Ｐ
炭化ケイ素繊維,素材・資源,3002,グンゼ,東Ｐ
炭化ケイ素繊維,素材・資源,4208,ＵＢＥ,東Ｐ
炭化ケイ素繊維,素材・資源,5302,カーボン,東Ｐ
炭素繊維,素材・資源,3110,日東紡,東Ｐ
炭素繊維,素材・資源,3204,トーア紡,東Ｓ
炭素繊維,素材・資源,3315,日本コークス,東Ｐ
炭素繊維,素材・資源,3401,帝人,東Ｐ
炭素繊維,素材・資源,3402,東レ,東Ｐ
炭素繊維,素材・資源,3580,小松マテーレ,東Ｐ
炭素繊維,素材・資源,3896,阿波製紙,東Ｓ
炭素繊維,素材・資源,4023,クレハ,東Ｐ
炭素繊維,素材・資源,4188,三菱ケミＧ,東Ｐ
炭素繊維,素材・資源,4204,積水化,東Ｐ
炭素繊維,素材・資源,4222,児玉化,東Ｓ
炭素繊維,素材・資源,5208,有沢製,東Ｐ
炭素繊維,素材・資源,5302,カーボン,東Ｐ
炭素繊維,素材・資源,5602,栗本鉄,東Ｐ
炭素繊維,素材・資源,5981,東京綱,東Ｐ
炭素繊維,素材・資源,6166,中村超硬,東Ｇ
炭素繊維,素材・資源,6217,津田駒,東Ｓ
炭素繊維,素材・資源,6246,Ｔスマート,東Ｓ
炭素繊維,素材・資源,6327,北川精機,東Ｓ
炭素繊維,素材・資源,6376,日機装,東Ｐ
炭素繊維,素材・資源,6470,大豊工業,東Ｓ
炭素繊維,素材・資源,7847,グラファイト,東Ｓ
炭素繊維,素材・資源,7859,アルメディオ,東Ｓ
炭素繊維,素材・資源,7888,三光合成,東Ｐ
炭素繊維,素材・資源,7966,リンテック,東Ｐ
炭素繊維,素材・資源,8088,岩谷産,東Ｐ
炭素繊維,素材・資源,8101,クレオス,東Ｐ
炭素繊維,素材・資源,9227,マイクロ波,東Ｇ
白金,素材・資源,1491,中外鉱,東Ｓ
白金,素材・資源,1674,ＷＴプラチナ,東Ｅ
石油化学,素材・資源,3407,旭化成,東Ｐ
石油化学,素材・資源,4004,レゾナック,東Ｐ
石油化学,素材・資源,4005,住友化,東Ｐ
石油化学,素材・資源,4042,東ソー,東Ｐ
石油化学,素材・資源,4183,三井化学,東Ｐ
石油化学,素材・資源,4188,三菱ケミＧ,東Ｐ
石油化学,素材・資源,5021,コスモＨＤ,東Ｐ
石油化学,素材・資源,6239,ナガオカ,東Ｓ
石油化学,素材・資源,6330,東洋エンジ,東Ｐ
石油化学,素材・資源,7727,オーバル,東Ｓ
石油化学,素材・資源,8001,伊藤忠,東Ｐ
素材,素材・資源,1515,日鉄鉱,東Ｐ
素材,素材・資源,1911,住友林,東Ｐ
素材,素材・資源,1994,高橋ウォール,東Ｓ
素材,素材・資源,2108,甜菜糖,東Ｐ
素材,素材・資源,2216,カンロ,東Ｓ
素材,素材・資源,3036,アルコニクス,東Ｐ
素材,素材・資源,3104,富士紡ＨＤ,東Ｐ
素材,素材・資源,3123,サイボー,東Ｓ
素材,素材・資源,3204,トーア紡,東Ｓ
素材,素材・資源,3401,帝人,東Ｐ
素材,素材・資源,3402,東レ,東Ｐ
素材,素材・資源,3405,クラレ,東Ｐ
素材,素材・資源,3407,旭化成,東Ｐ
素材,素材・資源,3416,ピクスタ,東Ｓ
素材,素材・資源,3861,王子ＨＤ,東Ｐ
素材,素材・資源,3863,日本紙,東Ｐ
素材,素材・資源,3877,中越パ,東Ｐ
素材,素材・資源,3880,大王紙,東Ｐ
素材,素材・資源,3896,阿波製紙,東Ｓ
素材,素材・資源,4004,レゾナック,東Ｐ
素材,素材・資源,4042,東ソー,東Ｐ
素材,素材・資源,4043,トクヤマ,東Ｐ
素材,素材・資源,4045,東合成,東Ｐ
素材,素材・資源,4061,デンカ,東Ｐ
素材,素材・資源,4063,信越化,東Ｐ
素材,素材・資源,4095,パーカライ,東Ｐ
素材,素材・資源,4112,保土谷,東Ｐ
素材,素材・資源,4118,カネカ,東Ｐ
素材,素材・資源,4124,大阪油化,東Ｓ
素材,素材・資源,4188,三菱ケミＧ,東Ｐ
素材,素材・資源,4205,ゼオン,東Ｐ
素材,素材・資源,4208,ＵＢＥ,東Ｐ
素材,素材・資源,4243,ニックス,東Ｓ
素材,素材・資源,4361,川口化,東Ｓ
素材,素材・資源,4461,一工薬,東Ｐ
素材,素材・資源,4631,ＤＩＣ,東Ｐ
素材,素材・資源,5016,ＪＸ金属,東Ｐ
素材,素材・資源,5101,浜ゴム,東Ｐ
素材,素材・資源,5110,住友ゴ,東Ｐ
素材,素材・資源,5161,西川ゴム,東Ｓ
素材,素材・資源,5162,朝日ラバー,東Ｓ
素材,素材・資源,5185,フコク,東Ｐ
素材,素材・資源,5186,ニッタ,東Ｐ
素材,素材・資源,5192,三星ベ,東Ｐ
素材,素材・資源,5194,相模ゴ,東Ｓ
素材,素材・資源,5199,不二ラテ,東Ｓ
素材,素材・資源,5232,住友大阪,東Ｐ
素材,素材・資源,5233,太平洋セメ,東Ｐ
素材,素材・資源,5269,日コン,東Ｐ
素材,素材・資源,5304,ＳＥＣカーボ,東Ｓ
素材,素材・資源,5355,ルツボ,東Ｓ
素材,素材・資源,5368,日本インシュ,東Ｓ
素材,素材・資源,5401,日本製鉄,東Ｐ
素材,素材・資源,5406,神戸鋼,東Ｐ
素材,素材・資源,5408,中山鋼,東Ｐ
素材,素材・資源,5410,合同鉄,東Ｐ
素材,素材・資源,5411,ＪＦＥ,東Ｐ
素材,素材・資源,5423,東京製鉄,東Ｐ
素材,素材・資源,5440,共英製鋼,東Ｐ
素材,素材・資源,5444,大和工,東Ｐ
素材,素材・資源,5446,北越メ,東Ｓ
素材,素材・資源,5449,大阪製鉄,東Ｓ
素材,素材・資源,5451,ヨドコウ,東Ｐ
素材,素材・資源,5458,高砂鉄,東Ｓ
素材,素材・資源,5461,中部鋼鈑,東Ｐ
素材,素材・資源,5463,丸一管,東Ｐ
素材,素材・資源,5464,モリ工業,東Ｓ
素材,素材・資源,5471,大同特鋼,東Ｐ
素材,素材・資源,5480,冶金工,東Ｐ
素材,素材・資源,5482,愛知鋼,東Ｐ
素材,素材・資源,5484,東北鋼,東Ｓ
素材,素材・資源,5491,日金属,東Ｓ
素材,素材・資源,5541,大平金,東Ｐ
素材,素材・資源,5542,報国マテリア,東Ｓ
素材,素材・資源,5563,新日本電工,東Ｐ
素材,素材・資源,5603,虹技,東Ｓ
素材,素材・資源,5609,日鋳造,東Ｓ
素材,素材・資源,5631,日製鋼,東Ｐ
素材,素材・資源,5632,菱製鋼,東Ｐ
素材,素材・資源,5659,日精線,東Ｐ
素材,素材・資源,5702,大紀ア,東Ｐ
素材,素材・資源,5703,日軽金ＨＤ,東Ｐ
素材,素材・資源,5711,三菱マ,東Ｐ
素材,素材・資源,5726,大阪チタ,東Ｐ
素材,素材・資源,5741,ＵＡＣＪ,東Ｐ
素材,素材・資源,5742,ＮＩＣ,東Ｓ
素材,素材・資源,5801,古河電,東Ｐ
素材,素材・資源,5851,リョービ,東Ｐ
素材,素材・資源,5901,洋缶ＨＤ,東Ｐ
素材,素材・資源,5902,ホッカンＨＤ,東Ｐ
素材,素材・資源,5932,三協立山,東Ｐ
素材,素材・資源,5940,不二サッシ,東Ｓ
素材,素材・資源,5958,三洋工,東Ｓ
素材,素材・資源,7231,トピー,東Ｐ
素材,素材・資源,7460,ヤギ,東Ｓ
素材,素材・資源,7637,白銅,東Ｐ
素材,素材・資源,7794,ＥＤＰ,東Ｇ
素材,素材・資源,7822,永大産業,東Ｓ
素材,素材・資源,7898,ウッドワン,東Ｓ
素材,素材・資源,7966,リンテック,東Ｐ
素材,素材・資源,8066,三谷商,東Ｓ
素材,素材・資源,8101,クレオス,東Ｐ
素材,素材・資源,9872,北恵,東Ｓ
素材,素材・資源,9888,ＵＥＸ,東Ｓ
素材,素材・資源,9982,タキヒヨー,東Ｓ
繊維,素材・資源,3001,片倉,東Ｓ
繊維,素材・資源,3101,東洋紡,東Ｐ
繊維,素材・資源,3103,ユニチカ,東Ｓ
繊維,素材・資源,3104,富士紡ＨＤ,東Ｐ
繊維,素材・資源,3105,日清紡ＨＤ,東Ｐ
繊維,素材・資源,3106,クラボウ,東Ｐ
繊維,素材・資源,3109,シキボウ,東Ｐ
繊維,素材・資源,3111,オーミケンシ,東Ｓ
繊維,素材・資源,3123,サイボー,東Ｓ
繊維,素材・資源,3201,ニッケ,東Ｐ
繊維,素材・資源,3202,ダイトウボウ,東Ｓ
繊維,素材・資源,3204,トーア紡,東Ｓ
繊維,素材・資源,3205,ダイドー,東Ｓ
繊維,素材・資源,3302,帝国繊維,東Ｐ
繊維,素材・資源,3409,北紡,東Ｓ
繊維,素材・資源,3501,ＳＭＩＮＯＥ,東Ｐ
繊維,素材・資源,3504,丸八ＨＤ,名Ｍ
繊維,素材・資源,3512,フエルト,東Ｓ
繊維,素材・資源,3513,イチカワ,東Ｓ
繊維,素材・資源,3569,セーレン,東Ｐ
繊維,素材・資源,3571,ソトー,東Ｓ
繊維,素材・資源,3580,小松マテーレ,東Ｐ
繊維,素材・資源,3591,ワコールＨＤ,東Ｐ
繊維,素材・資源,3597,自重堂,東Ｓ
繊維,素材・資源,3598,山喜,東Ｓ
繊維,素材・資源,3600,フジックス,東Ｓ
繊維,素材・資源,3611,マツオカ,東Ｓ
繊維,素材・資源,4365,松本油脂,東Ｓ
繊維,素材・資源,7460,ヤギ,東Ｓ
繊維,素材・資源,8001,伊藤忠,東Ｐ
繊維,素材・資源,8014,蝶理,東Ｐ
繊維,素材・資源,8018,三共興,東Ｓ
繊維,素材・資源,8101,クレオス,東Ｐ
繊維,素材・資源,9361,伏木運,東Ｓ
繊維,素材・資源,9982,タキヒヨー,東Ｓ
繊維機械,素材・資源,6166,中村超硬,東Ｇ
繊維機械,素材・資源,6208,石川製,東Ｓ
繊維機械,素材・資源,6217,津田駒,東Ｓ
繊維機械,素材・資源,6222,島精機,東Ｐ
繊維機械,素材・資源,6246,Ｔスマート,東Ｓ
繊維機械,素材・資源,6247,日阪製,東Ｐ
繊維機械,素材・資源,6262,ペガサス,東Ｓ
繊維機械,素材・資源,6338,タカトリ,東Ｓ
繊維機械,素材・資源,6391,加地テック,東Ｓ
繊維機械,素材・資源,6440,ＪＵＫＩ,東Ｐ
繊維機械,素材・資源,7856,萩原工業,東Ｐ
繊維機械,素材・資源,8101,クレオス,東Ｐ
資源開発,素材・資源,1515,日鉄鉱,東Ｐ
資源開発,素材・資源,1605,ＩＮＰＥＸ,東Ｐ
資源開発,素材・資源,1662,石油資源,東Ｐ
資源開発,素材・資源,1963,日揮ＨＤ,東Ｐ
資源開発,素材・資源,2768,双日,東Ｐ
資源開発,素材・資源,5016,ＪＸ金属,東Ｐ
資源開発,素材・資源,5019,出光興産,東Ｐ
資源開発,素材・資源,5020,ＥＮＥＯＳ,東Ｐ
資源開発,素材・資源,5706,三井金属,東Ｐ
資源開発,素材・資源,5707,東邦鉛,東Ｐ
資源開発,素材・資源,5711,三菱マ,東Ｐ
資源開発,素材・資源,5713,住友鉱,東Ｐ
資源開発,素材・資源,6269,三井海洋,東Ｐ
資源開発,素材・資源,6330,東洋エンジ,東Ｐ
資源開発,素材・資源,6366,千代建,東Ｓ
資源開発,素材・資源,7003,三井Ｅ＆Ｓ,東Ｐ
資源開発,素材・資源,8001,伊藤忠,東Ｐ
資源開発,素材・資源,8002,丸紅,東Ｐ
資源開発,素材・資源,8015,豊田通商,東Ｐ
資源開発,素材・資源,8031,三井物,東Ｐ
資源開発,素材・資源,8053,住友商,東Ｐ
資源開発,素材・資源,8058,三菱商,東Ｐ
都市鉱山,素材・資源,1491,中外鉱,東Ｓ
都市鉱山,素材・資源,3036,アルコニクス,東Ｐ
都市鉱山,素材・資源,3556,リネットＪ,東Ｇ
都市鉱山,素材・資源,4092,日本化,東Ｐ
都市鉱山,素材・資源,5020,ＥＮＥＯＳ,東Ｐ
都市鉱山,素材・資源,5411,ＪＦＥ,東Ｐ
都市鉱山,素材・資源,5480,冶金工,東Ｐ
都市鉱山,素材・資源,5563,新日本電工,東Ｐ
都市鉱山,素材・資源,5698,エンビプロ,東Ｓ
都市鉱山,素材・資源,5699,イボキン,東Ｓ
都市鉱山,素材・資源,5706,三井金属,東Ｐ
都市鉱山,素材・資源,5707,東邦鉛,東Ｐ
都市鉱山,素材・資源,5711,三菱マ,東Ｐ
都市鉱山,素材・資源,5713,住友鉱,東Ｐ
都市鉱山,素材・資源,5714,ＤＯＷＡ,東Ｐ
都市鉱山,素材・資源,5724,アサカ理研,東Ｓ
都市鉱山,素材・資源,5857,ＡＲＥＨＤ,東Ｐ
都市鉱山,素材・資源,6013,タクマ,東Ｐ
都市鉱山,素材・資源,6402,兼松エンジ,東Ｓ
都市鉱山,素材・資源,6501,日立,東Ｐ
都市鉱山,素材・資源,7224,新明和,東Ｐ
都市鉱山,素材・資源,7226,極東開発,東Ｐ
都市鉱山,素材・資源,7456,松田産業,東Ｐ
都市鉱山,素材・資源,7826,フルヤ金属,東Ｐ
都市鉱山,素材・資源,8078,阪和興,東Ｐ
都市鉱山,素材・資源,9247,ＴＲＥＨＤ,東Ｐ
都市鉱山,素材・資源,9359,伊勢湾,名Ｍ
都市鉱山,素材・資源,9432,ＮＴＴ,東Ｐ
都市鉱山,素材・資源,9793,ダイセキ,東Ｐ
金,素材・資源,1326,ＳＰＤＲ,東Ｅ
金,素材・資源,1328,野村金連動,東Ｅ
金,素材・資源,1491,中外鉱,東Ｓ
金,素材・資源,1540,純金信託,東Ｅ
金,素材・資源,1672,ＷＴ金,東Ｅ
金,素材・資源,2036,金先物Ｗブル,東EN
金,素材・資源,2037,金先物ベア,東EN
金,素材・資源,4973,日本高純度,東Ｐ
金,素材・資源,5698,エンビプロ,東Ｓ
金,素材・資源,5706,三井金属,東Ｐ
金,素材・資源,5711,三菱マ,東Ｐ
金,素材・資源,5713,住友鉱,東Ｐ
金,素材・資源,5715,古河機金,東Ｐ
金,素材・資源,5724,アサカ理研,東Ｓ
金,素材・資源,5857,ＡＲＥＨＤ,東Ｐ
金,素材・資源,7456,松田産業,東Ｐ
金,素材・資源,8053,住友商,東Ｐ
金,素材・資源,8705,日産証券Ｇ,東Ｓ
金,素材・資源,8742,小林洋行,東Ｓ
金,素材・資源,8746,ｕｎｂａｎｋ,東Ｓ
金,素材・資源,8747,豊トラスティ,東Ｓ
鉄鋼,素材・資源,1515,日鉄鉱,東Ｐ
鉄鋼,素材・資源,1964,中外炉,東Ｐ
鉄鋼,素材・資源,4095,パーカライ,東Ｐ
鉄鋼,素材・資源,5355,ルツボ,東Ｓ
鉄鋼,素材・資源,5401,日本製鉄,東Ｐ
鉄鋼,素材・資源,5406,神戸鋼,東Ｐ
鉄鋼,素材・資源,5408,中山鋼,東Ｐ
鉄鋼,素材・資源,5410,合同鉄,東Ｐ
鉄鋼,素材・資源,5411,ＪＦＥ,東Ｐ
鉄鋼,素材・資源,5423,東京製鉄,東Ｐ
鉄鋼,素材・資源,5440,共英製鋼,東Ｐ
鉄鋼,素材・資源,5444,大和工,東Ｐ
鉄鋼,素材・資源,5449,大阪製鉄,東Ｓ
鉄鋼,素材・資源,5451,ヨドコウ,東Ｐ
鉄鋼,素材・資源,5458,高砂鉄,東Ｓ
鉄鋼,素材・資源,5461,中部鋼鈑,東Ｐ
鉄鋼,素材・資源,5463,丸一管,東Ｐ
鉄鋼,素材・資源,5464,モリ工業,東Ｓ
鉄鋼,素材・資源,5471,大同特鋼,東Ｐ
鉄鋼,素材・資源,5480,冶金工,東Ｐ
鉄鋼,素材・資源,5482,愛知鋼,東Ｐ
鉄鋼,素材・資源,5484,東北鋼,東Ｓ
鉄鋼,素材・資源,5491,日金属,東Ｓ
鉄鋼,素材・資源,5541,大平金,東Ｐ
鉄鋼,素材・資源,5542,報国マテリア,東Ｓ
鉄鋼,素材・資源,5563,新日本電工,東Ｐ
鉄鋼,素材・資源,5603,虹技,東Ｓ
鉄鋼,素材・資源,5609,日鋳造,東Ｓ
鉄鋼,素材・資源,5632,菱製鋼,東Ｐ
鉄鋼,素材・資源,5644,メタルアート,東Ｓ
鉄鋼,素材・資源,5697,サンユウ,東Ｓ
鉄鋼,素材・資源,5974,中国工,東Ｓ
鉄鋼,素材・資源,6863,ニレコ,東Ｓ
鉄鋼,素材・資源,7231,トピー,東Ｐ
鉄鋼,素材・資源,7414,小野建,東Ｐ
鉄鋼,素材・資源,7485,岡谷鋼機,名Ｐ
鉄鋼,素材・資源,7525,リックス,東Ｐ
鉄鋼,素材・資源,7531,清和中央ＨＤ,東Ｓ
鉄鋼,素材・資源,8020,兼松,東Ｐ
鉄鋼,素材・資源,8058,三菱商,東Ｐ
鉄鋼,素材・資源,8065,佐藤商,東Ｐ
鉄鋼,素材・資源,8075,神鋼商,東Ｐ
鉄鋼,素材・資源,8076,カノークス,東Ｓ
鉄鋼,素材・資源,8078,阪和興,東Ｐ
鉄鋼,素材・資源,9025,鴻池運輸,東Ｐ
鉄鋼商社,素材・資源,5986,モリテック,東Ｓ
鉄鋼商社,素材・資源,7414,小野建,東Ｐ
鉄鋼商社,素材・資源,7485,岡谷鋼機,名Ｐ
鉄鋼商社,素材・資源,7531,清和中央ＨＤ,東Ｓ
鉄鋼商社,素材・資源,8020,兼松,東Ｐ
鉄鋼商社,素材・資源,8065,佐藤商,東Ｐ
鉄鋼商社,素材・資源,8075,神鋼商,東Ｐ
鉄鋼商社,素材・資源,8076,カノークス,東Ｓ
鉄鋼商社,素材・資源,8078,阪和興,東Ｐ
鉄鋼商社,素材・資源,9888,ＵＥＸ,東Ｓ
鉱山機械,素材・資源,5406,神戸鋼,東Ｐ
鉱山機械,素材・資源,5607,中可鍛,名Ｍ
鉱山機械,素材・資源,5609,日鋳造,東Ｓ
鉱山機械,素材・資源,5644,メタルアート,東Ｓ
鉱山機械,素材・資源,5715,古河機金,東Ｐ
鉱山機械,素材・資源,5971,共和工業,東Ｓ
鉱山機械,素材・資源,6224,ＪＲＣ,東Ｇ
鉱山機械,素材・資源,6301,コマツ,東Ｐ
鉱山機械,素材・資源,6302,住友重,東Ｐ
鉱山機械,素材・資源,6305,日立建機,東Ｐ
鉱山機械,素材・資源,6390,加藤製,東Ｐ
鉱山機械,素材・資源,6432,竹内製作所,東Ｐ
鉱山機械,素材・資源,6471,日精工,東Ｐ
鉱山機械,素材・資源,6480,トムソン,東Ｐ
鉱山機械,素材・資源,7242,カヤバ,東Ｐ
鉱山機械,素材・資源,7245,大同メ,東Ｐ
鉱山機械,素材・資源,7246,プレス工,東Ｐ
鉱山機械,素材・資源,7277,ＴＢＫ,東Ｓ
銀,素材・資源,1491,中外鉱,東Ｓ
銀,素材・資源,1542,純銀信託,東Ｅ
銀,素材・資源,1673,ＷＴ銀,東Ｅ
銀,素材・資源,5698,エンビプロ,東Ｓ
銀,素材・資源,5707,東邦鉛,東Ｐ
銀,素材・資源,5724,アサカ理研,東Ｓ
銀,素材・資源,5857,ＡＲＥＨＤ,東Ｐ
銀,素材・資源,7456,松田産業,東Ｐ
銀,素材・資源,8053,住友商,東Ｐ
銅,素材・資源,1515,日鉄鉱,東Ｐ
銅,素材・資源,1693,ＷＴ銅,東Ｅ
銅,素材・資源,2768,双日,東Ｐ
銅,素材・資源,2776,新都ＨＤ,東Ｓ
銅,素材・資源,3036,アルコニクス,東Ｐ
銅,素材・資源,3168,ＭＥＲＦ,東Ｓ
銅,素材・資源,5016,ＪＸ金属,東Ｐ
銅,素材・資源,5020,ＥＮＥＯＳ,東Ｐ
銅,素材・資源,5406,神戸鋼,東Ｐ
銅,素材・資源,5698,エンビプロ,東Ｓ
銅,素材・資源,5706,三井金属,東Ｐ
銅,素材・資源,5711,三菱マ,東Ｐ
銅,素材・資源,5713,住友鉱,東Ｐ
銅,素材・資源,5714,ＤＯＷＡ,東Ｐ
銅,素材・資源,5715,古河機金,東Ｐ
銅,素材・資源,5724,アサカ理研,東Ｓ
銅,素材・資源,5820,三ッ星,東Ｓ
銅,素材・資源,7485,岡谷鋼機,名Ｐ
銅,素材・資源,8002,丸紅,東Ｐ
銅,素材・資源,8053,住友商,東Ｐ
銅,素材・資源,8058,三菱商,東Ｐ
銅,素材・資源,8065,佐藤商,東Ｐ
銅,素材・資源,8075,神鋼商,東Ｐ
非鉄,素材・資源,1515,日鉄鉱,東Ｐ
非鉄,素材・資源,3036,アルコニクス,東Ｐ
非鉄,素材・資源,3168,ＭＥＲＦ,東Ｓ
非鉄,素材・資源,5016,ＪＸ金属,東Ｐ
非鉄,素材・資源,5541,大平金,東Ｐ
非鉄,素材・資源,5699,イボキン,東Ｓ
非鉄,素材・資源,5703,日軽金ＨＤ,東Ｐ
非鉄,素材・資源,5706,三井金属,東Ｐ
非鉄,素材・資源,5707,東邦鉛,東Ｐ
非鉄,素材・資源,5711,三菱マ,東Ｐ
非鉄,素材・資源,5713,住友鉱,東Ｐ
非鉄,素材・資源,5714,ＤＯＷＡ,東Ｐ
非鉄,素材・資源,5715,古河機金,東Ｐ
非鉄,素材・資源,5726,大阪チタ,東Ｐ
非鉄,素材・資源,5741,ＵＡＣＪ,東Ｐ
非鉄,素材・資源,5757,ＣＫサンエツ,東Ｐ
非鉄,素材・資源,5820,三ッ星,東Ｓ
非鉄,素材・資源,5858,ＳＴＧ,東Ｇ
非鉄,素材・資源,8065,佐藤商,東Ｐ
高吸水性樹脂,素材・資源,4008,住友精化,東Ｐ
高吸水性樹脂,素材・資源,4114,日触媒,東Ｐ
高吸水性樹脂,素材・資源,4464,ソフト９９,東Ｓ
高吸水性樹脂,素材・資源,8012,長瀬産,東Ｐ
iPS細胞,ヘルスケア・バイオ,2208,ブルボン,東Ｓ
iPS細胞,ヘルスケア・バイオ,2370,メディネット,東Ｇ
iPS細胞,ヘルスケア・バイオ,2395,新日本科学,東Ｐ
iPS細胞,ヘルスケア・バイオ,2802,味の素,東Ｐ
iPS細胞,ヘルスケア・バイオ,3386,コスモバイオ,東Ｓ
iPS細胞,ヘルスケア・バイオ,3401,帝人,東Ｐ
iPS細胞,ヘルスケア・バイオ,3405,クラレ,東Ｐ
iPS細胞,ヘルスケア・バイオ,3446,Ｊテック・Ｃ,東Ｓ
iPS細胞,ヘルスケア・バイオ,3569,セーレン,東Ｐ
iPS細胞,ヘルスケア・バイオ,4021,日産化,東Ｐ
iPS細胞,ヘルスケア・バイオ,4025,多木化,東Ｐ
iPS細胞,ヘルスケア・バイオ,4502,武田,東Ｐ
iPS細胞,ヘルスケア・バイオ,4503,アステラス,東Ｐ
iPS細胞,ヘルスケア・バイオ,4506,住友ファーマ,東Ｐ
iPS細胞,ヘルスケア・バイオ,4507,塩野義,東Ｐ
iPS細胞,ヘルスケア・バイオ,4519,中外薬,東Ｐ
iPS細胞,ヘルスケア・バイオ,4543,テルモ,東Ｐ
iPS細胞,ヘルスケア・バイオ,4552,ＪＣＲファ,東Ｐ
iPS細胞,ヘルスケア・バイオ,4553,東和薬品,東Ｐ
iPS細胞,ヘルスケア・バイオ,4568,第一三共,東Ｐ
iPS細胞,ヘルスケア・バイオ,4570,免疫生物研,東Ｇ
iPS細胞,ヘルスケア・バイオ,4583,カイオム,東Ｇ
iPS細胞,ヘルスケア・バイオ,4591,リボミック,東Ｇ
iPS細胞,ヘルスケア・バイオ,4592,サンバイオ,東Ｇ
iPS細胞,ヘルスケア・バイオ,4593,ヘリオス,東Ｇ
iPS細胞,ヘルスケア・バイオ,4594,ブライトパス,東Ｇ
iPS細胞,ヘルスケア・バイオ,4894,クオリプス,東Ｇ
iPS細胞,ヘルスケア・バイオ,4896,ケイファーマ,東Ｇ
iPS細胞,ヘルスケア・バイオ,4901,富士フイルム,東Ｐ
iPS細胞,ヘルスケア・バイオ,4922,コーセーＨＤ,東Ｐ
iPS細胞,ヘルスケア・バイオ,4978,リプロセル,東Ｇ
iPS細胞,ヘルスケア・バイオ,5801,古河電,東Ｐ
iPS細胞,ヘルスケア・バイオ,6323,ローツェ,東Ｐ
iPS細胞,ヘルスケア・バイオ,6340,渋谷工,東Ｐ
iPS細胞,ヘルスケア・バイオ,6507,シンフォニア,東Ｐ
iPS細胞,ヘルスケア・バイオ,6752,パナＨＤ,東Ｐ
iPS細胞,ヘルスケア・バイオ,7012,川重,東Ｐ
iPS細胞,ヘルスケア・バイオ,7701,島津,東Ｐ
iPS細胞,ヘルスケア・バイオ,7731,ニコン,東Ｐ
iPS細胞,ヘルスケア・バイオ,7751,キヤノン,東Ｐ
iPS細胞,ヘルスケア・バイオ,7774,Ｊティッシュ,東Ｇ
iPS細胞,ヘルスケア・バイオ,7776,セルシード,東Ｇ
iPS細胞,ヘルスケア・バイオ,7917,ＺＡＣＲＯＳ,東Ｐ
iPS細胞,ヘルスケア・バイオ,7932,ニッピ,東Ｓ
iPS細胞,ヘルスケア・バイオ,8035,東エレク,東Ｐ
iPS細胞,ヘルスケア・バイオ,8086,ニプロ,東Ｐ
がん免疫療法,ヘルスケア・バイオ,2370,メディネット,東Ｇ
がん免疫療法,ヘルスケア・バイオ,4346,ＮＥＸＹＺ．,東Ｓ
がん免疫療法,ヘルスケア・バイオ,4528,小野薬,東Ｐ
がん免疫療法,ヘルスケア・バイオ,4565,ネクセラ,東Ｐ
がん免疫療法,ヘルスケア・バイオ,4593,ヘリオス,東Ｇ
がん免疫療法,ヘルスケア・バイオ,4594,ブライトパス,東Ｇ
がん免疫療法,ヘルスケア・バイオ,4755,楽天グループ,東Ｐ
がん免疫療法,ヘルスケア・バイオ,4893,ノイル,東Ｇ
がん免疫療法,ヘルスケア・バイオ,4901,富士フイルム,東Ｐ
がん免疫療法,ヘルスケア・バイオ,7701,島津,東Ｐ
がん免疫療法,ヘルスケア・バイオ,7733,オリンパス,東Ｐ
がん免疫療法,ヘルスケア・バイオ,8473,ＳＢＩ,東Ｐ
がん最先端治療,ヘルスケア・バイオ,2342,トランスＧＧ,東Ｓ
がん最先端治療,ヘルスケア・バイオ,2370,メディネット,東Ｇ
がん最先端治療,ヘルスケア・バイオ,4109,ステラケミ,東Ｐ
がん最先端治療,ヘルスケア・バイオ,4151,協和キリン,東Ｐ
がん最先端治療,ヘルスケア・バイオ,4502,武田,東Ｐ
がん最先端治療,ヘルスケア・バイオ,4503,アステラス,東Ｐ
がん最先端治療,ヘルスケア・バイオ,4506,住友ファーマ,東Ｐ
がん最先端治療,ヘルスケア・バイオ,4507,塩野義,東Ｐ
がん最先端治療,ヘルスケア・バイオ,4519,中外薬,東Ｐ
がん最先端治療,ヘルスケア・バイオ,4523,エーザイ,東Ｐ
がん最先端治療,ヘルスケア・バイオ,4528,小野薬,東Ｐ
がん最先端治療,ヘルスケア・バイオ,4563,アンジェス,東Ｇ
がん最先端治療,ヘルスケア・バイオ,4564,オンコセラピ,東Ｇ
がん最先端治療,ヘルスケア・バイオ,4565,ネクセラ,東Ｐ
がん最先端治療,ヘルスケア・バイオ,4568,第一三共,東Ｐ
がん最先端治療,ヘルスケア・バイオ,4571,ＮＡＮＯＨＤ,東Ｇ
がん最先端治療,ヘルスケア・バイオ,4575,ＣＡＮＢＡＳ,東Ｇ
がん最先端治療,ヘルスケア・バイオ,4582,シンバイオ,東Ｇ
がん最先端治療,ヘルスケア・バイオ,4583,カイオム,東Ｇ
がん最先端治療,ヘルスケア・バイオ,4587,ペプドリ,東Ｐ
がん最先端治療,ヘルスケア・バイオ,4592,サンバイオ,東Ｇ
がん最先端治療,ヘルスケア・バイオ,4594,ブライトパス,東Ｇ
がん最先端治療,ヘルスケア・バイオ,4755,楽天グループ,東Ｐ
がん最先端治療,ヘルスケア・バイオ,4888,ステラファ,東Ｇ
がん最先端治療,ヘルスケア・バイオ,4901,富士フイルム,東Ｐ
がん最先端治療,ヘルスケア・バイオ,4978,リプロセル,東Ｇ
がん最先端治療,ヘルスケア・バイオ,6302,住友重,東Ｐ
がん最先端治療,ヘルスケア・バイオ,6384,昭和真空,東Ｓ
がん最先端治療,ヘルスケア・バイオ,6869,シスメックス,東Ｐ
がん最先端治療,ヘルスケア・バイオ,6963,ローム,東Ｐ
がん最先端治療,ヘルスケア・バイオ,7326,ＳＢＩＩＧ,東Ｇ
がん最先端治療,ヘルスケア・バイオ,7707,ＰＳＳ,東Ｇ
がん最先端治療,ヘルスケア・バイオ,7711,助川電気,東Ｓ
がん最先端治療,ヘルスケア・バイオ,7733,オリンパス,東Ｐ
がん最先端治療,ヘルスケア・バイオ,7777,３ＤＭ,東Ｇ
がん最先端治療,ヘルスケア・バイオ,9984,ＳＢＧ,東Ｐ
がん検査,ヘルスケア・バイオ,4588,オンコリス,東Ｇ
がん検査,ヘルスケア・バイオ,4901,富士フイルム,東Ｐ
がん検査,ヘルスケア・バイオ,6501,日立,東Ｐ
がん検査,ヘルスケア・バイオ,6521,オキサイド,東Ｇ
がん検査,ヘルスケア・バイオ,6869,シスメックス,東Ｐ
がん検査,ヘルスケア・バイオ,7751,キヤノン,東Ｐ
ジェネリック医薬品,ヘルスケア・バイオ,2269,明治ＨＤ,東Ｐ
ジェネリック医薬品,ヘルスケア・バイオ,2927,ＡＦＣ－ＨＤ,東Ｓ
ジェネリック医薬品,ヘルスケア・バイオ,3001,片倉,東Ｓ
ジェネリック医薬品,ヘルスケア・バイオ,3034,クオールＨＤ,東Ｐ
ジェネリック医薬品,ヘルスケア・バイオ,3204,トーア紡,東Ｓ
ジェネリック医薬品,ヘルスケア・バイオ,3353,メディ一光Ｇ,東Ｓ
ジェネリック医薬品,ヘルスケア・バイオ,3628,データＨＲ,東Ｇ
ジェネリック医薬品,ヘルスケア・バイオ,4272,日化薬,東Ｐ
ジェネリック医薬品,ヘルスケア・バイオ,4350,メディシス,東Ｓ
ジェネリック医薬品,ヘルスケア・バイオ,4521,科研薬,東Ｐ
ジェネリック医薬品,ヘルスケア・バイオ,4524,仁丹,東Ｓ
ジェネリック医薬品,ヘルスケア・バイオ,4531,有機薬,東Ｓ
ジェネリック医薬品,ヘルスケア・バイオ,4538,扶桑薬,東Ｐ
ジェネリック医薬品,ヘルスケア・バイオ,4539,ケミファ,東Ｓ
ジェネリック医薬品,ヘルスケア・バイオ,4552,ＪＣＲファ,東Ｐ
ジェネリック医薬品,ヘルスケア・バイオ,4553,東和薬品,東Ｐ
ジェネリック医薬品,ヘルスケア・バイオ,4554,富士製薬,東Ｐ
ジェネリック医薬品,ヘルスケア・バイオ,4568,第一三共,東Ｐ
ジェネリック医薬品,ヘルスケア・バイオ,4569,杏林製薬,東Ｐ
ジェネリック医薬品,ヘルスケア・バイオ,4577,ダイト,東Ｐ
ジェネリック医薬品,ヘルスケア・バイオ,4886,あすか薬ＨＤ,東Ｐ
ジェネリック医薬品,ヘルスケア・バイオ,4887,サワイＧＨＤ,東Ｐ
ジェネリック医薬品,ヘルスケア・バイオ,4901,富士フイルム,東Ｐ
ジェネリック医薬品,ヘルスケア・バイオ,8086,ニプロ,東Ｐ
ジェネリック医薬品,ヘルスケア・バイオ,8095,アステナＨＤ,東Ｐ
ジェネリック医薬品,ヘルスケア・バイオ,8129,東邦ＨＤ,東Ｐ
ジェネリック医薬品,ヘルスケア・バイオ,8285,三谷産業,東Ｓ
ジェネリック医薬品,ヘルスケア・バイオ,9273,コーア商ＨＤ,東Ｐ
ジェネリック医薬品,ヘルスケア・バイオ,9627,アインＨＤ,東Ｐ
バイオエタノール,ヘルスケア・バイオ,1788,三東工業,東Ｓ
バイオエタノール,ヘルスケア・バイオ,1801,大成建,東Ｐ
バイオエタノール,ヘルスケア・バイオ,1963,日揮ＨＤ,東Ｐ
バイオエタノール,ヘルスケア・バイオ,2055,日和産,東Ｓ
バイオエタノール,ヘルスケア・バイオ,2108,甜菜糖,東Ｐ
バイオエタノール,ヘルスケア・バイオ,2109,ＤＭ三井製糖,東Ｐ
バイオエタノール,ヘルスケア・バイオ,2112,塩水糖,東Ｓ
バイオエタノール,ヘルスケア・バイオ,2114,フジ日本,東Ｓ
バイオエタノール,ヘルスケア・バイオ,2117,ウェルネオＳ,東Ｐ
バイオエタノール,ヘルスケア・バイオ,2501,サッポロ,東Ｐ
バイオエタノール,ヘルスケア・バイオ,2502,アサヒ,東Ｐ
バイオエタノール,ヘルスケア・バイオ,2503,キリンＨＤ,東Ｐ
バイオエタノール,ヘルスケア・バイオ,2533,オエノンＨＤ,東Ｐ
バイオエタノール,ヘルスケア・バイオ,2768,双日,東Ｐ
バイオエタノール,ヘルスケア・バイオ,2802,味の素,東Ｐ
バイオエタノール,ヘルスケア・バイオ,3401,帝人,東Ｐ
バイオエタノール,ヘルスケア・バイオ,3402,東レ,東Ｐ
バイオエタノール,ヘルスケア・バイオ,3861,王子ＨＤ,東Ｐ
バイオエタノール,ヘルスケア・バイオ,4202,ダイセル,東Ｐ
バイオエタノール,ヘルスケア・バイオ,4208,ＵＢＥ,東Ｐ
バイオエタノール,ヘルスケア・バイオ,4452,花王,東Ｐ
バイオエタノール,ヘルスケア・バイオ,4613,関西ペ,東Ｐ
バイオエタノール,ヘルスケア・バイオ,5019,出光興産,東Ｐ
バイオエタノール,ヘルスケア・バイオ,5020,ＥＮＥＯＳ,東Ｐ
バイオエタノール,ヘルスケア・バイオ,5021,コスモＨＤ,東Ｐ
バイオエタノール,ヘルスケア・バイオ,5401,日本製鉄,東Ｐ
バイオエタノール,ヘルスケア・バイオ,6310,井関農,東Ｐ
バイオエタノール,ヘルスケア・バイオ,6326,クボタ,東Ｐ
バイオエタノール,ヘルスケア・バイオ,6330,東洋エンジ,東Ｐ
バイオエタノール,ヘルスケア・バイオ,6332,月島ＨＤ,東Ｐ
バイオエタノール,ヘルスケア・バイオ,6366,千代建,東Ｓ
バイオエタノール,ヘルスケア・バイオ,6850,チノー,東Ｐ
バイオエタノール,ヘルスケア・バイオ,7003,三井Ｅ＆Ｓ,東Ｐ
バイオエタノール,ヘルスケア・バイオ,7011,三菱重,東Ｐ
バイオエタノール,ヘルスケア・バイオ,7012,川重,東Ｐ
バイオエタノール,ヘルスケア・バイオ,7203,トヨタ,東Ｐ
バイオエタノール,ヘルスケア・バイオ,7261,マツダ,東Ｐ
バイオエタノール,ヘルスケア・バイオ,7267,ホンダ,東Ｐ
バイオエタノール,ヘルスケア・バイオ,7269,スズキ,東Ｐ
バイオエタノール,ヘルスケア・バイオ,8001,伊藤忠,東Ｐ
バイオエタノール,ヘルスケア・バイオ,8002,丸紅,東Ｐ
バイオエタノール,ヘルスケア・バイオ,8015,豊田通商,東Ｐ
バイオエタノール,ヘルスケア・バイオ,8031,三井物,東Ｐ
バイオエタノール,ヘルスケア・バイオ,8053,住友商,東Ｐ
バイオエタノール,ヘルスケア・バイオ,8058,三菱商,東Ｐ
バイオエタノール,ヘルスケア・バイオ,9104,商船三井,東Ｐ
バイオエタノール,ヘルスケア・バイオ,9501,東電ＨＤ,東Ｐ
バイオエタノール,ヘルスケア・バイオ,9531,東ガス,東Ｐ
バイオガス,ヘルスケア・バイオ,1801,大成建,東Ｐ
バイオガス,ヘルスケア・バイオ,1928,積水ハウス,東Ｐ
バイオガス,ヘルスケア・バイオ,2195,アミタＨＤ,東Ｇ
バイオガス,ヘルスケア・バイオ,2269,明治ＨＤ,東Ｐ
バイオガス,ヘルスケア・バイオ,4088,エアウォータ,東Ｐ
バイオガス,ヘルスケア・バイオ,4093,アセチレン,東Ｓ
バイオガス,ヘルスケア・バイオ,5019,出光興産,東Ｐ
バイオガス,ヘルスケア・バイオ,5076,インフロニア,東Ｐ
バイオガス,ヘルスケア・バイオ,5406,神戸鋼,東Ｐ
バイオガス,ヘルスケア・バイオ,5631,日製鋼,東Ｐ
バイオガス,ヘルスケア・バイオ,6013,タクマ,東Ｐ
バイオガス,ヘルスケア・バイオ,6326,クボタ,東Ｐ
バイオガス,ヘルスケア・バイオ,6331,化工機,東Ｐ
バイオガス,ヘルスケア・バイオ,6361,荏原,東Ｐ
バイオガス,ヘルスケア・バイオ,6370,栗田工,東Ｐ
バイオガス,ヘルスケア・バイオ,7003,三井Ｅ＆Ｓ,東Ｐ
バイオガス,ヘルスケア・バイオ,7004,カナデビア,東Ｐ
バイオガス,ヘルスケア・バイオ,8020,兼松,東Ｐ
バイオガス,ヘルスケア・バイオ,9531,東ガス,東Ｐ
バイオガス,ヘルスケア・バイオ,9532,大ガス,東Ｐ
バイオテクノロジー関連,ヘルスケア・バイオ,2001,ニップン,東Ｐ
バイオテクノロジー関連,ヘルスケア・バイオ,2160,ジーエヌアイ,東Ｇ
バイオテクノロジー関連,ヘルスケア・バイオ,2183,リニカル,東Ｓ
バイオテクノロジー関連,ヘルスケア・バイオ,2342,トランスＧＧ,東Ｓ
バイオテクノロジー関連,ヘルスケア・バイオ,2370,メディネット,東Ｇ
バイオテクノロジー関連,ヘルスケア・バイオ,2385,総医研ＨＤ,東Ｇ
バイオテクノロジー関連,ヘルスケア・バイオ,2395,新日本科学,東Ｐ
バイオテクノロジー関連,ヘルスケア・バイオ,2929,ファーマＦ,東Ｐ
バイオテクノロジー関連,ヘルスケア・バイオ,2931,ユーグレナ,東Ｐ
バイオテクノロジー関連,ヘルスケア・バイオ,3101,東洋紡,東Ｐ
バイオテクノロジー関連,ヘルスケア・バイオ,3106,クラボウ,東Ｐ
バイオテクノロジー関連,ヘルスケア・バイオ,3386,コスモバイオ,東Ｓ
バイオテクノロジー関連,ヘルスケア・バイオ,3446,Ｊテック・Ｃ,東Ｓ
バイオテクノロジー関連,ヘルスケア・バイオ,4044,セ硝子,東Ｐ
バイオテクノロジー関連,ヘルスケア・バイオ,4091,日本酸素ＨＤ,東Ｐ
バイオテクノロジー関連,ヘルスケア・バイオ,4188,三菱ケミＧ,東Ｐ
バイオテクノロジー関連,ヘルスケア・バイオ,4203,住友ベ,東Ｐ
バイオテクノロジー関連,ヘルスケア・バイオ,4240,クラスター,東Ｓ
バイオテクノロジー関連,ヘルスケア・バイオ,4403,日油,東Ｐ
バイオテクノロジー関連,ヘルスケア・バイオ,4549,栄研化,東Ｐ
バイオテクノロジー関連,ヘルスケア・バイオ,4552,ＪＣＲファ,東Ｐ
バイオテクノロジー関連,ヘルスケア・バイオ,4563,アンジェス,東Ｇ
バイオテクノロジー関連,ヘルスケア・バイオ,4564,オンコセラピ,東Ｇ
バイオテクノロジー関連,ヘルスケア・バイオ,4565,ネクセラ,東Ｐ
バイオテクノロジー関連,ヘルスケア・バイオ,4570,免疫生物研,東Ｇ
バイオテクノロジー関連,ヘルスケア・バイオ,4571,ＮＡＮＯＨＤ,東Ｇ
バイオテクノロジー関連,ヘルスケア・バイオ,4572,カルナバイオ,東Ｇ
バイオテクノロジー関連,ヘルスケア・バイオ,4575,ＣＡＮＢＡＳ,東Ｇ
バイオテクノロジー関連,ヘルスケア・バイオ,4576,ＤＷセラピ研,東Ｇ
バイオテクノロジー関連,ヘルスケア・バイオ,4578,大塚ＨＤ,東Ｐ
バイオテクノロジー関連,ヘルスケア・バイオ,4579,ラクオリア,東Ｇ
バイオテクノロジー関連,ヘルスケア・バイオ,4582,シンバイオ,東Ｇ
バイオテクノロジー関連,ヘルスケア・バイオ,4583,カイオム,東Ｇ
バイオテクノロジー関連,ヘルスケア・バイオ,4584,キッズバイオ,東Ｇ
バイオテクノロジー関連,ヘルスケア・バイオ,4587,ペプドリ,東Ｐ
バイオテクノロジー関連,ヘルスケア・バイオ,4588,オンコリス,東Ｇ
バイオテクノロジー関連,ヘルスケア・バイオ,4591,リボミック,東Ｇ
バイオテクノロジー関連,ヘルスケア・バイオ,4592,サンバイオ,東Ｇ
バイオテクノロジー関連,ヘルスケア・バイオ,4593,ヘリオス,東Ｇ
バイオテクノロジー関連,ヘルスケア・バイオ,4594,ブライトパス,東Ｇ
バイオテクノロジー関連,ヘルスケア・バイオ,4596,窪田製薬ＨＤ,東Ｇ
バイオテクノロジー関連,ヘルスケア・バイオ,4598,デルタフライ,東Ｇ
バイオテクノロジー関連,ヘルスケア・バイオ,4599,ステムリム,東Ｇ
バイオテクノロジー関連,ヘルスケア・バイオ,4671,ファルコＨＤ,東Ｓ
バイオテクノロジー関連,ヘルスケア・バイオ,4694,ＢＭＬ,東Ｐ
バイオテクノロジー関連,ヘルスケア・バイオ,4875,メディシノバ,東Ｓ
バイオテクノロジー関連,ヘルスケア・バイオ,4882,ペルセウス,東Ｇ
バイオテクノロジー関連,ヘルスケア・バイオ,4883,モダリス,東Ｇ
バイオテクノロジー関連,ヘルスケア・バイオ,4901,富士フイルム,東Ｐ
バイオテクノロジー関連,ヘルスケア・バイオ,4970,東洋合成,東Ｓ
バイオテクノロジー関連,ヘルスケア・バイオ,4978,リプロセル,東Ｇ
バイオテクノロジー関連,ヘルスケア・バイオ,5201,ＡＧＣ,東Ｐ
バイオテクノロジー関連,ヘルスケア・バイオ,5232,住友大阪,東Ｐ
バイオテクノロジー関連,ヘルスケア・バイオ,6090,ＨＭＴ,東Ｓ
バイオテクノロジー関連,ヘルスケア・バイオ,6190,フェニクスＢ,東Ｇ
バイオテクノロジー関連,ヘルスケア・バイオ,6568,神戸天然物化,東Ｇ
バイオテクノロジー関連,ヘルスケア・バイオ,6752,パナＨＤ,東Ｐ
バイオテクノロジー関連,ヘルスケア・バイオ,6779,日電波,東Ｐ
バイオテクノロジー関連,ヘルスケア・バイオ,6841,横河電,東Ｐ
バイオテクノロジー関連,ヘルスケア・バイオ,6866,ＨＩＯＫＩ,東Ｐ
バイオテクノロジー関連,ヘルスケア・バイオ,6894,パルステック,東Ｓ
バイオテクノロジー関連,ヘルスケア・バイオ,6951,日電子,東Ｐ
バイオテクノロジー関連,ヘルスケア・バイオ,6961,エンプラス,東Ｐ
バイオテクノロジー関連,ヘルスケア・バイオ,6988,日東電,東Ｐ
バイオテクノロジー関連,ヘルスケア・バイオ,7220,武蔵精密,東Ｐ
バイオテクノロジー関連,ヘルスケア・バイオ,7433,伯東,東Ｐ
バイオテクノロジー関連,ヘルスケア・バイオ,7476,アズワン,東Ｐ
バイオテクノロジー関連,ヘルスケア・バイオ,7701,島津,東Ｐ
バイオテクノロジー関連,ヘルスケア・バイオ,7702,ＪＭＳ,東Ｓ
バイオテクノロジー関連,ヘルスケア・バイオ,7707,ＰＳＳ,東Ｇ
バイオテクノロジー関連,ヘルスケア・バイオ,7731,ニコン,東Ｐ
バイオテクノロジー関連,ヘルスケア・バイオ,7733,オリンパス,東Ｐ
バイオテクノロジー関連,ヘルスケア・バイオ,7774,Ｊティッシュ,東Ｇ
バイオテクノロジー関連,ヘルスケア・バイオ,7776,セルシード,東Ｇ
バイオテクノロジー関連,ヘルスケア・バイオ,7777,３ＤＭ,東Ｇ
バイオテクノロジー関連,ヘルスケア・バイオ,7932,ニッピ,東Ｓ
バイオテクノロジー関連,ヘルスケア・バイオ,8012,長瀬産,東Ｐ
バイオテクノロジー関連,ヘルスケア・バイオ,8095,アステナＨＤ,東Ｐ
バイオテクノロジー関連,ヘルスケア・バイオ,9212,ＧＥＩ,東Ｇ
バイオマーカー,ヘルスケア・バイオ,2342,トランスＧＧ,東Ｓ
バイオマーカー,ヘルスケア・バイオ,2385,総医研ＨＤ,東Ｇ
バイオマーカー,ヘルスケア・バイオ,3402,東レ,東Ｐ
バイオマーカー,ヘルスケア・バイオ,4503,アステラス,東Ｐ
バイオマーカー,ヘルスケア・バイオ,4523,エーザイ,東Ｐ
バイオマーカー,ヘルスケア・バイオ,4575,ＣＡＮＢＡＳ,東Ｇ
バイオマーカー,ヘルスケア・バイオ,6090,ＨＭＴ,東Ｓ
バイオマーカー,ヘルスケア・バイオ,6869,シスメックス,東Ｐ
バイオ後発薬,ヘルスケア・バイオ,4151,協和キリン,東Ｐ
バイオ後発薬,ヘルスケア・バイオ,4182,菱ガス化,東Ｐ
バイオ後発薬,ヘルスケア・バイオ,4272,日化薬,東Ｐ
バイオ後発薬,ヘルスケア・バイオ,4534,持田薬,東Ｐ
バイオ後発薬,ヘルスケア・バイオ,4552,ＪＣＲファ,東Ｐ
バイオ後発薬,ヘルスケア・バイオ,4554,富士製薬,東Ｐ
バイオ後発薬,ヘルスケア・バイオ,4568,第一三共,東Ｐ
バイオ後発薬,ヘルスケア・バイオ,4584,キッズバイオ,東Ｇ
バイオ後発薬,ヘルスケア・バイオ,4886,あすか薬ＨＤ,東Ｐ
バイオ後発薬,ヘルスケア・バイオ,4901,富士フイルム,東Ｐ
バイオ後発薬,ヘルスケア・バイオ,8086,ニプロ,東Ｐ
バイオ抗がん剤,ヘルスケア・バイオ,4502,武田,東Ｐ
バイオ抗がん剤,ヘルスケア・バイオ,4507,塩野義,東Ｐ
バイオ抗がん剤,ヘルスケア・バイオ,4523,エーザイ,東Ｐ
バイオ抗がん剤,ヘルスケア・バイオ,4584,キッズバイオ,東Ｇ
バイオ抗がん剤,ヘルスケア・バイオ,4598,デルタフライ,東Ｇ
バイオ抗がん剤,ヘルスケア・バイオ,4882,ペルセウス,東Ｇ
ホームヘルスケア,ヘルスケア・バイオ,3202,ダイトウボウ,東Ｓ
ホームヘルスケア,ヘルスケア・バイオ,3402,東レ,東Ｐ
ホームヘルスケア,ヘルスケア・バイオ,4438,Ｗｅｌｂｙ,東Ｇ
ホームヘルスケア,ヘルスケア・バイオ,4543,テルモ,東Ｐ
ホームヘルスケア,ヘルスケア・バイオ,6645,オムロン,東Ｐ
ホームヘルスケア,ヘルスケア・バイオ,6752,パナＨＤ,東Ｐ
ホームヘルスケア,ヘルスケア・バイオ,7061,日本ホスピス,東Ｇ
ホームヘルスケア,ヘルスケア・バイオ,7062,フレアス,東Ｇ
ホームヘルスケア,ヘルスケア・バイオ,7071,アンビスＨＤ,東Ｐ
ホームヘルスケア,ヘルスケア・バイオ,7133,ヒュウガプラ,東Ｇ
ホームヘルスケア,ヘルスケア・バイオ,7745,Ａ＆Ｄホロン,東Ｐ
ホームヘルスケア,ヘルスケア・バイオ,7762,シチズン,東Ｐ
ホームヘルスケア,ヘルスケア・バイオ,7792,コラントッテ,東Ｇ
ホームヘルスケア,ヘルスケア・バイオ,7807,幸和製,東Ｓ
ホームヘルスケア,ヘルスケア・バイオ,7840,フラベッドＨ,東Ｐ
ホームヘルスケア,ヘルスケア・バイオ,8630,ＳＯＭＰＯ,東Ｐ
ホームヘルスケア,ヘルスケア・バイオ,9158,シーユーシー,東Ｇ
ホームヘルスケア,ヘルスケア・バイオ,9214,ＲＩ,東Ｇ
ホームヘルスケア,ヘルスケア・バイオ,9766,コナミＧ,東Ｐ
モノクローナル抗体,ヘルスケア・バイオ,2342,トランスＧＧ,東Ｓ
モノクローナル抗体,ヘルスケア・バイオ,2370,メディネット,東Ｇ
モノクローナル抗体,ヘルスケア・バイオ,3386,コスモバイオ,東Ｓ
モノクローナル抗体,ヘルスケア・バイオ,4151,協和キリン,東Ｐ
モノクローナル抗体,ヘルスケア・バイオ,4272,日化薬,東Ｐ
モノクローナル抗体,ヘルスケア・バイオ,4519,中外薬,東Ｐ
モノクローナル抗体,ヘルスケア・バイオ,4523,エーザイ,東Ｐ
モノクローナル抗体,ヘルスケア・バイオ,4528,小野薬,東Ｐ
モノクローナル抗体,ヘルスケア・バイオ,4564,オンコセラピ,東Ｇ
モノクローナル抗体,ヘルスケア・バイオ,4570,免疫生物研,東Ｇ
モノクローナル抗体,ヘルスケア・バイオ,4571,ＮＡＮＯＨＤ,東Ｇ
モノクローナル抗体,ヘルスケア・バイオ,4583,カイオム,東Ｇ
ワクチン療法,ヘルスケア・バイオ,2269,明治ＨＤ,東Ｐ
ワクチン療法,ヘルスケア・バイオ,2370,メディネット,東Ｇ
ワクチン療法,ヘルスケア・バイオ,4061,デンカ,東Ｐ
ワクチン療法,ヘルスケア・バイオ,4202,ダイセル,東Ｐ
ワクチン療法,ヘルスケア・バイオ,4502,武田,東Ｐ
ワクチン療法,ヘルスケア・バイオ,4503,アステラス,東Ｐ
ワクチン療法,ヘルスケア・バイオ,4506,住友ファーマ,東Ｐ
ワクチン療法,ヘルスケア・バイオ,4507,塩野義,東Ｐ
ワクチン療法,ヘルスケア・バイオ,4524,仁丹,東Ｓ
ワクチン療法,ヘルスケア・バイオ,4552,ＪＣＲファ,東Ｐ
ワクチン療法,ヘルスケア・バイオ,4563,アンジェス,東Ｇ
ワクチン療法,ヘルスケア・バイオ,4564,オンコセラピ,東Ｇ
ワクチン療法,ヘルスケア・バイオ,4568,第一三共,東Ｐ
ワクチン療法,ヘルスケア・バイオ,4570,免疫生物研,東Ｇ
ワクチン療法,ヘルスケア・バイオ,4571,ＮＡＮＯＨＤ,東Ｇ
ワクチン療法,ヘルスケア・バイオ,4594,ブライトパス,東Ｇ
ワクチン療法,ヘルスケア・バイオ,4881,ファンペップ,東Ｇ
ワクチン療法,ヘルスケア・バイオ,4901,富士フイルム,東Ｐ
ワクチン療法,ヘルスケア・バイオ,4978,リプロセル,東Ｇ
ワクチン療法,ヘルスケア・バイオ,4992,北興化,東Ｓ
不妊治療,ヘルスケア・バイオ,2281,プリマ,東Ｐ
不妊治療,ヘルスケア・バイオ,3199,綿半ＨＤ,東Ｐ
不妊治療,ヘルスケア・バイオ,4552,ＪＣＲファ,東Ｐ
不妊治療,ヘルスケア・バイオ,4554,富士製薬,東Ｐ
不妊治療,ヘルスケア・バイオ,4571,ＮＡＮＯＨＤ,東Ｇ
不妊治療,ヘルスケア・バイオ,4595,ミズホメディ,東Ｓ
不妊治療,ヘルスケア・バイオ,4880,セルソース,東Ｓ
不妊治療,ヘルスケア・バイオ,4886,あすか薬ＨＤ,東Ｐ
不妊治療,ヘルスケア・バイオ,7780,メニコン,東Ｐ
不妊治療,ヘルスケア・バイオ,8091,ニチモウ,東Ｐ
不妊治療,ヘルスケア・バイオ,9438,ＭＴＩ,東Ｐ
予防医療,ヘルスケア・バイオ,2385,総医研ＨＤ,東Ｇ
予防医療,ヘルスケア・バイオ,2413,エムスリー,東Ｐ
予防医療,ヘルスケア・バイオ,2784,アルフレッサ,東Ｐ
予防医療,ヘルスケア・バイオ,3137,ファンデリー,東Ｓ
予防医療,ヘルスケア・バイオ,3628,データＨＲ,東Ｇ
予防医療,ヘルスケア・バイオ,4014,カラダノート,東Ｇ
予防医療,ヘルスケア・バイオ,4078,堺化学,東Ｐ
予防医療,ヘルスケア・バイオ,4438,Ｗｅｌｂｙ,東Ｇ
予防医療,ヘルスケア・バイオ,5619,マーソ,東Ｇ
予防医療,ヘルスケア・バイオ,6090,ＨＭＴ,東Ｓ
予防医療,ヘルスケア・バイオ,7046,ＴＤＳＥ,東Ｇ
予防医療,ヘルスケア・バイオ,7681,レオクラン,東Ｓ
予防医療,ヘルスケア・バイオ,9218,ＭＨＴ,東Ｇ
予防医療,ヘルスケア・バイオ,9341,ＧＥＮＯＶＡ,東Ｐ
介護テック,ヘルスケア・バイオ,3444,菊池製作,東Ｓ
介護テック,ヘルスケア・バイオ,4259,エクサＷｉｚ,東Ｇ
介護テック,ヘルスケア・バイオ,4412,サイエンスＡ,東Ｇ
介護テック,ヘルスケア・バイオ,4820,ＥＭシステム,東Ｐ
介護テック,ヘルスケア・バイオ,5592,くすりの窓口,東Ｇ
介護テック,ヘルスケア・バイオ,6479,ミネベア,東Ｐ
介護テック,ヘルスケア・バイオ,7065,ｕｐｒ,東Ｓ
介護テック,ヘルスケア・バイオ,7376,ＢＣＣ,東Ｇ
介護テック,ヘルスケア・バイオ,7731,ニコン,東Ｐ
介護テック,ヘルスケア・バイオ,7752,リコー,東Ｐ
介護テック,ヘルスケア・バイオ,7779,サイバダイン,東Ｇ
介護テック,ヘルスケア・バイオ,7792,コラントッテ,東Ｇ
介護テック,ヘルスケア・バイオ,7813,プラッツ,東Ｓ
介護テック,ヘルスケア・バイオ,7840,フラベッドＨ,東Ｐ
介護テック,ヘルスケア・バイオ,8157,都築電,東Ｐ
介護レンタル,ヘルスケア・バイオ,1925,大和ハウス,東Ｐ
介護レンタル,ヘルスケア・バイオ,2373,ケア２１,東Ｓ
介護レンタル,ヘルスケア・バイオ,2393,ケアサプライ,東Ｓ
介護レンタル,ヘルスケア・バイオ,2435,シダー,東Ｓ
介護レンタル,ヘルスケア・バイオ,3055,ほくたけ,札証
介護レンタル,ヘルスケア・バイオ,3154,メディアス,東Ｐ
介護レンタル,ヘルスケア・バイオ,3297,東武住販,東Ｓ
介護レンタル,ヘルスケア・バイオ,3449,テクノフレ,東Ｓ
介護レンタル,ヘルスケア・バイオ,4665,ダスキン,東Ｐ
介護レンタル,ヘルスケア・バイオ,6545,ＩＩＦ,東Ｇ
介護レンタル,ヘルスケア・バイオ,6752,パナＨＤ,東Ｐ
介護レンタル,ヘルスケア・バイオ,7634,星医療,東Ｓ
介護レンタル,ヘルスケア・バイオ,7649,スギＨＤ,東Ｐ
介護レンタル,ヘルスケア・バイオ,7807,幸和製,東Ｓ
介護レンタル,ヘルスケア・バイオ,7813,プラッツ,東Ｓ
介護レンタル,ヘルスケア・バイオ,8125,ワキタ,東Ｐ
介護レンタル,ヘルスケア・バイオ,9029,ヒガシＨＤ,東Ｓ
介護レンタル,ヘルスケア・バイオ,9220,エフビー介護,東Ｓ
介護レンタル,ヘルスケア・バイオ,9229,サンウェルズ,東Ｐ
介護レンタル,ヘルスケア・バイオ,9729,トーカイ,東Ｐ
介護レンタル,ヘルスケア・バイオ,9788,ナック,東Ｐ
介護関連,ヘルスケア・バイオ,1333,Ｕｍｉｏｓ,東Ｐ
介護関連,ヘルスケア・バイオ,1420,サンヨーＨ,東Ｓ
介護関連,ヘルスケア・バイオ,1764,工藤建設,東Ｓ
介護関連,ヘルスケア・バイオ,1803,清水建,東Ｐ
介護関連,ヘルスケア・バイオ,1808,長谷工,東Ｐ
介護関連,ヘルスケア・バイオ,1860,戸田建,東Ｐ
介護関連,ヘルスケア・バイオ,1867,植木組,東Ｓ
介護関連,ヘルスケア・バイオ,1925,大和ハウス,東Ｐ
介護関連,ヘルスケア・バイオ,1928,積水ハウス,東Ｐ
介護関連,ヘルスケア・バイオ,2137,Ｈヴェラス,札Ａ
介護関連,ヘルスケア・バイオ,2138,クルーズ,東Ｓ
介護関連,ヘルスケア・バイオ,2175,エスエムエス,東Ｐ
介護関連,ヘルスケア・バイオ,2198,アイケイケイ,東Ｐ
介護関連,ヘルスケア・バイオ,2264,森永乳,東Ｐ
介護関連,ヘルスケア・バイオ,2269,明治ＨＤ,東Ｐ
介護関連,ヘルスケア・バイオ,2331,ＡＬＳＯＫ,東Ｐ
介護関連,ヘルスケア・バイオ,2373,ケア２１,東Ｓ
介護関連,ヘルスケア・バイオ,2378,ルネサンス,東Ｐ
介護関連,ヘルスケア・バイオ,2393,ケアサプライ,東Ｓ
介護関連,ヘルスケア・バイオ,2413,エムスリー,東Ｐ
介護関連,ヘルスケア・バイオ,2415,ヒューマン,東Ｓ
介護関連,ヘルスケア・バイオ,2425,ケアサービス,東Ｓ
介護関連,ヘルスケア・バイオ,2435,シダー,東Ｓ
介護関連,ヘルスケア・バイオ,2462,ライク,東Ｐ
介護関連,ヘルスケア・バイオ,2654,アスモ,東Ｓ
介護関連,ヘルスケア・バイオ,2673,夢みつけ隊,東Ｓ
介護関連,ヘルスケア・バイオ,2689,オルバＤＶｘ,東Ｓ
介護関連,ヘルスケア・バイオ,2802,味の素,東Ｐ
介護関連,ヘルスケア・バイオ,2809,キユーピー,東Ｐ
介護関連,ヘルスケア・バイオ,2877,日東ベスト,東Ｓ
介護関連,ヘルスケア・バイオ,2883,大冷,東Ｓ
介護関連,ヘルスケア・バイオ,2901,Ｗディッシュ,東Ｓ
介護関連,ヘルスケア・バイオ,2911,旭松食品,東Ｓ
介護関連,ヘルスケア・バイオ,2984,ヤマイチ,東Ｓ
介護関連,ヘルスケア・バイオ,3003,ヒューリック,東Ｐ
介護関連,ヘルスケア・バイオ,3055,ほくたけ,札証
介護関連,ヘルスケア・バイオ,3148,クリエイトＳ,東Ｐ
介護関連,ヘルスケア・バイオ,3151,バイタルＫＳ,東Ｐ
介護関連,ヘルスケア・バイオ,3154,メディアス,東Ｐ
介護関連,ヘルスケア・バイオ,3167,ＴＯＫＡＩ,東Ｐ
介護関連,ヘルスケア・バイオ,3201,ニッケ,東Ｐ
介護関連,ヘルスケア・バイオ,3297,東武住販,東Ｓ
介護関連,ヘルスケア・バイオ,3353,メディ一光Ｇ,東Ｓ
介護関連,ヘルスケア・バイオ,3360,シップＨＤ,東Ｐ
介護関連,ヘルスケア・バイオ,3401,帝人,東Ｐ
介護関連,ヘルスケア・バイオ,3449,テクノフレ,東Ｓ
介護関連,ヘルスケア・バイオ,3529,アツギ,東Ｓ
介護関連,ヘルスケア・バイオ,3939,カナミックＮ,東Ｐ
介護関連,ヘルスケア・バイオ,3974,ＳＣＡＴ,東Ｓ
介護関連,ヘルスケア・バイオ,4204,積水化,東Ｐ
介護関連,ヘルスケア・バイオ,4284,ソルクシーズ,東Ｓ
介護関連,ヘルスケア・バイオ,4290,ＰＩ,東Ｐ
介護関連,ヘルスケア・バイオ,4390,アイピーエス,東Ｐ
介護関連,ヘルスケア・バイオ,4452,花王,東Ｐ
介護関連,ヘルスケア・バイオ,4480,メドレー,東Ｐ
介護関連,ヘルスケア・バイオ,4499,スピー,東Ｓ
介護関連,ヘルスケア・バイオ,4641,アルプス技,東Ｐ
介護関連,ヘルスケア・バイオ,4645,市進ＨＤ,東Ｓ
介護関連,ヘルスケア・バイオ,4650,ＳＤエンター,東Ｓ
介護関連,ヘルスケア・バイオ,4664,ＲＳＣ,東Ｓ
介護関連,ヘルスケア・バイオ,4681,リゾートトラ,東Ｐ
介護関連,ヘルスケア・バイオ,4735,京進,東Ｓ
介護関連,ヘルスケア・バイオ,4820,ＥＭシステム,東Ｐ
介護関連,ヘルスケア・バイオ,4826,ＣＩＪ,東Ｐ
介護関連,ヘルスケア・バイオ,5038,ｅＷｅＬＬ,東Ｇ
介護関連,ヘルスケア・バイオ,5194,相模ゴ,東Ｓ
介護関連,ヘルスケア・バイオ,5332,ＴＯＴＯ,東Ｐ
介護関連,ヘルスケア・バイオ,5592,くすりの窓口,東Ｇ
介護関連,ヘルスケア・バイオ,5843,インシュア,東Ｓ
介護関連,ヘルスケア・バイオ,5956,トーソー,東Ｓ
介護関連,ヘルスケア・バイオ,6029,アトラＧ,東Ｓ
介護関連,ヘルスケア・バイオ,6059,ウチヤマＨＤ,東Ｓ
介護関連,ヘルスケア・バイオ,6062,チャームケア,東Ｐ
介護関連,ヘルスケア・バイオ,6086,シンメンテ,東Ｇ
介護関連,ヘルスケア・バイオ,6089,ウィルＧ,東Ｐ
介護関連,ヘルスケア・バイオ,6099,エラン,東Ｐ
介護関連,ヘルスケア・バイオ,6198,Ｃａｒｅｅｒ,東Ｇ
介護関連,ヘルスケア・バイオ,6287,サトー,東Ｐ
介護関連,ヘルスケア・バイオ,6326,クボタ,東Ｐ
介護関連,ヘルスケア・バイオ,6454,マックス,東Ｐ
介護関連,ヘルスケア・バイオ,6545,ＩＩＦ,東Ｇ
介護関連,ヘルスケア・バイオ,6718,アイホン,東Ｐ
介護関連,ヘルスケア・バイオ,6752,パナＨＤ,東Ｐ
介護関連,ヘルスケア・バイオ,6775,ＴＢグループ,東Ｓ
介護関連,ヘルスケア・バイオ,6823,リオン,東Ｐ
介護関連,ヘルスケア・バイオ,6960,フクダ電,東Ｓ
介護関連,ヘルスケア・バイオ,7037,テノ．ＨＤ,東Ｓ
介護関連,ヘルスケア・バイオ,7040,サンライフＨ,東Ｓ
介護関連,ヘルスケア・バイオ,7061,日本ホスピス,東Ｇ
介護関連,ヘルスケア・バイオ,7062,フレアス,東Ｇ
介護関連,ヘルスケア・バイオ,7071,アンビスＨＤ,東Ｐ
介護関連,ヘルスケア・バイオ,7075,ＱＬＳＨＤ,東Ｇ
介護関連,ヘルスケア・バイオ,7083,ＡＨＣ,東Ｇ
介護関連,ヘルスケア・バイオ,7091,リビングＰＦ,東Ｇ
介護関連,ヘルスケア・バイオ,7129,ミアヘルサ,東Ｓ
介護関連,ヘルスケア・バイオ,7133,ヒュウガプラ,東Ｇ
介護関連,ヘルスケア・バイオ,7191,イントラスト,東Ｓ
介護関連,ヘルスケア・バイオ,7266,今仙電機,東Ｓ
介護関連,ヘルスケア・バイオ,7279,ハイレックス,東Ｓ
介護関連,ヘルスケア・バイオ,7305,新家工,東Ｓ
介護関連,ヘルスケア・バイオ,7358,ポピンズ,東Ｓ
介護関連,ヘルスケア・バイオ,7362,Ｔ．Ｓ．Ｉ,東Ｇ
介護関連,ヘルスケア・バイオ,7369,メイホーＨＤ,東Ｇ
介護関連,ヘルスケア・バイオ,7376,ＢＣＣ,東Ｇ
介護関連,ヘルスケア・バイオ,7447,ナガイレーベ,東Ｐ
介護関連,ヘルスケア・バイオ,7476,アズワン,東Ｐ
介護関連,ヘルスケア・バイオ,7550,ゼンショＨＤ,東Ｐ
介護関連,ヘルスケア・バイオ,7551,ウェッズ,東Ｓ
介護関連,ヘルスケア・バイオ,7634,星医療,東Ｓ
介護関連,ヘルスケア・バイオ,7649,スギＨＤ,東Ｐ
介護関連,ヘルスケア・バイオ,7779,サイバダイン,東Ｇ
介護関連,ヘルスケア・バイオ,7792,コラントッテ,東Ｇ
介護関連,ヘルスケア・バイオ,7807,幸和製,東Ｓ
介護関連,ヘルスケア・バイオ,7813,プラッツ,東Ｓ
介護関連,ヘルスケア・バイオ,7840,フラベッドＨ,東Ｐ
介護関連,ヘルスケア・バイオ,7936,アシックス,東Ｐ
介護関連,ヘルスケア・バイオ,7956,ピジョン,東Ｐ
介護関連,ヘルスケア・バイオ,8066,三谷商,東Ｓ
介護関連,ヘルスケア・バイオ,8113,ユニチャーム,東Ｐ
介護関連,ヘルスケア・バイオ,8125,ワキタ,東Ｐ
介護関連,ヘルスケア・バイオ,8518,アジア投資,東Ｓ
介護関連,ヘルスケア・バイオ,8630,ＳＯＭＰＯ,東Ｐ
介護関連,ヘルスケア・バイオ,8729,ソニーＦＧ,東Ｐ
介護関連,ヘルスケア・バイオ,8848,レオパレス,東Ｐ
介護関連,ヘルスケア・バイオ,8850,スターツ,東Ｐ
介護関連,ヘルスケア・バイオ,8928,穴吹興産,東Ｓ
介護関連,ヘルスケア・バイオ,9003,相鉄ＨＤ,東Ｐ
介護関連,ヘルスケア・バイオ,9005,東急,東Ｐ
介護関連,ヘルスケア・バイオ,9006,京急,東Ｐ
介護関連,ヘルスケア・バイオ,9007,小田急,東Ｐ
介護関連,ヘルスケア・バイオ,9008,京王,東Ｐ
介護関連,ヘルスケア・バイオ,9009,京成,東Ｐ
介護関連,ヘルスケア・バイオ,9020,ＪＲ東日本,東Ｐ
介護関連,ヘルスケア・バイオ,9021,ＪＲ西日本,東Ｐ
介護関連,ヘルスケア・バイオ,9029,ヒガシＨＤ,東Ｓ
介護関連,ヘルスケア・バイオ,9031,西鉄,東Ｐ
介護関連,ヘルスケア・バイオ,9041,近鉄ＧＨＤ,東Ｐ
介護関連,ヘルスケア・バイオ,9044,ＮＡＮＫＡＩ,東Ｐ
介護関連,ヘルスケア・バイオ,9045,京阪ＨＤ,東Ｐ
介護関連,ヘルスケア・バイオ,9046,神電鉄,東Ｓ
介護関連,ヘルスケア・バイオ,9048,名鉄,東Ｐ
介護関連,ヘルスケア・バイオ,9069,センコーＨＤ,東Ｐ
介護関連,ヘルスケア・バイオ,9083,神姫バ,東Ｓ
介護関連,ヘルスケア・バイオ,9115,明海グループ,東Ｓ
介護関連,ヘルスケア・バイオ,9158,シーユーシー,東Ｇ
介護関連,ヘルスケア・バイオ,9214,ＲＩ,東Ｇ
介護関連,ヘルスケア・バイオ,9220,エフビー介護,東Ｓ
介護関連,ヘルスケア・バイオ,9229,サンウェルズ,東Ｐ
介護関連,ヘルスケア・バイオ,9237,笑美面,東Ｇ
介護関連,ヘルスケア・バイオ,9256,サクシード,東Ｇ
介護関連,ヘルスケア・バイオ,9262,シルバライフ,東Ｓ
介護関連,ヘルスケア・バイオ,9272,ブティックス,東Ｇ
介護関連,ヘルスケア・バイオ,9332,ＮＩＳＳＯ,東Ｐ
介護関連,ヘルスケア・バイオ,9470,学研ＨＤ,東Ｐ
介護関連,ヘルスケア・バイオ,9508,九州電,東Ｐ
介護関連,ヘルスケア・バイオ,9628,燦ＨＤ,東Ｐ
介護関連,ヘルスケア・バイオ,9729,トーカイ,東Ｐ
介護関連,ヘルスケア・バイオ,9735,セコム,東Ｐ
介護関連,ヘルスケア・バイオ,9766,コナミＧ,東Ｐ
介護関連,ヘルスケア・バイオ,9791,ビケンテクノ,東Ｓ
介護関連,ヘルスケア・バイオ,9831,ヤマダＨＤ,東Ｐ
介護関連,ヘルスケア・バイオ,9895,コンセック,東Ｓ
介護関連,ヘルスケア・バイオ,9969,ショクブン,東Ｓ
介護関連,ヘルスケア・バイオ,9987,スズケン,東Ｐ
個別化医療,ヘルスケア・バイオ,2342,トランスＧＧ,東Ｓ
個別化医療,ヘルスケア・バイオ,2370,メディネット,東Ｇ
個別化医療,ヘルスケア・バイオ,4502,武田,東Ｐ
個別化医療,ヘルスケア・バイオ,4519,中外薬,東Ｐ
個別化医療,ヘルスケア・バイオ,4549,栄研化,東Ｐ
個別化医療,ヘルスケア・バイオ,4568,第一三共,東Ｐ
個別化医療,ヘルスケア・バイオ,4583,カイオム,東Ｇ
個別化医療,ヘルスケア・バイオ,5619,マーソ,東Ｇ
個別化医療,ヘルスケア・バイオ,6788,日本トリム,東Ｐ
個別化医療,ヘルスケア・バイオ,6869,シスメックス,東Ｐ
個別化医療,ヘルスケア・バイオ,7774,Ｊティッシュ,東Ｇ
個別化医療,ヘルスケア・バイオ,7776,セルシード,東Ｇ
健康・機能性食品,ヘルスケア・バイオ,1332,ニッスイ,東Ｐ
健康・機能性食品,ヘルスケア・バイオ,1333,Ｕｍｉｏｓ,東Ｐ
健康・機能性食品,ヘルスケア・バイオ,1375,ユキグニ,東Ｐ
健康・機能性食品,ヘルスケア・バイオ,1379,ホクト,東Ｐ
健康・機能性食品,ヘルスケア・バイオ,1783,ファンタジス,東Ｓ
健康・機能性食品,ヘルスケア・バイオ,2001,ニップン,東Ｐ
健康・機能性食品,ヘルスケア・バイオ,2002,日清粉Ｇ,東Ｐ
健康・機能性食品,ヘルスケア・バイオ,2003,日東富士,東Ｓ
健康・機能性食品,ヘルスケア・バイオ,2004,昭和産,東Ｐ
健康・機能性食品,ヘルスケア・バイオ,2109,ＤＭ三井製糖,東Ｐ
健康・機能性食品,ヘルスケア・バイオ,2112,塩水糖,東Ｓ
健康・機能性食品,ヘルスケア・バイオ,2114,フジ日本,東Ｓ
健康・機能性食品,ヘルスケア・バイオ,2201,森永,東Ｐ
健康・機能性食品,ヘルスケア・バイオ,2206,グリコ,東Ｐ
健康・機能性食品,ヘルスケア・バイオ,2207,ｍｅｉｔｏ,東Ｐ
健康・機能性食品,ヘルスケア・バイオ,2208,ブルボン,東Ｓ
健康・機能性食品,ヘルスケア・バイオ,2226,コイケヤ,東Ｓ
健康・機能性食品,ヘルスケア・バイオ,2264,森永乳,東Ｐ
健康・機能性食品,ヘルスケア・バイオ,2267,ヤクルト,東Ｐ
健康・機能性食品,ヘルスケア・バイオ,2269,明治ＨＤ,東Ｐ
健康・機能性食品,ヘルスケア・バイオ,2270,雪印メグ,東Ｐ
健康・機能性食品,ヘルスケア・バイオ,2286,林兼,東Ｓ
健康・機能性食品,ヘルスケア・バイオ,2385,総医研ＨＤ,東Ｇ
健康・機能性食品,ヘルスケア・バイオ,2502,アサヒ,東Ｐ
健康・機能性食品,ヘルスケア・バイオ,2503,キリンＨＤ,東Ｐ
健康・機能性食品,ヘルスケア・バイオ,2531,宝ＨＬＤ,東Ｐ
健康・機能性食品,ヘルスケア・バイオ,2533,オエノンＨＤ,東Ｐ
健康・機能性食品,ヘルスケア・バイオ,2585,Ｌドリンク,東Ｐ
健康・機能性食品,ヘルスケア・バイオ,2587,サントリＢＦ,東Ｐ
健康・機能性食品,ヘルスケア・バイオ,2593,伊藤園,東Ｐ
健康・機能性食品,ヘルスケア・バイオ,2602,日清オイリオ,東Ｐ
健康・機能性食品,ヘルスケア・バイオ,2607,不二製油,東Ｐ
健康・機能性食品,ヘルスケア・バイオ,2802,味の素,東Ｐ
健康・機能性食品,ヘルスケア・バイオ,2809,キユーピー,東Ｐ
健康・機能性食品,ヘルスケア・バイオ,2810,ハウス食Ｇ,東Ｐ
健康・機能性食品,ヘルスケア・バイオ,2816,ダイショー,東Ｓ
健康・機能性食品,ヘルスケア・バイオ,2901,Ｗディッシュ,東Ｓ
健康・機能性食品,ヘルスケア・バイオ,2902,太陽化,名Ｍ
健康・機能性食品,ヘルスケア・バイオ,2907,あじかん,東Ｓ
健康・機能性食品,ヘルスケア・バイオ,2908,フジッコ,東Ｐ
健康・機能性食品,ヘルスケア・バイオ,2927,ＡＦＣ－ＨＤ,東Ｓ
健康・機能性食品,ヘルスケア・バイオ,2928,ＲＩＺＡＰ,札Ａ
健康・機能性食品,ヘルスケア・バイオ,2929,ファーマＦ,東Ｐ
健康・機能性食品,ヘルスケア・バイオ,2930,北の達人,東Ｐ
健康・機能性食品,ヘルスケア・バイオ,2931,ユーグレナ,東Ｐ
健康・機能性食品,ヘルスケア・バイオ,2933,紀文食品,東Ｐ
健康・機能性食品,ヘルスケア・バイオ,2934,ジェイフロ,東Ｇ
健康・機能性食品,ヘルスケア・バイオ,2936,ベースフード,東Ｇ
健康・機能性食品,ヘルスケア・バイオ,3071,ストリーム,東Ｓ
健康・機能性食品,ヘルスケア・バイオ,3137,ファンデリー,東Ｓ
健康・機能性食品,ヘルスケア・バイオ,3143,オーウイル,東Ｓ
健康・機能性食品,ヘルスケア・バイオ,3172,ティーライフ,東Ｓ
健康・機能性食品,ヘルスケア・バイオ,3202,ダイトウボウ,東Ｓ
健康・機能性食品,ヘルスケア・バイオ,3417,大木ヘルス,東Ｓ
健康・機能性食品,ヘルスケア・バイオ,3549,クスリアオキ,東Ｓ
健康・機能性食品,ヘルスケア・バイオ,3647,アスリナ,東Ｓ
健康・機能性食品,ヘルスケア・バイオ,3726,フォーシーズ,東Ｓ
健康・機能性食品,ヘルスケア・バイオ,3747,インタートレ,東Ｓ
健康・機能性食品,ヘルスケア・バイオ,4031,片倉コープ,東Ｓ
健康・機能性食品,ヘルスケア・バイオ,4040,南海化学,東Ｓ
健康・機能性食品,ヘルスケア・バイオ,4046,大阪ソーダ,東Ｐ
健康・機能性食品,ヘルスケア・バイオ,4078,堺化学,東Ｐ
健康・機能性食品,ヘルスケア・バイオ,4118,カネカ,東Ｐ
健康・機能性食品,ヘルスケア・バイオ,4151,協和キリン,東Ｐ
健康・機能性食品,ヘルスケア・バイオ,4403,日油,東Ｐ
健康・機能性食品,ヘルスケア・バイオ,4452,花王,東Ｐ
健康・機能性食品,ヘルスケア・バイオ,4461,一工薬,東Ｐ
健康・機能性食品,ヘルスケア・バイオ,4516,日本新薬,東Ｐ
健康・機能性食品,ヘルスケア・バイオ,4523,エーザイ,東Ｐ
健康・機能性食品,ヘルスケア・バイオ,4524,仁丹,東Ｓ
健康・機能性食品,ヘルスケア・バイオ,4526,理ビタ,東Ｐ
健康・機能性食品,ヘルスケア・バイオ,4548,生化学,東Ｐ
健康・機能性食品,ヘルスケア・バイオ,4553,東和薬品,東Ｐ
健康・機能性食品,ヘルスケア・バイオ,4558,中京医薬,東Ｓ
健康・機能性食品,ヘルスケア・バイオ,4559,ゼリア新薬,東Ｐ
健康・機能性食品,ヘルスケア・バイオ,4572,カルナバイオ,東Ｇ
健康・機能性食品,ヘルスケア・バイオ,4577,ダイト,東Ｐ
健康・機能性食品,ヘルスケア・バイオ,4578,大塚ＨＤ,東Ｐ
健康・機能性食品,ヘルスケア・バイオ,4629,大伸化学,東Ｓ
健康・機能性食品,ヘルスケア・バイオ,4911,資生堂,東Ｐ
健康・機能性食品,ヘルスケア・バイオ,4912,ライオン,東Ｐ
健康・機能性食品,ヘルスケア・バイオ,4918,アイビー,東Ｓ
健康・機能性食品,ヘルスケア・バイオ,4925,ハーバー研,東Ｓ
健康・機能性食品,ヘルスケア・バイオ,4928,ノエビアＨＤ,東Ｐ
健康・機能性食品,ヘルスケア・バイオ,4931,新日本製薬,東Ｐ
健康・機能性食品,ヘルスケア・バイオ,4932,アルマード,東Ｓ
健康・機能性食品,ヘルスケア・バイオ,4933,Ｉｎｅ,東Ｐ
健康・機能性食品,ヘルスケア・バイオ,4935,リベルタ,東Ｓ
健康・機能性食品,ヘルスケア・バイオ,4936,アクシージア,東Ｓ
健康・機能性食品,ヘルスケア・バイオ,4967,小林製薬,東Ｐ
健康・機能性食品,ヘルスケア・バイオ,6058,ベクトル,東Ｐ
健康・機能性食品,ヘルスケア・バイオ,6428,オーイズミ,東Ｓ
健康・機能性食品,ヘルスケア・バイオ,7044,ピアラ,東Ｓ
健康・機能性食品,ヘルスケア・バイオ,7074,２４７ＨＤ,東Ｇ
健康・機能性食品,ヘルスケア・バイオ,7413,創健社,東Ｓ
健康・機能性食品,ヘルスケア・バイオ,7679,薬王堂ＨＤ,東Ｐ
健康・機能性食品,ヘルスケア・バイオ,7932,ニッピ,東Ｓ
健康・機能性食品,ヘルスケア・バイオ,8005,スクロール,東Ｐ
健康・機能性食品,ヘルスケア・バイオ,8025,ツカモト,東Ｓ
健康・機能性食品,ヘルスケア・バイオ,8091,ニチモウ,東Ｐ
健康・機能性食品,ヘルスケア・バイオ,8095,アステナＨＤ,東Ｐ
健康・機能性食品,ヘルスケア・バイオ,8841,テーオーシー,東Ｓ
健康・機能性食品,ヘルスケア・バイオ,9162,ブリーチ,東Ｇ
健康・機能性食品,ヘルスケア・バイオ,9788,ナック,東Ｐ
健康・機能性食品,ヘルスケア・バイオ,9885,シャルレ,東Ｓ
健康・機能性食品,ヘルスケア・バイオ,9980,ＭＲＫＨＬＤ,東Ｓ
健康・機能性食品,ヘルスケア・バイオ,9997,ベルーナ,東Ｐ
内視鏡,ヘルスケア・バイオ,4078,堺化学,東Ｐ
内視鏡,ヘルスケア・バイオ,4901,富士フイルム,東Ｐ
内視鏡,ヘルスケア・バイオ,7733,オリンパス,東Ｐ
内視鏡,ヘルスケア・バイオ,7741,ＨＯＹＡ,東Ｐ
内視鏡,ヘルスケア・バイオ,7777,３ＤＭ,東Ｇ
内視鏡,ヘルスケア・バイオ,9265,ヤマシタＨＤ,東Ｓ
再生医療,ヘルスケア・バイオ,2208,ブルボン,東Ｓ
再生医療,ヘルスケア・バイオ,2370,メディネット,東Ｇ
再生医療,ヘルスケア・バイオ,2395,新日本科学,東Ｐ
再生医療,ヘルスケア・バイオ,2503,キリンＨＤ,東Ｐ
再生医療,ヘルスケア・バイオ,2531,宝ＨＬＤ,東Ｐ
再生医療,ヘルスケア・バイオ,2721,ＪＨＤ,東Ｓ
再生医療,ヘルスケア・バイオ,3002,グンゼ,東Ｐ
再生医療,ヘルスケア・バイオ,3106,クラボウ,東Ｐ
再生医療,ヘルスケア・バイオ,3386,コスモバイオ,東Ｓ
再生医療,ヘルスケア・バイオ,3401,帝人,東Ｐ
再生医療,ヘルスケア・バイオ,3446,Ｊテック・Ｃ,東Ｓ
再生医療,ヘルスケア・バイオ,3569,セーレン,東Ｐ
再生医療,ヘルスケア・バイオ,3750,ＡＤＲバイオ,東Ｓ
再生医療,ヘルスケア・バイオ,3840,ヴィクトン,東Ｓ
再生医療,ヘルスケア・バイオ,3914,ＪＩＧＳＡＷ,東Ｇ
再生医療,ヘルスケア・バイオ,4005,住友化,東Ｐ
再生医療,ヘルスケア・バイオ,4021,日産化,東Ｐ
再生医療,ヘルスケア・バイオ,4118,カネカ,東Ｐ
再生医療,ヘルスケア・バイオ,4151,協和キリン,東Ｐ
再生医療,ヘルスケア・バイオ,4203,住友ベ,東Ｐ
再生医療,ヘルスケア・バイオ,4503,アステラス,東Ｐ
再生医療,ヘルスケア・バイオ,4506,住友ファーマ,東Ｐ
再生医療,ヘルスケア・バイオ,4521,科研薬,東Ｐ
再生医療,ヘルスケア・バイオ,4527,ロート,東Ｐ
再生医療,ヘルスケア・バイオ,4543,テルモ,東Ｐ
再生医療,ヘルスケア・バイオ,4544,ＨＵグループ,東Ｐ
再生医療,ヘルスケア・バイオ,4552,ＪＣＲファ,東Ｐ
再生医療,ヘルスケア・バイオ,4568,第一三共,東Ｐ
再生医療,ヘルスケア・バイオ,4578,大塚ＨＤ,東Ｐ
再生医療,ヘルスケア・バイオ,4584,キッズバイオ,東Ｇ
再生医療,ヘルスケア・バイオ,4592,サンバイオ,東Ｇ
再生医療,ヘルスケア・バイオ,4593,ヘリオス,東Ｇ
再生医療,ヘルスケア・バイオ,4594,ブライトパス,東Ｇ
再生医療,ヘルスケア・バイオ,4599,ステムリム,東Ｇ
再生医療,ヘルスケア・バイオ,4880,セルソース,東Ｓ
再生医療,ヘルスケア・バイオ,4892,サイフューズ,東Ｇ
再生医療,ヘルスケア・バイオ,4894,クオリプス,東Ｇ
再生医療,ヘルスケア・バイオ,4896,ケイファーマ,東Ｇ
再生医療,ヘルスケア・バイオ,4901,富士フイルム,東Ｐ
再生医療,ヘルスケア・バイオ,4911,資生堂,東Ｐ
再生医療,ヘルスケア・バイオ,4937,ワクー,東Ｇ
再生医療,ヘルスケア・バイオ,4978,リプロセル,東Ｇ
再生医療,ヘルスケア・バイオ,5185,フコク,東Ｐ
再生医療,ヘルスケア・バイオ,5201,ＡＧＣ,東Ｐ
再生医療,ヘルスケア・バイオ,5801,古河電,東Ｐ
再生医療,ヘルスケア・バイオ,6340,渋谷工,東Ｐ
再生医療,ヘルスケア・バイオ,6501,日立,東Ｐ
再生医療,ヘルスケア・バイオ,6506,安川電,東Ｐ
再生医療,ヘルスケア・バイオ,6523,ＰＨＣＨＤ,東Ｐ
再生医療,ヘルスケア・バイオ,6752,パナＨＤ,東Ｐ
再生医療,ヘルスケア・バイオ,6758,ソニーＧ,東Ｐ
再生医療,ヘルスケア・バイオ,6788,日本トリム,東Ｐ
再生医療,ヘルスケア・バイオ,6849,日本光電,東Ｐ
再生医療,ヘルスケア・バイオ,6965,ホトニクス,東Ｐ
再生医療,ヘルスケア・バイオ,7012,川重,東Ｐ
再生医療,ヘルスケア・バイオ,7096,ステムセル研,東Ｇ
再生医療,ヘルスケア・バイオ,7575,日本ライフＬ,東Ｐ
再生医療,ヘルスケア・バイオ,7701,島津,東Ｐ
再生医療,ヘルスケア・バイオ,7707,ＰＳＳ,東Ｇ
再生医療,ヘルスケア・バイオ,7731,ニコン,東Ｐ
再生医療,ヘルスケア・バイオ,7733,オリンパス,東Ｐ
再生医療,ヘルスケア・バイオ,7751,キヤノン,東Ｐ
再生医療,ヘルスケア・バイオ,7774,Ｊティッシュ,東Ｇ
再生医療,ヘルスケア・バイオ,7776,セルシード,東Ｇ
再生医療,ヘルスケア・バイオ,7777,３ＤＭ,東Ｇ
再生医療,ヘルスケア・バイオ,7912,大日印,東Ｐ
再生医療,ヘルスケア・バイオ,7932,ニッピ,東Ｓ
再生医療,ヘルスケア・バイオ,8086,ニプロ,東Ｐ
再生医療,ヘルスケア・バイオ,8725,ＭＳ＆ＡＤ,東Ｐ
創薬,ヘルスケア・バイオ,2158,フロンテオ,東Ｇ
創薬,ヘルスケア・バイオ,2160,ジーエヌアイ,東Ｇ
創薬,ヘルスケア・バイオ,2395,新日本科学,東Ｐ
創薬,ヘルスケア・バイオ,2929,ファーマＦ,東Ｐ
創薬,ヘルスケア・バイオ,4563,アンジェス,東Ｇ
創薬,ヘルスケア・バイオ,4564,オンコセラピ,東Ｇ
創薬,ヘルスケア・バイオ,4565,ネクセラ,東Ｐ
創薬,ヘルスケア・バイオ,4569,杏林製薬,東Ｐ
創薬,ヘルスケア・バイオ,4571,ＮＡＮＯＨＤ,東Ｇ
創薬,ヘルスケア・バイオ,4572,カルナバイオ,東Ｇ
創薬,ヘルスケア・バイオ,4575,ＣＡＮＢＡＳ,東Ｇ
創薬,ヘルスケア・バイオ,4576,ＤＷセラピ研,東Ｇ
創薬,ヘルスケア・バイオ,4579,ラクオリア,東Ｇ
創薬,ヘルスケア・バイオ,4582,シンバイオ,東Ｇ
創薬,ヘルスケア・バイオ,4583,カイオム,東Ｇ
創薬,ヘルスケア・バイオ,4584,キッズバイオ,東Ｇ
創薬,ヘルスケア・バイオ,4586,メドレックス,東Ｇ
創薬,ヘルスケア・バイオ,4587,ペプドリ,東Ｐ
創薬,ヘルスケア・バイオ,4588,オンコリス,東Ｇ
創薬,ヘルスケア・バイオ,4591,リボミック,東Ｇ
創薬,ヘルスケア・バイオ,4592,サンバイオ,東Ｇ
創薬,ヘルスケア・バイオ,4593,ヘリオス,東Ｇ
創薬,ヘルスケア・バイオ,4594,ブライトパス,東Ｇ
創薬,ヘルスケア・バイオ,4596,窪田製薬ＨＤ,東Ｇ
創薬,ヘルスケア・バイオ,4597,ソレイジア,東Ｇ
創薬,ヘルスケア・バイオ,4598,デルタフライ,東Ｇ
創薬,ヘルスケア・バイオ,4599,ステムリム,東Ｇ
創薬,ヘルスケア・バイオ,4875,メディシノバ,東Ｓ
創薬,ヘルスケア・バイオ,4881,ファンペップ,東Ｇ
創薬,ヘルスケア・バイオ,4882,ペルセウス,東Ｇ
創薬,ヘルスケア・バイオ,4883,モダリス,東Ｇ
創薬,ヘルスケア・バイオ,4884,クリングル,東Ｇ
創薬,ヘルスケア・バイオ,4888,ステラファ,東Ｇ
創薬,ヘルスケア・バイオ,4889,レナ,東Ｇ
創薬,ヘルスケア・バイオ,4890,坪田ラボ,東Ｇ
創薬,ヘルスケア・バイオ,4891,ティムス,東Ｇ
創薬,ヘルスケア・バイオ,4892,サイフューズ,東Ｇ
創薬,ヘルスケア・バイオ,4893,ノイル,東Ｇ
創薬,ヘルスケア・バイオ,4894,クオリプス,東Ｇ
創薬,ヘルスケア・バイオ,4896,ケイファーマ,東Ｇ
創薬,ヘルスケア・バイオ,7079,ＷＤＢココ,東Ｇ
医療ツーリズム,ヘルスケア・バイオ,2370,メディネット,東Ｇ
医療ツーリズム,ヘルスケア・バイオ,2395,新日本科学,東Ｐ
医療ツーリズム,ヘルスケア・バイオ,3360,シップＨＤ,東Ｐ
医療ツーリズム,ヘルスケア・バイオ,3750,ＡＤＲバイオ,東Ｓ
医療ツーリズム,ヘルスケア・バイオ,3772,ウェルス,東Ｓ
医療ツーリズム,ヘルスケア・バイオ,4681,リゾートトラ,東Ｐ
医療ツーリズム,ヘルスケア・バイオ,5619,マーソ,東Ｇ
医療ツーリズム,ヘルスケア・バイオ,6063,ＥＡＪ,東Ｓ
医療ツーリズム,ヘルスケア・バイオ,6701,ＮＥＣ,東Ｐ
医療ツーリズム,ヘルスケア・バイオ,6775,ＴＢグループ,東Ｓ
医療ツーリズム,ヘルスケア・バイオ,8031,三井物,東Ｐ
医療ツーリズム,ヘルスケア・バイオ,8801,三井不,東Ｐ
医療ツーリズム,ヘルスケア・バイオ,9042,阪急阪神,東Ｐ
医療ツーリズム,ヘルスケア・バイオ,9044,ＮＡＮＫＡＩ,東Ｐ
医療ツーリズム,ヘルスケア・バイオ,9158,シーユーシー,東Ｇ
医療ツーリズム,ヘルスケア・バイオ,9735,セコム,東Ｐ
医療モール,ヘルスケア・バイオ,3803,イメージ情報,東Ｇ
医療モール,ヘルスケア・バイオ,4350,メディシス,東Ｓ
医療モール,ヘルスケア・バイオ,9265,ヤマシタＨＤ,東Ｓ
医療モール,ヘルスケア・バイオ,9627,アインＨＤ,東Ｐ
医療・医薬品,ヘルスケア・バイオ,2160,ジーエヌアイ,東Ｇ
医療・医薬品,ヘルスケア・バイオ,2267,ヤクルト,東Ｐ
医療・医薬品,ヘルスケア・バイオ,2533,オエノンＨＤ,東Ｐ
医療・医薬品,ヘルスケア・バイオ,2590,ＤｙＤｏ,東Ｐ
医療・医薬品,ヘルスケア・バイオ,2784,アルフレッサ,東Ｐ
医療・医薬品,ヘルスケア・バイオ,2802,味の素,東Ｐ
医療・医薬品,ヘルスケア・バイオ,2914,ＪＴ,東Ｐ
医療・医薬品,ヘルスケア・バイオ,2927,ＡＦＣ－ＨＤ,東Ｓ
医療・医薬品,ヘルスケア・バイオ,2934,ジェイフロ,東Ｇ
医療・医薬品,ヘルスケア・バイオ,3001,片倉,東Ｓ
医療・医薬品,ヘルスケア・バイオ,3055,ほくたけ,札証
医療・医薬品,ヘルスケア・バイオ,3110,日東紡,東Ｐ
医療・医薬品,ヘルスケア・バイオ,3151,バイタルＫＳ,東Ｐ
医療・医薬品,ヘルスケア・バイオ,3407,旭化成,東Ｐ
医療・医薬品,ヘルスケア・バイオ,4021,日産化,東Ｐ
医療・医薬品,ヘルスケア・バイオ,4061,デンカ,東Ｐ
医療・医薬品,ヘルスケア・バイオ,4151,協和キリン,東Ｐ
医療・医薬品,ヘルスケア・バイオ,4272,日化薬,東Ｐ
医療・医薬品,ヘルスケア・バイオ,4390,アイピーエス,東Ｐ
医療・医薬品,ヘルスケア・バイオ,4401,ＡＤＥＫＡ,東Ｐ
医療・医薬品,ヘルスケア・バイオ,4502,武田,東Ｐ
医療・医薬品,ヘルスケア・バイオ,4503,アステラス,東Ｐ
医療・医薬品,ヘルスケア・バイオ,4506,住友ファーマ,東Ｐ
医療・医薬品,ヘルスケア・バイオ,4507,塩野義,東Ｐ
医療・医薬品,ヘルスケア・バイオ,4512,わかもと,東Ｓ
医療・医薬品,ヘルスケア・バイオ,4516,日本新薬,東Ｐ
医療・医薬品,ヘルスケア・バイオ,4519,中外薬,東Ｐ
医療・医薬品,ヘルスケア・バイオ,4521,科研薬,東Ｐ
医療・医薬品,ヘルスケア・バイオ,4523,エーザイ,東Ｐ
医療・医薬品,ヘルスケア・バイオ,4524,仁丹,東Ｓ
医療・医薬品,ヘルスケア・バイオ,4528,小野薬,東Ｐ
医療・医薬品,ヘルスケア・バイオ,4534,持田薬,東Ｐ
医療・医薬品,ヘルスケア・バイオ,4538,扶桑薬,東Ｐ
医療・医薬品,ヘルスケア・バイオ,4539,ケミファ,東Ｓ
医療・医薬品,ヘルスケア・バイオ,4540,ツムラ,東Ｐ
医療・医薬品,ヘルスケア・バイオ,4547,キッセイ,東Ｐ
医療・医薬品,ヘルスケア・バイオ,4549,栄研化,東Ｐ
医療・医薬品,ヘルスケア・バイオ,4552,ＪＣＲファ,東Ｐ
医療・医薬品,ヘルスケア・バイオ,4553,東和薬品,東Ｐ
医療・医薬品,ヘルスケア・バイオ,4554,富士製薬,東Ｐ
医療・医薬品,ヘルスケア・バイオ,4559,ゼリア新薬,東Ｐ
医療・医薬品,ヘルスケア・バイオ,4563,アンジェス,東Ｇ
医療・医薬品,ヘルスケア・バイオ,4565,ネクセラ,東Ｐ
医療・医薬品,ヘルスケア・バイオ,4568,第一三共,東Ｐ
医療・医薬品,ヘルスケア・バイオ,4569,杏林製薬,東Ｐ
医療・医薬品,ヘルスケア・バイオ,4571,ＮＡＮＯＨＤ,東Ｇ
医療・医薬品,ヘルスケア・バイオ,4576,ＤＷセラピ研,東Ｇ
医療・医薬品,ヘルスケア・バイオ,4579,ラクオリア,東Ｇ
医療・医薬品,ヘルスケア・バイオ,4586,メドレックス,東Ｇ
医療・医薬品,ヘルスケア・バイオ,4587,ペプドリ,東Ｐ
医療・医薬品,ヘルスケア・バイオ,4595,ミズホメディ,東Ｓ
医療・医薬品,ヘルスケア・バイオ,4597,ソレイジア,東Ｇ
医療・医薬品,ヘルスケア・バイオ,4599,ステムリム,東Ｇ
医療・医薬品,ヘルスケア・バイオ,4626,太陽ＨＤ,東Ｐ
医療・医薬品,ヘルスケア・バイオ,4875,メディシノバ,東Ｓ
医療・医薬品,ヘルスケア・バイオ,4880,セルソース,東Ｓ
医療・医薬品,ヘルスケア・バイオ,4881,ファンペップ,東Ｇ
医療・医薬品,ヘルスケア・バイオ,4882,ペルセウス,東Ｇ
医療・医薬品,ヘルスケア・バイオ,4884,クリングル,東Ｇ
医療・医薬品,ヘルスケア・バイオ,4885,室町ケミカル,東Ｓ
医療・医薬品,ヘルスケア・バイオ,4886,あすか薬ＨＤ,東Ｐ
医療・医薬品,ヘルスケア・バイオ,4887,サワイＧＨＤ,東Ｐ
医療・医薬品,ヘルスケア・バイオ,4888,ステラファ,東Ｇ
医療・医薬品,ヘルスケア・バイオ,4889,レナ,東Ｇ
医療・医薬品,ヘルスケア・バイオ,4890,坪田ラボ,東Ｇ
医療・医薬品,ヘルスケア・バイオ,4891,ティムス,東Ｇ
医療・医薬品,ヘルスケア・バイオ,4892,サイフューズ,東Ｇ
医療・医薬品,ヘルスケア・バイオ,4893,ノイル,東Ｇ
医療・医薬品,ヘルスケア・バイオ,4896,ケイファーマ,東Ｇ
医療・医薬品,ヘルスケア・バイオ,4920,日本色材,東Ｓ
医療・医薬品,ヘルスケア・バイオ,4931,新日本製薬,東Ｐ
医療・医薬品,ヘルスケア・バイオ,6090,ＨＭＴ,東Ｓ
医療・医薬品,ヘルスケア・バイオ,7079,ＷＤＢココ,東Ｇ
医療・医薬品,ヘルスケア・バイオ,7096,ステムセル研,東Ｇ
医療・医薬品,ヘルスケア・バイオ,7459,メディパル,東Ｐ
医療・医薬品,ヘルスケア・バイオ,7701,島津,東Ｐ
医療・医薬品,ヘルスケア・バイオ,7702,ＪＭＳ,東Ｓ
医療・医薬品,ヘルスケア・バイオ,7915,ＮＩＳＳＨＡ,東Ｐ
医療・医薬品,ヘルスケア・バイオ,8095,アステナＨＤ,東Ｐ
医療・医薬品,ヘルスケア・バイオ,8129,東邦ＨＤ,東Ｐ
医療・医薬品,ヘルスケア・バイオ,9214,ＲＩ,東Ｇ
医療・医薬品,ヘルスケア・バイオ,9273,コーア商ＨＤ,東Ｐ
医療・医薬品,ヘルスケア・バイオ,9627,アインＨＤ,東Ｐ
医療・医薬品,ヘルスケア・バイオ,9987,スズケン,東Ｐ
医療事故防止,ヘルスケア・バイオ,3799,キーウェア,東Ｓ
医療事故防止,ヘルスケア・バイオ,5162,朝日ラバー,東Ｓ
医療事故防止,ヘルスケア・バイオ,5187,クリエート,東Ｓ
医療事故防止,ヘルスケア・バイオ,7702,ＪＭＳ,東Ｓ
医療事故防止,ヘルスケア・バイオ,7749,メディキット,東Ｓ
医療事故防止,ヘルスケア・バイオ,7775,大研医器,東Ｓ
医療事故防止,ヘルスケア・バイオ,8086,ニプロ,東Ｐ
医療器材,ヘルスケア・バイオ,2207,ｍｅｉｔｏ,東Ｐ
医療器材,ヘルスケア・バイオ,2376,サイネックス,東Ｓ
医療器材,ヘルスケア・バイオ,2689,オルバＤＶｘ,東Ｓ
医療器材,ヘルスケア・バイオ,2784,アルフレッサ,東Ｐ
医療器材,ヘルスケア・バイオ,3002,グンゼ,東Ｐ
医療器材,ヘルスケア・バイオ,3055,ほくたけ,札証
医療器材,ヘルスケア・バイオ,3064,モノタロウ,東Ｐ
医療器材,ヘルスケア・バイオ,3103,ユニチカ,東Ｓ
医療器材,ヘルスケア・バイオ,3151,バイタルＫＳ,東Ｐ
医療器材,ヘルスケア・バイオ,3154,メディアス,東Ｐ
医療器材,ヘルスケア・バイオ,3161,アゼアス,東Ｓ
医療器材,ヘルスケア・バイオ,3183,ウインＰ,東Ｐ
医療器材,ヘルスケア・バイオ,3569,セーレン,東Ｐ
医療器材,ヘルスケア・バイオ,3583,オーベクス,東Ｓ
医療器材,ヘルスケア・バイオ,3611,マツオカ,東Ｓ
医療器材,ヘルスケア・バイオ,3645,メディカルＮ,東Ｓ
医療器材,ヘルスケア・バイオ,3649,ファインデ,東Ｐ
医療器材,ヘルスケア・バイオ,4043,トクヤマ,東Ｐ
医療器材,ヘルスケア・バイオ,4078,堺化学,東Ｐ
医療器材,ヘルスケア・バイオ,4082,稀元素,東Ｐ
医療器材,ヘルスケア・バイオ,4088,エアウォータ,東Ｐ
医療器材,ヘルスケア・バイオ,4205,ゼオン,東Ｐ
医療器材,ヘルスケア・バイオ,4218,ニチバン,東Ｐ
医療器材,ヘルスケア・バイオ,4221,大倉工,東Ｐ
医療器材,ヘルスケア・バイオ,4242,タカギセイコ,東Ｓ
医療器材,ヘルスケア・バイオ,4471,三洋化,東Ｐ
医療器材,ヘルスケア・バイオ,4543,テルモ,東Ｐ
医療器材,ヘルスケア・バイオ,4586,メドレックス,東Ｇ
医療器材,ヘルスケア・バイオ,5122,オカモト,東Ｐ
医療器材,ヘルスケア・バイオ,5142,アキレス,東Ｐ
医療器材,ヘルスケア・バイオ,5162,朝日ラバー,東Ｓ
医療器材,ヘルスケア・バイオ,5187,クリエート,東Ｓ
医療器材,ヘルスケア・バイオ,5204,石塚硝,東Ｓ
医療器材,ヘルスケア・バイオ,5214,日電硝,東Ｐ
医療器材,ヘルスケア・バイオ,5393,ニチアス,東Ｐ
医療器材,ヘルスケア・バイオ,5821,平河ヒューテ,東Ｐ
医療器材,ヘルスケア・バイオ,6029,アトラＧ,東Ｓ
医療器材,ヘルスケア・バイオ,6209,リケンＮＰＲ,東Ｐ
医療器材,ヘルスケア・バイオ,6240,ヤマシン―Ｆ,東Ｐ
医療器材,ヘルスケア・バイオ,6459,だいわ,東Ｐ
医療器材,ヘルスケア・バイオ,6523,ＰＨＣＨＤ,東Ｐ
医療器材,ヘルスケア・バイオ,6632,ＪＶＣケンウ,東Ｐ
医療器材,ヘルスケア・バイオ,6737,ＥＩＺＯ,東Ｐ
医療器材,ヘルスケア・バイオ,6776,天昇電,東Ｓ
医療器材,ヘルスケア・バイオ,6785,鈴木,東Ｐ
医療器材,ヘルスケア・バイオ,6849,日本光電,東Ｐ
医療器材,ヘルスケア・バイオ,6899,ＡＳＴＩ,東Ｓ
医療器材,ヘルスケア・バイオ,6988,日東電,東Ｐ
医療器材,ヘルスケア・バイオ,7313,ＴＳテック,東Ｐ
医療器材,ヘルスケア・バイオ,7446,東北化学,東Ｓ
医療器材,ヘルスケア・バイオ,7447,ナガイレーベ,東Ｐ
医療器材,ヘルスケア・バイオ,7476,アズワン,東Ｐ
医療器材,ヘルスケア・バイオ,7487,小津産業,東Ｓ
医療器材,ヘルスケア・バイオ,7488,ヤガミ,名Ｍ
医療器材,ヘルスケア・バイオ,7600,日本ＭＤＭ,東Ｐ
医療器材,ヘルスケア・バイオ,7681,レオクラン,東Ｓ
医療器材,ヘルスケア・バイオ,7702,ＪＭＳ,東Ｓ
医療器材,ヘルスケア・バイオ,7730,マニー,東Ｐ
医療器材,ヘルスケア・バイオ,7733,オリンパス,東Ｐ
医療器材,ヘルスケア・バイオ,7747,朝日インテク,東Ｐ
医療器材,ヘルスケア・バイオ,7775,大研医器,東Ｓ
医療器材,ヘルスケア・バイオ,7777,３ＤＭ,東Ｇ
医療器材,ヘルスケア・バイオ,7813,プラッツ,東Ｓ
医療器材,ヘルスケア・バイオ,7821,前田工繊,東Ｐ
医療器材,ヘルスケア・バイオ,7841,遠藤製作所,東Ｓ
医療器材,ヘルスケア・バイオ,7888,三光合成,東Ｐ
医療器材,ヘルスケア・バイオ,7915,ＮＩＳＳＨＡ,東Ｐ
医療器材,ヘルスケア・バイオ,7917,ＺＡＣＲＯＳ,東Ｐ
医療器材,ヘルスケア・バイオ,7970,信越ポリ,東Ｐ
医療器材,ヘルスケア・バイオ,7979,松風,東Ｐ
医療器材,ヘルスケア・バイオ,8086,ニプロ,東Ｐ
医療器材,ヘルスケア・バイオ,9265,ヤマシタＨＤ,東Ｓ
医療器材,ヘルスケア・バイオ,9340,アソインター,東Ｓ
医療器材,ヘルスケア・バイオ,9729,トーカイ,東Ｐ
医療器材,ヘルスケア・バイオ,9913,日邦産業,東Ｓ
医療器材,ヘルスケア・バイオ,9997,ベルーナ,東Ｐ
医療情報,ヘルスケア・バイオ,2158,フロンテオ,東Ｇ
医療情報,ヘルスケア・バイオ,2413,エムスリー,東Ｐ
医療情報,ヘルスケア・バイオ,2667,イメージワン,東Ｓ
医療情報,ヘルスケア・バイオ,2796,ファマライズ,東Ｓ
医療情報,ヘルスケア・バイオ,3628,データＨＲ,東Ｇ
医療情報,ヘルスケア・バイオ,3645,メディカルＮ,東Ｓ
医療情報,ヘルスケア・バイオ,3649,ファインデ,東Ｐ
医療情報,ヘルスケア・バイオ,3671,ソフトＭＡＸ,東Ｓ
医療情報,ヘルスケア・バイオ,3762,テクマト,東Ｐ
医療情報,ヘルスケア・バイオ,3773,ＡＭＩ,東Ｇ
医療情報,ヘルスケア・バイオ,3937,Ｕｂｉｃｏｍ,東Ｓ
医療情報,ヘルスケア・バイオ,3939,カナミックＮ,東Ｐ
医療情報,ヘルスケア・バイオ,4323,日シス技術,東Ｐ
医療情報,ヘルスケア・バイオ,4346,ＮＥＸＹＺ．,東Ｓ
医療情報,ヘルスケア・バイオ,4438,Ｗｅｌｂｙ,東Ｇ
医療情報,ヘルスケア・バイオ,4480,メドレー,東Ｐ
医療情報,ヘルスケア・バイオ,4626,太陽ＨＤ,東Ｐ
医療情報,ヘルスケア・バイオ,4694,ＢＭＬ,東Ｐ
医療情報,ヘルスケア・バイオ,4763,Ｃ＆Ｒ,東Ｐ
医療情報,ヘルスケア・バイオ,5592,くすりの窓口,東Ｇ
医療情報,ヘルスケア・バイオ,5619,マーソ,東Ｇ
医療情報,ヘルスケア・バイオ,6034,ＭＲＴ,東Ｇ
医療情報,ヘルスケア・バイオ,6523,ＰＨＣＨＤ,東Ｐ
医療情報,ヘルスケア・バイオ,7079,ＷＤＢココ,東Ｇ
医療情報,ヘルスケア・バイオ,7363,ベビカレ,東Ｇ
医療情報,ヘルスケア・バイオ,9265,ヤマシタＨＤ,東Ｓ
医療情報,ヘルスケア・バイオ,9341,ＧＥＮＯＶＡ,東Ｐ
医療支援,ヘルスケア・バイオ,2175,エスエムエス,東Ｐ
医療支援,ヘルスケア・バイオ,2413,エムスリー,東Ｐ
医療支援,ヘルスケア・バイオ,2796,ファマライズ,東Ｓ
医療支援,ヘルスケア・バイオ,3133,海帆,東Ｇ
医療支援,ヘルスケア・バイオ,3154,メディアス,東Ｐ
医療支援,ヘルスケア・バイオ,3286,トラストＨＤ,東Ｓ
医療支援,ヘルスケア・バイオ,3649,ファインデ,東Ｐ
医療支援,ヘルスケア・バイオ,3671,ソフトＭＡＸ,東Ｓ
医療支援,ヘルスケア・バイオ,3799,キーウェア,東Ｓ
医療支援,ヘルスケア・バイオ,3937,Ｕｂｉｃｏｍ,東Ｓ
医療支援,ヘルスケア・バイオ,4172,Ｈｉクラテス,東Ｓ
医療支援,ヘルスケア・バイオ,4263,サスメド,東Ｇ
医療支援,ヘルスケア・バイオ,4290,ＰＩ,東Ｐ
医療支援,ヘルスケア・バイオ,4350,メディシス,東Ｓ
医療支援,ヘルスケア・バイオ,4438,Ｗｅｌｂｙ,東Ｇ
医療支援,ヘルスケア・バイオ,4480,メドレー,東Ｐ
医療支援,ヘルスケア・バイオ,4483,ＪＭＤＣ,東Ｐ
医療支援,ヘルスケア・バイオ,4544,ＨＵグループ,東Ｐ
医療支援,ヘルスケア・バイオ,4694,ＢＭＬ,東Ｐ
医療支援,ヘルスケア・バイオ,4736,日本ラッド,東Ｓ
医療支援,ヘルスケア・バイオ,4763,Ｃ＆Ｒ,東Ｐ
医療支援,ヘルスケア・バイオ,4880,セルソース,東Ｓ
医療支援,ヘルスケア・バイオ,4937,ワクー,東Ｇ
医療支援,ヘルスケア・バイオ,5576,ＯＢシステム,東Ｓ
医療支援,ヘルスケア・バイオ,5619,マーソ,東Ｇ
医療支援,ヘルスケア・バイオ,5843,インシュア,東Ｓ
医療支援,ヘルスケア・バイオ,6029,アトラＧ,東Ｓ
医療支援,ヘルスケア・バイオ,6034,ＭＲＴ,東Ｇ
医療支援,ヘルスケア・バイオ,6063,ＥＡＪ,東Ｓ
医療支援,ヘルスケア・バイオ,6078,バリューＨＲ,東Ｐ
医療支援,ヘルスケア・バイオ,6099,エラン,東Ｐ
医療支援,ヘルスケア・バイオ,6198,Ｃａｒｅｅｒ,東Ｇ
医療支援,ヘルスケア・バイオ,6572,オープンＧ,東Ｐ
医療支援,ヘルスケア・バイオ,6888,アクモス,東Ｓ
医療支援,ヘルスケア・バイオ,7046,ＴＤＳＥ,東Ｇ
医療支援,ヘルスケア・バイオ,7090,リグア,東Ｇ
医療支援,ヘルスケア・バイオ,7120,ＳＨＩＮＫＯ,東Ｓ
医療支援,ヘルスケア・バイオ,7187,ジェイリース,東Ｐ
医療支援,ヘルスケア・バイオ,7191,イントラスト,東Ｓ
医療支援,ヘルスケア・バイオ,7363,ベビカレ,東Ｇ
医療支援,ヘルスケア・バイオ,7370,Ｅｎｊｉｎ,東Ｇ
医療支援,ヘルスケア・バイオ,7634,星医療,東Ｓ
医療支援,ヘルスケア・バイオ,7681,レオクラン,東Ｓ
医療支援,ヘルスケア・バイオ,8938,グロームＨＤ,東Ｇ
医療支援,ヘルスケア・バイオ,9025,鴻池運輸,東Ｐ
医療支援,ヘルスケア・バイオ,9158,シーユーシー,東Ｇ
医療支援,ヘルスケア・バイオ,9218,ＭＨＴ,東Ｇ
医療支援,ヘルスケア・バイオ,9265,ヤマシタＨＤ,東Ｓ
医療支援,ヘルスケア・バイオ,9418,ＵＮＥＸＴ,東Ｐ
医療支援,ヘルスケア・バイオ,9658,ビジ太田昭,東Ｐ
医療支援,ヘルスケア・バイオ,9729,トーカイ,東Ｐ
医療機器,ヘルスケア・バイオ,2160,ジーエヌアイ,東Ｇ
医療機器,ヘルスケア・バイオ,2667,イメージワン,東Ｓ
医療機器,ヘルスケア・バイオ,3055,ほくたけ,札証
医療機器,ヘルスケア・バイオ,3106,クラボウ,東Ｐ
医療機器,ヘルスケア・バイオ,3135,マーケットＥ,東Ｓ
医療機器,ヘルスケア・バイオ,3151,バイタルＫＳ,東Ｐ
医療機器,ヘルスケア・バイオ,3154,メディアス,東Ｐ
医療機器,ヘルスケア・バイオ,3183,ウインＰ,東Ｐ
医療機器,ヘルスケア・バイオ,3360,シップＨＤ,東Ｐ
医療機器,ヘルスケア・バイオ,3374,内外テック,東Ｓ
医療機器,ヘルスケア・バイオ,3401,帝人,東Ｐ
医療機器,ヘルスケア・バイオ,3402,東レ,東Ｐ
医療機器,ヘルスケア・バイオ,3407,旭化成,東Ｐ
医療機器,ヘルスケア・バイオ,3583,オーベクス,東Ｓ
医療機器,ヘルスケア・バイオ,3645,メディカルＮ,東Ｓ
医療機器,ヘルスケア・バイオ,3649,ファインデ,東Ｐ
医療機器,ヘルスケア・バイオ,3733,ソフトウェア,東Ｓ
医療機器,ヘルスケア・バイオ,3750,ＡＤＲバイオ,東Ｓ
医療機器,ヘルスケア・バイオ,4055,Ｔ＆Ｓ・Ｇ,東Ｇ
医療機器,ヘルスケア・バイオ,4078,堺化学,東Ｐ
医療機器,ヘルスケア・バイオ,4088,エアウォータ,東Ｐ
医療機器,ヘルスケア・バイオ,4093,アセチレン,東Ｓ
医療機器,ヘルスケア・バイオ,4095,パーカライ,東Ｐ
医療機器,ヘルスケア・バイオ,4118,カネカ,東Ｐ
医療機器,ヘルスケア・バイオ,4202,ダイセル,東Ｐ
医療機器,ヘルスケア・バイオ,4203,住友ベ,東Ｐ
医療機器,ヘルスケア・バイオ,4204,積水化,東Ｐ
医療機器,ヘルスケア・バイオ,4228,積化成,東Ｐ
医療機器,ヘルスケア・バイオ,4320,ＣＥＨＤ,東Ｓ
医療機器,ヘルスケア・バイオ,4538,扶桑薬,東Ｐ
医療機器,ヘルスケア・バイオ,4543,テルモ,東Ｐ
医療機器,ヘルスケア・バイオ,4544,ＨＵグループ,東Ｐ
医療機器,ヘルスケア・バイオ,4549,栄研化,東Ｐ
医療機器,ヘルスケア・バイオ,4595,ミズホメディ,東Ｓ
医療機器,ヘルスケア・バイオ,4596,窪田製薬ＨＤ,東Ｇ
医療機器,ヘルスケア・バイオ,4597,ソレイジア,東Ｇ
医療機器,ヘルスケア・バイオ,4694,ＢＭＬ,東Ｐ
医療機器,ヘルスケア・バイオ,4736,日本ラッド,東Ｓ
医療機器,ヘルスケア・バイオ,4880,セルソース,東Ｓ
医療機器,ヘルスケア・バイオ,4889,レナ,東Ｇ
医療機器,ヘルスケア・バイオ,4890,坪田ラボ,東Ｇ
医療機器,ヘルスケア・バイオ,4894,クオリプス,東Ｇ
医療機器,ヘルスケア・バイオ,4901,富士フイルム,東Ｐ
医療機器,ヘルスケア・バイオ,4902,コニカミノル,東Ｐ
医療機器,ヘルスケア・バイオ,4935,リベルタ,東Ｓ
医療機器,ヘルスケア・バイオ,5187,クリエート,東Ｓ
医療機器,ヘルスケア・バイオ,5195,バンドー,東Ｐ
医療機器,ヘルスケア・バイオ,5199,不二ラテ,東Ｓ
医療機器,ヘルスケア・バイオ,5334,特殊陶,東Ｐ
医療機器,ヘルスケア・バイオ,5704,ＪＭＣ,東Ｓ
医療機器,ヘルスケア・バイオ,5726,大阪チタ,東Ｐ
医療機器,ヘルスケア・バイオ,5955,ワイズＨＤ,東Ｓ
医療機器,ヘルスケア・バイオ,5957,日東精,東Ｐ
医療機器,ヘルスケア・バイオ,5966,ＫＴＣ,東Ｓ
医療機器,ヘルスケア・バイオ,5988,パイオラック,東Ｐ
医療機器,ヘルスケア・バイオ,5998,アドバネクス,東Ｓ
医療機器,ヘルスケア・バイオ,6005,三浦工,東Ｐ
医療機器,ヘルスケア・バイオ,6137,小池工,東Ｓ
医療機器,ヘルスケア・バイオ,6151,日東工器,東Ｐ
医療機器,ヘルスケア・バイオ,6159,ミクロン,東Ｓ
医療機器,ヘルスケア・バイオ,6235,オプトラン,東Ｐ
医療機器,ヘルスケア・バイオ,6237,イワキポンプ,東Ｐ
医療機器,ヘルスケア・バイオ,6258,平田機工,東Ｐ
医療機器,ヘルスケア・バイオ,6278,ユニオンツル,東Ｐ
医療機器,ヘルスケア・バイオ,6298,ワイエイシイ,東Ｐ
医療機器,ヘルスケア・バイオ,6302,住友重,東Ｐ
医療機器,ヘルスケア・バイオ,6338,タカトリ,東Ｓ
医療機器,ヘルスケア・バイオ,6340,渋谷工,東Ｐ
医療機器,ヘルスケア・バイオ,6376,日機装,東Ｐ
医療機器,ヘルスケア・バイオ,6380,オリチェン,東Ｓ
医療機器,ヘルスケア・バイオ,6400,不二精機,東Ｓ
医療機器,ヘルスケア・バイオ,6420,ガリレイ,東Ｐ
医療機器,ヘルスケア・バイオ,6501,日立,東Ｐ
医療機器,ヘルスケア・バイオ,6503,三菱電,東Ｐ
医療機器,ヘルスケア・バイオ,6513,オリジン,東Ｓ
医療機器,ヘルスケア・バイオ,6521,オキサイド,東Ｇ
医療機器,ヘルスケア・バイオ,6523,ＰＨＣＨＤ,東Ｐ
医療機器,ヘルスケア・バイオ,6574,コンヴァノ,東Ｇ
医療機器,ヘルスケア・バイオ,6599,エブレン,東Ｓ
医療機器,ヘルスケア・バイオ,6613,ＱＤレーザ,東Ｇ
医療機器,ヘルスケア・バイオ,6626,ＳＥＭＴＥＣ,東Ｓ
医療機器,ヘルスケア・バイオ,6635,大日光,東Ｓ
医療機器,ヘルスケア・バイオ,6637,寺崎電気,東Ｓ
医療機器,ヘルスケア・バイオ,6645,オムロン,東Ｐ
医療機器,ヘルスケア・バイオ,6656,インスペック,東Ｓ
医療機器,ヘルスケア・バイオ,6677,エスケーエレ,東Ｓ
医療機器,ヘルスケア・バイオ,6678,テクノメデカ,東Ｓ
医療機器,ヘルスケア・バイオ,6701,ＮＥＣ,東Ｐ
医療機器,ヘルスケア・バイオ,6752,パナＨＤ,東Ｐ
医療機器,ヘルスケア・バイオ,6753,シャープ,東Ｐ
医療機器,ヘルスケア・バイオ,6758,ソニーＧ,東Ｐ
医療機器,ヘルスケア・バイオ,6763,帝通工,東Ｐ
医療機器,ヘルスケア・バイオ,6771,池上通,東Ｓ
医療機器,ヘルスケア・バイオ,6777,ｓａｎｔｅｃ,東Ｓ
医療機器,ヘルスケア・バイオ,6788,日本トリム,東Ｐ
医療機器,ヘルスケア・バイオ,6800,ヨコオ,東Ｐ
医療機器,ヘルスケア・バイオ,6803,ティアック,東Ｓ
医療機器,ヘルスケア・バイオ,6814,古野電,東Ｐ
医療機器,ヘルスケア・バイオ,6823,リオン,東Ｐ
医療機器,ヘルスケア・バイオ,6849,日本光電,東Ｐ
医療機器,ヘルスケア・バイオ,6856,堀場製,東Ｐ
医療機器,ヘルスケア・バイオ,6863,ニレコ,東Ｓ
医療機器,ヘルスケア・バイオ,6869,シスメックス,東Ｐ
医療機器,ヘルスケア・バイオ,6870,フェンオール,東Ｓ
医療機器,ヘルスケア・バイオ,6890,フェローテク,東Ｓ
医療機器,ヘルスケア・バイオ,6894,パルステック,東Ｓ
医療機器,ヘルスケア・バイオ,6905,コーセル,東Ｐ
医療機器,ヘルスケア・バイオ,6925,ウシオ電,東Ｐ
医療機器,ヘルスケア・バイオ,6952,カシオ,東Ｐ
医療機器,ヘルスケア・バイオ,6960,フクダ電,東Ｓ
医療機器,ヘルスケア・バイオ,6963,ローム,東Ｐ
医療機器,ヘルスケア・バイオ,6965,ホトニクス,東Ｐ
医療機器,ヘルスケア・バイオ,6971,京セラ,東Ｐ
医療機器,ヘルスケア・バイオ,7011,三菱重,東Ｐ
医療機器,ヘルスケア・バイオ,7272,ヤマハ発,東Ｐ
医療機器,ヘルスケア・バイオ,7279,ハイレックス,東Ｓ
医療機器,ヘルスケア・バイオ,7510,たけびし,東Ｐ
医療機器,ヘルスケア・バイオ,7537,丸文,東Ｐ
医療機器,ヘルスケア・バイオ,7575,日本ライフＬ,東Ｐ
医療機器,ヘルスケア・バイオ,7600,日本ＭＤＭ,東Ｐ
医療機器,ヘルスケア・バイオ,7634,星医療,東Ｓ
医療機器,ヘルスケア・バイオ,7681,レオクラン,東Ｓ
医療機器,ヘルスケア・バイオ,7699,オムニプラス,東Ｇ
医療機器,ヘルスケア・バイオ,7701,島津,東Ｐ
医療機器,ヘルスケア・バイオ,7702,ＪＭＳ,東Ｓ
医療機器,ヘルスケア・バイオ,7716,ナカニシ,東Ｓ
医療機器,ヘルスケア・バイオ,7730,マニー,東Ｐ
医療機器,ヘルスケア・バイオ,7731,ニコン,東Ｐ
医療機器,ヘルスケア・バイオ,7733,オリンパス,東Ｐ
医療機器,ヘルスケア・バイオ,7741,ＨＯＹＡ,東Ｐ
医療機器,ヘルスケア・バイオ,7743,シード,東Ｓ
医療機器,ヘルスケア・バイオ,7745,Ａ＆Ｄホロン,東Ｐ
医療機器,ヘルスケア・バイオ,7747,朝日インテク,東Ｐ
医療機器,ヘルスケア・バイオ,7749,メディキット,東Ｓ
医療機器,ヘルスケア・バイオ,7751,キヤノン,東Ｐ
医療機器,ヘルスケア・バイオ,7775,大研医器,東Ｓ
医療機器,ヘルスケア・バイオ,7792,コラントッテ,東Ｇ
医療機器,ヘルスケア・バイオ,7885,タカノ,東Ｓ
医療機器,ヘルスケア・バイオ,7915,ＮＩＳＳＨＡ,東Ｐ
医療機器,ヘルスケア・バイオ,7917,ＺＡＣＲＯＳ,東Ｐ
医療機器,ヘルスケア・バイオ,7963,興研,東Ｓ
医療機器,ヘルスケア・バイオ,7979,松風,東Ｐ
医療機器,ヘルスケア・バイオ,7986,日本ＩＳＫ,東Ｓ
医療機器,ヘルスケア・バイオ,8060,キヤノンＭＪ,東Ｐ
医療機器,ヘルスケア・バイオ,8081,カナデン,東Ｐ
医療機器,ヘルスケア・バイオ,8086,ニプロ,東Ｐ
医療機器,ヘルスケア・バイオ,9025,鴻池運輸,東Ｐ
医療機器,ヘルスケア・バイオ,9265,ヤマシタＨＤ,東Ｓ
医療機器,ヘルスケア・バイオ,9324,安田倉,東Ｐ
医療機器,ヘルスケア・バイオ,9340,アソインター,東Ｓ
医療機器,ヘルスケア・バイオ,9913,日邦産業,東Ｓ
医療機器,ヘルスケア・バイオ,9987,スズケン,東Ｐ
医療用ガス,ヘルスケア・バイオ,2689,オルバＤＶｘ,東Ｓ
医療用ガス,ヘルスケア・バイオ,3401,帝人,東Ｐ
医療用ガス,ヘルスケア・バイオ,4088,エアウォータ,東Ｐ
医療用ガス,ヘルスケア・バイオ,4091,日本酸素ＨＤ,東Ｐ
医療用ガス,ヘルスケア・バイオ,4093,アセチレン,東Ｓ
医療用ガス,ヘルスケア・バイオ,4097,高圧ガス,東Ｐ
医療用ガス,ヘルスケア・バイオ,6137,小池工,東Ｓ
医療用ガス,ヘルスケア・バイオ,7634,星医療,東Ｓ
医療用ガス,ヘルスケア・バイオ,8088,岩谷産,東Ｐ
医療用ガス,ヘルスケア・バイオ,9818,大丸エナ,東Ｓ
医薬中間体,ヘルスケア・バイオ,2002,日清粉Ｇ,東Ｐ
医薬中間体,ヘルスケア・バイオ,2533,オエノンＨＤ,東Ｐ
医薬中間体,ヘルスケア・バイオ,2784,アルフレッサ,東Ｐ
医薬中間体,ヘルスケア・バイオ,3104,富士紡ＨＤ,東Ｐ
医薬中間体,ヘルスケア・バイオ,3199,綿半ＨＤ,東Ｐ
医薬中間体,ヘルスケア・バイオ,3204,トーア紡,東Ｓ
医薬中間体,ヘルスケア・バイオ,3402,東レ,東Ｐ
医薬中間体,ヘルスケア・バイオ,3405,クラレ,東Ｐ
医薬中間体,ヘルスケア・バイオ,4005,住友化,東Ｐ
医薬中間体,ヘルスケア・バイオ,4008,住友精化,東Ｐ
医薬中間体,ヘルスケア・バイオ,4021,日産化,東Ｐ
医薬中間体,ヘルスケア・バイオ,4028,石原産,東Ｐ
医薬中間体,ヘルスケア・バイオ,4040,南海化学,東Ｓ
医薬中間体,ヘルスケア・バイオ,4041,日曹達,東Ｐ
医薬中間体,ヘルスケア・バイオ,4043,トクヤマ,東Ｐ
医薬中間体,ヘルスケア・バイオ,4046,大阪ソーダ,東Ｐ
医薬中間体,ヘルスケア・バイオ,4064,カーバイド,東Ｐ
医薬中間体,ヘルスケア・バイオ,4078,堺化学,東Ｐ
医薬中間体,ヘルスケア・バイオ,4092,日本化,東Ｐ
医薬中間体,ヘルスケア・バイオ,4112,保土谷,東Ｐ
医薬中間体,ヘルスケア・バイオ,4113,田岡化,東Ｓ
医薬中間体,ヘルスケア・バイオ,4118,カネカ,東Ｐ
医薬中間体,ヘルスケア・バイオ,4120,スガイ,東Ｓ
医薬中間体,ヘルスケア・バイオ,4151,協和キリン,東Ｐ
医薬中間体,ヘルスケア・バイオ,4202,ダイセル,東Ｐ
医薬中間体,ヘルスケア・バイオ,4204,積水化,東Ｐ
医薬中間体,ヘルスケア・バイオ,4208,ＵＢＥ,東Ｐ
医薬中間体,ヘルスケア・バイオ,4249,森六,東Ｐ
医薬中間体,ヘルスケア・バイオ,4272,日化薬,東Ｐ
医薬中間体,ヘルスケア・バイオ,4360,ＭＣＰｓ,東Ｓ
医薬中間体,ヘルスケア・バイオ,4361,川口化,東Ｓ
医薬中間体,ヘルスケア・バイオ,4362,日精化,東Ｐ
医薬中間体,ヘルスケア・バイオ,4366,ダイトーケミ,東Ｓ
医薬中間体,ヘルスケア・バイオ,4406,日理化,東Ｓ
医薬中間体,ヘルスケア・バイオ,4471,三洋化,東Ｐ
医薬中間体,ヘルスケア・バイオ,4531,有機薬,東Ｓ
医薬中間体,ヘルスケア・バイオ,4548,生化学,東Ｐ
医薬中間体,ヘルスケア・バイオ,4553,東和薬品,東Ｐ
医薬中間体,ヘルスケア・バイオ,4577,ダイト,東Ｐ
医薬中間体,ヘルスケア・バイオ,4620,藤倉化,東Ｓ
医薬中間体,ヘルスケア・バイオ,4885,室町ケミカル,東Ｓ
医薬中間体,ヘルスケア・バイオ,4914,高砂香,東Ｐ
医薬中間体,ヘルスケア・バイオ,4960,ケミプロ,東Ｓ
医薬中間体,ヘルスケア・バイオ,4968,荒川化,東Ｐ
医薬中間体,ヘルスケア・バイオ,4992,北興化,東Ｓ
医薬中間体,ヘルスケア・バイオ,4997,日農薬,東Ｐ
医薬中間体,ヘルスケア・バイオ,5201,ＡＧＣ,東Ｐ
医薬中間体,ヘルスケア・バイオ,6568,神戸天然物化,東Ｇ
医薬中間体,ヘルスケア・バイオ,8012,長瀬産,東Ｐ
医薬中間体,ヘルスケア・バイオ,8095,アステナＨＤ,東Ｐ
医薬中間体,ヘルスケア・バイオ,8285,三谷産業,東Ｓ
医薬中間体,ヘルスケア・バイオ,9212,ＧＥＩ,東Ｇ
医薬中間体,ヘルスケア・バイオ,9273,コーア商ＨＤ,東Ｐ
医薬品営業受託,ヘルスケア・バイオ,2183,リニカル,東Ｓ
医薬品営業受託,ヘルスケア・バイオ,3034,クオールＨＤ,東Ｐ
医薬品製造受託,ヘルスケア・バイオ,2784,アルフレッサ,東Ｐ
医薬品製造受託,ヘルスケア・バイオ,4554,富士製薬,東Ｐ
医薬品製造受託,ヘルスケア・バイオ,4577,ダイト,東Ｐ
医薬品製造受託,ヘルスケア・バイオ,4901,富士フイルム,東Ｐ
医薬品製造受託,ヘルスケア・バイオ,8086,ニプロ,東Ｐ
医薬品製造受託,ヘルスケア・バイオ,9273,コーア商ＨＤ,東Ｐ
医薬品開発支援,ヘルスケア・バイオ,2183,リニカル,東Ｓ
医薬品開発支援,ヘルスケア・バイオ,2342,トランスＧＧ,東Ｓ
医薬品開発支援,ヘルスケア・バイオ,2370,メディネット,東Ｇ
医薬品開発支援,ヘルスケア・バイオ,2385,総医研ＨＤ,東Ｇ
医薬品開発支援,ヘルスケア・バイオ,2395,新日本科学,東Ｐ
医薬品開発支援,ヘルスケア・バイオ,2413,エムスリー,東Ｐ
医薬品開発支援,ヘルスケア・バイオ,2429,ワールドＨＤ,東Ｐ
医薬品開発支援,ヘルスケア・バイオ,2475,ＷＤＢ,東Ｐ
医薬品開発支援,ヘルスケア・バイオ,3034,クオールＨＤ,東Ｐ
医薬品開発支援,ヘルスケア・バイオ,4124,大阪油化,東Ｓ
医薬品開発支援,ヘルスケア・バイオ,4263,サスメド,東Ｇ
医薬品開発支援,ヘルスケア・バイオ,4320,ＣＥＨＤ,東Ｓ
医薬品開発支援,ヘルスケア・バイオ,4544,ＨＵグループ,東Ｐ
医薬品開発支援,ヘルスケア・バイオ,4572,カルナバイオ,東Ｇ
医薬品開発支援,ヘルスケア・バイオ,4583,カイオム,東Ｇ
医薬品開発支援,ヘルスケア・バイオ,4671,ファルコＨＤ,東Ｓ
医薬品開発支援,ヘルスケア・バイオ,4694,ＢＭＬ,東Ｐ
医薬品開発支援,ヘルスケア・バイオ,4882,ペルセウス,東Ｇ
医薬品開発支援,ヘルスケア・バイオ,4889,レナ,東Ｇ
医薬品開発支援,ヘルスケア・バイオ,4894,クオリプス,東Ｇ
医薬品開発支援,ヘルスケア・バイオ,4902,コニカミノル,東Ｐ
医薬品開発支援,ヘルスケア・バイオ,4978,リプロセル,東Ｇ
医薬品開発支援,ヘルスケア・バイオ,6090,ＨＭＴ,東Ｓ
医薬品開発支援,ヘルスケア・バイオ,6183,ベル２４ＨＤ,東Ｐ
医薬品開発支援,ヘルスケア・バイオ,6190,フェニクスＢ,東Ｇ
医薬品開発支援,ヘルスケア・バイオ,6523,ＰＨＣＨＤ,東Ｐ
医薬品開発支援,ヘルスケア・バイオ,6568,神戸天然物化,東Ｇ
医薬品開発支援,ヘルスケア・バイオ,7079,ＷＤＢココ,東Ｇ
医薬品開発支援,ヘルスケア・バイオ,7096,ステムセル研,東Ｇ
医薬品開発支援,ヘルスケア・バイオ,7774,Ｊティッシュ,東Ｇ
医薬品開発支援,ヘルスケア・バイオ,8129,東邦ＨＤ,東Ｐ
医薬品関連,ヘルスケア・バイオ,2160,ジーエヌアイ,東Ｇ
医薬品関連,ヘルスケア・バイオ,2395,新日本科学,東Ｐ
医薬品関連,ヘルスケア・バイオ,2689,オルバＤＶｘ,東Ｓ
医薬品関連,ヘルスケア・バイオ,2734,サーラ,東Ｐ
医薬品関連,ヘルスケア・バイオ,2784,アルフレッサ,東Ｐ
医薬品関連,ヘルスケア・バイオ,2929,ファーマＦ,東Ｐ
医薬品関連,ヘルスケア・バイオ,3055,ほくたけ,札証
医薬品関連,ヘルスケア・バイオ,3151,バイタルＫＳ,東Ｐ
医薬品関連,ヘルスケア・バイオ,3386,コスモバイオ,東Ｓ
医薬品関連,ヘルスケア・バイオ,3401,帝人,東Ｐ
医薬品関連,ヘルスケア・バイオ,3402,東レ,東Ｐ
医薬品関連,ヘルスケア・バイオ,3407,旭化成,東Ｐ
医薬品関連,ヘルスケア・バイオ,3951,朝日印刷,東Ｓ
医薬品関連,ヘルスケア・バイオ,4023,クレハ,東Ｐ
医薬品関連,ヘルスケア・バイオ,4046,大阪ソーダ,東Ｐ
医薬品関連,ヘルスケア・バイオ,4078,堺化学,東Ｐ
医薬品関連,ヘルスケア・バイオ,4151,協和キリン,東Ｐ
医薬品関連,ヘルスケア・バイオ,4350,メディシス,東Ｓ
医薬品関連,ヘルスケア・バイオ,4471,三洋化,東Ｐ
医薬品関連,ヘルスケア・バイオ,4502,武田,東Ｐ
医薬品関連,ヘルスケア・バイオ,4503,アステラス,東Ｐ
医薬品関連,ヘルスケア・バイオ,4506,住友ファーマ,東Ｐ
医薬品関連,ヘルスケア・バイオ,4516,日本新薬,東Ｐ
医薬品関連,ヘルスケア・バイオ,4521,科研薬,東Ｐ
医薬品関連,ヘルスケア・バイオ,4524,仁丹,東Ｓ
医薬品関連,ヘルスケア・バイオ,4531,有機薬,東Ｓ
医薬品関連,ヘルスケア・バイオ,4534,持田薬,東Ｐ
医薬品関連,ヘルスケア・バイオ,4536,参天薬,東Ｐ
医薬品関連,ヘルスケア・バイオ,4538,扶桑薬,東Ｐ
医薬品関連,ヘルスケア・バイオ,4539,ケミファ,東Ｓ
医薬品関連,ヘルスケア・バイオ,4547,キッセイ,東Ｐ
医薬品関連,ヘルスケア・バイオ,4548,生化学,東Ｐ
医薬品関連,ヘルスケア・バイオ,4552,ＪＣＲファ,東Ｐ
医薬品関連,ヘルスケア・バイオ,4559,ゼリア新薬,東Ｐ
医薬品関連,ヘルスケア・バイオ,4563,アンジェス,東Ｇ
医薬品関連,ヘルスケア・バイオ,4564,オンコセラピ,東Ｇ
医薬品関連,ヘルスケア・バイオ,4570,免疫生物研,東Ｇ
医薬品関連,ヘルスケア・バイオ,4571,ＮＡＮＯＨＤ,東Ｇ
医薬品関連,ヘルスケア・バイオ,4572,カルナバイオ,東Ｇ
医薬品関連,ヘルスケア・バイオ,4575,ＣＡＮＢＡＳ,東Ｇ
医薬品関連,ヘルスケア・バイオ,4577,ダイト,東Ｐ
医薬品関連,ヘルスケア・バイオ,4578,大塚ＨＤ,東Ｐ
医薬品関連,ヘルスケア・バイオ,4582,シンバイオ,東Ｇ
医薬品関連,ヘルスケア・バイオ,4584,キッズバイオ,東Ｇ
医薬品関連,ヘルスケア・バイオ,4586,メドレックス,東Ｇ
医薬品関連,ヘルスケア・バイオ,4588,オンコリス,東Ｇ
医薬品関連,ヘルスケア・バイオ,4591,リボミック,東Ｇ
医薬品関連,ヘルスケア・バイオ,4592,サンバイオ,東Ｇ
医薬品関連,ヘルスケア・バイオ,4596,窪田製薬ＨＤ,東Ｇ
医薬品関連,ヘルスケア・バイオ,4598,デルタフライ,東Ｇ
医薬品関連,ヘルスケア・バイオ,4599,ステムリム,東Ｇ
医薬品関連,ヘルスケア・バイオ,4875,メディシノバ,東Ｓ
医薬品関連,ヘルスケア・バイオ,4881,ファンペップ,東Ｇ
医薬品関連,ヘルスケア・バイオ,4882,ペルセウス,東Ｇ
医薬品関連,ヘルスケア・バイオ,4883,モダリス,東Ｇ
医薬品関連,ヘルスケア・バイオ,4884,クリングル,東Ｇ
医薬品関連,ヘルスケア・バイオ,4885,室町ケミカル,東Ｓ
医薬品関連,ヘルスケア・バイオ,4887,サワイＧＨＤ,東Ｐ
医薬品関連,ヘルスケア・バイオ,4890,坪田ラボ,東Ｇ
医薬品関連,ヘルスケア・バイオ,4891,ティムス,東Ｇ
医薬品関連,ヘルスケア・バイオ,4892,サイフューズ,東Ｇ
医薬品関連,ヘルスケア・バイオ,4894,クオリプス,東Ｇ
医薬品関連,ヘルスケア・バイオ,4896,ケイファーマ,東Ｇ
医薬品関連,ヘルスケア・バイオ,4931,新日本製薬,東Ｐ
医薬品関連,ヘルスケア・バイオ,4977,新田ゼラチン,東Ｓ
医薬品関連,ヘルスケア・バイオ,4978,リプロセル,東Ｇ
医薬品関連,ヘルスケア・バイオ,6090,ＨＭＴ,東Ｓ
医薬品関連,ヘルスケア・バイオ,6574,コンヴァノ,東Ｇ
医薬品関連,ヘルスケア・バイオ,7079,ＷＤＢココ,東Ｇ
医薬品関連,ヘルスケア・バイオ,7096,ステムセル研,東Ｇ
医薬品関連,ヘルスケア・バイオ,7459,メディパル,東Ｐ
医薬品関連,ヘルスケア・バイオ,7776,セルシード,東Ｇ
医薬品関連,ヘルスケア・バイオ,7932,ニッピ,東Ｓ
医薬品関連,ヘルスケア・バイオ,8095,アステナＨＤ,東Ｐ
医薬品関連,ヘルスケア・バイオ,8129,東邦ＨＤ,東Ｐ
医薬品関連,ヘルスケア・バイオ,8841,テーオーシー,東Ｓ
医薬品関連,ヘルスケア・バイオ,9987,スズケン,東Ｐ
在宅医療,ヘルスケア・バイオ,1860,戸田建,東Ｐ
在宅医療,ヘルスケア・バイオ,2137,Ｈヴェラス,札Ａ
在宅医療,ヘルスケア・バイオ,2373,ケア２１,東Ｓ
在宅医療,ヘルスケア・バイオ,2393,ケアサプライ,東Ｓ
在宅医療,ヘルスケア・バイオ,2425,ケアサービス,東Ｓ
在宅医療,ヘルスケア・バイオ,2435,シダー,東Ｓ
在宅医療,ヘルスケア・バイオ,2667,イメージワン,東Ｓ
在宅医療,ヘルスケア・バイオ,2796,ファマライズ,東Ｓ
在宅医療,ヘルスケア・バイオ,2809,キユーピー,東Ｐ
在宅医療,ヘルスケア・バイオ,3401,帝人,東Ｐ
在宅医療,ヘルスケア・バイオ,3649,ファインデ,東Ｐ
在宅医療,ヘルスケア・バイオ,3694,オプティム,東Ｐ
在宅医療,ヘルスケア・バイオ,4114,日触媒,東Ｐ
在宅医療,ヘルスケア・バイオ,4204,積水化,東Ｐ
在宅医療,ヘルスケア・バイオ,4452,花王,東Ｐ
在宅医療,ヘルスケア・バイオ,5038,ｅＷｅＬＬ,東Ｇ
在宅医療,ヘルスケア・バイオ,5332,ＴＯＴＯ,東Ｐ
在宅医療,ヘルスケア・バイオ,6279,瑞光,東Ｐ
在宅医療,ヘルスケア・バイオ,6718,アイホン,東Ｐ
在宅医療,ヘルスケア・バイオ,6752,パナＨＤ,東Ｐ
在宅医療,ヘルスケア・バイオ,6823,リオン,東Ｐ
在宅医療,ヘルスケア・バイオ,6960,フクダ電,東Ｓ
在宅医療,ヘルスケア・バイオ,7061,日本ホスピス,東Ｇ
在宅医療,ヘルスケア・バイオ,7062,フレアス,東Ｇ
在宅医療,ヘルスケア・バイオ,7071,アンビスＨＤ,東Ｐ
在宅医療,ヘルスケア・バイオ,7133,ヒュウガプラ,東Ｇ
在宅医療,ヘルスケア・バイオ,7358,ポピンズ,東Ｓ
在宅医療,ヘルスケア・バイオ,7447,ナガイレーベ,東Ｐ
在宅医療,ヘルスケア・バイオ,7634,星医療,東Ｓ
在宅医療,ヘルスケア・バイオ,7640,トップカルチ,東Ｓ
在宅医療,ヘルスケア・バイオ,7673,ダイコー通産,東Ｓ
在宅医療,ヘルスケア・バイオ,7813,プラッツ,東Ｓ
在宅医療,ヘルスケア・バイオ,7840,フラベッドＨ,東Ｐ
在宅医療,ヘルスケア・バイオ,7956,ピジョン,東Ｐ
在宅医療,ヘルスケア・バイオ,8113,ユニチャーム,東Ｐ
在宅医療,ヘルスケア・バイオ,9158,シーユーシー,東Ｇ
在宅医療,ヘルスケア・バイオ,9214,ＲＩ,東Ｇ
在宅医療,ヘルスケア・バイオ,9627,アインＨＤ,東Ｐ
在宅医療,ヘルスケア・バイオ,9729,トーカイ,東Ｐ
在宅医療,ヘルスケア・バイオ,9735,セコム,東Ｐ
在宅医療,ヘルスケア・バイオ,9791,ビケンテクノ,東Ｓ
在宅医療,ヘルスケア・バイオ,9831,ヤマダＨＤ,東Ｐ
抗がん剤,ヘルスケア・バイオ,2183,リニカル,東Ｓ
抗がん剤,ヘルスケア・バイオ,2267,ヤクルト,東Ｐ
抗がん剤,ヘルスケア・バイオ,2370,メディネット,東Ｇ
抗がん剤,ヘルスケア・バイオ,3151,バイタルＫＳ,東Ｐ
抗がん剤,ヘルスケア・バイオ,4151,協和キリン,東Ｐ
抗がん剤,ヘルスケア・バイオ,4272,日化薬,東Ｐ
抗がん剤,ヘルスケア・バイオ,4503,アステラス,東Ｐ
抗がん剤,ヘルスケア・バイオ,4516,日本新薬,東Ｐ
抗がん剤,ヘルスケア・バイオ,4519,中外薬,東Ｐ
抗がん剤,ヘルスケア・バイオ,4523,エーザイ,東Ｐ
抗がん剤,ヘルスケア・バイオ,4528,小野薬,東Ｐ
抗がん剤,ヘルスケア・バイオ,4559,ゼリア新薬,東Ｐ
抗がん剤,ヘルスケア・バイオ,4564,オンコセラピ,東Ｇ
抗がん剤,ヘルスケア・バイオ,4568,第一三共,東Ｐ
抗がん剤,ヘルスケア・バイオ,4571,ＮＡＮＯＨＤ,東Ｇ
抗がん剤,ヘルスケア・バイオ,4572,カルナバイオ,東Ｇ
抗がん剤,ヘルスケア・バイオ,4575,ＣＡＮＢＡＳ,東Ｇ
抗がん剤,ヘルスケア・バイオ,4578,大塚ＨＤ,東Ｐ
抗がん剤,ヘルスケア・バイオ,4582,シンバイオ,東Ｇ
抗がん剤,ヘルスケア・バイオ,4583,カイオム,東Ｇ
抗がん剤,ヘルスケア・バイオ,4588,オンコリス,東Ｇ
抗がん剤,ヘルスケア・バイオ,4593,ヘリオス,東Ｇ
抗がん剤,ヘルスケア・バイオ,4597,ソレイジア,東Ｇ
抗がん剤,ヘルスケア・バイオ,4598,デルタフライ,東Ｇ
抗がん剤,ヘルスケア・バイオ,4626,太陽ＨＤ,東Ｐ
抗がん剤,ヘルスケア・バイオ,4882,ペルセウス,東Ｇ
抗がん剤,ヘルスケア・バイオ,4887,サワイＧＨＤ,東Ｐ
抗がん剤,ヘルスケア・バイオ,4889,レナ,東Ｇ
抗がん剤,ヘルスケア・バイオ,4891,ティムス,東Ｇ
抗がん剤,ヘルスケア・バイオ,4893,ノイル,東Ｇ
抗がん剤,ヘルスケア・バイオ,4901,富士フイルム,東Ｐ
抗がん剤,ヘルスケア・バイオ,6568,神戸天然物化,東Ｇ
抗がん剤,ヘルスケア・バイオ,8086,ニプロ,東Ｐ
抗がん剤,ヘルスケア・バイオ,9273,コーア商ＨＤ,東Ｐ
抗体医薬,ヘルスケア・バイオ,2342,トランスＧＧ,東Ｓ
抗体医薬,ヘルスケア・バイオ,2503,キリンＨＤ,東Ｐ
抗体医薬,ヘルスケア・バイオ,2871,ニチレイ,東Ｐ
抗体医薬,ヘルスケア・バイオ,2929,ファーマＦ,東Ｐ
抗体医薬,ヘルスケア・バイオ,3101,東洋紡,東Ｐ
抗体医薬,ヘルスケア・バイオ,3401,帝人,東Ｐ
抗体医薬,ヘルスケア・バイオ,4042,東ソー,東Ｐ
抗体医薬,ヘルスケア・バイオ,4118,カネカ,東Ｐ
抗体医薬,ヘルスケア・バイオ,4151,協和キリン,東Ｐ
抗体医薬,ヘルスケア・バイオ,4182,菱ガス化,東Ｐ
抗体医薬,ヘルスケア・バイオ,4272,日化薬,東Ｐ
抗体医薬,ヘルスケア・バイオ,4502,武田,東Ｐ
抗体医薬,ヘルスケア・バイオ,4503,アステラス,東Ｐ
抗体医薬,ヘルスケア・バイオ,4519,中外薬,東Ｐ
抗体医薬,ヘルスケア・バイオ,4523,エーザイ,東Ｐ
抗体医薬,ヘルスケア・バイオ,4552,ＪＣＲファ,東Ｐ
抗体医薬,ヘルスケア・バイオ,4564,オンコセラピ,東Ｇ
抗体医薬,ヘルスケア・バイオ,4568,第一三共,東Ｐ
抗体医薬,ヘルスケア・バイオ,4570,免疫生物研,東Ｇ
抗体医薬,ヘルスケア・バイオ,4583,カイオム,東Ｇ
抗体医薬,ヘルスケア・バイオ,4584,キッズバイオ,東Ｇ
抗体医薬,ヘルスケア・バイオ,4588,オンコリス,東Ｇ
抗体医薬,ヘルスケア・バイオ,4694,ＢＭＬ,東Ｐ
抗体医薬,ヘルスケア・バイオ,4881,ファンペップ,東Ｇ
抗体医薬,ヘルスケア・バイオ,4882,ペルセウス,東Ｇ
抗体医薬,ヘルスケア・バイオ,4893,ノイル,東Ｇ
抗体医薬,ヘルスケア・バイオ,4901,富士フイルム,東Ｐ
抗体医薬,ヘルスケア・バイオ,6568,神戸天然物化,東Ｇ
抗体医薬,ヘルスケア・バイオ,8473,ＳＢＩ,東Ｐ
新型コロナワクチン,ヘルスケア・バイオ,2269,明治ＨＤ,東Ｐ
新型コロナワクチン,ヘルスケア・バイオ,2395,新日本科学,東Ｐ
新型コロナワクチン,ヘルスケア・バイオ,2413,エムスリー,東Ｐ
新型コロナワクチン,ヘルスケア・バイオ,3004,神栄,東Ｓ
新型コロナワクチン,ヘルスケア・バイオ,3151,バイタルＫＳ,東Ｐ
新型コロナワクチン,ヘルスケア・バイオ,3962,チェンジＨＤ,東Ｐ
新型コロナワクチン,ヘルスケア・バイオ,4088,エアウォータ,東Ｐ
新型コロナワクチン,ヘルスケア・バイオ,4202,ダイセル,東Ｐ
新型コロナワクチン,ヘルスケア・バイオ,4438,Ｗｅｌｂｙ,東Ｇ
新型コロナワクチン,ヘルスケア・バイオ,4488,ＡＩｉｎｓ,東Ｇ
新型コロナワクチン,ヘルスケア・バイオ,4502,武田,東Ｐ
新型コロナワクチン,ヘルスケア・バイオ,4507,塩野義,東Ｐ
新型コロナワクチン,ヘルスケア・バイオ,4543,テルモ,東Ｐ
新型コロナワクチン,ヘルスケア・バイオ,4544,ＨＵグループ,東Ｐ
新型コロナワクチン,ヘルスケア・バイオ,4552,ＪＣＲファ,東Ｐ
新型コロナワクチン,ヘルスケア・バイオ,4563,アンジェス,東Ｇ
新型コロナワクチン,ヘルスケア・バイオ,4564,オンコセラピ,東Ｇ
新型コロナワクチン,ヘルスケア・バイオ,4568,第一三共,東Ｐ
新型コロナワクチン,ヘルスケア・バイオ,4776,サイボウズ,東Ｐ
新型コロナワクチン,ヘルスケア・バイオ,4978,リプロセル,東Ｇ
新型コロナワクチン,ヘルスケア・バイオ,5201,ＡＧＣ,東Ｐ
新型コロナワクチン,ヘルスケア・バイオ,5491,日金属,東Ｓ
新型コロナワクチン,ヘルスケア・バイオ,5619,マーソ,東Ｇ
新型コロナワクチン,ヘルスケア・バイオ,5699,イボキン,東Ｓ
新型コロナワクチン,ヘルスケア・バイオ,6034,ＭＲＴ,東Ｇ
新型コロナワクチン,ヘルスケア・バイオ,6090,ＨＭＴ,東Ｓ
新型コロナワクチン,ヘルスケア・バイオ,6198,Ｃａｒｅｅｒ,東Ｇ
新型コロナワクチン,ヘルスケア・バイオ,6400,不二精機,東Ｓ
新型コロナワクチン,ヘルスケア・バイオ,6420,ガリレイ,東Ｐ
新型コロナワクチン,ヘルスケア・バイオ,6523,ＰＨＣＨＤ,東Ｐ
新型コロナワクチン,ヘルスケア・バイオ,6776,天昇電,東Ｓ
新型コロナワクチン,ヘルスケア・バイオ,6859,エスペック,東Ｐ
新型コロナワクチン,ヘルスケア・バイオ,6897,ツインバード,東Ｓ
新型コロナワクチン,ヘルスケア・バイオ,7095,マクビープラ,東Ｐ
新型コロナワクチン,ヘルスケア・バイオ,7702,ＪＭＳ,東Ｓ
新型コロナワクチン,ヘルスケア・バイオ,8086,ニプロ,東Ｐ
新型コロナワクチン,ヘルスケア・バイオ,9158,シーユーシー,東Ｇ
新型コロナワクチン,ヘルスケア・バイオ,9709,ＮＣＳ＆Ａ,東Ｓ
新型コロナワクチン,ヘルスケア・バイオ,9746,ＴＫＣ,東Ｐ
新型コロナワクチン,ヘルスケア・バイオ,9788,ナック,東Ｐ
核酸医薬,ヘルスケア・バイオ,2395,新日本科学,東Ｐ
核酸医薬,ヘルスケア・バイオ,2802,味の素,東Ｐ
核酸医薬,ヘルスケア・バイオ,3101,東洋紡,東Ｐ
核酸医薬,ヘルスケア・バイオ,4005,住友化,東Ｐ
核酸医薬,ヘルスケア・バイオ,4151,協和キリン,東Ｐ
核酸医薬,ヘルスケア・バイオ,4506,住友ファーマ,東Ｐ
核酸医薬,ヘルスケア・バイオ,4507,塩野義,東Ｐ
核酸医薬,ヘルスケア・バイオ,4516,日本新薬,東Ｐ
核酸医薬,ヘルスケア・バイオ,4524,仁丹,東Ｓ
核酸医薬,ヘルスケア・バイオ,4563,アンジェス,東Ｇ
核酸医薬,ヘルスケア・バイオ,4568,第一三共,東Ｐ
核酸医薬,ヘルスケア・バイオ,4571,ＮＡＮＯＨＤ,東Ｇ
核酸医薬,ヘルスケア・バイオ,4584,キッズバイオ,東Ｇ
核酸医薬,ヘルスケア・バイオ,4591,リボミック,東Ｇ
核酸医薬,ヘルスケア・バイオ,6277,ホソミクロン,東Ｐ
核酸医薬,ヘルスケア・バイオ,6568,神戸天然物化,東Ｇ
核酸医薬,ヘルスケア・バイオ,6988,日東電,東Ｐ
核酸医薬,ヘルスケア・バイオ,7777,３ＤＭ,東Ｇ
核酸医薬,ヘルスケア・バイオ,9227,マイクロ波,東Ｇ
歯科,ヘルスケア・バイオ,2376,サイネックス,東Ｓ
歯科,ヘルスケア・バイオ,3645,メディカルＮ,東Ｓ
歯科,ヘルスケア・バイオ,4043,トクヤマ,東Ｐ
歯科,ヘルスケア・バイオ,4082,稀元素,東Ｐ
歯科,ヘルスケア・バイオ,4172,Ｈｉクラテス,東Ｓ
歯科,ヘルスケア・バイオ,4512,わかもと,東Ｓ
歯科,ヘルスケア・バイオ,5966,ＫＴＣ,東Ｓ
歯科,ヘルスケア・バイオ,6971,京セラ,東Ｐ
歯科,ヘルスケア・バイオ,7067,ブランドＴ,東Ｇ
歯科,ヘルスケア・バイオ,7716,ナカニシ,東Ｓ
歯科,ヘルスケア・バイオ,7730,マニー,東Ｐ
歯科,ヘルスケア・バイオ,7979,松風,東Ｐ
歯科,ヘルスケア・バイオ,7986,日本ＩＳＫ,東Ｓ
歯科,ヘルスケア・バイオ,9340,アソインター,東Ｓ
細胞医薬品,ヘルスケア・バイオ,2370,メディネット,東Ｇ
細胞医薬品,ヘルスケア・バイオ,4506,住友ファーマ,東Ｐ
細胞医薬品,ヘルスケア・バイオ,4552,ＪＣＲファ,東Ｐ
細胞医薬品,ヘルスケア・バイオ,4584,キッズバイオ,東Ｇ
細胞医薬品,ヘルスケア・バイオ,4592,サンバイオ,東Ｇ
細胞医薬品,ヘルスケア・バイオ,4593,ヘリオス,東Ｇ
細胞医薬品,ヘルスケア・バイオ,4599,ステムリム,東Ｇ
細胞医薬品,ヘルスケア・バイオ,4893,ノイル,東Ｇ
細胞医薬品,ヘルスケア・バイオ,4894,クオリプス,東Ｇ
細胞医薬品,ヘルスケア・バイオ,6506,安川電,東Ｐ
細胞医薬品,ヘルスケア・バイオ,8086,ニプロ,東Ｐ
肥満症治療薬,ヘルスケア・バイオ,2934,ジェイフロ,東Ｇ
肥満症治療薬,ヘルスケア・バイオ,4046,大阪ソーダ,東Ｐ
肥満症治療薬,ヘルスケア・バイオ,4502,武田,東Ｐ
肥満症治療薬,ヘルスケア・バイオ,4507,塩野義,東Ｐ
肥満症治療薬,ヘルスケア・バイオ,4519,中外薬,東Ｐ
肥満症治療薬,ヘルスケア・バイオ,4523,エーザイ,東Ｐ
肥満症治療薬,ヘルスケア・バイオ,4540,ツムラ,東Ｐ
肥満症治療薬,ヘルスケア・バイオ,4587,ペプドリ,東Ｐ
肥満症治療薬,ヘルスケア・バイオ,4901,富士フイルム,東Ｐ
肥満症治療薬,ヘルスケア・バイオ,4967,小林製薬,東Ｐ
肥満症治療薬,ヘルスケア・バイオ,8086,ニプロ,東Ｐ
肥満症治療薬,ヘルスケア・バイオ,8095,アステナＨＤ,東Ｐ
製薬機械,ヘルスケア・バイオ,6247,日阪製,東Ｐ
製薬機械,ヘルスケア・バイオ,6254,野村マイクロ,東Ｐ
製薬機械,ヘルスケア・バイオ,6340,渋谷工,東Ｐ
製薬機械,ヘルスケア・バイオ,6376,日機装,東Ｐ
製薬機械,ヘルスケア・バイオ,6407,ＣＫＤ,東Ｐ
製薬機械,ヘルスケア・バイオ,8059,第一実,東Ｐ
診断薬,ヘルスケア・バイオ,4272,日化薬,東Ｐ
診断薬,ヘルスケア・バイオ,4570,免疫生物研,東Ｇ
診断薬,ヘルスケア・バイオ,4584,キッズバイオ,東Ｇ
診断薬,ヘルスケア・バイオ,4595,ミズホメディ,東Ｓ
診断薬,ヘルスケア・バイオ,4889,レナ,東Ｇ
診断薬,ヘルスケア・バイオ,7885,タカノ,東Ｓ
認知症薬,ヘルスケア・バイオ,2183,リニカル,東Ｓ
認知症薬,ヘルスケア・バイオ,4151,協和キリン,東Ｐ
認知症薬,ヘルスケア・バイオ,4502,武田,東Ｐ
認知症薬,ヘルスケア・バイオ,4503,アステラス,東Ｐ
認知症薬,ヘルスケア・バイオ,4523,エーザイ,東Ｐ
認知症薬,ヘルスケア・バイオ,4528,小野薬,東Ｐ
認知症薬,ヘルスケア・バイオ,4553,東和薬品,東Ｐ
認知症薬,ヘルスケア・バイオ,4565,ネクセラ,東Ｐ
認知症薬,ヘルスケア・バイオ,4568,第一三共,東Ｐ
認知症薬,ヘルスケア・バイオ,4578,大塚ＨＤ,東Ｐ
認知症薬,ヘルスケア・バイオ,4586,メドレックス,東Ｇ
認知症薬,ヘルスケア・バイオ,4592,サンバイオ,東Ｇ
認知症薬,ヘルスケア・バイオ,4881,ファンペップ,東Ｇ
認知症薬,ヘルスケア・バイオ,4896,ケイファーマ,東Ｇ
認知症薬,ヘルスケア・バイオ,4992,北興化,東Ｓ
認知症薬,ヘルスケア・バイオ,6090,ＨＭＴ,東Ｓ
認知症薬,ヘルスケア・バイオ,6869,シスメックス,東Ｐ
遠隔医療,ヘルスケア・バイオ,2413,エムスリー,東Ｐ
遠隔医療,ヘルスケア・バイオ,2667,イメージワン,東Ｓ
遠隔医療,ヘルスケア・バイオ,2784,アルフレッサ,東Ｐ
遠隔医療,ヘルスケア・バイオ,3625,テックファム,東Ｇ
遠隔医療,ヘルスケア・バイオ,3649,ファインデ,東Ｐ
遠隔医療,ヘルスケア・バイオ,3694,オプティム,東Ｐ
遠隔医療,ヘルスケア・バイオ,3762,テクマト,東Ｐ
遠隔医療,ヘルスケア・バイオ,3858,ユビＡＩ,東Ｓ
遠隔医療,ヘルスケア・バイオ,3905,データセク,東Ｇ
遠隔医療,ヘルスケア・バイオ,4088,エアウォータ,東Ｐ
遠隔医療,ヘルスケア・バイオ,4346,ＮＥＸＹＺ．,東Ｓ
遠隔医療,ヘルスケア・バイオ,4422,ＶＮＸ,東Ｇ
遠隔医療,ヘルスケア・バイオ,4438,Ｗｅｌｂｙ,東Ｇ
遠隔医療,ヘルスケア・バイオ,4480,メドレー,東Ｐ
遠隔医療,ヘルスケア・バイオ,4483,ＪＭＤＣ,東Ｐ
遠隔医療,ヘルスケア・バイオ,4544,ＨＵグループ,東Ｐ
遠隔医療,ヘルスケア・バイオ,4596,窪田製薬ＨＤ,東Ｇ
遠隔医療,ヘルスケア・バイオ,4689,ラインヤフー,東Ｐ
遠隔医療,ヘルスケア・バイオ,6034,ＭＲＴ,東Ｇ
遠隔医療,ヘルスケア・バイオ,6645,オムロン,東Ｐ
遠隔医療,ヘルスケア・バイオ,6737,ＥＩＺＯ,東Ｐ
遠隔医療,ヘルスケア・バイオ,7046,ＴＤＳＥ,東Ｇ
遠隔医療,ヘルスケア・バイオ,7673,ダイコー通産,東Ｓ
遠隔医療,ヘルスケア・バイオ,7681,レオクラン,東Ｓ
遠隔医療,ヘルスケア・バイオ,8086,ニプロ,東Ｐ
遠隔医療,ヘルスケア・バイオ,9432,ＮＴＴ,東Ｐ
遠隔医療,ヘルスケア・バイオ,9735,セコム,東Ｐ
遠隔医療,ヘルスケア・バイオ,9759,ＮＳＤ,東Ｐ
遺伝子検査,ヘルスケア・バイオ,2342,トランスＧＧ,東Ｓ
遺伝子検査,ヘルスケア・バイオ,2432,ディーエヌエ,東Ｐ
遺伝子検査,ヘルスケア・バイオ,3101,東洋紡,東Ｐ
遺伝子検査,ヘルスケア・バイオ,3106,クラボウ,東Ｐ
遺伝子検査,ヘルスケア・バイオ,4463,日華化学,東Ｓ
遺伝子検査,ヘルスケア・バイオ,4519,中外薬,東Ｐ
遺伝子検査,ヘルスケア・バイオ,4544,ＨＵグループ,東Ｐ
遺伝子検査,ヘルスケア・バイオ,4549,栄研化,東Ｐ
遺伝子検査,ヘルスケア・バイオ,4569,杏林製薬,東Ｐ
遺伝子検査,ヘルスケア・バイオ,4595,ミズホメディ,東Ｓ
遺伝子検査,ヘルスケア・バイオ,4671,ファルコＨＤ,東Ｓ
遺伝子検査,ヘルスケア・バイオ,4689,ラインヤフー,東Ｐ
遺伝子検査,ヘルスケア・バイオ,4694,ＢＭＬ,東Ｐ
遺伝子検査,ヘルスケア・バイオ,4902,コニカミノル,東Ｐ
遺伝子検査,ヘルスケア・バイオ,6788,日本トリム,東Ｐ
遺伝子検査,ヘルスケア・バイオ,6869,シスメックス,東Ｐ
遺伝子検査,ヘルスケア・バイオ,6894,パルステック,東Ｓ
遺伝子検査,ヘルスケア・バイオ,6961,エンプラス,東Ｐ
遺伝子検査,ヘルスケア・バイオ,7707,ＰＳＳ,東Ｇ
遺伝子検査,ヘルスケア・バイオ,7751,キヤノン,東Ｐ
遺伝子検査,ヘルスケア・バイオ,9165,クオルテック,東Ｇ
遺伝子治療,ヘルスケア・バイオ,2160,ジーエヌアイ,東Ｇ
遺伝子治療,ヘルスケア・バイオ,2370,メディネット,東Ｇ
遺伝子治療,ヘルスケア・バイオ,2531,宝ＨＬＤ,東Ｐ
遺伝子治療,ヘルスケア・バイオ,4028,石原産,東Ｐ
遺伝子治療,ヘルスケア・バイオ,4506,住友ファーマ,東Ｐ
遺伝子治療,ヘルスケア・バイオ,4521,科研薬,東Ｐ
遺伝子治療,ヘルスケア・バイオ,4523,エーザイ,東Ｐ
遺伝子治療,ヘルスケア・バイオ,4534,持田薬,東Ｐ
遺伝子治療,ヘルスケア・バイオ,4538,扶桑薬,東Ｐ
遺伝子治療,ヘルスケア・バイオ,4552,ＪＣＲファ,東Ｐ
遺伝子治療,ヘルスケア・バイオ,4563,アンジェス,東Ｇ
遺伝子治療,ヘルスケア・バイオ,4564,オンコセラピ,東Ｇ
遺伝子治療,ヘルスケア・バイオ,4569,杏林製薬,東Ｐ
遺伝子治療,ヘルスケア・バイオ,4588,オンコリス,東Ｇ
遺伝子治療,ヘルスケア・バイオ,4596,窪田製薬ＨＤ,東Ｇ
遺伝子治療,ヘルスケア・バイオ,4599,ステムリム,東Ｇ
遺伝子治療,ヘルスケア・バイオ,4883,モダリス,東Ｇ
遺伝子治療,ヘルスケア・バイオ,4901,富士フイルム,東Ｐ
遺伝子治療,ヘルスケア・バイオ,5201,ＡＧＣ,東Ｐ
遺伝子治療,ヘルスケア・バイオ,6758,ソニーＧ,東Ｐ
遺伝子破壊マウス,ヘルスケア・バイオ,2342,トランスＧＧ,東Ｓ
遺伝子破壊マウス,ヘルスケア・バイオ,4572,カルナバイオ,東Ｇ
遺伝子解析サービス,ヘルスケア・バイオ,2160,ジーエヌアイ,東Ｇ
遺伝子解析サービス,ヘルスケア・バイオ,2342,トランスＧＧ,東Ｓ
遺伝子解析サービス,ヘルスケア・バイオ,2413,エムスリー,東Ｐ
遺伝子解析サービス,ヘルスケア・バイオ,2432,ディーエヌエ,東Ｐ
遺伝子解析サービス,ヘルスケア・バイオ,2931,ユーグレナ,東Ｐ
遺伝子解析サービス,ヘルスケア・バイオ,3106,クラボウ,東Ｐ
遺伝子解析サービス,ヘルスケア・バイオ,4519,中外薬,東Ｐ
遺伝子解析サービス,ヘルスケア・バイオ,4564,オンコセラピ,東Ｇ
遺伝子解析サービス,ヘルスケア・バイオ,4671,ファルコＨＤ,東Ｓ
遺伝子解析サービス,ヘルスケア・バイオ,4689,ラインヤフー,東Ｐ
遺伝子解析サービス,ヘルスケア・バイオ,6869,シスメックス,東Ｐ
遺伝子解析サービス,ヘルスケア・バイオ,9438,ＭＴＩ,東Ｐ
高血圧治療薬,ヘルスケア・バイオ,4502,武田,東Ｐ
高血圧治療薬,ヘルスケア・バイオ,4506,住友ファーマ,東Ｐ
高血圧治療薬,ヘルスケア・バイオ,4516,日本新薬,東Ｐ
高血圧治療薬,ヘルスケア・バイオ,4539,ケミファ,東Ｓ
高血圧治療薬,ヘルスケア・バイオ,4553,東和薬品,東Ｐ
高血圧治療薬,ヘルスケア・バイオ,4568,第一三共,東Ｐ
高血圧治療薬,ヘルスケア・バイオ,4887,サワイＧＨＤ,東Ｐ
NFT,金融・不動産,1431,リブワーク,東Ｇ
NFT,金融・不動産,2315,ＣＡＩＣＡＤ,東Ｓ
NFT,金融・不動産,2334,イオレ,東Ｇ
NFT,金融・不動産,2432,ディーエヌエ,東Ｐ
NFT,金融・不動産,2437,シンワワイズ,東Ｓ
NFT,金融・不動産,2767,円谷フィＨＤ,東Ｐ
NFT,金融・不動産,3121,マーチャント,東Ｓ
NFT,金融・不動産,3189,ＡＮＡＰＨＤ,東Ｓ
NFT,金融・不動産,3350,メタプラ,東Ｓ
NFT,金融・不動産,3393,スタティアＨ,東Ｐ
NFT,金融・不動産,3656,ＫＬａｂ,東Ｐ
NFT,金融・不動産,3661,エムアップ,東Ｐ
NFT,金融・不動産,3678,メディアドゥ,東Ｐ
NFT,金融・不動産,3691,デジプラ,東Ｇ
NFT,金融・不動産,3696,セレス,東Ｐ
NFT,金融・不動産,3739,コムシード,名Ｎ
NFT,金融・不動産,3758,アエリア,東Ｓ
NFT,金融・不動産,3793,ドリコム,東Ｇ
NFT,金融・不動産,3810,ＣＳＨＤ,東Ｓ
NFT,金融・不動産,3823,ＷＨＤＣ,東Ｓ
NFT,金融・不動産,3845,アイフリーク,東Ｓ
NFT,金融・不動産,3903,ｇｕｍｉ,東Ｐ
NFT,金融・不動産,3904,カヤック,東Ｇ
NFT,金融・不動産,3912,モバファク,東Ｓ
NFT,金融・不動産,3927,Ｆ－ブレイン,東Ｓ
NFT,金融・不動産,3928,マイネット,東Ｓ
NFT,金融・不動産,3935,エディア,東Ｓ
NFT,金融・不動産,4053,サンアスタ,東Ｐ
NFT,金融・不動産,4316,ビーマップ,東Ｇ
NFT,金融・不動産,4324,電通グループ,東Ｐ
NFT,金融・不動産,4385,メルカリ,東Ｐ
NFT,金融・不動産,4436,ミンカブ,東Ｇ
NFT,金融・不動産,4446,リンクユーＧ,東Ｓ
NFT,金融・不動産,4689,ラインヤフー,東Ｐ
NFT,金融・不動産,4728,トーセ,東Ｓ
NFT,金融・不動産,4751,サイバー,東Ｐ
NFT,金融・不動産,4763,Ｃ＆Ｒ,東Ｐ
NFT,金融・不動産,4777,ガーラ,東Ｓ
NFT,金融・不動産,4816,東映アニメ,東Ｓ
NFT,金融・不動産,5721,Ｓクリプトエ,東Ｓ
NFT,金融・不動産,6047,Ｇｕｎｏｓｙ,東Ｓ
NFT,金融・不動産,6050,イーガーディ,東Ｐ
NFT,金融・不動産,7035,アンファク,東Ｓ
NFT,金融・不動産,7044,ピアラ,東Ｓ
NFT,金融・不動産,7066,ピアズ,東Ｇ
NFT,金融・不動産,7180,九州ＦＧ,東Ｐ
NFT,金融・不動産,7860,エイベックス,東Ｐ
NFT,金融・不動産,7901,マツモト,東Ｓ
NFT,金融・不動産,8306,三菱ＵＦＪ,東Ｐ
NFT,金融・不動産,8316,三井住友ＦＧ,東Ｐ
NFT,金融・不動産,8473,ＳＢＩ,東Ｐ
NFT,金融・不動産,8698,マネックスＧ,東Ｐ
NFT,金融・不動産,8783,ａｂｃ,東Ｓ
NFT,金融・不動産,9409,テレ朝ＨＤ,東Ｐ
NFT,金融・不動産,9449,ＧＭＯ,東Ｐ
NFT,金融・不動産,9684,スクエニＨＤ,東Ｐ
NFT,金融・不動産,9766,コナミＧ,東Ｐ
REIT,金融・不動産,1925,大和ハウス,東Ｐ
REIT,金融・不動産,2979,ソシラ物流,東Ｒ
REIT,金融・不動産,3231,野村不ＨＤ,東Ｐ
REIT,金融・不動産,3289,東急不ＨＤ,東Ｐ
REIT,金融・不動産,5280,ヨシコン,東Ｓ
REIT,金融・不動産,8967,日本ロジ,東Ｒ
キャッシュレス決済,金融・不動産,2307,クロスキャト,東Ｐ
キャッシュレス決済,金融・不動産,2376,サイネックス,東Ｓ
キャッシュレス決済,金融・不動産,2428,ウェルネット,東Ｓ
キャッシュレス決済,金融・不動産,2676,高千穂交易,東Ｐ
キャッシュレス決済,金融・不動産,2795,プリメックス,東Ｓ
キャッシュレス決済,金融・不動産,3113,ＵＮＩＶＡ,東Ｓ
キャッシュレス決済,金融・不動産,3156,レスター,東Ｐ
キャッシュレス決済,金融・不動産,3382,セブン＆アイ,東Ｐ
キャッシュレス決済,金融・不動産,3623,ビリングシス,東Ｇ
キャッシュレス決済,金融・不動産,3626,ＴＩＳＩ,東Ｐ
キャッシュレス決済,金融・不動産,3627,テクミラ,東Ｓ
キャッシュレス決済,金融・不動産,3741,セック,東Ｐ
キャッシュレス決済,金融・不動産,3753,フライト,東Ｓ
キャッシュレス決済,金融・不動産,3769,ＧＭＯ－ＰＧ,東Ｐ
キャッシュレス決済,金融・不動産,3917,アイリッジ,東Ｇ
キャッシュレス決済,金融・不動産,3996,サインポスト,東Ｓ
キャッシュレス決済,金融・不動産,4015,ペイクラウド,東Ｇ
キャッシュレス決済,金融・不動産,4051,ＧＭＯ－ＦＧ,東Ｐ
キャッシュレス決済,金融・不動産,4072,電算システム,東Ｐ
キャッシュレス決済,金融・不動産,4073,ジィ・シィ,東Ｇ
キャッシュレス決済,金融・不動産,4076,シイエヌエス,東Ｇ
キャッシュレス決済,金融・不動産,4166,かっこ,東Ｇ
キャッシュレス決済,金融・不動産,4256,サインド,東Ｇ
キャッシュレス決済,金融・不動産,4287,ジャストプラ,東Ｓ
キャッシュレス決済,金融・不動産,4431,スマレジ,東Ｇ
キャッシュレス決済,金融・不動産,4437,ＧＤＨ,東Ｇ
キャッシュレス決済,金融・不動産,4477,ＢＡＳＥ,東Ｇ
キャッシュレス決済,金融・不動産,4689,ラインヤフー,東Ｐ
キャッシュレス決済,金融・不動産,4743,ＩＴＦＯＲ,東Ｐ
キャッシュレス決済,金融・不動産,4755,楽天グループ,東Ｐ
キャッシュレス決済,金融・不動産,4820,ＥＭシステム,東Ｐ
キャッシュレス決済,金融・不動産,4847,インテリＷ,東Ｐ
キャッシュレス決済,金融・不動産,5026,トリプルアイ,東Ｇ
キャッシュレス決済,金融・不動産,5258,ＴＭＮ,東Ｇ
キャッシュレス決済,金融・不動産,5530,日本ＳＢ,名Ｍ
キャッシュレス決済,金融・不動産,5590,ネットスタズ,東Ｇ
キャッシュレス決済,金融・不動産,6098,リクルート,東Ｐ
キャッシュレス決済,金融・不動産,6287,サトー,東Ｐ
キャッシュレス決済,金融・不動産,6424,高見サイ,東Ｓ
キャッシュレス決済,金融・不動産,6457,グローリー,東Ｐ
キャッシュレス決済,金融・不動産,6588,東芝テック,東Ｐ
キャッシュレス決済,金融・不動産,6629,Ｔホライゾン,東Ｓ
キャッシュレス決済,金融・不動産,6664,オプトエレ,東Ｓ
キャッシュレス決済,金融・不動産,6752,パナＨＤ,東Ｐ
キャッシュレス決済,金融・不動産,6753,シャープ,東Ｐ
キャッシュレス決済,金融・不動産,6758,ソニーＧ,東Ｐ
キャッシュレス決済,金融・不動産,6861,キーエンス,東Ｐ
キャッシュレス決済,金融・不動産,6902,デンソー,東Ｐ
キャッシュレス決済,金融・不動産,7180,九州ＦＧ,東Ｐ
キャッシュレス決済,金融・不動産,7182,ゆうちょ銀,東Ｐ
キャッシュレス決済,金融・不動産,7314,小田原機器,東Ｓ
キャッシュレス決済,金融・不動産,7383,ネットプロ,東Ｐ
キャッシュレス決済,金融・不動産,7912,大日印,東Ｐ
キャッシュレス決済,金融・不動産,7914,共同印,東Ｐ
キャッシュレス決済,金融・不動産,8050,セイコーＧ,東Ｐ
キャッシュレス決済,金融・不動産,8056,ビプロジー,東Ｐ
キャッシュレス決済,金融・不動産,8252,丸井Ｇ,東Ｐ
キャッシュレス決済,金融・不動産,8253,クレセゾン,東Ｐ
キャッシュレス決済,金融・不動産,8267,イオン,東Ｐ
キャッシュレス決済,金融・不動産,8306,三菱ＵＦＪ,東Ｐ
キャッシュレス決済,金融・不動産,8308,りそなＨＤ,東Ｐ
キャッシュレス決済,金融・不動産,8316,三井住友ＦＧ,東Ｐ
キャッシュレス決済,金融・不動産,8411,みずほＦＧ,東Ｐ
キャッシュレス決済,金融・不動産,8584,ジャックス,東Ｐ
キャッシュレス決済,金融・不動産,8585,オリコ,東Ｐ
キャッシュレス決済,金融・不動産,9020,ＪＲ東日本,東Ｐ
キャッシュレス決済,金融・不動産,9021,ＪＲ西日本,東Ｐ
キャッシュレス決済,金融・不動産,9418,ＵＮＥＸＴ,東Ｐ
キャッシュレス決済,金融・不動産,9424,日本通信,東Ｐ
キャッシュレス決済,金融・不動産,9432,ＮＴＴ,東Ｐ
キャッシュレス決済,金融・不動産,9433,ＫＤＤＩ,東Ｐ
キャッシュレス決済,金融・不動産,9434,ＳＢ,東Ｐ
キャッシュレス決済,金融・不動産,9438,ＭＴＩ,東Ｐ
キャッシュレス決済,金融・不動産,9946,ミニストップ,東Ｐ
キャッシュレス決済,金融・不動産,9984,ＳＢＧ,東Ｐ
サブリース,金融・不動産,1419,タマホーム,東Ｐ
サブリース,金融・不動産,1436,グリーンエナ,東Ｇ
サブリース,金融・不動産,1766,東建コーポ,東Ｐ
サブリース,金融・不動産,2353,日本駐車場,東Ｐ
サブリース,金融・不動産,2751,テンポスＨＤ,東Ｓ
サブリース,金融・不動産,3248,アールエイジ,東Ｓ
サブリース,金融・不動産,3252,地主,東Ｐ
サブリース,金融・不動産,3276,ＪＰＭＣ,東Ｐ
サブリース,金融・不動産,3300,アンビＤＸ,東Ｇ
サブリース,金融・不動産,3474,Ｇ－ＦＡＣ,東Ｇ
サブリース,金融・不動産,3484,イノベＨＤ,東Ｓ
サブリース,金融・不動産,3490,アズ企画設計,東Ｓ
サブリース,金融・不動産,3494,マリオン,東Ｓ
サブリース,金融・不動産,3496,アズーム,東Ｐ
サブリース,金融・不動産,3823,ＷＨＤＣ,東Ｓ
サブリース,金融・不動産,5078,セレ,東Ｓ
サブリース,金融・不動産,5532,リアルゲイト,東Ｇ
サブリース,金融・不動産,5839,,
サブリース,金融・不動産,7602,レダックス,東Ｓ
サブリース,金融・不動産,8844,コスモスイニ,東Ｓ
サブリース,金融・不動産,8908,毎コムネット,東Ｓ
サブリース,金融・不動産,8912,エリアクエス,東Ｓ
サブリース,金融・不動産,8914,エリアリンク,東Ｓ
サブリース,金融・不動産,9428,クロップス,東Ｓ
サブリース,金融・不動産,9816,ストライダズ,東Ｓ
ステーブルコイン,金融・不動産,2181,パーソルＨＤ,東Ｐ
ステーブルコイン,金融・不動産,2497,ＵＮＩＴＥＤ,東Ｇ
ステーブルコイン,金融・不動産,3626,ＴＩＳＩ,東Ｐ
ステーブルコイン,金融・不動産,3627,テクミラ,東Ｓ
ステーブルコイン,金融・不動産,3680,ホットリンク,東Ｇ
ステーブルコイン,金融・不動産,3747,インタートレ,東Ｓ
ステーブルコイン,金融・不動産,3853,アステリア,東Ｐ
ステーブルコイン,金融・不動産,4072,電算システム,東Ｐ
ステーブルコイン,金融・不動産,4373,シンプレクス,東Ｐ
ステーブルコイン,金融・不動産,4499,スピー,東Ｓ
ステーブルコイン,金融・不動産,7047,ポート,東Ｇ
ステーブルコイン,金融・不動産,7273,イクヨ,東Ｓ
ステーブルコイン,金融・不動産,7901,マツモト,東Ｓ
ステーブルコイン,金融・不動産,8306,三菱ＵＦＪ,東Ｐ
ステーブルコイン,金融・不動産,8316,三井住友ＦＧ,東Ｐ
ステーブルコイン,金融・不動産,8411,みずほＦＧ,東Ｐ
ステーブルコイン,金融・不動産,8473,ＳＢＩ,東Ｐ
ステーブルコイン,金融・不動産,8698,マネックスＧ,東Ｐ
ステーブルコイン,金融・不動産,8729,ソニーＦＧ,東Ｐ
ステーブルコイン,金融・不動産,8746,ｕｎｂａｎｋ,東Ｓ
ステーブルコイン,金融・不動産,9090,ＡＺ丸和ＨＤ,東Ｐ
ステーブルコイン,金融・不動産,9432,ＮＴＴ,東Ｐ
ステーブルコイン,金融・不動産,9449,ＧＭＯ,東Ｐ
ネット証券,金融・不動産,4755,楽天グループ,東Ｐ
ネット証券,金融・不動産,7175,今村証券,東Ｓ
ネット証券,金融・不動産,7177,ＧＭＯ－ＦＨ,東Ｓ
ネット証券,金融・不動産,8473,ＳＢＩ,東Ｐ
ネット証券,金融・不動産,8628,松井,東Ｐ
ネット証券,金融・不動産,8698,マネックスＧ,東Ｐ
ネット証券,金融・不動産,9449,ＧＭＯ,東Ｐ
ネット銀行,金融・不動産,4689,ラインヤフー,東Ｐ
ネット銀行,金融・不動産,4755,楽天グループ,東Ｐ
ネット銀行,金融・不動産,5838,楽天銀,東Ｐ
ネット銀行,金融・不動産,7173,東京きらぼし,東Ｐ
ネット銀行,金融・不動産,8304,あおぞら銀,東Ｐ
ネット銀行,金融・不動産,8309,三井住友トラ,東Ｐ
ネット銀行,金融・不動産,8316,三井住友ＦＧ,東Ｐ
ネット銀行,金融・不動産,8354,ふくおかＦＧ,東Ｐ
ネット銀行,金融・不動産,8410,セブン銀,東Ｐ
ネット銀行,金融・不動産,8473,ＳＢＩ,東Ｐ
ネット銀行,金融・不動産,8570,イオンＦＳ,東Ｐ
ネット銀行,金融・不動産,8601,大和,東Ｐ
ネット銀行,金融・不動産,8729,ソニーＦＧ,東Ｐ
ネット銀行,金融・不動産,9433,ＫＤＤＩ,東Ｐ
ネット銀行,金融・不動産,9449,ＧＭＯ,東Ｐ
フィンテック,金融・不動産,1447,ＳＡＡＦＨＤ,東Ｇ
フィンテック,金融・不動産,2307,クロスキャト,東Ｐ
フィンテック,金融・不動産,2315,ＣＡＩＣＡＤ,東Ｓ
フィンテック,金融・不動産,2335,キューブシス,東Ｐ
フィンテック,金融・不動産,2351,ＡＳＪ,東Ｓ
フィンテック,金融・不動産,2428,ウェルネット,東Ｓ
フィンテック,金融・不動産,2432,ディーエヌエ,東Ｐ
フィンテック,金融・不動産,2438,アスカネット,東Ｇ
フィンテック,金融・不動産,2492,インフォＭＴ,東Ｐ
フィンテック,金融・不動産,3031,ラクーンＨＤ,東Ｐ
フィンテック,金融・不動産,3623,ビリングシス,東Ｇ
フィンテック,金融・不動産,3626,ＴＩＳＩ,東Ｐ
フィンテック,金融・不動産,3627,テクミラ,東Ｓ
フィンテック,金融・不動産,3690,イルグルム,東Ｓ
フィンテック,金融・不動産,3691,デジプラ,東Ｇ
フィンテック,金融・不動産,3694,オプティム,東Ｐ
フィンテック,金融・不動産,3696,セレス,東Ｐ
フィンテック,金融・不動産,3744,サイオス,東Ｓ
フィンテック,金融・不動産,3747,インタートレ,東Ｓ
フィンテック,金融・不動産,3753,フライト,東Ｓ
フィンテック,金融・不動産,3769,ＧＭＯ－ＰＧ,東Ｐ
フィンテック,金融・不動産,3778,さくらネット,東Ｐ
フィンテック,金融・不動産,3798,ＵＬＳグルプ,東Ｓ
フィンテック,金融・不動産,3807,フィスコ,東Ｇ
フィンテック,金融・不動産,3808,ＯＫＷＥＢ,名Ｎ
フィンテック,金融・不動産,3844,コムチュア,東Ｐ
フィンテック,金融・不動産,3853,アステリア,東Ｐ
フィンテック,金融・不動産,3916,ＤＩＴ,東Ｐ
フィンテック,金融・不動産,3917,アイリッジ,東Ｇ
フィンテック,金融・不動産,3920,アイビーシー,東Ｓ
フィンテック,金融・不動産,3994,マネフォ,東Ｐ
フィンテック,金融・不動産,3996,サインポスト,東Ｓ
フィンテック,金融・不動産,3997,Ｔワークス,東Ｓ
フィンテック,金融・不動産,4012,アクシス,東Ｓ
フィンテック,金融・不動産,4076,シイエヌエス,東Ｇ
フィンテック,金融・不動産,4284,ソルクシーズ,東Ｓ
フィンテック,金融・不動産,4287,ジャストプラ,東Ｓ
フィンテック,金融・不動産,4307,野村総研,東Ｐ
フィンテック,金融・不動産,4344,ソースネクス,東Ｐ
フィンテック,金融・不動産,4374,ロボペイ,東Ｇ
フィンテック,金融・不動産,4387,ＺＵＵ,東Ｇ
フィンテック,金融・不動産,4419,フィナＨＤ,東Ｇ
フィンテック,金融・不動産,4436,ミンカブ,東Ｇ
フィンテック,金融・不動産,4689,ラインヤフー,東Ｐ
フィンテック,金融・不動産,4743,ＩＴＦＯＲ,東Ｐ
フィンテック,金融・不動産,4812,電通総研,東Ｐ
フィンテック,金融・不動産,4819,Ｄガレージ,東Ｐ
フィンテック,金融・不動産,4847,インテリＷ,東Ｐ
フィンテック,金融・不動産,5831,しずおかＦＧ,東Ｐ
フィンテック,金融・不動産,6050,イーガーディ,東Ｐ
フィンテック,金融・不動産,6098,リクルート,東Ｐ
フィンテック,金融・不動産,6180,ＧＭＯメディ,東Ｇ
フィンテック,金融・不動産,6702,富士通,東Ｐ
フィンテック,金融・不動産,7093,アディッシュ,東Ｇ
フィンテック,金融・不動産,7343,Ｂマインド,東Ｇ
フィンテック,金融・不動産,7860,エイベックス,東Ｐ
フィンテック,金融・不動産,8056,ビプロジー,東Ｐ
フィンテック,金融・不動産,8252,丸井Ｇ,東Ｐ
フィンテック,金融・不動産,8253,クレセゾン,東Ｐ
フィンテック,金融・不動産,8306,三菱ＵＦＪ,東Ｐ
フィンテック,金融・不動産,8308,りそなＨＤ,東Ｐ
フィンテック,金融・不動産,8316,三井住友ＦＧ,東Ｐ
フィンテック,金融・不動産,8411,みずほＦＧ,東Ｐ
フィンテック,金融・不動産,8473,ＳＢＩ,東Ｐ
フィンテック,金融・不動産,8585,オリコ,東Ｐ
フィンテック,金融・不動産,8591,オリックス,東Ｐ
フィンテック,金融・不動産,8601,大和,東Ｐ
フィンテック,金融・不動産,8604,野村,東Ｐ
フィンテック,金融・不動産,8704,トレイダーズ,東Ｓ
フィンテック,金融・不動産,9168,ライズＣＧ,東Ｇ
フィンテック,金融・不動産,9424,日本通信,東Ｐ
フィンテック,金融・不動産,9563,アトラスＴ,東Ｇ
フィンテック,金融・不動産,9640,セゾンテク,東Ｓ
フィンテック,金融・不動産,9682,ＤＴＳ,東Ｐ
フィンテック,金融・不動産,9742,アイネス,東Ｐ
フィンテック,金融・不動産,9746,ＴＫＣ,東Ｐ
フィンテック,金融・不動産,9928,ミロク情報,東Ｐ
ブロックチェーン,金融・不動産,1928,積水ハウス,東Ｐ
ブロックチェーン,金融・不動産,2307,クロスキャト,東Ｐ
ブロックチェーン,金融・不動産,2315,ＣＡＩＣＡＤ,東Ｓ
ブロックチェーン,金融・不動産,2335,キューブシス,東Ｐ
ブロックチェーン,金融・不動産,2345,ホドルワン,東Ｓ
ブロックチェーン,金融・不動産,2375,ギグワークス,東Ｓ
ブロックチェーン,金融・不動産,2376,サイネックス,東Ｓ
ブロックチェーン,金融・不動産,2428,ウェルネット,東Ｓ
ブロックチェーン,金融・不動産,2437,シンワワイズ,東Ｓ
ブロックチェーン,金融・不動産,3121,マーチャント,東Ｓ
ブロックチェーン,金融・不動産,3300,アンビＤＸ,東Ｇ
ブロックチェーン,金融・不動産,3350,メタプラ,東Ｓ
ブロックチェーン,金融・不動産,3624,アクセルＭ,東Ｇ
ブロックチェーン,金融・不動産,3656,ＫＬａｂ,東Ｐ
ブロックチェーン,金融・不動産,3667,ｅｎｉｓｈ,東Ｓ
ブロックチェーン,金融・不動産,3678,メディアドゥ,東Ｐ
ブロックチェーン,金融・不動産,3680,ホットリンク,東Ｇ
ブロックチェーン,金融・不動産,3683,サイバーリン,東Ｓ
ブロックチェーン,金融・不動産,3686,ＤＬＥ,東Ｓ
ブロックチェーン,金融・不動産,3690,イルグルム,東Ｓ
ブロックチェーン,金融・不動産,3696,セレス,東Ｐ
ブロックチェーン,金融・不動産,3747,インタートレ,東Ｓ
ブロックチェーン,金融・不動産,3758,アエリア,東Ｓ
ブロックチェーン,金融・不動産,3775,ガイアックス,名Ｎ
ブロックチェーン,金融・不動産,3778,さくらネット,東Ｐ
ブロックチェーン,金融・不動産,3793,ドリコム,東Ｇ
ブロックチェーン,金融・不動産,3798,ＵＬＳグルプ,東Ｓ
ブロックチェーン,金融・不動産,3807,フィスコ,東Ｇ
ブロックチェーン,金融・不動産,3808,ＯＫＷＥＢ,名Ｎ
ブロックチェーン,金融・不動産,3810,ＣＳＨＤ,東Ｓ
ブロックチェーン,金融・不動産,3823,ＷＨＤＣ,東Ｓ
ブロックチェーン,金融・不動産,3843,フリービット,東Ｐ
ブロックチェーン,金融・不動産,3845,アイフリーク,東Ｓ
ブロックチェーン,金融・不動産,3853,アステリア,東Ｐ
ブロックチェーン,金融・不動産,3854,アイル,東Ｐ
ブロックチェーン,金融・不動産,3903,ｇｕｍｉ,東Ｐ
ブロックチェーン,金融・不動産,3917,アイリッジ,東Ｇ
ブロックチェーン,金融・不動産,3920,アイビーシー,東Ｓ
ブロックチェーン,金融・不動産,3927,Ｆ－ブレイン,東Ｓ
ブロックチェーン,金融・不動産,3928,マイネット,東Ｓ
ブロックチェーン,金融・不動産,3994,マネフォ,東Ｐ
ブロックチェーン,金融・不動産,3997,Ｔワークス,東Ｓ
ブロックチェーン,金融・不動産,4012,アクシス,東Ｓ
ブロックチェーン,金融・不動産,4015,ペイクラウド,東Ｇ
ブロックチェーン,金融・不動産,4260,ハイブリッド,東Ｇ
ブロックチェーン,金融・不動産,4263,サスメド,東Ｇ
ブロックチェーン,金融・不動産,4265,ＩＧＳ,東Ｇ
ブロックチェーン,金融・不動産,4284,ソルクシーズ,東Ｓ
ブロックチェーン,金融・不動産,4307,野村総研,東Ｐ
ブロックチェーン,金融・不動産,4373,シンプレクス,東Ｐ
ブロックチェーン,金融・不動産,4385,メルカリ,東Ｐ
ブロックチェーン,金融・不動産,4436,ミンカブ,東Ｇ
ブロックチェーン,金融・不動産,4446,リンクユーＧ,東Ｓ
ブロックチェーン,金融・不動産,4499,スピー,東Ｓ
ブロックチェーン,金融・不動産,4662,フォーカス,東Ｐ
ブロックチェーン,金融・不動産,4689,ラインヤフー,東Ｐ
ブロックチェーン,金融・不動産,4725,ＣＡＣ,東Ｐ
ブロックチェーン,金融・不動産,4743,ＩＴＦＯＲ,東Ｐ
ブロックチェーン,金融・不動産,4751,サイバー,東Ｐ
ブロックチェーン,金融・不動産,4755,楽天グループ,東Ｐ
ブロックチェーン,金融・不動産,4763,Ｃ＆Ｒ,東Ｐ
ブロックチェーン,金融・不動産,4777,ガーラ,東Ｓ
ブロックチェーン,金融・不動産,4784,ＧＭＯインタ,東Ｐ
ブロックチェーン,金融・不動産,4812,電通総研,東Ｐ
ブロックチェーン,金融・不動産,4814,ネクスウェア,東Ｓ
ブロックチェーン,金融・不動産,4819,Ｄガレージ,東Ｐ
ブロックチェーン,金融・不動産,4829,日エンター,東Ｓ
ブロックチェーン,金融・不動産,5026,トリプルアイ,東Ｇ
ブロックチェーン,金融・不動産,5254,Ａｒｅｎｔ,東Ｇ
ブロックチェーン,金融・不動産,5721,Ｓクリプトエ,東Ｓ
ブロックチェーン,金融・不動産,6027,弁護士ＣＯＭ,東Ｐ
ブロックチェーン,金融・不動産,6034,ＭＲＴ,東Ｇ
ブロックチェーン,金融・不動産,6038,イード,東Ｇ
ブロックチェーン,金融・不動産,6047,Ｇｕｎｏｓｙ,東Ｓ
ブロックチェーン,金融・不動産,6058,ベクトル,東Ｐ
ブロックチェーン,金融・不動産,6193,バーチャレク,東Ｇ
ブロックチェーン,金融・不動産,6501,日立,東Ｐ
ブロックチェーン,金融・不動産,6552,ゲームウィズ,東Ｓ
ブロックチェーン,金融・不動産,6634,ＪＮグループ,東Ｓ
ブロックチェーン,金融・不動産,6701,ＮＥＣ,東Ｐ
ブロックチェーン,金融・不動産,6702,富士通,東Ｐ
ブロックチェーン,金融・不動産,6730,アクセル,東Ｓ
ブロックチェーン,金融・不動産,6836,ぷらっと,東Ｓ
ブロックチェーン,金融・不動産,7044,ピアラ,東Ｓ
ブロックチェーン,金融・不動産,7093,アディッシュ,東Ｇ
ブロックチェーン,金融・不動産,7138,ＴＯＲＩＣＯ,東Ｇ
ブロックチェーン,金融・不動産,7203,トヨタ,東Ｐ
ブロックチェーン,金融・不動産,7860,エイベックス,東Ｐ
ブロックチェーン,金融・不動産,7901,マツモト,東Ｓ
ブロックチェーン,金融・不動産,8316,三井住友ＦＧ,東Ｐ
ブロックチェーン,金融・不動産,8411,みずほＦＧ,東Ｐ
ブロックチェーン,金融・不動産,8473,ＳＢＩ,東Ｐ
ブロックチェーン,金融・不動産,8601,大和,東Ｐ
ブロックチェーン,金融・不動産,8604,野村,東Ｐ
ブロックチェーン,金融・不動産,8698,マネックスＧ,東Ｐ
ブロックチェーン,金融・不動産,8725,ＭＳ＆ＡＤ,東Ｐ
ブロックチェーン,金融・不動産,9007,小田急,東Ｐ
ブロックチェーン,金融・不動産,9399,ビート,東Ｓ
ブロックチェーン,金融・不動産,9417,スマバ,東Ｓ
ブロックチェーン,金融・不動産,9432,ＮＴＴ,東Ｐ
ブロックチェーン,金融・不動産,9449,ＧＭＯ,東Ｐ
ブロックチェーン,金融・不動産,9501,東電ＨＤ,東Ｐ
ブロックチェーン,金融・不動産,9640,セゾンテク,東Ｓ
ブロックチェーン,金融・不動産,9753,ＩＸナレッジ,東Ｓ
ブロックチェーン,金融・不動産,9928,ミロク情報,東Ｐ
ブロックチェーン,金融・不動産,9984,ＳＢＧ,東Ｐ
リース,金融・不動産,1939,四電工,東Ｐ
リース,金融・不動産,2388,ウェッジＨＤ,東Ｇ
リース,金融・不動産,2666,オートＷ,東Ｓ
リース,金融・不動産,2751,テンポスＨＤ,東Ｓ
リース,金融・不動産,3382,セブン＆アイ,東Ｐ
リース,金融・不動産,3457,ＡｎｄＤｏ,東Ｐ
リース,金融・不動産,3474,Ｇ－ＦＡＣ,東Ｇ
リース,金融・不動産,3556,リネットＪ,東Ｇ
リース,金融・不動産,5830,いよぎんＨＤ,東Ｐ
リース,金融・不動産,5831,しずおかＦＧ,東Ｐ
リース,金融・不動産,5832,ちゅうぎんＦ,東Ｐ
リース,金融・不動産,5834,ＳＢＩリーシ,東Ｇ
リース,金融・不動産,5870,ナルネット,東Ｇ
リース,金融・不動産,7148,ＦＰＧ,東Ｐ
リース,金融・不動産,7167,めぶきＦＧ,東Ｐ
リース,金融・不動産,7172,ＪＩＡ,東Ｐ
リース,金融・不動産,7186,横浜ＦＧ,東Ｐ
リース,金融・不動産,7199,プレミアＧ,東Ｐ
リース,金融・不動産,7322,三十三ＦＧ,東Ｐ
リース,金融・不動産,7327,第四北越ＦＧ,東Ｐ
リース,金融・不動産,7337,ひろぎんＨＤ,東Ｐ
リース,金融・不動産,7350,おきなわＦＧ,東Ｐ
リース,金融・不動産,7380,十六ＦＧ,東Ｐ
リース,金融・不動産,7381,ＣＣＩＧ,東Ｐ
リース,金融・不動産,7389,あいちＦＧ,東Ｐ
リース,金融・不動産,7561,ハークスレイ,東Ｓ
リース,金融・不動産,8046,丸藤パ,東Ｓ
リース,金融・不動産,8053,住友商,東Ｐ
リース,金融・不動産,8291,日産東ＨＤ,東Ｓ
リース,金融・不動産,8303,ＳＢＩ新生銀,東Ｐ
リース,金融・不動産,8306,三菱ＵＦＪ,東Ｐ
リース,金融・不動産,8308,りそなＨＤ,東Ｐ
リース,金融・不動産,8316,三井住友ＦＧ,東Ｐ
リース,金融・不動産,8337,千葉興,東Ｐ
リース,金融・不動産,8341,七十七,東Ｐ
リース,金融・不動産,8345,岩手銀,東Ｐ
リース,金融・不動産,8349,東北銀,東Ｓ
リース,金融・不動産,8359,八十二長野,東Ｐ
リース,金融・不動産,8362,福井銀,東Ｐ
リース,金融・不動産,8367,南都銀,東Ｐ
リース,金融・不動産,8368,百五銀,東Ｐ
リース,金融・不動産,8370,紀陽銀,東Ｐ
リース,金融・不動産,8377,ほくほくＦＧ,東Ｐ
リース,金融・不動産,8381,山陰合銀,東Ｐ
リース,金融・不動産,8383,鳥取銀,東Ｓ
リース,金融・不動産,8386,百十四,東Ｐ
リース,金融・不動産,8388,阿波銀,東Ｐ
リース,金融・不動産,8392,大分銀,東Ｐ
リース,金融・不動産,8393,宮崎銀,東Ｐ
リース,金融・不動産,8398,筑邦銀,福証
リース,金融・不動産,8399,琉球銀,東Ｐ
リース,金融・不動産,8411,みずほＦＧ,東Ｐ
リース,金融・不動産,8418,山口ＦＧ,東Ｐ
リース,金融・不動産,8424,芙蓉リース,東Ｐ
リース,金融・不動産,8425,みずほリース,東Ｐ
リース,金融・不動産,8439,東京センチュ,東Ｐ
リース,金融・不動産,8541,愛媛銀,東Ｐ
リース,金融・不動産,8566,リコーリース,東Ｐ
リース,金融・不動産,8591,オリックス,東Ｐ
リース,金融・不動産,8593,三菱ＨＣキャ,東Ｐ
リース,金融・不動産,8594,中道リース,札証
リース,金融・不動産,8596,九州リース,東Ｓ
リース,金融・不動産,8713,フィデアＨＤ,東Ｐ
リース,金融・不動産,8714,池田泉州ＨＤ,東Ｐ
リース,金融・不動産,8793,ＮＥＣキャピ,東Ｐ
リース,金融・不動産,8795,Ｔ＆Ｄ,東Ｐ
リース,金融・不動産,9368,キムラユニテ,東Ｓ
リース,金融・不動産,9619,イチネンＨＤ,東Ｐ
リース,金融・不動産,9761,東海リース,東Ｓ
リース,金融・不動産,9763,丸建リース,東Ｓ
リース,金融・不動産,9767,日建工学,東Ｓ
リース,金融・不動産,9991,ジェコス,東Ｐ
不動産テック,金融・不動産,1435,ロボホーム,東Ｓ
不動産テック,金融・不動産,2120,ＬＩＦＵＬＬ,東Ｐ
不動産テック,金融・不動産,2980,ＳＲＥＨＤ,東Ｐ
不動産テック,金融・不動産,2981,ランディクス,東Ｇ
不動産テック,金融・不動産,3300,アンビＤＸ,東Ｇ
不動産テック,金融・不動産,3457,ＡｎｄＤｏ,東Ｐ
不動産テック,金融・不動産,3482,ロードスター,東Ｐ
不動産テック,金融・不動産,3491,ＧＡテクノ,東Ｇ
不動産テック,金融・不動産,3796,いい生活,東Ｓ
不動産テック,金融・不動産,4054,日本情報Ｃ,東Ｇ
不動産テック,金融・不動産,4389,プロパテＤＢ,東Ｇ
不動産テック,金融・不動産,5025,マーキュリー,東Ｇ
不動産テック,金融・不動産,5246,エレメンツ,東Ｇ
不動産テック,金融・不動産,5527,プロパテクノ,東Ｇ
不動産テック,金融・不動産,5535,ミガロＨＤ,東Ｐ
不動産テック,金融・不動産,5843,インシュア,東Ｓ
不動産テック,金融・不動産,5845,全保連,東Ｓ
不動産テック,金融・不動産,6027,弁護士ＣＯＭ,東Ｐ
不動産テック,金融・不動産,6037,楽待,東Ｓ
不動産テック,金融・不動産,7196,Ｃａｓａ,東Ｓ
不動産テック,金融・不動産,7198,ＳＢＩアルヒ,東Ｐ
不動産テック,金融・不動産,7527,システムソフ,東Ｓ
不動産テック,金融・不動産,8894,レボリュー,東Ｓ
不動産テック,金融・不動産,8919,カチタス,東Ｐ
不動産テック,金融・不動産,9238,バリューＣ,東Ｇ
不動産テック,金融・不動産,9342,スマサポ,東Ｇ
不動産ネット取引,金融・不動産,2120,ＬＩＦＵＬＬ,東Ｐ
不動産ネット取引,金融・不動産,3679,じげん,東Ｐ
不動産ネット取引,金融・不動産,3796,いい生活,東Ｓ
不動産ネット取引,金融・不動産,4376,くふうカンパ,東Ｇ
不動産ネット取引,金融・不動産,5527,プロパテクノ,東Ｇ
不動産ネット取引,金融・不動産,7527,システムソフ,東Ｓ
不動産ファンド,金融・不動産,1435,ロボホーム,東Ｓ
不動産ファンド,金融・不動産,1925,大和ハウス,東Ｐ
不動産ファンド,金融・不動産,2134,北浜ＣＰ,東Ｓ
不動産ファンド,金融・不動産,2337,いちご,東Ｐ
不動産ファンド,金融・不動産,2982,ＡＤＷＧ,東Ｐ
不動産ファンド,金融・不動産,2998,クリアル,東Ｇ
不動産ファンド,金融・不動産,3121,マーチャント,東Ｓ
不動産ファンド,金融・不動産,3252,地主,東Ｐ
不動産ファンド,金融・不動産,3266,ファンクリＧ,東Ｓ
不動産ファンド,金融・不動産,3284,フージャース,東Ｐ
不動産ファンド,金融・不動産,3454,Ｆブラザーズ,東Ｓ
不動産ファンド,金融・不動産,3469,デュアルＴ,東Ｓ
不動産ファンド,金融・不動産,3486,グロバルＬＭ,東Ｐ
不動産ファンド,金融・不動産,3494,マリオン,東Ｓ
不動産ファンド,金融・不動産,3772,ウェルス,東Ｓ
不動産ファンド,金融・不動産,7561,ハークスレイ,東Ｓ
不動産ファンド,金融・不動産,8309,三井住友トラ,東Ｐ
不動産ファンド,金融・不動産,8783,ａｂｃ,東Ｓ
不動産ファンド,金融・不動産,8923,トーセイ,東Ｐ
不動産ファンド,金融・不動産,9347,日本管財ＨＤ,東Ｐ
不動産再生,金融・不動産,1444,ニッソウ,東Ｇ
不動産再生,金融・不動産,2429,ワールドＨＤ,東Ｐ
不動産再生,金融・不動産,2974,大英産業,福証
不動産再生,金融・不動産,2975,スターマイカ,東Ｐ
不動産再生,金融・不動産,2978,ツクルバ,東Ｇ
不動産再生,金融・不動産,2982,ＡＤＷＧ,東Ｐ
不動産再生,金融・不動産,2983,アールプラン,東Ｇ
不動産再生,金融・不動産,2986,ＬＡホールデ,東Ｇ
不動産再生,金融・不動産,2991,ランドネット,東Ｓ
不動産再生,金融・不動産,3003,ヒューリック,東Ｐ
不動産再生,金融・不動産,3236,プロパスト,東Ｓ
不動産再生,金融・不動産,3237,イントランス,東Ｇ
不動産再生,金融・不動産,3277,サンセイラン,東Ｓ
不動産再生,金融・不動産,3284,フージャース,東Ｐ
不動産再生,金融・不動産,3297,東武住販,東Ｓ
不動産再生,金融・不動産,3452,ビーロット,東Ｓ
不動産再生,金融・不動産,3467,アグレ都市,東Ｓ
不動産再生,金融・不動産,3469,デュアルＴ,東Ｓ
不動産再生,金融・不動産,3490,アズ企画設計,東Ｓ
不動産再生,金融・不動産,3491,ＧＡテクノ,東Ｇ
不動産再生,金融・不動産,3498,霞ヶ関Ｃ,東Ｐ
不動産再生,金融・不動産,5261,リソル,東Ｐ
不動産再生,金融・不動産,5527,プロパテクノ,東Ｇ
不動産再生,金融・不動産,5532,リアルゲイト,東Ｇ
不動産再生,金融・不動産,6092,エンバイオＨ,東Ｓ
不動産再生,金融・不動産,8439,東京センチュ,東Ｐ
不動産再生,金融・不動産,8591,オリックス,東Ｐ
不動産再生,金融・不動産,8844,コスモスイニ,東Ｓ
不動産再生,金融・不動産,8892,エスコン,東Ｐ
不動産再生,金融・不動産,8914,エリアリンク,東Ｓ
不動産再生,金融・不動産,8919,カチタス,東Ｐ
不動産再生,金融・不動産,8923,トーセイ,東Ｐ
不動産再生,金融・不動産,8927,明豊エンタ,東Ｓ
不動産再生,金融・不動産,9035,第一交通,福証
不動産再生,金融・不動産,9633,テアトル,東Ｓ
不動産情報サイト,金融・不動産,1435,ロボホーム,東Ｓ
不動産情報サイト,金融・不動産,1436,グリーンエナ,東Ｇ
不動産情報サイト,金融・不動産,2120,ＬＩＦＵＬＬ,東Ｐ
不動産情報サイト,金融・不動産,2371,カカクコム,東Ｐ
不動産情報サイト,金融・不動産,2408,ＫＧ情報,東Ｓ
不動産情報サイト,金融・不動産,2978,ツクルバ,東Ｇ
不動産情報サイト,金融・不動産,2980,ＳＲＥＨＤ,東Ｐ
不動産情報サイト,金融・不動産,2981,ランディクス,東Ｇ
不動産情報サイト,金融・不動産,3180,Ｂガレージ,東Ｐ
不動産情報サイト,金融・不動産,3484,イノベＨＤ,東Ｓ
不動産情報サイト,金融・不動産,3486,グロバルＬＭ,東Ｐ
不動産情報サイト,金融・不動産,3491,ＧＡテクノ,東Ｇ
不動産情報サイト,金融・不動産,3496,アズーム,東Ｐ
不動産情報サイト,金融・不動産,3679,じげん,東Ｐ
不動産情報サイト,金融・不動産,3696,セレス,東Ｐ
不動産情報サイト,金融・不動産,3796,いい生活,東Ｓ
不動産情報サイト,金融・不動産,4262,ニフティＬＳ,東Ｇ
不動産情報サイト,金融・不動産,4376,くふうカンパ,東Ｇ
不動産情報サイト,金融・不動産,4437,ＧＤＨ,東Ｇ
不動産情報サイト,金融・不動産,4445,リビンＴ,東Ｇ
不動産情報サイト,金融・不動産,4689,ラインヤフー,東Ｐ
不動産情報サイト,金融・不動産,5025,マーキュリー,東Ｇ
不動産情報サイト,金融・不動産,5535,ミガロＨＤ,東Ｐ
不動産情報サイト,金融・不動産,5537,アルバリンク,東Ｇ
不動産情報サイト,金融・不動産,5587,インバＰＦ,東Ｇ
不動産情報サイト,金融・不動産,6037,楽待,東Ｓ
不動産情報サイト,金融・不動産,6054,リブセンス,東Ｓ
不動産情報サイト,金融・不動産,6098,リクルート,東Ｐ
不動産情報サイト,金融・不動産,6538,ディスラプタ,東Ｓ
不動産情報サイト,金融・不動産,6578,コレックＨＤ,東Ｓ
不動産情報サイト,金融・不動産,7067,ブランドＴ,東Ｇ
不動産情報サイト,金融・不動産,7196,Ｃａｓａ,東Ｓ
不動産情報サイト,金融・不動産,7527,システムソフ,東Ｓ
不動産投資,金融・不動産,1436,グリーンエナ,東Ｇ
不動産投資,金融・不動産,1783,ファンタジス,東Ｓ
不動産投資,金融・不動産,2134,北浜ＣＰ,東Ｓ
不動産投資,金融・不動産,2337,いちご,東Ｐ
不動産投資,金融・不動産,2970,ジーエルシー,東Ｓ
不動産投資,金融・不動産,2975,スターマイカ,東Ｐ
不動産投資,金融・不動産,2976,日グランデ,札Ａ
不動産投資,金融・不動産,2991,ランドネット,東Ｓ
不動産投資,金融・不動産,2998,クリアル,東Ｇ
不動産投資,金融・不動産,3003,ヒューリック,東Ｐ
不動産投資,金融・不動産,3121,マーチャント,東Ｓ
不動産投資,金融・不動産,3237,イントランス,東Ｇ
不動産投資,金融・不動産,3245,ディアライフ,東Ｐ
不動産投資,金融・不動産,3252,地主,東Ｐ
不動産投資,金融・不動産,3266,ファンクリＧ,東Ｓ
不動産投資,金融・不動産,3284,フージャース,東Ｐ
不動産投資,金融・不動産,3286,トラストＨＤ,東Ｓ
不動産投資,金融・不動産,3452,ビーロット,東Ｓ
不動産投資,金融・不動産,3454,Ｆブラザーズ,東Ｓ
不動産投資,金融・不動産,3469,デュアルＴ,東Ｓ
不動産投資,金融・不動産,3482,ロードスター,東Ｐ
不動産投資,金融・不動産,3489,フェイスＮＷ,東Ｓ
不動産投資,金融・不動産,3490,アズ企画設計,東Ｓ
不動産投資,金融・不動産,3494,マリオン,東Ｓ
不動産投資,金融・不動産,3498,霞ヶ関Ｃ,東Ｐ
不動産投資,金融・不動産,3772,ウェルス,東Ｓ
不動産投資,金融・不動産,4840,トライアイズ,東Ｓ
不動産投資,金融・不動産,5078,セレ,東Ｓ
不動産投資,金融・不動産,5261,リソル,東Ｐ
不動産投資,金融・不動産,5337,ダントーＨＤ,東Ｓ
不動産投資,金融・不動産,6037,楽待,東Ｓ
不動産投資,金融・不動産,6620,宮越ＨＤ,東Ｐ
不動産投資,金融・不動産,7172,ＪＩＡ,東Ｐ
不動産投資,金融・不動産,7347,マーキュリア,東Ｐ
不動産投資,金融・不動産,8783,ａｂｃ,東Ｓ
不動産投資,金融・不動産,8918,ランド,東Ｓ
不動産投資,金融・不動産,8944,ランビジネス,東Ｓ
不動産投資,金融・不動産,9827,リリカラ,東Ｓ
不動産流動化,金融・不動産,1887,日本国土開発,東Ｐ
不動産流動化,金融・不動産,2975,スターマイカ,東Ｐ
不動産流動化,金融・不動産,2978,ツクルバ,東Ｇ
不動産流動化,金融・不動産,2980,ＳＲＥＨＤ,東Ｐ
不動産流動化,金融・不動産,2982,ＡＤＷＧ,東Ｐ
不動産流動化,金融・不動産,2986,ＬＡホールデ,東Ｇ
不動産流動化,金融・不動産,3236,プロパスト,東Ｓ
不動産流動化,金融・不動産,3237,イントランス,東Ｇ
不動産流動化,金融・不動産,3277,サンセイラン,東Ｓ
不動産流動化,金融・不動産,3288,オープンＨ,東Ｐ
不動産流動化,金融・不動産,3300,アンビＤＸ,東Ｇ
不動産流動化,金融・不動産,3482,ロードスター,東Ｐ
不動産流動化,金融・不動産,3490,アズ企画設計,東Ｓ
不動産流動化,金融・不動産,3491,ＧＡテクノ,東Ｇ
不動産流動化,金融・不動産,3494,マリオン,東Ｓ
不動産流動化,金融・不動産,4389,プロパテＤＢ,東Ｇ
不動産流動化,金融・不動産,4499,スピー,東Ｓ
不動産流動化,金融・不動産,5532,リアルゲイト,東Ｇ
不動産流動化,金融・不動産,5535,ミガロＨＤ,東Ｐ
不動産流動化,金融・不動産,5537,アルバリンク,東Ｇ
不動産流動化,金融・不動産,7561,ハークスレイ,東Ｓ
不動産流動化,金融・不動産,8844,コスモスイニ,東Ｓ
不動産流動化,金融・不動産,8892,エスコン,東Ｐ
不動産流動化,金融・不動産,8914,エリアリンク,東Ｓ
不動産流動化,金融・不動産,8918,ランド,東Ｓ
不動産流動化,金融・不動産,8919,カチタス,東Ｐ
不動産流動化,金融・不動産,8923,トーセイ,東Ｐ
不動産流動化,金融・不動産,8934,サンフロ不,東Ｐ
不動産流動化,金融・不動産,9035,第一交通,福証
不動産流動化,金融・不動産,9347,日本管財ＨＤ,東Ｐ
不動産関連,金融・不動産,1430,１ｓｔコーポ,東Ｓ
不動産関連,金融・不動産,1435,ロボホーム,東Ｓ
不動産関連,金融・不動産,1444,ニッソウ,東Ｇ
不動産関連,金融・不動産,1491,中外鉱,東Ｓ
不動産関連,金融・不動産,1515,日鉄鉱,東Ｐ
不動産関連,金融・不動産,1718,美樹工業,東Ｓ
不動産関連,金融・不動産,1762,高松グループ,東Ｐ
不動産関連,金融・不動産,1764,工藤建設,東Ｓ
不動産関連,金融・不動産,1773,ＹＴＬ,東Ｐ
不動産関連,金融・不動産,1783,ファンタジス,東Ｓ
不動産関連,金融・不動産,1801,大成建,東Ｐ
不動産関連,金融・不動産,1820,西松建,東Ｐ
不動産関連,金融・不動産,1844,大盛工業,東Ｓ
不動産関連,金融・不動産,1870,矢作建,東Ｐ
不動産関連,金融・不動産,1879,新日本建,東Ｐ
不動産関連,金融・不動産,1887,日本国土開発,東Ｐ
不動産関連,金融・不動産,1899,福田組,東Ｐ
不動産関連,金融・不動産,1921,巴,東Ｓ
不動産関連,金融・不動産,2120,ＬＩＦＵＬＬ,東Ｐ
不動産関連,金融・不動産,2134,北浜ＣＰ,東Ｓ
不動産関連,金融・不動産,2337,いちご,東Ｐ
不動産関連,金融・不動産,2353,日本駐車場,東Ｐ
不動産関連,金融・不動産,2384,ＳＢＳＨＤ,東Ｐ
不動産関連,金融・不動産,2411,ゲンダイ,東Ｓ
不動産関連,金融・不動産,2429,ワールドＨＤ,東Ｐ
不動産関連,金融・不動産,2459,アウン,東Ｓ
不動産関連,金融・不動産,2501,サッポロ,東Ｐ
不動産関連,金融・不動産,2673,夢みつけ隊,東Ｓ
不動産関連,金融・不動産,2721,ＪＨＤ,東Ｓ
不動産関連,金融・不動産,2776,新都ＨＤ,東Ｓ
不動産関連,金融・不動産,2970,ジーエルシー,東Ｓ
不動産関連,金融・不動産,2974,大英産業,福証
不動産関連,金融・不動産,2975,スターマイカ,東Ｐ
不動産関連,金融・不動産,2976,日グランデ,札Ａ
不動産関連,金融・不動産,2980,ＳＲＥＨＤ,東Ｐ
不動産関連,金融・不動産,2981,ランディクス,東Ｇ
不動産関連,金融・不動産,2982,ＡＤＷＧ,東Ｐ
不動産関連,金融・不動産,2983,アールプラン,東Ｇ
不動産関連,金融・不動産,2984,ヤマイチ,東Ｓ
不動産関連,金融・不動産,2986,ＬＡホールデ,東Ｇ
不動産関連,金融・不動産,2991,ランドネット,東Ｓ
不動産関連,金融・不動産,2993,長栄,東Ｓ
不動産関連,金融・不動産,2997,ストレジ王,東Ｇ
不動産関連,金融・不動産,2998,クリアル,東Ｇ
不動産関連,金融・不動産,2999,ホームポジ,東Ｓ
不動産関連,金融・不動産,3001,片倉,東Ｓ
不動産関連,金融・不動産,3003,ヒューリック,東Ｐ
不動産関連,金融・不動産,3010,ポラリスＨＤ,東Ｓ
不動産関連,金融・不動産,3063,Ｊグループ,東Ｇ
不動産関連,金融・不動産,3099,三越伊勢丹,東Ｐ
不動産関連,金融・不動産,3105,日清紡ＨＤ,東Ｐ
不動産関連,金融・不動産,3111,オーミケンシ,東Ｓ
不動産関連,金融・不動産,3123,サイボー,東Ｓ
不動産関連,金融・不動産,3201,ニッケ,東Ｐ
不動産関連,金融・不動産,3231,野村不ＨＤ,東Ｐ
不動産関連,金融・不動産,3232,三重交ＨＤ,東Ｐ
不動産関連,金融・不動産,3237,イントランス,東Ｇ
不動産関連,金融・不動産,3238,セントラル総,東Ｓ
不動産関連,金融・不動産,3241,ウィル,東Ｓ
不動産関連,金融・不動産,3242,アーバネット,東Ｓ
不動産関連,金融・不動産,3245,ディアライフ,東Ｐ
不動産関連,金融・不動産,3248,アールエイジ,東Ｓ
不動産関連,金融・不動産,3260,エスポア,名Ｎ
不動産関連,金融・不動産,3261,グラン,東Ｇ
不動産関連,金融・不動産,3266,ファンクリＧ,東Ｓ
不動産関連,金融・不動産,3276,ＪＰＭＣ,東Ｐ
不動産関連,金融・不動産,3277,サンセイラン,東Ｓ
不動産関連,金融・不動産,3280,エストラスト,東Ｓ
不動産関連,金融・不動産,3284,フージャース,東Ｐ
不動産関連,金融・不動産,3286,トラストＨＤ,東Ｓ
不動産関連,金融・不動産,3288,オープンＨ,東Ｐ
不動産関連,金融・不動産,3289,東急不ＨＤ,東Ｐ
不動産関連,金融・不動産,3293,アズマハウス,東Ｓ
不動産関連,金融・不動産,3297,東武住販,東Ｓ
不動産関連,金融・不動産,3299,ムゲンＥ,東Ｓ
不動産関連,金融・不動産,3300,アンビＤＸ,東Ｇ
不動産関連,金融・不動産,3454,Ｆブラザーズ,東Ｓ
不動産関連,金融・不動産,3457,ＡｎｄＤｏ,東Ｐ
不動産関連,金融・不動産,3461,パルマ,東Ｓ
不動産関連,金融・不動産,3465,ケイアイ不,東Ｐ
不動産関連,金融・不動産,3467,アグレ都市,東Ｓ
不動産関連,金融・不動産,3469,デュアルＴ,東Ｓ
不動産関連,金融・不動産,3474,Ｇ－ＦＡＣ,東Ｇ
不動産関連,金融・不動産,3475,グッドコムＡ,東Ｐ
不動産関連,金融・不動産,3477,フォーライフ,東Ｇ
不動産関連,金融・不動産,3479,ＴＫＰ,東Ｇ
不動産関連,金融・不動産,3482,ロードスター,東Ｐ
不動産関連,金融・不動産,3484,イノベＨＤ,東Ｓ
不動産関連,金融・不動産,3486,グロバルＬＭ,東Ｐ
不動産関連,金融・不動産,3489,フェイスＮＷ,東Ｓ
不動産関連,金融・不動産,3490,アズ企画設計,東Ｓ
不動産関連,金融・不動産,3491,ＧＡテクノ,東Ｇ
不動産関連,金融・不動産,3494,マリオン,東Ｓ
不動産関連,金融・不動産,3495,香陵住販,東Ｓ
不動産関連,金融・不動産,3496,アズーム,東Ｐ
不動産関連,金融・不動産,3498,霞ヶ関Ｃ,東Ｐ
不動産関連,金融・不動産,3521,テルマー湯,東Ｓ
不動産関連,金融・不動産,3529,アツギ,東Ｓ
不動産関連,金融・不動産,3571,ソトー,東Ｓ
不動産関連,金融・不動産,3758,アエリア,東Ｓ
不動産関連,金融・不動産,3772,ウェルス,東Ｓ
不動産関連,金融・不動産,3796,いい生活,東Ｓ
不動産関連,金融・不動産,4025,多木化,東Ｐ
不動産関連,金融・不動産,4031,片倉コープ,東Ｓ
不動産関連,金融・不動産,4054,日本情報Ｃ,東Ｇ
不動産関連,金融・不動産,4351,山田債権,東Ｓ
不動産関連,金融・不動産,4389,プロパテＤＢ,東Ｇ
不動産関連,金融・不動産,4437,ＧＤＨ,東Ｇ
不動産関連,金融・不動産,4445,リビンＴ,東Ｇ
不動産関連,金融・不動産,4499,スピー,東Ｓ
不動産関連,金融・不動産,4667,アイサンテク,東Ｓ
不動産関連,金融・不動産,4676,フジＨＤ,東Ｐ
不動産関連,金融・不動産,4827,ＢワンＨＤ,福Ｑ
不動産関連,金融・不動産,5078,セレ,東Ｓ
不動産関連,金融・不動産,5246,エレメンツ,東Ｇ
不動産関連,金融・不動産,5280,ヨシコン,東Ｓ
不動産関連,金融・不動産,5337,ダントーＨＤ,東Ｓ
不動産関連,金融・不動産,5527,プロパテクノ,東Ｇ
不動産関連,金融・不動産,5530,日本ＳＢ,名Ｍ
不動産関連,金融・不動産,5532,リアルゲイト,東Ｇ
不動産関連,金融・不動産,5533,エリッツＨＤ,東Ｓ
不動産関連,金融・不動産,5535,ミガロＨＤ,東Ｐ
不動産関連,金融・不動産,5537,アルバリンク,東Ｇ
不動産関連,金融・不動産,5721,Ｓクリプトエ,東Ｓ
不動産関連,金融・不動産,5839,,
不動産関連,金融・不動産,5843,インシュア,東Ｓ
不動産関連,金融・不動産,5845,全保連,東Ｓ
不動産関連,金融・不動産,6037,楽待,東Ｓ
不動産関連,金融・不動産,6042,ニッキ,東Ｓ
不動産関連,金融・不動産,6062,チャームケア,東Ｐ
不動産関連,金融・不動産,6092,エンバイオＨ,東Ｓ
不動産関連,金融・不動産,6093,ミトラＧ,東Ｓ
不動産関連,金融・不動産,6178,日本郵政,東Ｐ
不動産関連,金融・不動産,6334,明治機,東Ｓ
不動産関連,金融・不動産,6578,コレックＨＤ,東Ｓ
不動産関連,金融・不動産,6620,宮越ＨＤ,東Ｐ
不動産関連,金融・不動産,6625,ＪＡＬＣＯ,東Ｓ
不動産関連,金融・不動産,6743,大同信,東Ｓ
不動産関連,金融・不動産,7097,さくらさく,東Ｇ
不動産関連,金融・不動産,7148,ＦＰＧ,東Ｐ
不動産関連,金融・不動産,7187,ジェイリース,東Ｐ
不動産関連,金融・不動産,7196,Ｃａｓａ,東Ｓ
不動産関連,金融・不動産,7198,ＳＢＩアルヒ,東Ｐ
不動産関連,金融・不動産,7343,Ｂマインド,東Ｇ
不動産関連,金融・不動産,7362,Ｔ．Ｓ．Ｉ,東Ｇ
不動産関連,金融・不動産,7371,Ｚｅｎｋｅｎ,東Ｇ
不動産関連,金融・不動産,7490,日新商,東Ｓ
不動産関連,金融・不動産,7508,ＧセブンＨＤ,東Ｐ
不動産関連,金融・不動産,7509,アイエーＧ,東Ｓ
不動産関連,金融・不動産,7561,ハークスレイ,東Ｓ
不動産関連,金融・不動産,7638,ＮＥＷＡＲＴ,東Ｓ
不動産関連,金融・不動産,7808,ＣＳランバー,東Ｓ
不動産関連,金融・不動産,7950,日デコラ,名Ｍ
不動産関連,金融・不動産,8006,ユアサフナ,東Ｓ
不動産関連,金融・不動産,8107,キムラタン,東Ｓ
不動産関連,金融・不動産,8125,ワキタ,東Ｐ
不動産関連,金融・不動産,8439,東京センチュ,東Ｐ
不動産関連,金融・不動産,8508,Ｊトラスト,東Ｓ
不動産関連,金融・不動産,8594,中道リース,札証
不動産関連,金融・不動産,8596,九州リース,東Ｓ
不動産関連,金融・不動産,8737,あかつき本社,東Ｓ
不動産関連,金融・不動産,8742,小林洋行,東Ｓ
不動産関連,金融・不動産,8772,アサックス,東Ｓ
不動産関連,金融・不動産,8789,フィンテック,東Ｓ
不動産関連,金融・不動産,8801,三井不,東Ｐ
不動産関連,金融・不動産,8802,菱地所,東Ｐ
不動産関連,金融・不動産,8803,平和不,東Ｐ
不動産関連,金融・不動産,8804,東建物,東Ｐ
不動産関連,金融・不動産,8818,京阪神ビル,東Ｐ
不動産関連,金融・不動産,8830,住友不,東Ｐ
不動産関連,金融・不動産,8835,太平発,東Ｓ
不動産関連,金融・不動産,8836,ＲＩＳＥ,東Ｓ
不動産関連,金融・不動産,8841,テーオーシー,東Ｓ
不動産関連,金融・不動産,8844,コスモスイニ,東Ｓ
不動産関連,金融・不動産,8850,スターツ,東Ｐ
不動産関連,金融・不動産,8860,フジ住,東Ｐ
不動産関連,金融・不動産,8864,空港施設,東Ｓ
不動産関連,金融・不動産,8869,明和地所,東Ｓ
不動産関連,金融・不動産,8871,ゴールドクレ,東Ｓ
不動産関連,金融・不動産,8876,リログループ,東Ｐ
不動産関連,金融・不動産,8877,エスリード,東Ｐ
不動産関連,金融・不動産,8881,日神ＧＨＤ,東Ｐ
不動産関連,金融・不動産,8887,シーラＨＤ,東Ｓ
不動産関連,金融・不動産,8891,ＡＭＧＨＤ,東Ｓ
不動産関連,金融・不動産,8892,エスコン,東Ｐ
不動産関連,金融・不動産,8894,レボリュー,東Ｓ
不動産関連,金融・不動産,8897,ミラースＨＤ,東Ｐ
不動産関連,金融・不動産,8898,センチュ２１,東Ｓ
不動産関連,金融・不動産,8904,アバンティア,東Ｓ
不動産関連,金融・不動産,8908,毎コムネット,東Ｓ
不動産関連,金融・不動産,8912,エリアクエス,東Ｓ
不動産関連,金融・不動産,8914,エリアリンク,東Ｓ
不動産関連,金融・不動産,8917,ファースト住,東Ｓ
不動産関連,金融・不動産,8918,ランド,東Ｓ
不動産関連,金融・不動産,8919,カチタス,東Ｐ
不動産関連,金融・不動産,8923,トーセイ,東Ｐ
不動産関連,金融・不動産,8927,明豊エンタ,東Ｓ
不動産関連,金融・不動産,8928,穴吹興産,東Ｓ
不動産関連,金融・不動産,8931,和田興産,東Ｓ
不動産関連,金融・不動産,8934,サンフロ不,東Ｐ
不動産関連,金融・不動産,8935,ＦＪネクＨＤ,東Ｐ
不動産関連,金融・不動産,8938,グロームＨＤ,東Ｇ
不動産関連,金融・不動産,8944,ランビジネス,東Ｓ
不動産関連,金融・不動産,8945,サンネクスタ,東Ｓ
不動産関連,金融・不動産,8996,フリーダム,東Ｓ
不動産関連,金融・不動産,8999,グランディ,東Ｐ
不動産関連,金融・不動産,9001,東武,東Ｐ
不動産関連,金融・不動産,9003,相鉄ＨＤ,東Ｐ
不動産関連,金融・不動産,9005,東急,東Ｐ
不動産関連,金融・不動産,9006,京急,東Ｐ
不動産関連,金融・不動産,9007,小田急,東Ｐ
不動産関連,金融・不動産,9008,京王,東Ｐ
不動産関連,金融・不動産,9009,京成,東Ｐ
不動産関連,金融・不動産,9012,秩父鉄,東Ｓ
不動産関連,金融・不動産,9017,新潟交,東Ｓ
不動産関連,金融・不動産,9023,東京メトロ,東Ｐ
不動産関連,金融・不動産,9024,西武ＨＤ,東Ｐ
不動産関連,金融・不動産,9033,広電鉄,東Ｓ
不動産関連,金融・不動産,9034,南総通運,東Ｓ
不動産関連,金融・不動産,9035,第一交通,福証
不動産関連,金融・不動産,9036,東部ネット,東Ｓ
不動産関連,金融・不動産,9041,近鉄ＧＨＤ,東Ｐ
不動産関連,金融・不動産,9042,阪急阪神,東Ｐ
不動産関連,金融・不動産,9044,ＮＡＮＫＡＩ,東Ｐ
不動産関連,金融・不動産,9045,京阪ＨＤ,東Ｐ
不動産関連,金融・不動産,9046,神電鉄,東Ｓ
不動産関連,金融・不動産,9049,京福電,東Ｓ
不動産関連,金融・不動産,9052,山陽電,東Ｐ
不動産関連,金融・不動産,9082,大和自,東Ｓ
不動産関連,金融・不動産,9083,神姫バ,東Ｓ
不動産関連,金融・不動産,9145,ビイングＨＤ,東Ｓ
不動産関連,金融・不動産,9158,シーユーシー,東Ｇ
不動産関連,金融・不動産,9245,リベロ,東Ｇ
不動産関連,金融・不動産,9249,エコシステム,東Ｓ
不動産関連,金融・不動産,9301,三菱倉,東Ｐ
不動産関連,金融・不動産,9302,三井倉ＨＤ,東Ｐ
不動産関連,金融・不動産,9303,住友倉,東Ｐ
不動産関連,金融・不動産,9304,渋沢倉,東Ｐ
不動産関連,金融・不動産,9305,ヤマタネ,東Ｐ
不動産関連,金融・不動産,9306,東陽倉,東Ｓ
不動産関連,金融・不動産,9307,杉村倉,東Ｓ
不動産関連,金融・不動産,9308,乾汽船,東Ｓ
不動産関連,金融・不動産,9313,丸八倉,東Ｓ
不動産関連,金融・不動産,9324,安田倉,東Ｐ
不動産関連,金融・不動産,9342,スマサポ,東Ｇ
不動産関連,金融・不動産,9351,東洋埠頭,東Ｓ
不動産関連,金融・不動産,9355,リンコー,東Ｓ
不動産関連,金融・不動産,9361,伏木運,東Ｓ
不動産関連,金融・不動産,9380,東海運,東Ｓ
不動産関連,金融・不動産,9388,パパネッツ,福Ｑ
不動産関連,金融・不動産,9401,ＴＢＳＨＤ,東Ｐ
不動産関連,金融・不動産,9402,ＣＢＣ,名Ｐ
不動産関連,金融・不動産,9405,朝日放送ＨＤ,東Ｐ
不動産関連,金融・不動産,9407,ＲＫＢＨＤ,福証
不動産関連,金融・不動産,9408,ＢＳＮＨＤ,東Ｓ
不動産関連,金融・不動産,9423,フォーバルＲ,東Ｓ
不動産関連,金融・不動産,9428,クロップス,東Ｓ
不動産関連,金融・不動産,9444,トーシンＨＤ,東Ｓ
不動産関連,金融・不動産,9450,ファイバーＧ,東Ｓ
不動産関連,金融・不動産,9531,東ガス,東Ｐ
不動産関連,金融・不動産,9536,西部ガスＨＤ,東Ｐ
不動産関連,金融・不動産,9602,東宝,東Ｐ
不動産関連,金融・不動産,9632,スバル,東Ｓ
不動産関連,金融・不動産,9633,テアトル,東Ｓ
不動産関連,金融・不動産,9635,武蔵野,東Ｓ
不動産関連,金融・不動産,9636,きんえい,東Ｓ
不動産関連,金融・不動産,9656,グリンランド,東Ｓ
不動産関連,金融・不動産,9664,御園座,名Ｍ
不動産関連,金融・不動産,9672,東競馬,東Ｐ
不動産関連,金融・不動産,9679,ホウライ,東Ｓ
不動産関連,金融・不動産,9685,ＫＹＣＯＭ,東Ｓ
不動産関連,金融・不動産,9686,東洋テク,東Ｓ
不動産関連,金融・不動産,9731,白洋舎,東Ｓ
不動産関連,金融・不動産,9735,セコム,東Ｐ
不動産関連,金融・不動産,9791,ビケンテクノ,東Ｓ
不動産関連,金融・不動産,9816,ストライダズ,東Ｓ
不動産関連,金融・不動産,9820,ジェネックス,東Ｓ
不動産関連,金融・不動産,9930,北沢産,東Ｓ
不動産関連,金融・不動産,9979,大庄,東Ｓ
保険,金融・不動産,2371,カカクコム,東Ｐ
保険,金融・不動産,3003,ヒューリック,東Ｐ
保険,金融・不動産,4419,フィナＨＤ,東Ｇ
保険,金融・不動産,4439,東名,東Ｓ
保険,金融・不動産,4483,ＪＭＤＣ,東Ｐ
保険,金融・不動産,5839,,
保険,金融・不動産,6178,日本郵政,東Ｐ
保険,金融・不動産,6181,タメニー,東Ｇ
保険,金融・不動産,7037,テノ．ＨＤ,東Ｓ
保険,金融・不動産,7040,サンライフＨ,東Ｓ
保険,金融・不動産,7090,リグア,東Ｇ
保険,金融・不動産,7111,ＩＮＥＳＴ,東Ｓ
保険,金融・不動産,7148,ＦＰＧ,東Ｐ
保険,金融・不動産,7157,ライフネット,東Ｐ
保険,金融・不動産,7181,かんぽ生命,東Ｐ
保険,金融・不動産,7183,あんしん保証,東Ｓ
保険,金融・不動産,7325,アイリック,東Ｇ
保険,金融・不動産,7326,ＳＢＩＩＧ,東Ｇ
保険,金融・不動産,7343,Ｂマインド,東Ｇ
保険,金融・不動産,7384,プロクレＨＤ,東Ｐ
保険,金融・不動産,7388,ＦＰパートナ,東Ｐ
保険,金融・不動産,8473,ＳＢＩ,東Ｐ
保険,金融・不動産,8570,イオンＦＳ,東Ｐ
保険,金融・不動産,8630,ＳＯＭＰＯ,東Ｐ
保険,金融・不動産,8715,アニコムＨＤ,東Ｐ
保険,金融・不動産,8725,ＭＳ＆ＡＤ,東Ｐ
保険,金融・不動産,8729,ソニーＦＧ,東Ｐ
保険,金融・不動産,8750,第一ライフ,東Ｐ
保険,金融・不動産,8766,東京海上,東Ｐ
保険,金融・不動産,8769,アドバンＲＭ,東Ｓ
保険,金融・不動産,8795,Ｔ＆Ｄ,東Ｐ
保険,金融・不動産,8798,Ａクリエイト,東Ｐ
保険,金融・不動産,9145,ビイングＨＤ,東Ｓ
保険,金融・不動産,9435,光通信,東Ｐ
保険,金融・不動産,9445,フォーバルＴ,東Ｓ
地方銀行,金融・不動産,5830,いよぎんＨＤ,東Ｐ
地方銀行,金融・不動産,5831,しずおかＦＧ,東Ｐ
地方銀行,金融・不動産,5832,ちゅうぎんＦ,東Ｐ
地方銀行,金融・不動産,5844,京都ＦＧ,東Ｐ
地方銀行,金融・不動産,7150,島根銀行,東Ｓ
地方銀行,金融・不動産,7161,じもとＨＤ,東Ｓ
地方銀行,金融・不動産,7167,めぶきＦＧ,東Ｐ
地方銀行,金融・不動産,7173,東京きらぼし,東Ｐ
地方銀行,金融・不動産,7180,九州ＦＧ,東Ｐ
地方銀行,金融・不動産,7184,富山第一銀,東Ｐ
地方銀行,金融・不動産,7186,横浜ＦＧ,東Ｐ
地方銀行,金融・不動産,7189,西日本ＦＨ,東Ｐ
地方銀行,金融・不動産,7322,三十三ＦＧ,東Ｐ
地方銀行,金融・不動産,7327,第四北越ＦＧ,東Ｐ
地方銀行,金融・不動産,7337,ひろぎんＨＤ,東Ｐ
地方銀行,金融・不動産,7350,おきなわＦＧ,東Ｐ
地方銀行,金融・不動産,7380,十六ＦＧ,東Ｐ
地方銀行,金融・不動産,7381,ＣＣＩＧ,東Ｐ
地方銀行,金融・不動産,7384,プロクレＨＤ,東Ｐ
地方銀行,金融・不動産,7389,あいちＦＧ,東Ｐ
地方銀行,金融・不動産,8331,千葉銀,東Ｐ
地方銀行,金融・不動産,8334,群馬銀,東Ｐ
地方銀行,金融・不動産,8336,武蔵銀,東Ｐ
地方銀行,金融・不動産,8337,千葉興,東Ｐ
地方銀行,金融・不動産,8338,筑波銀,東Ｐ
地方銀行,金融・不動産,8341,七十七,東Ｐ
地方銀行,金融・不動産,8343,秋田銀,東Ｐ
地方銀行,金融・不動産,8344,山形銀,東Ｐ
地方銀行,金融・不動産,8345,岩手銀,東Ｐ
地方銀行,金融・不動産,8346,東邦銀,東Ｐ
地方銀行,金融・不動産,8349,東北銀,東Ｓ
地方銀行,金融・不動産,8354,ふくおかＦＧ,東Ｐ
地方銀行,金融・不動産,8358,スルガ銀,東Ｐ
地方銀行,金融・不動産,8359,八十二長野,東Ｐ
地方銀行,金融・不動産,8360,山梨銀,東Ｐ
地方銀行,金融・不動産,8361,大垣共立,東Ｐ
地方銀行,金融・不動産,8362,福井銀,東Ｐ
地方銀行,金融・不動産,8364,清水銀,東Ｐ
地方銀行,金融・不動産,8365,富山銀,東Ｓ
地方銀行,金融・不動産,8366,滋賀銀,東Ｐ
地方銀行,金融・不動産,8367,南都銀,東Ｐ
地方銀行,金融・不動産,8368,百五銀,東Ｐ
地方銀行,金融・不動産,8370,紀陽銀,東Ｐ
地方銀行,金融・不動産,8377,ほくほくＦＧ,東Ｐ
地方銀行,金融・不動産,8381,山陰合銀,東Ｐ
地方銀行,金融・不動産,8383,鳥取銀,東Ｓ
地方銀行,金融・不動産,8386,百十四,東Ｐ
地方銀行,金融・不動産,8387,四国銀,東Ｐ
地方銀行,金融・不動産,8388,阿波銀,東Ｐ
地方銀行,金融・不動産,8392,大分銀,東Ｐ
地方銀行,金融・不動産,8393,宮崎銀,東Ｐ
地方銀行,金融・不動産,8395,佐賀銀,東Ｐ
地方銀行,金融・不動産,8398,筑邦銀,福証
地方銀行,金融・不動産,8399,琉球銀,東Ｐ
地方銀行,金融・不動産,8416,高知銀,東Ｓ
地方銀行,金融・不動産,8418,山口ＦＧ,東Ｐ
地方銀行,金融・不動産,8522,名古屋銀,東Ｐ
地方銀行,金融・不動産,8524,北洋銀,東Ｐ
地方銀行,金融・不動産,8537,大光銀,東Ｓ
地方銀行,金融・不動産,8541,愛媛銀,東Ｐ
地方銀行,金融・不動産,8542,トマト銀,東Ｓ
地方銀行,金融・不動産,8544,京葉銀,東Ｐ
地方銀行,金融・不動産,8550,栃木銀,東Ｐ
地方銀行,金融・不動産,8551,北日銀,東Ｐ
地方銀行,金融・不動産,8554,南日銀,福証
地方銀行,金融・不動産,8558,東和銀,東Ｐ
地方銀行,金融・不動産,8559,豊和銀,福証
地方銀行,金融・不動産,8560,宮崎太銀,福証
地方銀行,金融・不動産,8562,福島銀,東Ｓ
地方銀行,金融・不動産,8563,大東銀,東Ｓ
地方銀行,金融・不動産,8600,トモニＨＤ,東Ｐ
地方銀行,金融・不動産,8713,フィデアＨＤ,東Ｐ
地方銀行,金融・不動産,8714,池田泉州ＨＤ,東Ｐ
投資銀行,金融・不動産,3454,Ｆブラザーズ,東Ｓ
投資銀行,金融・不動産,8303,ＳＢＩ新生銀,東Ｐ
投資銀行,金融・不動産,8304,あおぞら銀,東Ｐ
投資銀行,金融・不動産,8591,オリックス,東Ｐ
投資銀行,金融・不動産,8789,フィンテック,東Ｓ
損害保険,金融・不動産,1419,タマホーム,東Ｐ
損害保険,金融・不動産,3276,ＪＰＭＣ,東Ｐ
損害保険,金融・不動産,3300,アンビＤＸ,東Ｇ
損害保険,金融・不動産,4439,東名,東Ｓ
損害保険,金融・不動産,4689,ラインヤフー,東Ｐ
損害保険,金融・不動産,5839,,
損害保険,金融・不動産,5845,全保連,東Ｓ
損害保険,金融・不動産,7090,リグア,東Ｇ
損害保険,金融・不動産,7192,日本モゲジＳ,東Ｓ
損害保険,金融・不動産,7325,アイリック,東Ｇ
損害保険,金融・不動産,7326,ＳＢＩＩＧ,東Ｇ
損害保険,金融・不動産,7343,Ｂマインド,東Ｇ
損害保険,金融・不動産,7388,ＦＰパートナ,東Ｐ
損害保険,金融・不動産,8630,ＳＯＭＰＯ,東Ｐ
損害保険,金融・不動産,8715,アニコムＨＤ,東Ｐ
損害保険,金融・不動産,8725,ＭＳ＆ＡＤ,東Ｐ
損害保険,金融・不動産,8729,ソニーＦＧ,東Ｐ
損害保険,金融・不動産,8742,小林洋行,東Ｓ
損害保険,金融・不動産,8766,東京海上,東Ｐ
損害保険,金融・不動産,8798,Ａクリエイト,東Ｐ
損害保険,金融・不動産,9446,サカイＨＤ,東Ｓ
損害保険,金融・不動産,9679,ホウライ,東Ｓ
損害保険,金融・不動産,9735,セコム,東Ｐ
損害保険,金融・不動産,9856,ケーユーＨＤ,東Ｓ
決済サービス,金融・不動産,2351,ＡＳＪ,東Ｓ
決済サービス,金融・不動産,2428,ウェルネット,東Ｓ
決済サービス,金融・不動産,2493,イーサポート,東Ｓ
決済サービス,金融・不動産,3031,ラクーンＨＤ,東Ｐ
決済サービス,金融・不動産,3544,サツドラＨＤ,東Ｓ
決済サービス,金融・不動産,3623,ビリングシス,東Ｇ
決済サービス,金融・不動産,3625,テックファム,東Ｇ
決済サービス,金融・不動産,3626,ＴＩＳＩ,東Ｐ
決済サービス,金融・不動産,3627,テクミラ,東Ｓ
決済サービス,金融・不動産,3753,フライト,東Ｓ
決済サービス,金融・不動産,3758,アエリア,東Ｓ
決済サービス,金融・不動産,3769,ＧＭＯ－ＰＧ,東Ｐ
決済サービス,金融・不動産,3917,アイリッジ,東Ｇ
決済サービス,金融・不動産,3985,テモナ,東Ｓ
決済サービス,金融・不動産,4051,ＧＭＯ－ＦＧ,東Ｐ
決済サービス,金融・不動産,4072,電算システム,東Ｐ
決済サービス,金融・不動産,4166,かっこ,東Ｇ
決済サービス,金融・不動産,4307,野村総研,東Ｐ
決済サービス,金融・不動産,4374,ロボペイ,東Ｇ
決済サービス,金融・不動産,4385,メルカリ,東Ｐ
決済サービス,金融・不動産,4392,ＦＩＧ,東Ｐ
決済サービス,金融・不動産,4431,スマレジ,東Ｇ
決済サービス,金融・不動産,4477,ＢＡＳＥ,東Ｇ
決済サービス,金融・不動産,4689,ラインヤフー,東Ｐ
決済サービス,金融・不動産,4743,ＩＴＦＯＲ,東Ｐ
決済サービス,金融・不動産,4784,ＧＭＯインタ,東Ｐ
決済サービス,金融・不動産,4819,Ｄガレージ,東Ｐ
決済サービス,金融・不動産,4847,インテリＷ,東Ｐ
決済サービス,金融・不動産,5530,日本ＳＢ,名Ｍ
決済サービス,金融・不動産,5571,エキサイト,東Ｓ
決済サービス,金融・不動産,5590,ネットスタズ,東Ｇ
決済サービス,金融・不動産,5838,楽天銀,東Ｐ
決済サービス,金融・不動産,6093,ミトラＧ,東Ｓ
決済サービス,金融・不動産,6180,ＧＭＯメディ,東Ｇ
決済サービス,金融・不動産,6457,グローリー,東Ｐ
決済サービス,金融・不動産,6501,日立,東Ｐ
決済サービス,金融・不動産,6645,オムロン,東Ｐ
決済サービス,金融・不動産,6701,ＮＥＣ,東Ｐ
決済サービス,金融・不動産,6702,富士通,東Ｐ
決済サービス,金融・不動産,6752,パナＨＤ,東Ｐ
決済サービス,金融・不動産,6753,シャープ,東Ｐ
決済サービス,金融・不動産,6758,ソニーＧ,東Ｐ
決済サービス,金融・不動産,7090,リグア,東Ｇ
決済サービス,金融・不動産,7182,ゆうちょ銀,東Ｐ
決済サービス,金融・不動産,7191,イントラスト,東Ｓ
決済サービス,金融・不動産,7213,レシップＨＤ,東Ｓ
決済サービス,金融・不動産,7383,ネットプロ,東Ｐ
決済サービス,金融・不動産,7860,エイベックス,東Ｐ
決済サービス,金融・不動産,7911,ＴＯＰＰＡＮ,東Ｐ
決済サービス,金融・不動産,7912,大日印,東Ｐ
決済サービス,金融・不動産,7914,共同印,東Ｐ
決済サービス,金融・不動産,8005,スクロール,東Ｐ
決済サービス,金融・不動産,8050,セイコーＧ,東Ｐ
決済サービス,金融・不動産,8473,ＳＢＩ,東Ｐ
決済サービス,金融・不動産,9418,ＵＮＥＸＴ,東Ｐ
決済サービス,金融・不動産,9421,エヌジェイ,東Ｓ
決済サービス,金融・不動産,9449,ＧＭＯ,東Ｐ
決済サービス,金融・不動産,9563,アトラスＴ,東Ｇ
決済サービス,金融・不動産,9946,ミニストップ,東Ｐ
消費者金融,金融・不動産,4385,メルカリ,東Ｐ
消費者金融,金融・不動産,4689,ラインヤフー,東Ｐ
消費者金融,金融・不動産,8303,ＳＢＩ新生銀,東Ｐ
消費者金融,金融・不動産,8306,三菱ＵＦＪ,東Ｐ
消費者金融,金融・不動産,8316,三井住友ＦＧ,東Ｐ
消費者金融,金融・不動産,8572,アコム,東Ｓ
消費者金融,金融・不動産,9432,ＮＴＴ,東Ｐ
消費者金融,金融・不動産,9433,ＫＤＤＩ,東Ｐ
消費者金融,金融・不動産,9997,ベルーナ,東Ｐ
生命保険,金融・不動産,1419,タマホーム,東Ｐ
生命保険,金融・不動産,4439,東名,東Ｓ
生命保険,金融・不動産,4771,Ｆ＆Ｍ,東Ｓ
生命保険,金融・不動産,5839,,
生命保険,金融・不動産,6178,日本郵政,東Ｐ
生命保険,金融・不動産,7090,リグア,東Ｇ
生命保険,金融・不動産,7157,ライフネット,東Ｐ
生命保険,金融・不動産,7181,かんぽ生命,東Ｐ
生命保険,金融・不動産,7325,アイリック,東Ｇ
生命保険,金融・不動産,7326,ＳＢＩＩＧ,東Ｇ
生命保険,金融・不動産,7343,Ｂマインド,東Ｇ
生命保険,金融・不動産,7388,ＦＰパートナ,東Ｐ
生命保険,金融・不動産,8591,オリックス,東Ｐ
生命保険,金融・不動産,8630,ＳＯＭＰＯ,東Ｐ
生命保険,金融・不動産,8729,ソニーＦＧ,東Ｐ
生命保険,金融・不動産,8742,小林洋行,東Ｓ
生命保険,金融・不動産,8750,第一ライフ,東Ｐ
生命保険,金融・不動産,8766,東京海上,東Ｐ
生命保険,金融・不動産,8795,Ｔ＆Ｄ,東Ｐ
生命保険,金融・不動産,9446,サカイＨＤ,東Ｓ
生命保険,金融・不動産,9679,ホウライ,東Ｓ
証券,金融・不動産,3113,ＵＮＩＶＡ,東Ｓ
証券,金融・不動産,4419,フィナＨＤ,東Ｇ
証券,金融・不動産,4689,ラインヤフー,東Ｐ
証券,金融・不動産,4755,楽天グループ,東Ｐ
証券,金融・不動産,5832,ちゅうぎんＦ,東Ｐ
証券,金融・不動産,7148,ＦＰＧ,東Ｐ
証券,金融・不動産,7172,ＪＩＡ,東Ｐ
証券,金融・不動産,7175,今村証券,東Ｓ
証券,金融・不動産,7177,ＧＭＯ－ＦＨ,東Ｓ
証券,金融・不動産,7327,第四北越ＦＧ,東Ｐ
証券,金融・不動産,7337,ひろぎんＨＤ,東Ｐ
証券,金融・不動産,7350,おきなわＦＧ,東Ｐ
証券,金融・不動産,8306,三菱ＵＦＪ,東Ｐ
証券,金融・不動産,8316,三井住友ＦＧ,東Ｐ
証券,金融・不動産,8359,八十二長野,東Ｐ
証券,金融・不動産,8377,ほくほくＦＧ,東Ｐ
証券,金融・不動産,8411,みずほＦＧ,東Ｐ
証券,金融・不動産,8418,山口ＦＧ,東Ｐ
証券,金融・不動産,8473,ＳＢＩ,東Ｐ
証券,金融・不動産,8601,大和,東Ｐ
証券,金融・不動産,8604,野村,東Ｐ
証券,金融・不動産,8609,岡三,東Ｐ
証券,金融・不動産,8613,丸三,東Ｐ
証券,金融・不動産,8614,東洋証券,東Ｐ
証券,金融・不動産,8616,東海東京,東Ｐ
証券,金融・不動産,8617,光世,東Ｓ
証券,金融・不動産,8622,水戸,東Ｐ
証券,金融・不動産,8624,いちよし,東Ｐ
証券,金融・不動産,8628,松井,東Ｐ
証券,金融・不動産,8697,日本取引所,東Ｐ
証券,金融・不動産,8698,マネックスＧ,東Ｐ
証券,金融・不動産,8700,丸八証券,東Ｓ
証券,金融・不動産,8704,トレイダーズ,東Ｓ
証券,金融・不動産,8706,極東証券,東Ｐ
証券,金融・不動産,8707,岩井コスモ,東Ｐ
証券,金融・不動産,8708,アイザワ証Ｇ,東Ｐ
証券,金融・不動産,8714,池田泉州ＨＤ,東Ｐ
証券,金融・不動産,8737,あかつき本社,東Ｓ
証券,金融・不動産,8739,スパークス,東Ｐ
証券,金融・不動産,9449,ＧＭＯ,東Ｐ
証券取引所システム,金融・不動産,5576,ＯＢシステム,東Ｓ
証券取引所システム,金融・不動産,6501,日立,東Ｐ
証券取引所システム,金融・不動産,6702,富士通,東Ｐ
証券金融,金融・不動産,8511,日証金,東Ｐ
金融,金融・不動産,1925,大和ハウス,東Ｐ
金融,金融・不動産,2337,いちご,東Ｐ
金融,金融・不動産,2388,ウェッジＨＤ,東Ｇ
金融,金融・不動産,2497,ＵＮＩＴＥＤ,東Ｇ
金融,金融・不動産,2982,ＡＤＷＧ,東Ｐ
金融,金融・不動産,3113,ＵＮＩＶＡ,東Ｓ
金融,金融・不動産,3252,地主,東Ｐ
金融,金融・不動産,3266,ファンクリＧ,東Ｓ
金融,金融・不動産,3454,Ｆブラザーズ,東Ｓ
金融,金融・不動産,3772,ウェルス,東Ｓ
金融,金融・不動産,4310,ドリームＩ,東Ｐ
金融,金融・不動産,4419,フィナＨＤ,東Ｇ
金融,金融・不動産,4479,マクアケ,東Ｇ
金融,金融・不動産,4751,サイバー,東Ｐ
金融,金融・不動産,4755,楽天グループ,東Ｐ
金融,金融・不動産,4765,ＳＢＩＧＡＭ,東Ｐ
金融,金融・不動産,4792,山田コンサル,東Ｐ
金融,金融・不動産,5830,いよぎんＨＤ,東Ｐ
金融,金融・不動産,5831,しずおかＦＧ,東Ｐ
金融,金融・不動産,5832,ちゅうぎんＦ,東Ｐ
金融,金融・不動産,5834,ＳＢＩリーシ,東Ｇ
金融,金融・不動産,5838,楽天銀,東Ｐ
金融,金融・不動産,5842,インテグラル,東Ｇ
金融,金融・不動産,5844,京都ＦＧ,東Ｐ
金融,金融・不動産,5845,全保連,東Ｓ
金融,金融・不動産,6178,日本郵政,東Ｐ
金融,金融・不動産,6625,ＪＡＬＣＯ,東Ｓ
金融,金融・不動産,7090,リグア,東Ｇ
金融,金融・不動産,7148,ＦＰＧ,東Ｐ
金融,金融・不動産,7150,島根銀行,東Ｓ
金融,金融・不動産,7157,ライフネット,東Ｐ
金融,金融・不動産,7161,じもとＨＤ,東Ｓ
金融,金融・不動産,7162,アストマクス,東Ｓ
金融,金融・不動産,7164,全国保証,東Ｐ
金融,金融・不動産,7167,めぶきＦＧ,東Ｐ
金融,金融・不動産,7173,東京きらぼし,東Ｐ
金融,金融・不動産,7175,今村証券,東Ｓ
金融,金融・不動産,7177,ＧＭＯ－ＦＨ,東Ｓ
金融,金融・不動産,7180,九州ＦＧ,東Ｐ
金融,金融・不動産,7181,かんぽ生命,東Ｐ
金融,金融・不動産,7182,ゆうちょ銀,東Ｐ
金融,金融・不動産,7183,あんしん保証,東Ｓ
金融,金融・不動産,7184,富山第一銀,東Ｐ
金融,金融・不動産,7185,ヒロセ通商,東Ｓ
金融,金融・不動産,7186,横浜ＦＧ,東Ｐ
金融,金融・不動産,7187,ジェイリース,東Ｐ
金融,金融・不動産,7189,西日本ＦＨ,東Ｐ
金融,金融・不動産,7191,イントラスト,東Ｓ
金融,金融・不動産,7198,ＳＢＩアルヒ,東Ｐ
金融,金融・不動産,7199,プレミアＧ,東Ｐ
金融,金融・不動産,7203,トヨタ,東Ｐ
金融,金融・不動産,7320,Ｓｏｌｖｖｙ,東Ｇ
金融,金融・不動産,7322,三十三ＦＧ,東Ｐ
金融,金融・不動産,7327,第四北越ＦＧ,東Ｐ
金融,金融・不動産,7337,ひろぎんＨＤ,東Ｐ
金融,金融・不動産,7343,Ｂマインド,東Ｇ
金融,金融・不動産,7345,ＡＩＰＦ,東Ｇ
金融,金融・不動産,7350,おきなわＦＧ,東Ｐ
金融,金融・不動産,7380,十六ＦＧ,東Ｐ
金融,金融・不動産,7381,ＣＣＩＧ,東Ｐ
金融,金融・不動産,7383,ネットプロ,東Ｐ
金融,金融・不動産,7384,プロクレＨＤ,東Ｐ
金融,金融・不動産,7388,ＦＰパートナ,東Ｐ
金融,金融・不動産,7389,あいちＦＧ,東Ｐ
金融,金融・不動産,7419,ノジマ,東Ｐ
金融,金融・不動産,7523,アールビバン,東Ｓ
金融,金融・不動産,7603,ジーイエット,東Ｓ
金融,金融・不動産,8252,丸井Ｇ,東Ｐ
金融,金融・不動産,8253,クレセゾン,東Ｐ
金融,金融・不動産,8301,日銀,東
金融,金融・不動産,8303,ＳＢＩ新生銀,東Ｐ
金融,金融・不動産,8304,あおぞら銀,東Ｐ
金融,金融・不動産,8306,三菱ＵＦＪ,東Ｐ
金融,金融・不動産,8308,りそなＨＤ,東Ｐ
金融,金融・不動産,8309,三井住友トラ,東Ｐ
金融,金融・不動産,8316,三井住友ＦＧ,東Ｐ
金融,金融・不動産,8331,千葉銀,東Ｐ
金融,金融・不動産,8334,群馬銀,東Ｐ
金融,金融・不動産,8336,武蔵銀,東Ｐ
金融,金融・不動産,8337,千葉興,東Ｐ
金融,金融・不動産,8338,筑波銀,東Ｐ
金融,金融・不動産,8341,七十七,東Ｐ
金融,金融・不動産,8343,秋田銀,東Ｐ
金融,金融・不動産,8344,山形銀,東Ｐ
金融,金融・不動産,8345,岩手銀,東Ｐ
金融,金融・不動産,8346,東邦銀,東Ｐ
金融,金融・不動産,8349,東北銀,東Ｓ
金融,金融・不動産,8354,ふくおかＦＧ,東Ｐ
金融,金融・不動産,8358,スルガ銀,東Ｐ
金融,金融・不動産,8359,八十二長野,東Ｐ
金融,金融・不動産,8360,山梨銀,東Ｐ
金融,金融・不動産,8361,大垣共立,東Ｐ
金融,金融・不動産,8362,福井銀,東Ｐ
金融,金融・不動産,8364,清水銀,東Ｐ
金融,金融・不動産,8365,富山銀,東Ｓ
金融,金融・不動産,8366,滋賀銀,東Ｐ
金融,金融・不動産,8367,南都銀,東Ｐ
金融,金融・不動産,8368,百五銀,東Ｐ
金融,金融・不動産,8370,紀陽銀,東Ｐ
金融,金融・不動産,8377,ほくほくＦＧ,東Ｐ
金融,金融・不動産,8381,山陰合銀,東Ｐ
金融,金融・不動産,8383,鳥取銀,東Ｓ
金融,金融・不動産,8386,百十四,東Ｐ
金融,金融・不動産,8387,四国銀,東Ｐ
金融,金融・不動産,8388,阿波銀,東Ｐ
金融,金融・不動産,8392,大分銀,東Ｐ
金融,金融・不動産,8393,宮崎銀,東Ｐ
金融,金融・不動産,8395,佐賀銀,東Ｐ
金融,金融・不動産,8398,筑邦銀,福証
金融,金融・不動産,8399,琉球銀,東Ｐ
金融,金融・不動産,8410,セブン銀,東Ｐ
金融,金融・不動産,8411,みずほＦＧ,東Ｐ
金融,金融・不動産,8416,高知銀,東Ｓ
金融,金融・不動産,8418,山口ＦＧ,東Ｐ
金融,金融・不動産,8421,信金中央,東
金融,金融・不動産,8424,芙蓉リース,東Ｐ
金融,金融・不動産,8425,みずほリース,東Ｐ
金融,金融・不動産,8439,東京センチュ,東Ｐ
金融,金融・不動産,8473,ＳＢＩ,東Ｐ
金融,金融・不動産,8508,Ｊトラスト,東Ｓ
金融,金融・不動産,8511,日証金,東Ｐ
金融,金融・不動産,8518,アジア投資,東Ｓ
金融,金融・不動産,8522,名古屋銀,東Ｐ
金融,金融・不動産,8524,北洋銀,東Ｐ
金融,金融・不動産,8537,大光銀,東Ｓ
金融,金融・不動産,8541,愛媛銀,東Ｐ
金融,金融・不動産,8542,トマト銀,東Ｓ
金融,金融・不動産,8544,京葉銀,東Ｐ
金融,金融・不動産,8550,栃木銀,東Ｐ
金融,金融・不動産,8551,北日銀,東Ｐ
金融,金融・不動産,8554,南日銀,福証
金融,金融・不動産,8558,東和銀,東Ｐ
金融,金融・不動産,8559,豊和銀,福証
金融,金融・不動産,8560,宮崎太銀,福証
金融,金融・不動産,8562,福島銀,東Ｓ
金融,金融・不動産,8563,大東銀,東Ｓ
金融,金融・不動産,8566,リコーリース,東Ｐ
金融,金融・不動産,8570,イオンＦＳ,東Ｐ
金融,金融・不動産,8572,アコム,東Ｓ
金融,金融・不動産,8584,ジャックス,東Ｐ
金融,金融・不動産,8585,オリコ,東Ｐ
金融,金融・不動産,8591,オリックス,東Ｐ
金融,金融・不動産,8593,三菱ＨＣキャ,東Ｐ
金融,金融・不動産,8594,中道リース,札証
金融,金融・不動産,8595,ジャフコＧ,東Ｐ
金融,金融・不動産,8596,九州リース,東Ｓ
金融,金融・不動産,8600,トモニＨＤ,東Ｐ
金融,金融・不動産,8601,大和,東Ｐ
金融,金融・不動産,8604,野村,東Ｐ
金融,金融・不動産,8609,岡三,東Ｐ
金融,金融・不動産,8613,丸三,東Ｐ
金融,金融・不動産,8614,東洋証券,東Ｐ
金融,金融・不動産,8616,東海東京,東Ｐ
金融,金融・不動産,8622,水戸,東Ｐ
金融,金融・不動産,8624,いちよし,東Ｐ
金融,金融・不動産,8628,松井,東Ｐ
金融,金融・不動産,8630,ＳＯＭＰＯ,東Ｐ
金融,金融・不動産,8697,日本取引所,東Ｐ
金融,金融・不動産,8698,マネックスＧ,東Ｐ
金融,金融・不動産,8699,ＨＳＨＤ,東Ｓ
金融,金融・不動産,8700,丸八証券,東Ｓ
金融,金融・不動産,8704,トレイダーズ,東Ｓ
金融,金融・不動産,8705,日産証券Ｇ,東Ｓ
金融,金融・不動産,8706,極東証券,東Ｐ
金融,金融・不動産,8707,岩井コスモ,東Ｐ
金融,金融・不動産,8708,アイザワ証Ｇ,東Ｐ
金融,金融・不動産,8713,フィデアＨＤ,東Ｐ
金融,金融・不動産,8714,池田泉州ＨＤ,東Ｐ
金融,金融・不動産,8715,アニコムＨＤ,東Ｐ
金融,金融・不動産,8725,ＭＳ＆ＡＤ,東Ｐ
金融,金融・不動産,8729,ソニーＦＧ,東Ｐ
金融,金融・不動産,8737,あかつき本社,東Ｓ
金融,金融・不動産,8739,スパークス,東Ｐ
金融,金融・不動産,8742,小林洋行,東Ｓ
金融,金融・不動産,8746,ｕｎｂａｎｋ,東Ｓ
金融,金融・不動産,8747,豊トラスティ,東Ｓ
金融,金融・不動産,8750,第一ライフ,東Ｐ
金融,金融・不動産,8766,東京海上,東Ｐ
金融,金融・不動産,8771,イー・ギャラ,東Ｐ
金融,金融・不動産,8772,アサックス,東Ｓ
金融,金融・不動産,8783,ａｂｃ,東Ｓ
金融,金融・不動産,8793,ＮＥＣキャピ,東Ｐ
金融,金融・不動産,8795,Ｔ＆Ｄ,東Ｐ
金融,金融・不動産,8894,レボリュー,東Ｓ
金融,金融・不動産,8929,青山財産,東Ｓ
金融,金融・不動産,8935,ＦＪネクＨＤ,東Ｐ
金融,金融・不動産,8946,エイシアンＳ,東Ｓ
金融,金融・不動産,9035,第一交通,福証
金融,金融・不動産,9162,ブリーチ,東Ｇ
金融,金融・不動産,9449,ＧＭＯ,東Ｐ
金融,金融・不動産,9563,アトラスＴ,東Ｇ
金融,金融・不動産,9619,イチネンＨＤ,東Ｐ
金融向けシステム,金融・不動産,1447,ＳＡＡＦＨＤ,東Ｇ
金融向けシステム,金融・不動産,2307,クロスキャト,東Ｐ
金融向けシステム,金融・不動産,2315,ＣＡＩＣＡＤ,東Ｓ
金融向けシステム,金融・不動産,2317,システナ,東Ｐ
金融向けシステム,金融・不動産,2332,クエスト,東Ｓ
金融向けシステム,金融・不動産,2335,キューブシス,東Ｐ
金融向けシステム,金融・不動産,2349,エヌアイデイ,東Ｓ
金融向けシステム,金融・不動産,3626,ＴＩＳＩ,東Ｐ
金融向けシステム,金融・不動産,3636,三菱総研,東Ｐ
金融向けシステム,金融・不動産,3682,エンカレッジ,東Ｓ
金融向けシステム,金融・不動産,3712,情報企画,東Ｓ
金融向けシステム,金融・不動産,3744,サイオス,東Ｓ
金融向けシステム,金融・不動産,3747,インタートレ,東Ｓ
金融向けシステム,金融・不動産,3817,ＳＲＡＨＤ,東Ｐ
金融向けシステム,金融・不動産,3837,アドソル日進,東Ｐ
金融向けシステム,金融・不動産,3839,ＯＤＫ,東Ｓ
金融向けシステム,金融・不動産,3853,アステリア,東Ｐ
金融向けシステム,金融・不動産,3916,ＤＩＴ,東Ｐ
金融向けシステム,金融・不動産,3918,ＰＣＩＨＤ,東Ｓ
金融向けシステム,金融・不動産,3937,Ｕｂｉｃｏｍ,東Ｓ
金融向けシステム,金融・不動産,3965,キャピタルＡ,東Ｓ
金融向けシステム,金融・不動産,3992,ニーズウェル,東Ｐ
金融向けシステム,金融・不動産,3997,Ｔワークス,東Ｓ
金融向けシステム,金融・不動産,4012,アクシス,東Ｓ
金融向けシステム,金融・不動産,4016,ミット,東Ｓ
金融向けシステム,金融・不動産,4074,ラキール,東Ｇ
金融向けシステム,金融・不動産,4284,ソルクシーズ,東Ｓ
金融向けシステム,金融・不動産,4299,ハイマックス,東Ｓ
金融向けシステム,金融・不動産,4307,野村総研,東Ｐ
金融向けシステム,金融・不動産,4323,日シス技術,東Ｐ
金融向けシステム,金融・不動産,4373,シンプレクス,東Ｐ
金融向けシステム,金融・不動産,4386,ＳＩＧＧ,東Ｓ
金融向けシステム,金融・不動産,4419,フィナＨＤ,東Ｇ
金融向けシステム,金融・不動産,4430,東海ソフト,東Ｓ
金融向けシステム,金融・不動産,4450,パワーソリュ,東Ｇ
金融向けシステム,金融・不動産,4481,ベース,東Ｐ
金融向けシステム,金融・不動産,4491,Ｃマネージ,東Ｓ
金融向けシステム,金融・不動産,4674,クレスコ,東Ｐ
金融向けシステム,金融・不動産,4687,ＴＤＣソフト,東Ｐ
金融向けシステム,金融・不動産,4725,ＣＡＣ,東Ｐ
金融向けシステム,金融・不動産,4743,ＩＴＦＯＲ,東Ｐ
金融向けシステム,金融・不動産,4752,昭和システム,東Ｓ
金融向けシステム,金融・不動産,4761,さくらＫＣＳ,東Ｓ
金融向けシステム,金融・不動産,4762,ＸＮＥＴ,東Ｓ
金融向けシステム,金融・不動産,4812,電通総研,東Ｐ
金融向けシステム,金融・不動産,4826,ＣＩＪ,東Ｐ
金融向けシステム,金融・不動産,4832,ＪＦＥシステ,東Ｓ
金融向けシステム,金融・不動産,4847,インテリＷ,東Ｐ
金融向けシステム,金融・不動産,5241,日本オーエー,名Ｍ
金融向けシステム,金融・不動産,5248,テクノロジー,東Ｇ
金融向けシステム,金融・不動産,5257,ノバシステム,東Ｓ
金融向けシステム,金融・不動産,5258,ＴＭＮ,東Ｇ
金融向けシステム,金融・不動産,5576,ＯＢシステム,東Ｓ
金融向けシステム,金融・不動産,6662,ユビテック,東Ｓ
金融向けシステム,金融・不動産,7046,ＴＤＳＥ,東Ｇ
金融向けシステム,金融・不動産,7325,アイリック,東Ｇ
金融向けシステム,金融・不動産,8056,ビプロジー,東Ｐ
金融向けシステム,金融・不動産,8704,トレイダーズ,東Ｓ
金融向けシステム,金融・不動産,9558,ジャパニアス,東Ｇ
金融向けシステム,金融・不動産,9640,セゾンテク,東Ｓ
金融向けシステム,金融・不動産,9658,ビジ太田昭,東Ｐ
金融向けシステム,金融・不動産,9682,ＤＴＳ,東Ｐ
金融向けシステム,金融・不動産,9702,アイエスビー,東Ｐ
金融向けシステム,金融・不動産,9709,ＮＣＳ＆Ａ,東Ｓ
金融向けシステム,金融・不動産,9742,アイネス,東Ｐ
金融向けシステム,金融・不動産,9746,ＴＫＣ,東Ｐ
金融向けシステム,金融・不動産,9753,ＩＸナレッジ,東Ｓ
金融向けシステム,金融・不動産,9759,ＮＳＤ,東Ｐ
金融商品比較サイト,金融・不動産,2371,カカクコム,東Ｐ
金融商品比較サイト,金融・不動産,2477,手間いらず,東Ｓ
金融商品比較サイト,金融・不動産,4436,ミンカブ,東Ｇ
金融商品比較サイト,金融・不動産,4765,ＳＢＩＧＡＭ,東Ｐ
金融商品比較サイト,金融・不動産,7047,ポート,東Ｇ
金融商品比較サイト,金融・不動産,8798,Ａクリエイト,東Ｐ
銀行,金融・不動産,3382,セブン＆アイ,東Ｐ
銀行,金融・不動産,5830,いよぎんＨＤ,東Ｐ
銀行,金融・不動産,5831,しずおかＦＧ,東Ｐ
銀行,金融・不動産,5832,ちゅうぎんＦ,東Ｐ
銀行,金融・不動産,5838,楽天銀,東Ｐ
銀行,金融・不動産,5844,京都ＦＧ,東Ｐ
銀行,金融・不動産,7150,島根銀行,東Ｓ
銀行,金融・不動産,7161,じもとＨＤ,東Ｓ
銀行,金融・不動産,7167,めぶきＦＧ,東Ｐ
銀行,金融・不動産,7173,東京きらぼし,東Ｐ
銀行,金融・不動産,7180,九州ＦＧ,東Ｐ
銀行,金融・不動産,7182,ゆうちょ銀,東Ｐ
銀行,金融・不動産,7184,富山第一銀,東Ｐ
銀行,金融・不動産,7186,横浜ＦＧ,東Ｐ
銀行,金融・不動産,7189,西日本ＦＨ,東Ｐ
銀行,金融・不動産,7322,三十三ＦＧ,東Ｐ
銀行,金融・不動産,7327,第四北越ＦＧ,東Ｐ
銀行,金融・不動産,7337,ひろぎんＨＤ,東Ｐ
銀行,金融・不動産,7350,おきなわＦＧ,東Ｐ
銀行,金融・不動産,7380,十六ＦＧ,東Ｐ
銀行,金融・不動産,7381,ＣＣＩＧ,東Ｐ
銀行,金融・不動産,7384,プロクレＨＤ,東Ｐ
銀行,金融・不動産,7389,あいちＦＧ,東Ｐ
銀行,金融・不動産,8303,ＳＢＩ新生銀,東Ｐ
銀行,金融・不動産,8304,あおぞら銀,東Ｐ
銀行,金融・不動産,8306,三菱ＵＦＪ,東Ｐ
銀行,金融・不動産,8308,りそなＨＤ,東Ｐ
銀行,金融・不動産,8309,三井住友トラ,東Ｐ
銀行,金融・不動産,8316,三井住友ＦＧ,東Ｐ
銀行,金融・不動産,8331,千葉銀,東Ｐ
銀行,金融・不動産,8334,群馬銀,東Ｐ
銀行,金融・不動産,8336,武蔵銀,東Ｐ
銀行,金融・不動産,8337,千葉興,東Ｐ
銀行,金融・不動産,8338,筑波銀,東Ｐ
銀行,金融・不動産,8341,七十七,東Ｐ
銀行,金融・不動産,8343,秋田銀,東Ｐ
銀行,金融・不動産,8344,山形銀,東Ｐ
銀行,金融・不動産,8345,岩手銀,東Ｐ
銀行,金融・不動産,8346,東邦銀,東Ｐ
銀行,金融・不動産,8349,東北銀,東Ｓ
銀行,金融・不動産,8354,ふくおかＦＧ,東Ｐ
銀行,金融・不動産,8358,スルガ銀,東Ｐ
銀行,金融・不動産,8359,八十二長野,東Ｐ
銀行,金融・不動産,8360,山梨銀,東Ｐ
銀行,金融・不動産,8361,大垣共立,東Ｐ
銀行,金融・不動産,8362,福井銀,東Ｐ
銀行,金融・不動産,8364,清水銀,東Ｐ
銀行,金融・不動産,8365,富山銀,東Ｓ
銀行,金融・不動産,8366,滋賀銀,東Ｐ
銀行,金融・不動産,8367,南都銀,東Ｐ
銀行,金融・不動産,8368,百五銀,東Ｐ
銀行,金融・不動産,8370,紀陽銀,東Ｐ
銀行,金融・不動産,8377,ほくほくＦＧ,東Ｐ
銀行,金融・不動産,8381,山陰合銀,東Ｐ
銀行,金融・不動産,8383,鳥取銀,東Ｓ
銀行,金融・不動産,8386,百十四,東Ｐ
銀行,金融・不動産,8387,四国銀,東Ｐ
銀行,金融・不動産,8388,阿波銀,東Ｐ
銀行,金融・不動産,8392,大分銀,東Ｐ
銀行,金融・不動産,8393,宮崎銀,東Ｐ
銀行,金融・不動産,8395,佐賀銀,東Ｐ
銀行,金融・不動産,8398,筑邦銀,福証
銀行,金融・不動産,8399,琉球銀,東Ｐ
銀行,金融・不動産,8410,セブン銀,東Ｐ
銀行,金融・不動産,8411,みずほＦＧ,東Ｐ
銀行,金融・不動産,8416,高知銀,東Ｓ
銀行,金融・不動産,8418,山口ＦＧ,東Ｐ
銀行,金融・不動産,8508,Ｊトラスト,東Ｓ
銀行,金融・不動産,8522,名古屋銀,東Ｐ
銀行,金融・不動産,8524,北洋銀,東Ｐ
銀行,金融・不動産,8537,大光銀,東Ｓ
銀行,金融・不動産,8542,トマト銀,東Ｓ
銀行,金融・不動産,8544,京葉銀,東Ｐ
銀行,金融・不動産,8550,栃木銀,東Ｐ
銀行,金融・不動産,8551,北日銀,東Ｐ
銀行,金融・不動産,8554,南日銀,福証
銀行,金融・不動産,8558,東和銀,東Ｐ
銀行,金融・不動産,8559,豊和銀,福証
銀行,金融・不動産,8560,宮崎太銀,福証
銀行,金融・不動産,8562,福島銀,東Ｓ
銀行,金融・不動産,8563,大東銀,東Ｓ
銀行,金融・不動産,8570,イオンＦＳ,東Ｐ
銀行,金融・不動産,8591,オリックス,東Ｐ
銀行,金融・不動産,8600,トモニＨＤ,東Ｐ
銀行,金融・不動産,8699,ＨＳＨＤ,東Ｓ
銀行,金融・不動産,8713,フィデアＨＤ,東Ｐ
銀行,金融・不動産,8714,池田泉州ＨＤ,東Ｐ
銀行,金融・不動産,8729,ソニーＦＧ,東Ｐ
銀行事業・業務,金融・不動産,4689,ラインヤフー,東Ｐ
銀行事業・業務,金融・不動産,6178,日本郵政,東Ｐ
銀行事業・業務,金融・不動産,8301,日銀,東
銀行事業・業務,金融・不動産,8410,セブン銀,東Ｐ
銀行事業・業務,金融・不動産,8421,信金中央,東
銀行事業・業務,金融・不動産,8511,日証金,東Ｐ
銀行事業・業務,金融・不動産,8699,ＨＳＨＤ,東Ｓ
銀行事業・業務,金融・不動産,9433,ＫＤＤＩ,東Ｐ
電子決済代行サービス,金融・不動産,2351,ＡＳＪ,東Ｓ
電子決済代行サービス,金融・不動産,2428,ウェルネット,東Ｓ
電子決済代行サービス,金融・不動産,3031,ラクーンＨＤ,東Ｐ
電子決済代行サービス,金融・不動産,3113,ＵＮＩＶＡ,東Ｓ
電子決済代行サービス,金融・不動産,3623,ビリングシス,東Ｇ
電子決済代行サービス,金融・不動産,3758,アエリア,東Ｓ
電子決済代行サービス,金融・不動産,3769,ＧＭＯ－ＰＧ,東Ｐ
電子決済代行サービス,金融・不動産,4051,ＧＭＯ－ＦＧ,東Ｐ
電子決済代行サービス,金融・不動産,4072,電算システム,東Ｐ
電子決済代行サービス,金融・不動産,4256,サインド,東Ｇ
電子決済代行サービス,金融・不動産,4374,ロボペイ,東Ｇ
電子決済代行サービス,金融・不動産,4689,ラインヤフー,東Ｐ
電子決済代行サービス,金融・不動産,4819,Ｄガレージ,東Ｐ
電子決済代行サービス,金融・不動産,5258,ＴＭＮ,東Ｇ
電子決済代行サービス,金融・不動産,5590,ネットスタズ,東Ｇ
電子決済代行サービス,金融・不動産,7383,ネットプロ,東Ｐ
電子決済代行サービス,金融・不動産,9434,ＳＢ,東Ｐ
電子決済代行サービス,金融・不動産,9439,ＭＨグループ,東Ｓ
電子決済代行サービス,金融・不動産,9928,ミロク情報,東Ｐ
電子決済代行サービス,金融・不動産,9984,ＳＢＧ,東Ｐ
IR,消費・小売・インバウンド,2436,共同ＰＲ,東Ｓ
IR,消費・小売・インバウンド,3807,フィスコ,東Ｇ
IR,消費・小売・インバウンド,3922,ＰＲＴＩＭＥ,東Ｐ
IR,消費・小売・インバウンド,3929,Ｓワイヤー,東Ｇ
IR,消費・小売・インバウンド,4259,エクサＷｉｚ,東Ｇ
IR,消費・小売・インバウンド,4482,ウィルズ,東Ｇ
IR,消費・小売・インバウンド,6035,ＩＲジャパン,東Ｓ
IR,消費・小売・インバウンド,6058,ベクトル,東Ｐ
IR,消費・小売・インバウンド,7833,アイフィス,東Ｓ
IR,消費・小売・インバウンド,7893,プロネクサス,東Ｐ
IR,消費・小売・インバウンド,7921,宝＆ＣＯ,東Ｐ
eスポーツ,消費・小売・インバウンド,2121,ＭＩＸＩ,東Ｐ
eスポーツ,消費・小売・インバウンド,2404,鉄人化ＨＤ,東Ｓ
eスポーツ,消費・小売・インバウンド,2415,ヒューマン,東Ｓ
eスポーツ,消費・小売・インバウンド,2433,博報堂ＤＹ,東Ｐ
eスポーツ,消費・小売・インバウンド,3048,ビックカメラ,東Ｐ
eスポーツ,消費・小売・インバウンド,3086,Ｊフロント,東Ｐ
eスポーツ,消費・小売・インバウンド,3635,コーテクＨＤ,東Ｐ
eスポーツ,消費・小売・インバウンド,3659,ネクソン,東Ｐ
eスポーツ,消費・小売・インバウンド,3676,デジハＨＤ,東Ｐ
eスポーツ,消費・小売・インバウンド,3823,ＷＨＤＣ,東Ｓ
eスポーツ,消費・小売・インバウンド,3904,カヤック,東Ｇ
eスポーツ,消費・小売・インバウンド,3932,アカツキ,東Ｐ
eスポーツ,消費・小売・インバウンド,4284,ソルクシーズ,東Ｓ
eスポーツ,消費・小売・インバウンド,4308,Ｊストリーム,東Ｇ
eスポーツ,消費・小売・インバウンド,4324,電通グループ,東Ｐ
eスポーツ,消費・小売・インバウンド,4347,ブロメディア,東Ｓ
eスポーツ,消費・小売・インバウンド,4751,サイバー,東Ｐ
eスポーツ,消費・小売・インバウンド,4763,Ｃ＆Ｒ,東Ｐ
eスポーツ,消費・小売・インバウンド,4767,ＴＯＷ,東Ｓ
eスポーツ,消費・小売・インバウンド,5975,東プレ,東Ｐ
eスポーツ,消費・小売・インバウンド,6460,セガサミー,東Ｐ
eスポーツ,消費・小売・インバウンド,6552,ゲームウィズ,東Ｓ
eスポーツ,消費・小売・インバウンド,6579,ログリー,東Ｇ
eスポーツ,消費・小売・インバウンド,6599,エブレン,東Ｓ
eスポーツ,消費・小売・インバウンド,6645,オムロン,東Ｐ
eスポーツ,消費・小売・インバウンド,6750,エレコム,東Ｐ
eスポーツ,消費・小売・インバウンド,6758,ソニーＧ,東Ｐ
eスポーツ,消費・小売・インバウンド,6995,東海理,東Ｐ
eスポーツ,消費・小売・インバウンド,7066,ピアズ,東Ｇ
eスポーツ,消費・小売・インバウンド,7803,ブシロード,東Ｇ
eスポーツ,消費・小売・インバウンド,7832,バンナムＨＤ,東Ｐ
eスポーツ,消費・小売・インバウンド,7844,マーベラス,東Ｐ
eスポーツ,消費・小売・インバウンド,7860,エイベックス,東Ｐ
eスポーツ,消費・小売・インバウンド,8783,ａｂｃ,東Ｓ
eスポーツ,消費・小売・インバウンド,8802,菱地所,東Ｐ
eスポーツ,消費・小売・インバウンド,9044,ＮＡＮＫＡＩ,東Ｐ
eスポーツ,消費・小売・インバウンド,9404,日テレＨＤ,東Ｐ
eスポーツ,消費・小売・インバウンド,9413,テレ東ＨＤ,東Ｐ
eスポーツ,消費・小売・インバウンド,9432,ＮＴＴ,東Ｐ
eスポーツ,消費・小売・インバウンド,9433,ＫＤＤＩ,東Ｐ
eスポーツ,消費・小売・インバウンド,9468,カドカワ,東Ｐ
eスポーツ,消費・小売・インバウンド,9565,ＧＬＯＥ,東Ｇ
eスポーツ,消費・小売・インバウンド,9684,スクエニＨＤ,東Ｐ
eスポーツ,消費・小売・インバウンド,9697,カプコン,東Ｐ
eスポーツ,消費・小売・インバウンド,9699,ニシオＨＤ,東Ｐ
eスポーツ,消費・小売・インバウンド,9766,コナミＧ,東Ｐ
eスポーツ,消費・小売・インバウンド,9831,ヤマダＨＤ,東Ｐ
アニメ,消費・小売・インバウンド,1491,中外鉱,東Ｓ
アニメ,消費・小売・インバウンド,2329,東北新社,東Ｓ
アニメ,消費・小売・インバウンド,2433,博報堂ＤＹ,東Ｐ
アニメ,消費・小売・インバウンド,2652,まんだらけ,東Ｓ
アニメ,消費・小売・インバウンド,2767,円谷フィＨＤ,東Ｐ
アニメ,消費・小売・インバウンド,3121,マーチャント,東Ｓ
アニメ,消費・小売・インバウンド,3416,ピクスタ,東Ｓ
アニメ,消費・小売・インバウンド,3632,グリーＨＤ,東Ｐ
アニメ,消費・小売・インバウンド,3656,ＫＬａｂ,東Ｐ
アニメ,消費・小売・インバウンド,3663,セルシス,東Ｐ
アニメ,消費・小売・インバウンド,3686,ＤＬＥ,東Ｓ
アニメ,消費・小売・インバウンド,3791,ＩＧポート,東Ｓ
アニメ,消費・小売・インバウンド,3793,ドリコム,東Ｇ
アニメ,消費・小売・インバウンド,4286,ＣＬＨＤ,東Ｓ
アニメ,消費・小売・インバウンド,4324,電通グループ,東Ｐ
アニメ,消費・小売・インバウンド,4751,サイバー,東Ｐ
アニメ,消費・小売・インバウンド,4816,東映アニメ,東Ｓ
アニメ,消費・小売・インバウンド,5031,モイ,東Ｇ
アニメ,消費・小売・インバウンド,5253,カバー,東Ｇ
アニメ,消費・小売・インバウンド,6238,フリュー,東Ｐ
アニメ,消費・小売・インバウンド,6460,セガサミー,東Ｐ
アニメ,消費・小売・インバウンド,6758,ソニーＧ,東Ｐ
アニメ,消費・小売・インバウンド,7138,ＴＯＲＩＣＯ,東Ｇ
アニメ,消費・小売・インバウンド,7419,ノジマ,東Ｐ
アニメ,消費・小売・インバウンド,7803,ブシロード,東Ｇ
アニメ,消費・小売・インバウンド,7809,寿屋,東Ｓ
アニメ,消費・小売・インバウンド,7832,バンナムＨＤ,東Ｐ
アニメ,消費・小売・インバウンド,7844,マーベラス,東Ｐ
アニメ,消費・小売・インバウンド,7860,エイベックス,東Ｐ
アニメ,消費・小売・インバウンド,7867,タカラトミー,東Ｐ
アニメ,消費・小売・インバウンド,8001,伊藤忠,東Ｐ
アニメ,消費・小売・インバウンド,9412,スカＪＳＡＴ,東Ｐ
アニメ,消費・小売・インバウンド,9414,ＢＳ１１,東Ｓ
アニメ,消費・小売・インバウンド,9467,アルファＰ,東Ｇ
アニメ,消費・小売・インバウンド,9468,カドカワ,東Ｐ
アニメ,消費・小売・インバウンド,9601,松竹,東Ｐ
アニメ,消費・小売・インバウンド,9602,東宝,東Ｐ
アニメ,消費・小売・インバウンド,9605,東映,東Ｐ
アニメ,消費・小売・インバウンド,9684,スクエニＨＤ,東Ｐ
アパレル,消費・小売・インバウンド,1518,三井松島ＨＤ,東Ｐ
アパレル,消費・小売・インバウンド,2138,クルーズ,東Ｓ
アパレル,消費・小売・インバウンド,2653,イオン九州,東Ｓ
アパレル,消費・小売・インバウンド,2659,サンエー,東Ｐ
アパレル,消費・小売・インバウンド,2685,アンドＳＴ,東Ｐ
アパレル,消費・小売・インバウンド,2726,パルＨＤ,東Ｐ
アパレル,消費・小売・インバウンド,2776,新都ＨＤ,東Ｓ
アパレル,消費・小売・インバウンド,2778,パレモ・ＨＤ,東Ｓ
アパレル,消費・小売・インバウンド,2792,ハニーズＨＤ,東Ｐ
アパレル,消費・小売・インバウンド,2928,ＲＩＺＡＰ,札Ａ
アパレル,消費・小売・インバウンド,3002,グンゼ,東Ｐ
アパレル,消費・小売・インバウンド,3004,神栄,東Ｓ
アパレル,消費・小売・インバウンド,3092,ＺＯＺＯ,東Ｐ
アパレル,消費・小売・インバウンド,3104,富士紡ＨＤ,東Ｐ
アパレル,消費・小売・インバウンド,3109,シキボウ,東Ｐ
アパレル,消費・小売・インバウンド,3123,サイボー,東Ｓ
アパレル,消費・小売・インバウンド,3161,アゼアス,東Ｓ
アパレル,消費・小売・インバウンド,3185,夢展望,東Ｇ
アパレル,消費・小売・インバウンド,3202,ダイトウボウ,東Ｓ
アパレル,消費・小売・インバウンド,3205,ダイドー,東Ｓ
アパレル,消費・小売・インバウンド,3320,クロスプラス,東Ｓ
アパレル,消費・小売・インバウンド,3415,Ｔ－ＢＡＳＥ,東Ｐ
アパレル,消費・小売・インバウンド,3529,アツギ,東Ｓ
アパレル,消費・小売・インバウンド,3536,アクサスＨＤ,東Ｓ
アパレル,消費・小売・インバウンド,3548,バロック,東Ｐ
アパレル,消費・小売・インバウンド,3558,ジェイドＧ,東Ｇ
アパレル,消費・小売・インバウンド,3560,ほぼ日,東Ｓ
アパレル,消費・小売・インバウンド,3569,セーレン,東Ｐ
アパレル,消費・小売・インバウンド,3577,東海染,東Ｓ
アパレル,消費・小売・インバウンド,3598,山喜,東Ｓ
アパレル,消費・小売・インバウンド,3600,フジックス,東Ｓ
アパレル,消費・小売・インバウンド,3607,クラウディア,東Ｓ
アパレル,消費・小売・インバウンド,3608,ＴＳＩＨＤ,東Ｐ
アパレル,消費・小売・インバウンド,3611,マツオカ,東Ｓ
アパレル,消費・小売・インバウンド,3612,ワールド,東Ｐ
アパレル,消費・小売・インバウンド,3661,エムアップ,東Ｐ
アパレル,消費・小売・インバウンド,3665,エニグモ,東Ｐ
アパレル,消費・小売・インバウンド,4235,ＵＦＨＤ,東Ｓ
アパレル,消費・小売・インバウンド,4391,ロジザード,東Ｇ
アパレル,消費・小売・インバウンド,4477,ＢＡＳＥ,東Ｇ
アパレル,消費・小売・インバウンド,5246,エレメンツ,東Ｇ
アパレル,消費・小売・インバウンド,5892,ユトリ,東Ｇ
アパレル,消費・小売・インバウンド,6058,ベクトル,東Ｐ
アパレル,消費・小売・インバウンド,6222,島精機,東Ｐ
アパレル,消費・小売・インバウンド,6549,ＤＭソリュ,東Ｓ
アパレル,消費・小売・インバウンド,7110,クラシコム,東Ｇ
アパレル,消費・小売・インバウンド,7112,キューブ,東Ｇ
アパレル,消費・小売・インバウンド,7126,グローバルＳ,東Ｓ
アパレル,消費・小売・インバウンド,7460,ヤギ,東Ｓ
アパレル,消費・小売・インバウンド,7483,ドウシシャ,東Ｐ
アパレル,消費・小売・インバウンド,7494,コナカ,東Ｓ
アパレル,消費・小売・インバウンド,7502,プラザＨＤ,東Ｓ
アパレル,消費・小売・インバウンド,7512,イオン北海道,東Ｓ
アパレル,消費・小売・インバウンド,7606,Ｕアローズ,東Ｐ
アパレル,消費・小売・インバウンド,7683,ＷＡ,東Ｐ
アパレル,消費・小売・インバウンド,7793,イメージＭ,東Ｇ
アパレル,消費・小売・インバウンド,8001,伊藤忠,東Ｐ
アパレル,消費・小売・インバウンド,8007,高島,東Ｐ
アパレル,消費・小売・インバウンド,8008,４℃ホールデ,東Ｐ
アパレル,消費・小売・インバウンド,8011,三陽商,東Ｐ
アパレル,消費・小売・インバウンド,8016,オンワード,東Ｐ
アパレル,消費・小売・インバウンド,8018,三共興,東Ｓ
アパレル,消費・小売・インバウンド,8025,ツカモト,東Ｓ
アパレル,消費・小売・インバウンド,8029,ルックＨＤ,東Ｓ
アパレル,消費・小売・インバウンド,8040,東ソワール,東Ｓ
アパレル,消費・小売・インバウンド,8105,ＢＴＣＪＰＮ,東Ｓ
アパレル,消費・小売・インバウンド,8107,キムラタン,東Ｓ
アパレル,消費・小売・インバウンド,8118,キング,東Ｓ
アパレル,消費・小売・インバウンド,8143,ラピーヌ,東Ｓ
アパレル,消費・小売・インバウンド,8203,ＭｒＭａｘ,東Ｐ
アパレル,消費・小売・インバウンド,8227,しまむら,東Ｐ
アパレル,消費・小売・インバウンド,8944,ランビジネス,東Ｓ
アパレル,消費・小売・インバウンド,9159,ＷＴＯＫＹＯ,東Ｇ
アパレル,消費・小売・インバウンド,9557,エアクロ,東Ｇ
アパレル,消費・小売・インバウンド,9837,モリト,東Ｐ
アパレル,消費・小売・インバウンド,9876,コックス,東Ｓ
アパレル,消費・小売・インバウンド,9885,シャルレ,東Ｓ
アパレル,消費・小売・インバウンド,9980,ＭＲＫＨＬＤ,東Ｓ
アパレル,消費・小売・インバウンド,9983,ファストリ,東Ｐ
アパレル,消費・小売・インバウンド,9997,ベルーナ,東Ｐ
インバウンド,消費・小売・インバウンド,2222,寿スピリッツ,東Ｐ
インバウンド,消費・小売・インバウンド,2353,日本駐車場,東Ｐ
インバウンド,消費・小売・インバウンド,2391,プラネット,東Ｓ
インバウンド,消費・小売・インバウンド,2418,ツカダＧＨＤ,東Ｓ
インバウンド,消費・小売・インバウンド,2440,ぐるなび,東Ｓ
インバウンド,消費・小売・インバウンド,2459,アウン,東Ｓ
インバウンド,消費・小売・インバウンド,2479,ジェイテック,東Ｓ
インバウンド,消費・小売・インバウンド,2483,翻訳センター,東Ｓ
インバウンド,消費・小売・インバウンド,2659,サンエー,東Ｐ
インバウンド,消費・小売・インバウンド,2670,ＡＢＣマート,東Ｐ
インバウンド,消費・小売・インバウンド,2730,エディオン,東Ｐ
インバウンド,消費・小売・インバウンド,2736,フェスタリア,東Ｓ
インバウンド,消費・小売・インバウンド,2776,新都ＨＤ,東Ｓ
インバウンド,消費・小売・インバウンド,2780,コメ兵ＨＤ,東Ｓ
インバウンド,消費・小売・インバウンド,2930,北の達人,東Ｐ
インバウンド,消費・小売・インバウンド,2986,ＬＡホールデ,東Ｇ
インバウンド,消費・小売・インバウンド,3010,ポラリスＨＤ,東Ｓ
インバウンド,消費・小売・インバウンド,3048,ビックカメラ,東Ｐ
インバウンド,消費・小売・インバウンド,3071,ストリーム,東Ｓ
インバウンド,消費・小売・インバウンド,3086,Ｊフロント,東Ｐ
インバウンド,消費・小売・インバウンド,3088,マツキヨココ,東Ｐ
インバウンド,消費・小売・インバウンド,3099,三越伊勢丹,東Ｐ
インバウンド,消費・小売・インバウンド,3287,星野Ｒリート,東Ｒ
インバウンド,消費・小売・インバウンド,3372,関門海,東Ｓ
インバウンド,消費・小売・インバウンド,3391,ツルハＨＤ,東Ｐ
インバウンド,消費・小売・インバウンド,3454,Ｆブラザーズ,東Ｓ
インバウンド,消費・小売・インバウンド,3479,ＴＫＰ,東Ｇ
インバウンド,消費・小売・インバウンド,3544,サツドラＨＤ,東Ｓ
インバウンド,消費・小売・インバウンド,3608,ＴＳＩＨＤ,東Ｐ
インバウンド,消費・小売・インバウンド,3623,ビリングシス,東Ｇ
インバウンド,消費・小売・インバウンド,3646,駅探,東Ｓ
インバウンド,消費・小売・インバウンド,3772,ウェルス,東Ｓ
インバウンド,消費・小売・インバウンド,3905,データセク,東Ｇ
インバウンド,消費・小売・インバウンド,3964,オークネット,東Ｐ
インバウンド,消費・小売・インバウンド,3983,オロ,東Ｐ
インバウンド,消費・小売・インバウンド,4316,ビーマップ,東Ｇ
インバウンド,消費・小売・インバウンド,4344,ソースネクス,東Ｐ
インバウンド,消費・小売・インバウンド,4452,花王,東Ｐ
インバウンド,消費・小売・インバウンド,4512,わかもと,東Ｓ
インバウンド,消費・小売・インバウンド,4661,ＯＬＣ,東Ｐ
インバウンド,消費・小売・インバウンド,4691,ワシントンＨ,東Ｓ
インバウンド,消費・小売・インバウンド,4755,楽天グループ,東Ｐ
インバウンド,消費・小売・インバウンド,4911,資生堂,東Ｐ
インバウンド,消費・小売・インバウンド,4920,日本色材,東Ｓ
インバウンド,消費・小売・インバウンド,4922,コーセーＨＤ,東Ｐ
インバウンド,消費・小売・インバウンド,4925,ハーバー研,東Ｓ
インバウンド,消費・小売・インバウンド,4927,ポーラＨＤ,東Ｐ
インバウンド,消費・小売・インバウンド,4967,小林製薬,東Ｐ
インバウンド,消費・小売・インバウンド,5587,インバＰＦ,東Ｇ
インバウンド,消費・小売・インバウンド,5590,ネットスタズ,東Ｇ
インバウンド,消費・小売・インバウンド,6030,アドベンチャ,東Ｇ
インバウンド,消費・小売・インバウンド,6038,イード,東Ｇ
インバウンド,消費・小売・インバウンド,6040,日本スキー,東Ｇ
インバウンド,消費・小売・インバウンド,6063,ＥＡＪ,東Ｓ
インバウンド,消費・小売・インバウンド,6191,エアトリ,東Ｐ
インバウンド,消費・小売・インバウンド,6547,グリーンズ,東Ｓ
インバウンド,消費・小売・インバウンド,6548,旅工房,東Ｇ
インバウンド,消費・小売・インバウンド,6555,ＭＳコンサル,東Ｓ
インバウンド,消費・小売・インバウンド,6561,ハナツアーＪ,東Ｇ
インバウンド,消費・小売・インバウンド,6565,ＡＢホテル,名Ｍ
インバウンド,消費・小売・インバウンド,6577,ベストワン,東Ｇ
インバウンド,消費・小売・インバウンド,6775,ＴＢグループ,東Ｓ
インバウンド,消費・小売・インバウンド,6952,カシオ,東Ｐ
インバウンド,消費・小売・インバウンド,6993,大黒屋,東Ｓ
インバウンド,消費・小売・インバウンド,7031,インバウＴ,東Ｇ
インバウンド,消費・小売・インバウンド,7035,アンファク,東Ｓ
インバウンド,消費・小売・インバウンド,7048,ベルトラ,東Ｇ
インバウンド,消費・小売・インバウンド,7419,ノジマ,東Ｐ
インバウンド,消費・小売・インバウンド,7513,コジマ,東Ｐ
インバウンド,消費・小売・インバウンド,7532,パンパシＨＤ,東Ｐ
インバウンド,消費・小売・インバウンド,7561,ハークスレイ,東Ｓ
インバウンド,消費・小売・インバウンド,7762,シチズン,東Ｐ
インバウンド,消費・小売・インバウンド,7809,寿屋,東Ｓ
インバウンド,消費・小売・インバウンド,7819,粧美堂,東Ｓ
インバウンド,消費・小売・インバウンド,7878,光・彩,東Ｓ
インバウンド,消費・小売・インバウンド,7956,ピジョン,東Ｐ
インバウンド,消費・小売・インバウンド,7965,象印,東Ｐ
インバウンド,消費・小売・インバウンド,8013,ナイガイ,東Ｓ
インバウンド,消費・小売・インバウンド,8050,セイコーＧ,東Ｐ
インバウンド,消費・小売・インバウンド,8136,サンリオ,東Ｐ
インバウンド,消費・小売・インバウンド,8173,Ｊｏｓｈｉｎ,東Ｐ
インバウンド,消費・小売・インバウンド,8202,ラオックス,東Ｓ
インバウンド,消費・小売・インバウンド,8225,タカチホ,東Ｓ
インバウンド,消費・小売・インバウンド,8233,高島屋,東Ｐ
インバウンド,消費・小売・インバウンド,8237,松屋,東Ｐ
インバウンド,消費・小売・インバウンド,8242,Ｈ２Ｏリテイ,東Ｐ
インバウンド,消費・小売・インバウンド,8244,近鉄百,東Ｓ
インバウンド,消費・小売・インバウンド,8247,大和デ,東Ｓ
インバウンド,消費・小売・インバウンド,8252,丸井Ｇ,東Ｐ
インバウンド,消費・小売・インバウンド,8260,井筒屋,東Ｓ
インバウンド,消費・小売・インバウンド,8282,ケーズＨＤ,東Ｐ
インバウンド,消費・小売・インバウンド,8410,セブン銀,東Ｐ
インバウンド,消費・小売・インバウンド,8591,オリックス,東Ｐ
インバウンド,消費・小売・インバウンド,8783,ａｂｃ,東Ｓ
インバウンド,消費・小売・インバウンド,8844,コスモスイニ,東Ｓ
インバウンド,消費・小売・インバウンド,8892,エスコン,東Ｐ
インバウンド,消費・小売・インバウンド,8928,穴吹興産,東Ｓ
インバウンド,消費・小売・インバウンド,8934,サンフロ不,東Ｐ
インバウンド,消費・小売・インバウンド,9001,東武,東Ｐ
インバウンド,消費・小売・インバウンド,9003,相鉄ＨＤ,東Ｐ
インバウンド,消費・小売・インバウンド,9008,京王,東Ｐ
インバウンド,消費・小売・インバウンド,9009,京成,東Ｐ
インバウンド,消費・小売・インバウンド,9010,富士急,東Ｐ
インバウンド,消費・小売・インバウンド,9020,ＪＲ東日本,東Ｐ
インバウンド,消費・小売・インバウンド,9021,ＪＲ西日本,東Ｐ
インバウンド,消費・小売・インバウンド,9022,ＪＲ東海,東Ｐ
インバウンド,消費・小売・インバウンド,9041,近鉄ＧＨＤ,東Ｐ
インバウンド,消費・小売・インバウンド,9044,ＮＡＮＫＡＩ,東Ｐ
インバウンド,消費・小売・インバウンド,9045,京阪ＨＤ,東Ｐ
インバウンド,消費・小売・インバウンド,9049,京福電,東Ｓ
インバウンド,消費・小売・インバウンド,9142,ＪＲ九州,東Ｐ
インバウンド,消費・小売・インバウンド,9201,ＪＡＬ,東Ｐ
インバウンド,消費・小売・インバウンド,9202,ＡＮＡＨＤ,東Ｐ
インバウンド,消費・小売・インバウンド,9271,和心,東Ｇ
インバウンド,消費・小売・インバウンド,9416,ビジョン,東Ｐ
インバウンド,消費・小売・インバウンド,9419,ワイヤレスＧ,東Ｓ
インバウンド,消費・小売・インバウンド,9424,日本通信,東Ｐ
インバウンド,消費・小売・インバウンド,9450,ファイバーＧ,東Ｓ
インバウンド,消費・小売・インバウンド,9475,昭文社ＨＤ,東Ｓ
インバウンド,消費・小売・インバウンド,9603,ＨＩＳ,東Ｐ
インバウンド,消費・小売・インバウンド,9616,共立メンテ,東Ｐ
インバウンド,消費・小売・インバウンド,9704,アゴーラＨＧ,東Ｓ
インバウンド,消費・小売・インバウンド,9706,日本空港ビル,東Ｐ
インバウンド,消費・小売・インバウンド,9708,帝ホテル,東Ｓ
インバウンド,消費・小売・インバウンド,9713,ロイヤルホ,東Ｓ
インバウンド,消費・小売・インバウンド,9720,グランド,東Ｓ
インバウンド,消費・小売・インバウンド,9722,藤田観,東Ｐ
インバウンド,消費・小売・インバウンド,9723,京都ホ,東Ｓ
インバウンド,消費・小売・インバウンド,9831,ヤマダＨＤ,東Ｐ
インバウンド,消費・小売・インバウンド,9904,ベリテ,東Ｓ
インバウンド,消費・小売・インバウンド,9989,サンドラッグ,東Ｐ
ウインタースポーツ,消費・小売・インバウンド,2353,日本駐車場,東Ｐ
ウインタースポーツ,消費・小売・インバウンド,3028,アルペン,東Ｐ
ウインタースポーツ,消費・小売・インバウンド,6040,日本スキー,東Ｇ
ウインタースポーツ,消費・小売・インバウンド,7297,カーメイト,東Ｓ
ウインタースポーツ,消費・小売・インバウンド,7514,ヒマラヤ,東Ｓ
ウインタースポーツ,消費・小売・インバウンド,8022,ミズノ,東Ｐ
ウインタースポーツ,消費・小売・インバウンド,8111,ゴルドウイン,東Ｐ
ウインタースポーツ,消費・小売・インバウンド,8281,ゼビオＨＤ,東Ｐ
ウインタースポーツ,消費・小売・インバウンド,9010,富士急,東Ｐ
ウインタースポーツ,消費・小売・インバウンド,9024,西武ＨＤ,東Ｐ
ウインタースポーツ,消費・小売・インバウンド,9085,中バス,札証
オフィス家具,消費・小売・インバウンド,2678,アスクル,東Ｐ
オフィス家具,消費・小売・インバウンド,3050,ＤＣＭ,東Ｐ
オフィス家具,消費・小売・インバウンド,3421,稲葉製作,東Ｓ
オフィス家具,消費・小売・インバウンド,3479,ＴＫＰ,東Ｇ
オフィス家具,消費・小売・インバウンド,5071,ヴィス,東Ｓ
オフィス家具,消費・小売・インバウンド,5607,中可鍛,名Ｍ
オフィス家具,消費・小売・インバウンド,7081,レンティア,東Ｓ
オフィス家具,消費・小売・インバウンド,7115,Ａパーチェス,東Ｓ
オフィス家具,消費・小売・インバウンド,7877,永大化工,東Ｓ
オフィス家具,消費・小売・インバウンド,7885,タカノ,東Ｓ
オフィス家具,消費・小売・インバウンド,7949,小松ウオール,東Ｐ
オフィス家具,消費・小売・インバウンド,7972,イトーキ,東Ｐ
オフィス家具,消費・小売・インバウンド,7984,コクヨ,東Ｐ
オフィス家具,消費・小売・インバウンド,7986,日本ＩＳＫ,東Ｓ
オフィス家具,消費・小売・インバウンド,7987,ナカバヤシ,東Ｓ
オフィス家具,消費・小売・インバウンド,7989,ブラインド,東Ｐ
オフィス家具,消費・小売・インバウンド,7994,オカムラ,東Ｐ
オフィス家具,消費・小売・インバウンド,7997,くろ工,東Ｓ
オフィス家具,消費・小売・インバウンド,8057,内田洋,東Ｐ
オフィス家具,消費・小売・インバウンド,9388,パパネッツ,福Ｑ
オフィス家具,消費・小売・インバウンド,9423,フォーバルＲ,東Ｓ
オフィス家具,消費・小売・インバウンド,9761,東海リース,東Ｓ
オフィス家具,消費・小売・インバウンド,9827,リリカラ,東Ｓ
オンラインゲーム,消費・小売・インバウンド,2351,ＡＳＪ,東Ｓ
オンラインゲーム,消費・小売・インバウンド,3635,コーテクＨＤ,東Ｐ
オンラインゲーム,消費・小売・インバウンド,3659,ネクソン,東Ｐ
オンラインゲーム,消費・小売・インバウンド,3662,エイチーム,東Ｐ
オンラインゲーム,消費・小売・インバウンド,3668,コロプラ,東Ｐ
オンラインゲーム,消費・小売・インバウンド,3723,ファルコム,東Ｇ
オンラインゲーム,消費・小売・インバウンド,3758,アエリア,東Ｓ
オンラインゲーム,消費・小売・インバウンド,3760,ケイブ,東Ｓ
オンラインゲーム,消費・小売・インバウンド,3765,ガンホー,東Ｐ
オンラインゲーム,消費・小売・インバウンド,3793,ドリコム,東Ｇ
オンラインゲーム,消費・小売・インバウンド,3810,ＣＳＨＤ,東Ｓ
オンラインゲーム,消費・小売・インバウンド,3911,Ａｉｍｉｎｇ,東Ｇ
オンラインゲーム,消費・小売・インバウンド,4174,アピリッツ,東Ｓ
オンラインゲーム,消費・小売・インバウンド,4175,コリー,東Ｇ
オンラインゲーム,消費・小売・インバウンド,4198,テンダ,東Ｓ
オンラインゲーム,消費・小売・インバウンド,4199,ワンプラ,東Ｇ
オンラインゲーム,消費・小売・インバウンド,4382,ＨＥＲＯＺ,東Ｓ
オンラインゲーム,消費・小売・インバウンド,4393,バンクオブイ,東Ｇ
オンラインゲーム,消費・小売・インバウンド,4650,ＳＤエンター,東Ｓ
オンラインゲーム,消費・小売・インバウンド,4777,ガーラ,東Ｓ
オンラインゲーム,消費・小売・インバウンド,5240,ｍｏｎｏＡＩ,東Ｇ
オンラインゲーム,消費・小売・インバウンド,6050,イーガーディ,東Ｐ
オンラインゲーム,消費・小売・インバウンド,6428,オーイズミ,東Ｓ
オンラインゲーム,消費・小売・インバウンド,6460,セガサミー,東Ｐ
オンラインゲーム,消費・小売・インバウンド,6736,サン電子,東Ｓ
オンラインゲーム,消費・小売・インバウンド,7359,東京通信Ｇ,東Ｇ
オンラインゲーム,消費・小売・インバウンド,7803,ブシロード,東Ｇ
オンラインゲーム,消費・小売・インバウンド,7832,バンナムＨＤ,東Ｐ
オンラインゲーム,消費・小売・インバウンド,7844,マーベラス,東Ｐ
オンラインゲーム,消費・小売・インバウンド,9449,ＧＭＯ,東Ｐ
オンラインゲーム,消費・小売・インバウンド,9565,ＧＬＯＥ,東Ｇ
オンラインゲーム,消費・小売・インバウンド,9684,スクエニＨＤ,東Ｐ
オンラインゲーム,消費・小売・インバウンド,9697,カプコン,東Ｐ
オンラインゲーム,消費・小売・インバウンド,9766,コナミＧ,東Ｐ
カジノ関連,消費・小売・インバウンド,1418,インタライフ,東Ｓ
カジノ関連,消費・小売・インバウンド,1812,鹿島,東Ｐ
カジノ関連,消費・小売・インバウンド,1847,イチケン,東Ｓ
カジノ関連,消費・小売・インバウンド,2331,ＡＬＳＯＫ,東Ｐ
カジノ関連,消費・小売・インバウンド,2411,ゲンダイ,東Ｓ
カジノ関連,消費・小売・インバウンド,2767,円谷フィＨＤ,東Ｐ
カジノ関連,消費・小売・インバウンド,2780,コメ兵ＨＤ,東Ｓ
カジノ関連,消費・小売・インバウンド,3237,イントランス,東Ｇ
カジノ関連,消費・小売・インバウンド,3326,ランシステム,東Ｓ
カジノ関連,消費・小売・インバウンド,3625,テックファム,東Ｇ
カジノ関連,消費・小売・インバウンド,3739,コムシード,名Ｎ
カジノ関連,消費・小売・インバウンド,4676,フジＨＤ,東Ｐ
カジノ関連,消費・小売・インバウンド,4681,リゾートトラ,東Ｐ
カジノ関連,消費・小売・インバウンド,6249,ゲームカード,東Ｓ
カジノ関連,消費・小売・インバウンド,6257,藤商事,東Ｓ
カジノ関連,消費・小売・インバウンド,6357,三精テクノロ,東Ｓ
カジノ関連,消費・小売・インバウンド,6412,平和,東Ｐ
カジノ関連,消費・小売・インバウンド,6417,ＳＡＮＫＹＯ,東Ｐ
カジノ関連,消費・小売・インバウンド,6418,日金銭,東Ｐ
カジノ関連,消費・小売・インバウンド,6419,マースＧＨＤ,東Ｐ
カジノ関連,消費・小売・インバウンド,6425,ユニバーサル,東Ｓ
カジノ関連,消費・小売・インバウンド,6428,オーイズミ,東Ｓ
カジノ関連,消費・小売・インバウンド,6430,ダイコク電,東Ｐ
カジノ関連,消費・小売・インバウンド,6457,グローリー,東Ｐ
カジノ関連,消費・小売・インバウンド,6460,セガサミー,東Ｐ
カジノ関連,消費・小売・インバウンド,6730,アクセル,東Ｓ
カジノ関連,消費・小売・インバウンド,6736,サン電子,東Ｓ
カジノ関連,消費・小売・インバウンド,6737,ＥＩＺＯ,東Ｐ
カジノ関連,消費・小売・インバウンド,7832,バンナムＨＤ,東Ｐ
カジノ関連,消費・小売・インバウンド,7991,マミヤＯＰ,東Ｓ
カジノ関連,消費・小売・インバウンド,8225,タカチホ,東Ｓ
カジノ関連,消費・小売・インバウンド,8801,三井不,東Ｐ
カジノ関連,消費・小売・インバウンド,8864,空港施設,東Ｓ
カジノ関連,消費・小売・インバウンド,9006,京急,東Ｐ
カジノ関連,消費・小売・インバウンド,9202,ＡＮＡＨＤ,東Ｐ
カジノ関連,消費・小売・インバウンド,9307,杉村倉,東Ｓ
カジノ関連,消費・小売・インバウンド,9353,桜島埠,東Ｓ
カジノ関連,消費・小売・インバウンド,9603,ＨＩＳ,東Ｐ
カジノ関連,消費・小売・インバウンド,9622,スペース,東Ｐ
カジノ関連,消費・小売・インバウンド,9704,アゴーラＨＧ,東Ｓ
カジノ関連,消費・小売・インバウンド,9706,日本空港ビル,東Ｐ
カジノ関連,消費・小売・インバウンド,9708,帝ホテル,東Ｓ
カジノ関連,消費・小売・インバウンド,9713,ロイヤルホ,東Ｓ
カジノ関連,消費・小売・インバウンド,9716,乃村工芸社,東Ｐ
カジノ関連,消費・小売・インバウンド,9720,グランド,東Ｓ
カジノ関連,消費・小売・インバウンド,9722,藤田観,東Ｐ
カジノ関連,消費・小売・インバウンド,9723,京都ホ,東Ｓ
カジノ関連,消費・小売・インバウンド,9726,ＫＮＴＣＴ,東Ｓ
カジノ関連,消費・小売・インバウンド,9735,セコム,東Ｐ
カジノ関連,消費・小売・インバウンド,9740,ＣＳＰ,東Ｐ
カジノ関連,消費・小売・インバウンド,9743,丹青社,東Ｐ
カジノ関連,消費・小売・インバウンド,9766,コナミＧ,東Ｐ
カプセル玩具,消費・小売・インバウンド,4343,イオンファン,東Ｐ
カプセル玩具,消費・小売・インバウンド,7552,ハピネット,東Ｐ
カプセル玩具,消費・小売・インバウンド,7803,ブシロード,東Ｇ
カプセル玩具,消費・小売・インバウンド,7832,バンナムＨＤ,東Ｐ
カプセル玩具,消費・小売・インバウンド,7867,タカラトミー,東Ｐ
カプセル玩具,消費・小売・インバウンド,9684,スクエニＨＤ,東Ｐ
ゲームソフト,消費・小売・インバウンド,3635,コーテクＨＤ,東Ｐ
ゲームソフト,消費・小売・インバウンド,3662,エイチーム,東Ｐ
ゲームソフト,消費・小売・インバウンド,3667,ｅｎｉｓｈ,東Ｓ
ゲームソフト,消費・小売・インバウンド,3668,コロプラ,東Ｐ
ゲームソフト,消費・小売・インバウンド,3723,ファルコム,東Ｇ
ゲームソフト,消費・小売・インバウンド,3765,ガンホー,東Ｐ
ゲームソフト,消費・小売・インバウンド,3810,ＣＳＨＤ,東Ｓ
ゲームソフト,消費・小売・インバウンド,3851,日本一ソフト,東Ｓ
ゲームソフト,消費・小売・インバウンド,3907,シリコンスタ,東Ｓ
ゲームソフト,消費・小売・インバウンド,3911,Ａｉｍｉｎｇ,東Ｇ
ゲームソフト,消費・小売・インバウンド,4334,ユークス,東Ｓ
ゲームソフト,消費・小売・インバウンド,4347,ブロメディア,東Ｓ
ゲームソフト,消費・小売・インバウンド,4728,トーセ,東Ｓ
ゲームソフト,消費・小売・インバウンド,4763,Ｃ＆Ｒ,東Ｐ
ゲームソフト,消費・小売・インバウンド,6238,フリュー,東Ｐ
ゲームソフト,消費・小売・インバウンド,6460,セガサミー,東Ｐ
ゲームソフト,消費・小売・インバウンド,6552,ゲームウィズ,東Ｓ
ゲームソフト,消費・小売・インバウンド,6634,ＪＮグループ,東Ｓ
ゲームソフト,消費・小売・インバウンド,6736,サン電子,東Ｓ
ゲームソフト,消費・小売・インバウンド,7832,バンナムＨＤ,東Ｐ
ゲームソフト,消費・小売・インバウンド,7844,マーベラス,東Ｐ
ゲームソフト,消費・小売・インバウンド,7974,任天堂,東Ｐ
ゲームソフト,消費・小売・インバウンド,9468,カドカワ,東Ｐ
ゲームソフト,消費・小売・インバウンド,9601,松竹,東Ｐ
ゲームソフト,消費・小売・インバウンド,9684,スクエニＨＤ,東Ｐ
ゲームソフト,消費・小売・インバウンド,9697,カプコン,東Ｐ
ゲームソフト,消費・小売・インバウンド,9766,コナミＧ,東Ｐ
ゲーム販売,消費・小売・インバウンド,2681,ゲオＨＤ,東Ｐ
ゲーム販売,消費・小売・インバウンド,3058,三洋堂ＨＤ,東Ｓ
ゲーム販売,消費・小売・インバウンド,7552,ハピネット,東Ｐ
ゲーム販売,消費・小売・インバウンド,7640,トップカルチ,東Ｓ
ゲーム関連,消費・小売・インバウンド,1491,中外鉱,東Ｓ
ゲーム関連,消費・小売・インバウンド,2330,フォーサイド,東Ｓ
ゲーム関連,消費・小売・インバウンド,2334,イオレ,東Ｇ
ゲーム関連,消費・小売・インバウンド,2338,クオンタムＳ,東Ｓ
ゲーム関連,消費・小売・インバウンド,2388,ウェッジＨＤ,東Ｇ
ゲーム関連,消費・小売・インバウンド,3070,ジェリビンズ,東Ｇ
ゲーム関連,消費・小売・インバウンド,3134,Ｈａｍｅｅ,東Ｓ
ゲーム関連,消費・小売・インバウンド,3156,レスター,東Ｐ
ゲーム関連,消費・小売・インバウンド,3635,コーテクＨＤ,東Ｐ
ゲーム関連,消費・小売・インバウンド,3656,ＫＬａｂ,東Ｐ
ゲーム関連,消費・小売・インバウンド,3657,ポールＨＤ,東Ｐ
ゲーム関連,消費・小売・インバウンド,3662,エイチーム,東Ｐ
ゲーム関連,消費・小売・インバウンド,3667,ｅｎｉｓｈ,東Ｓ
ゲーム関連,消費・小売・インバウンド,3676,デジハＨＤ,東Ｐ
ゲーム関連,消費・小売・インバウンド,3697,ＳＨＩＦＴ,東Ｐ
ゲーム関連,消費・小売・インバウンド,3698,ＣＲＩ,東Ｓ
ゲーム関連,消費・小売・インバウンド,3723,ファルコム,東Ｇ
ゲーム関連,消費・小売・インバウンド,3758,アエリア,東Ｓ
ゲーム関連,消費・小売・インバウンド,3765,ガンホー,東Ｐ
ゲーム関連,消費・小売・インバウンド,3793,ドリコム,東Ｇ
ゲーム関連,消費・小売・インバウンド,3851,日本一ソフト,東Ｓ
ゲーム関連,消費・小売・インバウンド,3935,エディア,東Ｓ
ゲーム関連,消費・小売・インバウンド,4175,コリー,東Ｇ
ゲーム関連,消費・小売・インバウンド,4199,ワンプラ,東Ｇ
ゲーム関連,消費・小売・インバウンド,4382,ＨＥＲＯＺ,東Ｓ
ゲーム関連,消費・小売・インバウンド,4393,バンクオブイ,東Ｇ
ゲーム関連,消費・小売・インバウンド,4644,イマジニア,東Ｓ
ゲーム関連,消費・小売・インバウンド,4689,ラインヤフー,東Ｐ
ゲーム関連,消費・小売・インバウンド,4728,トーセ,東Ｓ
ゲーム関連,消費・小売・インバウンド,4751,サイバー,東Ｐ
ゲーム関連,消費・小売・インバウンド,4755,楽天グループ,東Ｐ
ゲーム関連,消費・小売・インバウンド,4829,日エンター,東Ｓ
ゲーム関連,消費・小売・インバウンド,5031,モイ,東Ｇ
ゲーム関連,消費・小売・インバウンド,5253,カバー,東Ｇ
ゲーム関連,消費・小売・インバウンド,6047,Ｇｕｎｏｓｙ,東Ｓ
ゲーム関連,消費・小売・インバウンド,6050,イーガーディ,東Ｐ
ゲーム関連,消費・小売・インバウンド,6428,オーイズミ,東Ｓ
ゲーム関連,消費・小売・インバウンド,6430,ダイコク電,東Ｐ
ゲーム関連,消費・小売・インバウンド,6460,セガサミー,東Ｐ
ゲーム関連,消費・小売・インバウンド,6479,ミネベア,東Ｐ
ゲーム関連,消費・小売・インバウンド,6552,ゲームウィズ,東Ｓ
ゲーム関連,消費・小売・インバウンド,6570,共和コーポ,東Ｓ
ゲーム関連,消費・小売・インバウンド,6578,コレックＨＤ,東Ｓ
ゲーム関連,消費・小売・インバウンド,6676,ＢＵＦ,東Ｓ
ゲーム関連,消費・小売・インバウンド,6758,ソニーＧ,東Ｐ
ゲーム関連,消費・小売・インバウンド,6763,帝通工,東Ｐ
ゲーム関連,消費・小売・インバウンド,6875,メガチップス,東Ｐ
ゲーム関連,消費・小売・インバウンド,7035,アンファク,東Ｓ
ゲーム関連,消費・小売・インバウンド,7359,東京通信Ｇ,東Ｇ
ゲーム関連,消費・小売・インバウンド,7374,コンフインタ,東Ｇ
ゲーム関連,消費・小売・インバウンド,7552,ハピネット,東Ｐ
ゲーム関連,消費・小売・インバウンド,7610,テイツー,東Ｓ
ゲーム関連,消費・小売・インバウンド,7803,ブシロード,東Ｇ
ゲーム関連,消費・小売・インバウンド,7804,Ｂ＆Ｐ,東Ｓ
ゲーム関連,消費・小売・インバウンド,7832,バンナムＨＤ,東Ｐ
ゲーム関連,消費・小売・インバウンド,7844,マーベラス,東Ｐ
ゲーム関連,消費・小売・インバウンド,7974,任天堂,東Ｐ
ゲーム関連,消費・小売・インバウンド,9166,ＧＥＮＤＡ,東Ｇ
ゲーム関連,消費・小売・インバウンド,9278,ブックオフＧ,東Ｐ
ゲーム関連,消費・小売・インバウンド,9438,ＭＴＩ,東Ｐ
ゲーム関連,消費・小売・インバウンド,9468,カドカワ,東Ｐ
ゲーム関連,消費・小売・インバウンド,9565,ＧＬＯＥ,東Ｇ
ゲーム関連,消費・小売・インバウンド,9684,スクエニＨＤ,東Ｐ
ゲーム関連,消費・小売・インバウンド,9697,カプコン,東Ｐ
ゲーム関連,消費・小売・インバウンド,9766,コナミＧ,東Ｐ
ゲーム関連,消費・小売・インバウンド,9984,ＳＢＧ,東Ｐ
コンテンツ,消費・小売・インバウンド,2180,サニーサイド,東Ｓ
コンテンツ,消費・小売・インバウンド,2329,東北新社,東Ｓ
コンテンツ,消費・小売・インバウンド,2433,博報堂ＤＹ,東Ｐ
コンテンツ,消費・小売・インバウンド,2481,タウンＮ,東Ｓ
コンテンツ,消費・小売・インバウンド,2652,まんだらけ,東Ｓ
コンテンツ,消費・小売・インバウンド,3635,コーテクＨＤ,東Ｐ
コンテンツ,消費・小売・インバウンド,3641,パピレス,東Ｓ
コンテンツ,消費・小売・インバウンド,3657,ポールＨＤ,東Ｐ
コンテンツ,消費・小売・インバウンド,3661,エムアップ,東Ｐ
コンテンツ,消費・小売・インバウンド,3662,エイチーム,東Ｐ
コンテンツ,消費・小売・インバウンド,3663,セルシス,東Ｐ
コンテンツ,消費・小売・インバウンド,3676,デジハＨＤ,東Ｐ
コンテンツ,消費・小売・インバウンド,3686,ＤＬＥ,東Ｓ
コンテンツ,消費・小売・インバウンド,3791,ＩＧポート,東Ｓ
コンテンツ,消費・小売・インバウンド,4014,カラダノート,東Ｇ
コンテンツ,消費・小売・インバウンド,4059,まぐまぐ,東Ｓ
コンテンツ,消費・小売・インバウンド,4175,コリー,東Ｇ
コンテンツ,消費・小売・インバウンド,4286,ＣＬＨＤ,東Ｓ
コンテンツ,消費・小売・インバウンド,4301,アミューズ,東Ｐ
コンテンツ,消費・小売・インバウンド,4324,電通グループ,東Ｐ
コンテンツ,消費・小売・インバウンド,4376,くふうカンパ,東Ｇ
コンテンツ,消費・小売・インバウンド,4446,リンクユーＧ,東Ｓ
コンテンツ,消費・小売・インバウンド,4644,イマジニア,東Ｓ
コンテンツ,消費・小売・インバウンド,4676,フジＨＤ,東Ｐ
コンテンツ,消費・小売・インバウンド,4751,サイバー,東Ｐ
コンテンツ,消費・小売・インバウンド,4755,楽天グループ,東Ｐ
コンテンツ,消費・小売・インバウンド,4800,オリコン,東Ｓ
コンテンツ,消費・小売・インバウンド,4816,東映アニメ,東Ｓ
コンテンツ,消費・小売・インバウンド,4829,日エンター,東Ｓ
コンテンツ,消費・小売・インバウンド,5031,モイ,東Ｇ
コンテンツ,消費・小売・インバウンド,5250,ＧＭＯプラ,東Ｓ
コンテンツ,消費・小売・インバウンド,5575,グロービー,東Ｇ
コンテンツ,消費・小売・インバウンド,6098,リクルート,東Ｐ
コンテンツ,消費・小売・インバウンド,6185,ＳＭＮ,東Ｓ
コンテンツ,消費・小売・インバウンド,6238,フリュー,東Ｐ
コンテンツ,消費・小売・インバウンド,6460,セガサミー,東Ｐ
コンテンツ,消費・小売・インバウンド,6580,ライトアップ,東Ｇ
コンテンツ,消費・小売・インバウンド,6634,ＪＮグループ,東Ｓ
コンテンツ,消費・小売・インバウンド,6862,ミナトＨＤ,東Ｓ
コンテンツ,消費・小売・インバウンド,7067,ブランドＴ,東Ｇ
コンテンツ,消費・小売・インバウンド,7078,ＩＮＣＨＤ,東Ｇ
コンテンツ,消費・小売・インバウンド,7138,ＴＯＲＩＣＯ,東Ｇ
コンテンツ,消費・小売・インバウンド,7356,レッティ,東Ｇ
コンテンツ,消費・小売・インバウンド,7371,Ｚｅｎｋｅｎ,東Ｇ
コンテンツ,消費・小売・インバウンド,7552,ハピネット,東Ｐ
コンテンツ,消費・小売・インバウンド,7610,テイツー,東Ｓ
コンテンツ,消費・小売・インバウンド,7814,日本創発Ｇ,東Ｓ
コンテンツ,消費・小売・インバウンド,7832,バンナムＨＤ,東Ｐ
コンテンツ,消費・小売・インバウンド,7844,マーベラス,東Ｐ
コンテンツ,消費・小売・インバウンド,7860,エイベックス,東Ｐ
コンテンツ,消費・小売・インバウンド,7867,タカラトミー,東Ｐ
コンテンツ,消費・小売・インバウンド,8136,サンリオ,東Ｐ
コンテンツ,消費・小売・インバウンド,9166,ＧＥＮＤＡ,東Ｇ
コンテンツ,消費・小売・インバウンド,9401,ＴＢＳＨＤ,東Ｐ
コンテンツ,消費・小売・インバウンド,9404,日テレＨＤ,東Ｐ
コンテンツ,消費・小売・インバウンド,9409,テレ朝ＨＤ,東Ｐ
コンテンツ,消費・小売・インバウンド,9413,テレ東ＨＤ,東Ｐ
コンテンツ,消費・小売・インバウンド,9414,ＢＳ１１,東Ｓ
コンテンツ,消費・小売・インバウンド,9467,アルファＰ,東Ｇ
コンテンツ,消費・小売・インバウンド,9468,カドカワ,東Ｐ
コンテンツ,消費・小売・インバウンド,9601,松竹,東Ｐ
コンテンツ,消費・小売・インバウンド,9602,東宝,東Ｐ
コンテンツ,消費・小売・インバウンド,9605,東映,東Ｐ
コンテンツ,消費・小売・インバウンド,9684,スクエニＨＤ,東Ｐ
コンテンツ,消費・小売・インバウンド,9697,カプコン,東Ｐ
コンテンツ,消費・小売・インバウンド,9766,コナミＧ,東Ｐ
コンテンツ配信,消費・小売・インバウンド,2148,ＩＴメディア,東Ｐ
コンテンツ配信,消費・小売・インバウンド,2330,フォーサイド,東Ｓ
コンテンツ配信,消費・小売・インバウンド,2433,博報堂ＤＹ,東Ｐ
コンテンツ配信,消費・小売・インバウンド,2454,オルアバウト,東Ｓ
コンテンツ配信,消費・小売・インバウンド,3560,ほぼ日,東Ｓ
コンテンツ配信,消費・小売・インバウンド,3627,テクミラ,東Ｓ
コンテンツ配信,消費・小売・インバウンド,3641,パピレス,東Ｓ
コンテンツ配信,消費・小売・インバウンド,3661,エムアップ,東Ｐ
コンテンツ配信,消費・小売・インバウンド,3678,メディアドゥ,東Ｐ
コンテンツ配信,消費・小売・インバウンド,3815,メディア工房,東Ｇ
コンテンツ配信,消費・小売・インバウンド,4014,カラダノート,東Ｇ
コンテンツ配信,消費・小売・インバウンド,4059,まぐまぐ,東Ｓ
コンテンツ配信,消費・小売・インバウンド,4293,セプテニＨＤ,東Ｓ
コンテンツ配信,消費・小売・インバウンド,4308,Ｊストリーム,東Ｇ
コンテンツ配信,消費・小売・インバウンド,4347,ブロメディア,東Ｓ
コンテンツ配信,消費・小売・インバウンド,4395,アクリート,東Ｇ
コンテンツ配信,消費・小売・インバウンド,4444,インフォネ,東Ｇ
コンテンツ配信,消費・小売・インバウンド,4446,リンクユーＧ,東Ｓ
コンテンツ配信,消費・小売・インバウンド,4728,トーセ,東Ｓ
コンテンツ配信,消費・小売・インバウンド,4763,Ｃ＆Ｒ,東Ｐ
コンテンツ配信,消費・小売・インバウンド,4772,ＳＭＥＪ,東Ｇ
コンテンツ配信,消費・小売・インバウンド,4784,ＧＭＯインタ,東Ｐ
コンテンツ配信,消費・小売・インバウンド,4829,日エンター,東Ｓ
コンテンツ配信,消費・小売・インバウンド,5031,モイ,東Ｇ
コンテンツ配信,消費・小売・インバウンド,5243,ノート,東Ｇ
コンテンツ配信,消費・小売・インバウンド,6038,イード,東Ｇ
コンテンツ配信,消費・小売・インバウンド,6046,リンクバル,東Ｓ
コンテンツ配信,消費・小売・インバウンド,6176,ブランジスタ,東Ｓ
コンテンツ配信,消費・小売・インバウンド,6543,日宣,東Ｓ
コンテンツ配信,消費・小売・インバウンド,7094,ネクストーン,東Ｇ
コンテンツ配信,消費・小売・インバウンド,7110,クラシコム,東Ｇ
コンテンツ配信,消費・小売・インバウンド,7138,ＴＯＲＩＣＯ,東Ｇ
コンテンツ配信,消費・小売・インバウンド,7356,レッティ,東Ｇ
コンテンツ配信,消費・小売・インバウンド,7911,ＴＯＰＰＡＮ,東Ｐ
コンテンツ配信,消費・小売・インバウンド,7912,大日印,東Ｐ
コンテンツ配信,消費・小売・インバウンド,9159,ＷＴＯＫＹＯ,東Ｇ
コンテンツ配信,消費・小売・インバウンド,9166,ＧＥＮＤＡ,東Ｇ
コンテンツ配信,消費・小売・インバウンド,9438,ＭＴＩ,東Ｐ
コンテンツ配信,消費・小売・インバウンド,9449,ＧＭＯ,東Ｐ
コンテンツ配信,消費・小売・インバウンド,9468,カドカワ,東Ｐ
コンテンツ配信,消費・小売・インバウンド,9984,ＳＢＧ,東Ｐ
コンビニエンスストア,消費・小売・インバウンド,2204,中村屋,東Ｓ
コンビニエンスストア,消費・小売・インバウンド,2212,山パン,東Ｐ
コンビニエンスストア,消費・小売・インバウンド,2428,ウェルネット,東Ｓ
コンビニエンスストア,消費・小売・インバウンド,2659,サンエー,東Ｐ
コンビニエンスストア,消費・小売・インバウンド,2669,カネ美食品,東Ｓ
コンビニエンスストア,消費・小売・インバウンド,2687,ＣＶＳベイ,東Ｓ
コンビニエンスストア,消費・小売・インバウンド,2903,シノブフズ,東Ｓ
コンビニエンスストア,消費・小売・インバウンド,2918,わらべ日洋,東Ｐ
コンビニエンスストア,消費・小売・インバウンド,2932,ＳＴＩＦＨＤ,東Ｓ
コンビニエンスストア,消費・小売・インバウンド,2935,ピックルス,東Ｐ
コンビニエンスストア,消費・小売・インバウンド,3382,セブン＆アイ,東Ｐ
コンビニエンスストア,消費・小売・インバウンド,3391,ツルハＨＤ,東Ｐ
コンビニエンスストア,消費・小売・インバウンド,6551,ツナグＧＨＤ,東Ｓ
コンビニエンスストア,消費・小売・インバウンド,7544,スリーエフ,東Ｓ
コンビニエンスストア,消費・小売・インバウンド,7550,ゼンショＨＤ,東Ｐ
コンビニエンスストア,消費・小売・インバウンド,7601,ポプラ,東Ｓ
コンビニエンスストア,消費・小売・インバウンド,8001,伊藤忠,東Ｐ
コンビニエンスストア,消費・小売・インバウンド,8058,三菱商,東Ｐ
コンビニエンスストア,消費・小売・インバウンド,8410,セブン銀,東Ｐ
コンビニエンスストア,消費・小売・インバウンド,9020,ＪＲ東日本,東Ｐ
コンビニエンスストア,消費・小売・インバウンド,9021,ＪＲ西日本,東Ｐ
コンビニエンスストア,消費・小売・インバウンド,9023,東京メトロ,東Ｐ
コンビニエンスストア,消費・小売・インバウンド,9142,ＪＲ九州,東Ｐ
コンビニエンスストア,消費・小売・インバウンド,9946,ミニストップ,東Ｐ
コンビニコーヒー,消費・小売・インバウンド,2587,サントリＢＦ,東Ｐ
コンビニコーヒー,消費・小売・インバウンド,3382,セブン＆アイ,東Ｐ
コンビニコーヒー,消費・小売・インバウンド,9946,ミニストップ,東Ｐ
スポーツ,消費・小売・インバウンド,2180,サニーサイド,東Ｓ
スポーツ,消費・小売・インバウンド,2378,ルネサンス,東Ｐ
スポーツ,消費・小売・インバウンド,2415,ヒューマン,東Ｓ
スポーツ,消費・小売・インバウンド,2433,博報堂ＤＹ,東Ｐ
スポーツ,消費・小売・インバウンド,2469,ヒビノ,東Ｓ
スポーツ,消費・小売・インバウンド,2721,ＪＨＤ,東Ｓ
スポーツ,消費・小売・インバウンド,2730,エディオン,東Ｐ
スポーツ,消費・小売・インバウンド,3028,アルペン,東Ｐ
スポーツ,消費・小売・インバウンド,3030,ハブ,東Ｓ
スポーツ,消費・小売・インバウンド,3032,ゴルフ・ドゥ,名Ｎ
スポーツ,消費・小売・インバウンド,3048,ビックカメラ,東Ｐ
スポーツ,消費・小売・インバウンド,3070,ジェリビンズ,東Ｇ
スポーツ,消費・小売・インバウンド,3201,ニッケ,東Ｐ
スポーツ,消費・小売・インバウンド,3355,クリヤマＨＤ,東Ｓ
スポーツ,消費・小売・インバウンド,3750,ＡＤＲバイオ,東Ｓ
スポーツ,消費・小売・インバウンド,3804,システムディ,東Ｓ
スポーツ,消費・小売・インバウンド,3928,マイネット,東Ｓ
スポーツ,消費・小売・インバウンド,4324,電通グループ,東Ｐ
スポーツ,消費・小売・インバウンド,4705,クリップ,東Ｓ
スポーツ,消費・小売・インバウンド,4720,城南進研,東Ｓ
スポーツ,消費・小売・インバウンド,4801,セントラルＳ,東Ｐ
スポーツ,消費・小売・インバウンド,5108,ブリヂストン,東Ｐ
スポーツ,消費・小売・インバウンド,5933,アルインコ,東Ｐ
スポーツ,消費・小売・インバウンド,6040,日本スキー,東Ｇ
スポーツ,消費・小売・インバウンド,6074,ＪＳＳ,東Ｓ
スポーツ,消費・小売・インバウンド,7044,ピアラ,東Ｓ
スポーツ,消費・小売・インバウンド,7048,ベルトラ,東Ｇ
スポーツ,消費・小売・インバウンド,7049,識学,東Ｇ
スポーツ,消費・小売・インバウンド,7074,２４７ＨＤ,東Ｇ
スポーツ,消費・小売・インバウンド,7080,スポーツＦ,東Ｇ
スポーツ,消費・小売・インバウンド,7085,カーブスＨＤ,東Ｐ
スポーツ,消費・小売・インバウンド,7112,キューブ,東Ｇ
スポーツ,消費・小売・インバウンド,7309,シマノ,東Ｐ
スポーツ,消費・小売・インバウンド,7514,ヒマラヤ,東Ｓ
スポーツ,消費・小売・インバウンド,7640,トップカルチ,東Ｓ
スポーツ,消費・小売・インバウンド,7803,ブシロード,東Ｇ
スポーツ,消費・小売・インバウンド,7847,グラファイト,東Ｓ
スポーツ,消費・小売・インバウンド,7906,ヨネックス,東Ｓ
スポーツ,消費・小売・インバウンド,7936,アシックス,東Ｐ
スポーツ,消費・小売・インバウンド,7990,グロブライド,東Ｐ
スポーツ,消費・小売・インバウンド,8022,ミズノ,東Ｐ
スポーツ,消費・小売・インバウンド,8111,ゴルドウイン,東Ｐ
スポーツ,消費・小売・インバウンド,8131,ミツウロコＧ,東Ｓ
スポーツ,消費・小売・インバウンド,8135,ゼット,東Ｓ
スポーツ,消費・小売・インバウンド,8281,ゼビオＨＤ,東Ｐ
スポーツ,消費・小売・インバウンド,8282,ケーズＨＤ,東Ｐ
スポーツ,消費・小売・インバウンド,8920,東祥,東Ｓ
スポーツ,消費・小売・インバウンド,9069,センコーＨＤ,東Ｐ
スポーツ,消費・小売・インバウンド,9412,スカＪＳＡＴ,東Ｐ
スポーツ,消費・小売・インバウンド,9603,ＨＩＳ,東Ｐ
スポーツ,消費・小売・インバウンド,9625,セレスポ,東Ｓ
スポーツ,消費・小売・インバウンド,9726,ＫＮＴＣＴ,東Ｓ
スポーツ,消費・小売・インバウンド,9733,ナガセ,東Ｓ
スポーツ,消費・小売・インバウンド,9766,コナミＧ,東Ｐ
スポーツ,消費・小売・インバウンド,9831,ヤマダＨＤ,東Ｐ
スポーツ,消費・小売・インバウンド,9837,モリト,東Ｐ
スポーツテック,消費・小売・インバウンド,2432,ディーエヌエ,東Ｐ
スポーツテック,消費・小売・インバウンド,2433,博報堂ＤＹ,東Ｐ
スポーツテック,消費・小売・インバウンド,3823,ＷＨＤＣ,東Ｓ
スポーツテック,消費・小売・インバウンド,4324,電通グループ,東Ｐ
スポーツテック,消費・小売・インバウンド,4436,ミンカブ,東Ｇ
スポーツテック,消費・小売・インバウンド,4676,フジＨＤ,東Ｐ
スポーツテック,消費・小売・インバウンド,4755,楽天グループ,東Ｐ
スポーツテック,消費・小売・インバウンド,4812,電通総研,東Ｐ
スポーツテック,消費・小売・インバウンド,6702,富士通,東Ｐ
スポーツテック,消費・小売・インバウンド,8022,ミズノ,東Ｐ
スポーツテック,消費・小売・インバウンド,9432,ＮＴＴ,東Ｐ
スポーツテック,消費・小売・インバウンド,9433,ＫＤＤＩ,東Ｐ
スポーツテック,消費・小売・インバウンド,9739,ＮＳＷ,東Ｐ
スポーツ用品,消費・小売・インバウンド,3028,アルペン,東Ｐ
スポーツ用品,消費・小売・インバウンド,3070,ジェリビンズ,東Ｇ
スポーツ用品,消費・小売・インバウンド,3093,トレファク,東Ｐ
スポーツ用品,消費・小売・インバウンド,3355,クリヤマＨＤ,東Ｓ
スポーツ用品,消費・小売・インバウンド,3536,アクサスＨＤ,東Ｓ
スポーツ用品,消費・小売・インバウンド,3591,ワコールＨＤ,東Ｐ
スポーツ用品,消費・小売・インバウンド,4722,フューチャー,東Ｐ
スポーツ用品,消費・小売・インバウンド,5101,浜ゴム,東Ｐ
スポーツ用品,消費・小売・インバウンド,5108,ブリヂストン,東Ｐ
スポーツ用品,消費・小売・インバウンド,5110,住友ゴ,東Ｐ
スポーツ用品,消費・小売・インバウンド,5121,藤コンポ,東Ｐ
スポーツ用品,消費・小売・インバウンド,5142,アキレス,東Ｐ
スポーツ用品,消費・小売・インバウンド,5162,朝日ラバー,東Ｓ
スポーツ用品,消費・小売・インバウンド,6074,ＪＳＳ,東Ｓ
スポーツ用品,消費・小売・インバウンド,7080,スポーツＦ,東Ｇ
スポーツ用品,消費・小売・インバウンド,7297,カーメイト,東Ｓ
スポーツ用品,消費・小売・インバウンド,7514,ヒマラヤ,東Ｓ
スポーツ用品,消費・小売・インバウンド,7564,ワークマン,東Ｓ
スポーツ用品,消費・小売・インバウンド,7638,ＮＥＷＡＲＴ,東Ｓ
スポーツ用品,消費・小売・インバウンド,7847,グラファイト,東Ｓ
スポーツ用品,消費・小売・インバウンド,7906,ヨネックス,東Ｓ
スポーツ用品,消費・小売・インバウンド,7936,アシックス,東Ｐ
スポーツ用品,消費・小売・インバウンド,7990,グロブライド,東Ｐ
スポーツ用品,消費・小売・インバウンド,7991,マミヤＯＰ,東Ｓ
スポーツ用品,消費・小売・インバウンド,8018,三共興,東Ｓ
スポーツ用品,消費・小売・インバウンド,8022,ミズノ,東Ｐ
スポーツ用品,消費・小売・インバウンド,8111,ゴルドウイン,東Ｐ
スポーツ用品,消費・小売・インバウンド,8135,ゼット,東Ｓ
スポーツ用品,消費・小売・インバウンド,8281,ゼビオＨＤ,東Ｐ
スポーツ用品,消費・小売・インバウンド,9837,モリト,東Ｐ
スマホゲーム,消費・小売・インバウンド,2121,ＭＩＸＩ,東Ｐ
スマホゲーム,消費・小売・インバウンド,2432,ディーエヌエ,東Ｐ
スマホゲーム,消費・小売・インバウンド,2489,アドウェイズ,東Ｓ
スマホゲーム,消費・小売・インバウンド,3632,グリーＨＤ,東Ｐ
スマホゲーム,消費・小売・インバウンド,3635,コーテクＨＤ,東Ｐ
スマホゲーム,消費・小売・インバウンド,3639,ボルテージ,東Ｓ
スマホゲーム,消費・小売・インバウンド,3656,ＫＬａｂ,東Ｐ
スマホゲーム,消費・小売・インバウンド,3661,エムアップ,東Ｐ
スマホゲーム,消費・小売・インバウンド,3662,エイチーム,東Ｐ
スマホゲーム,消費・小売・インバウンド,3664,ＷＩＺＥ,東Ｇ
スマホゲーム,消費・小売・インバウンド,3667,ｅｎｉｓｈ,東Ｓ
スマホゲーム,消費・小売・インバウンド,3668,コロプラ,東Ｐ
スマホゲーム,消費・小売・インバウンド,3672,オルトＰ,東Ｓ
スマホゲーム,消費・小売・インバウンド,3676,デジハＨＤ,東Ｐ
スマホゲーム,消費・小売・インバウンド,3686,ＤＬＥ,東Ｓ
スマホゲーム,消費・小売・インバウンド,3698,ＣＲＩ,東Ｓ
スマホゲーム,消費・小売・インバウンド,3739,コムシード,名Ｎ
スマホゲーム,消費・小売・インバウンド,3758,アエリア,東Ｓ
スマホゲーム,消費・小売・インバウンド,3760,ケイブ,東Ｓ
スマホゲーム,消費・小売・インバウンド,3765,ガンホー,東Ｐ
スマホゲーム,消費・小売・インバウンド,3793,ドリコム,東Ｇ
スマホゲーム,消費・小売・インバウンド,3810,ＣＳＨＤ,東Ｓ
スマホゲーム,消費・小売・インバウンド,3823,ＷＨＤＣ,東Ｓ
スマホゲーム,消費・小売・インバウンド,3851,日本一ソフト,東Ｓ
スマホゲーム,消費・小売・インバウンド,3903,ｇｕｍｉ,東Ｐ
スマホゲーム,消費・小売・インバウンド,3904,カヤック,東Ｇ
スマホゲーム,消費・小売・インバウンド,3907,シリコンスタ,東Ｓ
スマホゲーム,消費・小売・インバウンド,3911,Ａｉｍｉｎｇ,東Ｇ
スマホゲーム,消費・小売・インバウンド,3912,モバファク,東Ｓ
スマホゲーム,消費・小売・インバウンド,3928,マイネット,東Ｓ
スマホゲーム,消費・小売・インバウンド,3932,アカツキ,東Ｐ
スマホゲーム,消費・小売・インバウンド,3935,エディア,東Ｓ
スマホゲーム,消費・小売・インバウンド,3981,ビーグリー,東Ｓ
スマホゲーム,消費・小売・インバウンド,4174,アピリッツ,東Ｓ
スマホゲーム,消費・小売・インバウンド,4175,コリー,東Ｇ
スマホゲーム,消費・小売・インバウンド,4198,テンダ,東Ｓ
スマホゲーム,消費・小売・インバウンド,4199,ワンプラ,東Ｇ
スマホゲーム,消費・小売・インバウンド,4293,セプテニＨＤ,東Ｓ
スマホゲーム,消費・小売・インバウンド,4334,ユークス,東Ｓ
スマホゲーム,消費・小売・インバウンド,4344,ソースネクス,東Ｐ
スマホゲーム,消費・小売・インバウンド,4382,ＨＥＲＯＺ,東Ｓ
スマホゲーム,消費・小売・インバウンド,4393,バンクオブイ,東Ｇ
スマホゲーム,消費・小売・インバウンド,4644,イマジニア,東Ｓ
スマホゲーム,消費・小売・インバウンド,4676,フジＨＤ,東Ｐ
スマホゲーム,消費・小売・インバウンド,4712,ＫｅｙＨ,東Ｓ
スマホゲーム,消費・小売・インバウンド,4728,トーセ,東Ｓ
スマホゲーム,消費・小売・インバウンド,4751,サイバー,東Ｐ
スマホゲーム,消費・小売・インバウンド,4763,Ｃ＆Ｒ,東Ｐ
スマホゲーム,消費・小売・インバウンド,4777,ガーラ,東Ｓ
スマホゲーム,消費・小売・インバウンド,4829,日エンター,東Ｓ
スマホゲーム,消費・小売・インバウンド,6033,エクストリム,東Ｇ
スマホゲーム,消費・小売・インバウンド,6050,イーガーディ,東Ｐ
スマホゲーム,消費・小売・インバウンド,6177,アップバンク,東Ｇ
スマホゲーム,消費・小売・インバウンド,6238,フリュー,東Ｐ
スマホゲーム,消費・小売・インバウンド,6425,ユニバーサル,東Ｓ
スマホゲーム,消費・小売・インバウンド,6460,セガサミー,東Ｐ
スマホゲーム,消費・小売・インバウンド,6535,アイモバイル,東Ｐ
スマホゲーム,消費・小売・インバウンド,6578,コレックＨＤ,東Ｓ
スマホゲーム,消費・小売・インバウンド,7035,アンファク,東Ｓ
スマホゲーム,消費・小売・インバウンド,7359,東京通信Ｇ,東Ｇ
スマホゲーム,消費・小売・インバウンド,7803,ブシロード,東Ｇ
スマホゲーム,消費・小売・インバウンド,7832,バンナムＨＤ,東Ｐ
スマホゲーム,消費・小売・インバウンド,7844,マーベラス,東Ｐ
スマホゲーム,消費・小売・インバウンド,7974,任天堂,東Ｐ
スマホゲーム,消費・小売・インバウンド,9421,エヌジェイ,東Ｓ
スマホゲーム,消費・小売・インバウンド,9434,ＳＢ,東Ｐ
スマホゲーム,消費・小売・インバウンド,9449,ＧＭＯ,東Ｐ
スマホゲーム,消費・小売・インバウンド,9684,スクエニＨＤ,東Ｐ
スマホゲーム,消費・小売・インバウンド,9697,カプコン,東Ｐ
スマホゲーム,消費・小売・インバウンド,9766,コナミＧ,東Ｐ
スマホゲーム,消費・小売・インバウンド,9984,ＳＢＧ,東Ｐ
ソーシャルゲーム,消費・小売・インバウンド,2121,ＭＩＸＩ,東Ｐ
ソーシャルゲーム,消費・小売・インバウンド,2432,ディーエヌエ,東Ｐ
ソーシャルゲーム,消費・小売・インバウンド,2489,アドウェイズ,東Ｓ
ソーシャルゲーム,消費・小売・インバウンド,3632,グリーＨＤ,東Ｐ
ソーシャルゲーム,消費・小売・インバウンド,3635,コーテクＨＤ,東Ｐ
ソーシャルゲーム,消費・小売・インバウンド,3639,ボルテージ,東Ｓ
ソーシャルゲーム,消費・小売・インバウンド,3656,ＫＬａｂ,東Ｐ
ソーシャルゲーム,消費・小売・インバウンド,3659,ネクソン,東Ｐ
ソーシャルゲーム,消費・小売・インバウンド,3662,エイチーム,東Ｐ
ソーシャルゲーム,消費・小売・インバウンド,3664,ＷＩＺＥ,東Ｇ
ソーシャルゲーム,消費・小売・インバウンド,3667,ｅｎｉｓｈ,東Ｓ
ソーシャルゲーム,消費・小売・インバウンド,3668,コロプラ,東Ｐ
ソーシャルゲーム,消費・小売・インバウンド,3672,オルトＰ,東Ｓ
ソーシャルゲーム,消費・小売・インバウンド,3739,コムシード,名Ｎ
ソーシャルゲーム,消費・小売・インバウンド,3758,アエリア,東Ｓ
ソーシャルゲーム,消費・小売・インバウンド,3760,ケイブ,東Ｓ
ソーシャルゲーム,消費・小売・インバウンド,3765,ガンホー,東Ｐ
ソーシャルゲーム,消費・小売・インバウンド,3775,ガイアックス,名Ｎ
ソーシャルゲーム,消費・小売・インバウンド,3793,ドリコム,東Ｇ
ソーシャルゲーム,消費・小売・インバウンド,3810,ＣＳＨＤ,東Ｓ
ソーシャルゲーム,消費・小売・インバウンド,3823,ＷＨＤＣ,東Ｓ
ソーシャルゲーム,消費・小売・インバウンド,3845,アイフリーク,東Ｓ
ソーシャルゲーム,消費・小売・インバウンド,3851,日本一ソフト,東Ｓ
ソーシャルゲーム,消費・小売・インバウンド,3903,ｇｕｍｉ,東Ｐ
ソーシャルゲーム,消費・小売・インバウンド,3904,カヤック,東Ｇ
ソーシャルゲーム,消費・小売・インバウンド,3907,シリコンスタ,東Ｓ
ソーシャルゲーム,消費・小売・インバウンド,3911,Ａｉｍｉｎｇ,東Ｇ
ソーシャルゲーム,消費・小売・インバウンド,3912,モバファク,東Ｓ
ソーシャルゲーム,消費・小売・インバウンド,3932,アカツキ,東Ｐ
ソーシャルゲーム,消費・小売・インバウンド,3935,エディア,東Ｓ
ソーシャルゲーム,消費・小売・インバウンド,4174,アピリッツ,東Ｓ
ソーシャルゲーム,消費・小売・インバウンド,4175,コリー,東Ｇ
ソーシャルゲーム,消費・小売・インバウンド,4198,テンダ,東Ｓ
ソーシャルゲーム,消費・小売・インバウンド,4199,ワンプラ,東Ｇ
ソーシャルゲーム,消費・小売・インバウンド,4293,セプテニＨＤ,東Ｓ
ソーシャルゲーム,消費・小売・インバウンド,4382,ＨＥＲＯＺ,東Ｓ
ソーシャルゲーム,消費・小売・インバウンド,4393,バンクオブイ,東Ｇ
ソーシャルゲーム,消費・小売・インバウンド,4644,イマジニア,東Ｓ
ソーシャルゲーム,消費・小売・インバウンド,4751,サイバー,東Ｐ
ソーシャルゲーム,消費・小売・インバウンド,4777,ガーラ,東Ｓ
ソーシャルゲーム,消費・小売・インバウンド,6033,エクストリム,東Ｇ
ソーシャルゲーム,消費・小売・インバウンド,6050,イーガーディ,東Ｐ
ソーシャルゲーム,消費・小売・インバウンド,6428,オーイズミ,東Ｓ
ソーシャルゲーム,消費・小売・インバウンド,6460,セガサミー,東Ｐ
ソーシャルゲーム,消費・小売・インバウンド,6554,エスユーエス,東Ｇ
ソーシャルゲーム,消費・小売・インバウンド,6578,コレックＨＤ,東Ｓ
ソーシャルゲーム,消費・小売・インバウンド,6736,サン電子,東Ｓ
ソーシャルゲーム,消費・小売・インバウンド,7093,アディッシュ,東Ｇ
ソーシャルゲーム,消費・小売・インバウンド,7359,東京通信Ｇ,東Ｇ
ソーシャルゲーム,消費・小売・インバウンド,7832,バンナムＨＤ,東Ｐ
ソーシャルゲーム,消費・小売・インバウンド,7844,マーベラス,東Ｐ
ソーシャルゲーム,消費・小売・インバウンド,7974,任天堂,東Ｐ
ソーシャルゲーム,消費・小売・インバウンド,9478,ＳＥＨＩ,東Ｓ
ソーシャルゲーム,消費・小売・インバウンド,9684,スクエニＨＤ,東Ｐ
ソーシャルゲーム,消費・小売・インバウンド,9697,カプコン,東Ｐ
ソーシャルゲーム,消費・小売・インバウンド,9766,コナミＧ,東Ｐ
ドラッグストア,消費・小売・インバウンド,2653,イオン九州,東Ｓ
ドラッグストア,消費・小売・インバウンド,2659,サンエー,東Ｐ
ドラッグストア,消費・小売・インバウンド,2664,カワチ薬品,東Ｐ
ドラッグストア,消費・小売・インバウンド,3048,ビックカメラ,東Ｐ
ドラッグストア,消費・小売・インバウンド,3088,マツキヨココ,東Ｐ
ドラッグストア,消費・小売・インバウンド,3148,クリエイトＳ,東Ｐ
ドラッグストア,消費・小売・インバウンド,3199,綿半ＨＤ,東Ｐ
ドラッグストア,消費・小売・インバウンド,3349,コスモス薬品,東Ｐ
ドラッグストア,消費・小売・インバウンド,3382,セブン＆アイ,東Ｐ
ドラッグストア,消費・小売・インバウンド,3391,ツルハＨＤ,東Ｐ
ドラッグストア,消費・小売・インバウンド,3417,大木ヘルス,東Ｓ
ドラッグストア,消費・小売・インバウンド,3536,アクサスＨＤ,東Ｓ
ドラッグストア,消費・小売・インバウンド,3544,サツドラＨＤ,東Ｓ
ドラッグストア,消費・小売・インバウンド,3549,クスリアオキ,東Ｓ
ドラッグストア,消費・小売・インバウンド,4376,くふうカンパ,東Ｇ
ドラッグストア,消費・小売・インバウンド,6086,シンメンテ,東Ｇ
ドラッグストア,消費・小売・インバウンド,7649,スギＨＤ,東Ｐ
ドラッグストア,消費・小売・インバウンド,7679,薬王堂ＨＤ,東Ｐ
ドラッグストア,消費・小売・インバウンド,7698,アイスコ,東Ｓ
ドラッグストア,消費・小売・インバウンド,8267,イオン,東Ｐ
ドラッグストア,消費・小売・インバウンド,9142,ＪＲ九州,東Ｐ
ドラッグストア,消費・小売・インバウンド,9267,Ｇｅｎｋｙ,東Ｐ
ドラッグストア,消費・小売・インバウンド,9627,アインＨＤ,東Ｐ
ドラッグストア,消費・小売・インバウンド,9956,バローＨＤ,東Ｐ
ドラッグストア,消費・小売・インバウンド,9989,サンドラッグ,東Ｐ
ドラッグストア,消費・小売・インバウンド,9993,ヤマザワ,東Ｓ
ビジネスホテル,消費・小売・インバウンド,2687,ＣＶＳベイ,東Ｓ
ビジネスホテル,消費・小売・インバウンド,3010,ポラリスＨＤ,東Ｓ
ビジネスホテル,消費・小売・インバウンド,3232,三重交ＨＤ,東Ｐ
ビジネスホテル,消費・小売・インバウンド,3479,ＴＫＰ,東Ｇ
ビジネスホテル,消費・小売・インバウンド,3490,アズ企画設計,東Ｓ
ビジネスホテル,消費・小売・インバウンド,4691,ワシントンＨ,東Ｓ
ビジネスホテル,消費・小売・インバウンド,5273,三谷セキ,東Ｓ
ビジネスホテル,消費・小売・インバウンド,6076,アメイズ,福証
ビジネスホテル,消費・小売・インバウンド,6547,グリーンズ,東Ｓ
ビジネスホテル,消費・小売・インバウンド,6565,ＡＢホテル,名Ｍ
ビジネスホテル,消費・小売・インバウンド,7035,アンファク,東Ｓ
ビジネスホテル,消費・小売・インバウンド,8006,ユアサフナ,東Ｓ
ビジネスホテル,消費・小売・インバウンド,8242,Ｈ２Ｏリテイ,東Ｐ
ビジネスホテル,消費・小売・インバウンド,8920,東祥,東Ｓ
ビジネスホテル,消費・小売・インバウンド,9003,相鉄ＨＤ,東Ｐ
ビジネスホテル,消費・小売・インバウンド,9006,京急,東Ｐ
ビジネスホテル,消費・小売・インバウンド,9616,共立メンテ,東Ｐ
ビジネスホテル,消費・小売・インバウンド,9713,ロイヤルホ,東Ｓ
ペット,消費・小売・インバウンド,1518,三井松島ＨＤ,東Ｐ
ペット,消費・小売・インバウンド,2001,ニップン,東Ｐ
ペット,消費・小売・インバウンド,2053,中部飼,東Ｐ
ペット,消費・小売・インバウンド,2060,フィードワン,東Ｐ
ペット,消費・小売・インバウンド,2122,インタスペス,東Ｓ
ペット,消費・小売・インバウンド,2305,スタ・アリス,東Ｓ
ペット,消費・小売・インバウンド,2334,イオレ,東Ｇ
ペット,消費・小売・インバウンド,2734,サーラ,東Ｐ
ペット,消費・小売・インバウンド,2790,ナフコ,東Ｓ
ペット,消費・小売・インバウンド,2831,はごろも,東Ｓ
ペット,消費・小売・インバウンド,3050,ＤＣＭ,東Ｐ
ペット,消費・小売・インバウンド,3191,ジョイ本田,東Ｐ
ペット,消費・小売・インバウンド,3199,綿半ＨＤ,東Ｐ
ペット,消費・小売・インバウンド,3201,ニッケ,東Ｐ
ペット,消費・小売・インバウンド,3662,エイチーム,東Ｐ
ペット,消費・小売・インバウンド,3895,ハビックス,東Ｓ
ペット,消費・小売・インバウンド,3989,シェアテク,東Ｇ
ペット,消費・小売・インバウンド,4224,ロンシール,東Ｓ
ペット,消費・小売・インバウンド,4250,フロンテア,福Ｑ
ペット,消費・小売・インバウンド,4320,ＣＥＨＤ,東Ｓ
ペット,消費・小売・インバウンド,4452,花王,東Ｐ
ペット,消費・小売・インバウンド,4623,アサヒペン,東Ｓ
ペット,消費・小売・インバウンド,4886,あすか薬ＨＤ,東Ｐ
ペット,消費・小売・インバウンド,4912,ライオン,東Ｐ
ペット,消費・小売・インバウンド,4951,エステー,東Ｐ
ペット,消費・小売・インバウンド,4967,小林製薬,東Ｐ
ペット,消費・小売・インバウンド,4985,アース製薬,東Ｐ
ペット,消費・小売・インバウンド,5261,リソル,東Ｐ
ペット,消費・小売・インバウンド,5388,クニミネ,東Ｓ
ペット,消費・小売・インバウンド,6039,動物高度医療,東Ｇ
ペット,消費・小売・インバウンド,6267,ゼネラルパ,東Ｓ
ペット,消費・小売・インバウンド,6279,瑞光,東Ｐ
ペット,消費・小売・インバウンド,7140,ペットゴー,東Ｇ
ペット,消費・小売・インバウンド,7326,ＳＢＩＩＧ,東Ｇ
ペット,消費・小売・インバウンド,7372,デコルテＨＤ,東Ｇ
ペット,消費・小売・インバウンド,7427,エコーＴＤ,東Ｓ
ペット,消費・小売・インバウンド,7461,キムラ,東Ｓ
ペット,消費・小売・インバウンド,7516,コーナン,東Ｐ
ペット,消費・小売・インバウンド,7780,メニコン,東Ｐ
ペット,消費・小売・インバウンド,7818,トランザク,東Ｐ
ペット,消費・小売・インバウンド,8013,ナイガイ,東Ｓ
ペット,消費・小売・インバウンド,8016,オンワード,東Ｐ
ペット,消費・小売・インバウンド,8037,カメイ,東Ｐ
ペット,消費・小売・インバウンド,8113,ユニチャーム,東Ｐ
ペット,消費・小売・インバウンド,8165,千趣会,東Ｓ
ペット,消費・小売・インバウンド,8218,コメリ,東Ｐ
ペット,消費・小売・インバウンド,8267,イオン,東Ｐ
ペット,消費・小売・インバウンド,8715,アニコムＨＤ,東Ｐ
ペット,消費・小売・インバウンド,9257,ＹＣＰ,東Ｇ
ペット,消費・小売・インバウンド,9835,ジュンテン,東Ｓ
ペット,消費・小売・インバウンド,9842,アークランズ,東Ｐ
ペット,消費・小売・インバウンド,9903,カンセキ,東Ｓ
ペット,消費・小売・インバウンド,9956,バローＨＤ,東Ｐ
ペット,消費・小売・インバウンド,9976,セキチュー,東Ｓ
ペット,消費・小売・インバウンド,9989,サンドラッグ,東Ｐ
ペットボトル,消費・小売・インバウンド,3401,帝人,東Ｐ
ペットボトル,消費・小売・インバウンド,3402,東レ,東Ｐ
ペットボトル,消費・小売・インバウンド,3407,旭化成,東Ｐ
ペットボトル,消費・小売・インバウンド,4118,カネカ,東Ｐ
ペットボトル,消費・小売・インバウンド,4182,菱ガス化,東Ｐ
ペットボトル,消費・小売・インバウンド,4183,三井化学,東Ｐ
ペットボトル,消費・小売・インバウンド,4188,三菱ケミＧ,東Ｐ
ペットボトル,消費・小売・インバウンド,5204,石塚硝,東Ｓ
ペットボトル,消費・小売・インバウンド,5210,日山村硝,東Ｓ
ペットボトル,消費・小売・インバウンド,5901,洋缶ＨＤ,東Ｐ
ペットボトル,消費・小売・インバウンド,5902,ホッカンＨＤ,東Ｐ
ペットボトル,消費・小売・インバウンド,6284,ＡＳＢ機械,東Ｐ
ペットボトル,消費・小売・インバウンド,6340,渋谷工,東Ｐ
ペットボトル,消費・小売・インバウンド,6391,加地テック,東Ｓ
ペットボトル,消費・小売・インバウンド,7864,フジシール,東Ｐ
ペットボトル,消費・小売・インバウンド,7911,ＴＯＰＰＡＮ,東Ｐ
ペットボトル,消費・小売・インバウンド,7912,大日印,東Ｐ
ペットボトル,消費・小売・インバウンド,7947,エフピコ,東Ｐ
ペットボトル,消費・小売・インバウンド,8088,岩谷産,東Ｐ
ペットボトル,消費・小売・インバウンド,9972,アルテック,東Ｓ
ホテル,消費・小売・インバウンド,1773,ＹＴＬ,東Ｐ
ホテル,消費・小売・インバウンド,1783,ファンタジス,東Ｓ
ホテル,消費・小売・インバウンド,1820,西松建,東Ｐ
ホテル,消費・小売・インバウンド,1866,北野建,東Ｓ
ホテル,消費・小売・インバウンド,1873,日本ハウス,東Ｐ
ホテル,消費・小売・インバウンド,2304,ＣＳＳ,東Ｓ
ホテル,消費・小売・インバウンド,2395,新日本科学,東Ｐ
ホテル,消費・小売・インバウンド,2418,ツカダＧＨＤ,東Ｓ
ホテル,消費・小売・インバウンド,2489,アドウェイズ,東Ｓ
ホテル,消費・小売・インバウンド,2687,ＣＶＳベイ,東Ｓ
ホテル,消費・小売・インバウンド,2734,サーラ,東Ｐ
ホテル,消費・小売・インバウンド,2764,ひらまつ,東Ｓ
ホテル,消費・小売・インバウンド,2986,ＬＡホールデ,東Ｇ
ホテル,消費・小売・インバウンド,3003,ヒューリック,東Ｐ
ホテル,消費・小売・インバウンド,3010,ポラリスＨＤ,東Ｓ
ホテル,消費・小売・インバウンド,3045,カワサキ,東Ｓ
ホテル,消費・小売・インバウンド,3106,クラボウ,東Ｐ
ホテル,消費・小売・インバウンド,3121,マーチャント,東Ｓ
ホテル,消費・小売・インバウンド,3231,野村不ＨＤ,東Ｐ
ホテル,消費・小売・インバウンド,3232,三重交ＨＤ,東Ｐ
ホテル,消費・小売・インバウンド,3237,イントランス,東Ｇ
ホテル,消費・小売・インバウンド,3242,アーバネット,東Ｓ
ホテル,消費・小売・インバウンド,3284,フージャース,東Ｐ
ホテル,消費・小売・インバウンド,3287,星野Ｒリート,東Ｒ
ホテル,消費・小売・インバウンド,3289,東急不ＨＤ,東Ｐ
ホテル,消費・小売・インバウンド,3293,アズマハウス,東Ｓ
ホテル,消費・小売・インバウンド,3326,ランシステム,東Ｓ
ホテル,消費・小売・インバウンド,3350,メタプラ,東Ｓ
ホテル,消費・小売・インバウンド,3452,ビーロット,東Ｓ
ホテル,消費・小売・インバウンド,3454,Ｆブラザーズ,東Ｓ
ホテル,消費・小売・インバウンド,3463,いちごホテル,東Ｒ
ホテル,消費・小売・インバウンド,3467,アグレ都市,東Ｓ
ホテル,消費・小売・インバウンド,3469,デュアルＴ,東Ｓ
ホテル,消費・小売・インバウンド,3479,ＴＫＰ,東Ｇ
ホテル,消費・小売・インバウンド,3498,霞ヶ関Ｃ,東Ｐ
ホテル,消費・小売・インバウンド,3772,ウェルス,東Ｓ
ホテル,消費・小売・インバウンド,4221,大倉工,東Ｐ
ホテル,消費・小売・インバウンド,4331,Ｔ＆Ｇニーズ,東Ｐ
ホテル,消費・小売・インバウンド,4661,ＯＬＣ,東Ｐ
ホテル,消費・小売・インバウンド,4681,リゾートトラ,東Ｐ
ホテル,消費・小売・インバウンド,4691,ワシントンＨ,東Ｓ
ホテル,消費・小売・インバウンド,5261,リソル,東Ｐ
ホテル,消費・小売・インバウンド,5532,リアルゲイト,東Ｇ
ホテル,消費・小売・インバウンド,5965,フジマック,東Ｓ
ホテル,消費・小売・インバウンド,6178,日本郵政,東Ｐ
ホテル,消費・小売・インバウンド,6419,マースＧＨＤ,東Ｐ
ホテル,消費・小売・インバウンド,6425,ユニバーサル,東Ｓ
ホテル,消費・小売・インバウンド,6498,キッツ,東Ｐ
ホテル,消費・小売・インバウンド,6547,グリーンズ,東Ｓ
ホテル,消費・小売・インバウンド,6561,ハナツアーＪ,東Ｇ
ホテル,消費・小売・インバウンド,6565,ＡＢホテル,名Ｍ
ホテル,消費・小売・インバウンド,6775,ＴＢグループ,東Ｓ
ホテル,消費・小売・インバウンド,6819,伊豆シャボ,東Ｓ
ホテル,消費・小売・インバウンド,7035,アンファク,東Ｓ
ホテル,消費・小売・インバウンド,7040,サンライフＨ,東Ｓ
ホテル,消費・小売・インバウンド,7638,ＮＥＷＡＲＴ,東Ｓ
ホテル,消費・小売・インバウンド,8179,ロイヤルＨＤ,東Ｐ
ホテル,消費・小売・インバウンド,8247,大和デ,東Ｓ
ホテル,消費・小売・インバウンド,8439,東京センチュ,東Ｐ
ホテル,消費・小売・インバウンド,8783,ａｂｃ,東Ｓ
ホテル,消費・小売・インバウンド,8801,三井不,東Ｐ
ホテル,消費・小売・インバウンド,8802,菱地所,東Ｐ
ホテル,消費・小売・インバウンド,8804,東建物,東Ｐ
ホテル,消費・小売・インバウンド,8830,住友不,東Ｐ
ホテル,消費・小売・インバウンド,8844,コスモスイニ,東Ｓ
ホテル,消費・小売・インバウンド,8848,レオパレス,東Ｐ
ホテル,消費・小売・インバウンド,8850,スターツ,東Ｐ
ホテル,消費・小売・インバウンド,8871,ゴールドクレ,東Ｓ
ホテル,消費・小売・インバウンド,8876,リログループ,東Ｐ
ホテル,消費・小売・インバウンド,8892,エスコン,東Ｐ
ホテル,消費・小売・インバウンド,8897,ミラースＨＤ,東Ｐ
ホテル,消費・小売・インバウンド,8920,東祥,東Ｓ
ホテル,消費・小売・インバウンド,8923,トーセイ,東Ｐ
ホテル,消費・小売・インバウンド,8928,穴吹興産,東Ｓ
ホテル,消費・小売・インバウンド,8934,サンフロ不,東Ｐ
ホテル,消費・小売・インバウンド,8985,ホテルリート,東Ｒ
ホテル,消費・小売・インバウンド,9001,東武,東Ｐ
ホテル,消費・小売・インバウンド,9003,相鉄ＨＤ,東Ｐ
ホテル,消費・小売・インバウンド,9005,東急,東Ｐ
ホテル,消費・小売・インバウンド,9006,京急,東Ｐ
ホテル,消費・小売・インバウンド,9007,小田急,東Ｐ
ホテル,消費・小売・インバウンド,9008,京王,東Ｐ
ホテル,消費・小売・インバウンド,9017,新潟交,東Ｓ
ホテル,消費・小売・インバウンド,9020,ＪＲ東日本,東Ｐ
ホテル,消費・小売・インバウンド,9021,ＪＲ西日本,東Ｐ
ホテル,消費・小売・インバウンド,9024,西武ＨＤ,東Ｐ
ホテル,消費・小売・インバウンド,9031,西鉄,東Ｐ
ホテル,消費・小売・インバウンド,9045,京阪ＨＤ,東Ｐ
ホテル,消費・小売・インバウンド,9049,京福電,東Ｓ
ホテル,消費・小売・インバウンド,9069,センコーＨＤ,東Ｐ
ホテル,消費・小売・インバウンド,9085,中バス,札証
ホテル,消費・小売・インバウンド,9115,明海グループ,東Ｓ
ホテル,消費・小売・インバウンド,9142,ＪＲ九州,東Ｐ
ホテル,消費・小売・インバウンド,9171,栗林船,東Ｓ
ホテル,消費・小売・インバウンド,9173,東海汽,東Ｓ
ホテル,消費・小売・インバウンド,9252,ラストワンＭ,東Ｇ
ホテル,消費・小売・インバウンド,9324,安田倉,東Ｐ
ホテル,消費・小売・インバウンド,9355,リンコー,東Ｓ
ホテル,消費・小売・インバウンド,9603,ＨＩＳ,東Ｐ
ホテル,消費・小売・インバウンド,9605,東映,東Ｐ
ホテル,消費・小売・インバウンド,9616,共立メンテ,東Ｐ
ホテル,消費・小売・インバウンド,9656,グリンランド,東Ｓ
ホテル,消費・小売・インバウンド,9704,アゴーラＨＧ,東Ｓ
ホテル,消費・小売・インバウンド,9708,帝ホテル,東Ｓ
ホテル,消費・小売・インバウンド,9713,ロイヤルホ,東Ｓ
ホテル,消費・小売・インバウンド,9720,グランド,東Ｓ
ホテル,消費・小売・インバウンド,9722,藤田観,東Ｐ
ホテル,消費・小売・インバウンド,9723,京都ホ,東Ｓ
ホテル,消費・小売・インバウンド,9791,ビケンテクノ,東Ｓ
ホテル,消費・小売・インバウンド,9816,ストライダズ,東Ｓ
ホテル,消費・小売・インバウンド,9997,ベルーナ,東Ｐ
モバイルコンテンツ,消費・小売・インバウンド,2193,クックパッド,東Ｓ
モバイルコンテンツ,消費・小売・インバウンド,2330,フォーサイド,東Ｓ
モバイルコンテンツ,消費・小売・インバウンド,2404,鉄人化ＨＤ,東Ｓ
モバイルコンテンツ,消費・小売・インバウンド,2432,ディーエヌエ,東Ｐ
モバイルコンテンツ,消費・小売・インバウンド,3627,テクミラ,東Ｓ
モバイルコンテンツ,消費・小売・インバウンド,3632,グリーＨＤ,東Ｐ
モバイルコンテンツ,消費・小売・インバウンド,3634,ソケッツ,東Ｓ
モバイルコンテンツ,消費・小売・インバウンド,3639,ボルテージ,東Ｓ
モバイルコンテンツ,消費・小売・インバウンド,3641,パピレス,東Ｓ
モバイルコンテンツ,消費・小売・インバウンド,3646,駅探,東Ｓ
モバイルコンテンツ,消費・小売・インバウンド,3656,ＫＬａｂ,東Ｐ
モバイルコンテンツ,消費・小売・インバウンド,3659,ネクソン,東Ｐ
モバイルコンテンツ,消費・小売・インバウンド,3661,エムアップ,東Ｐ
モバイルコンテンツ,消費・小売・インバウンド,3662,エイチーム,東Ｐ
モバイルコンテンツ,消費・小売・インバウンド,3663,セルシス,東Ｐ
モバイルコンテンツ,消費・小売・インバウンド,3667,ｅｎｉｓｈ,東Ｓ
モバイルコンテンツ,消費・小売・インバウンド,3668,コロプラ,東Ｐ
モバイルコンテンツ,消費・小売・インバウンド,3678,メディアドゥ,東Ｐ
モバイルコンテンツ,消費・小売・インバウンド,3696,セレス,東Ｐ
モバイルコンテンツ,消費・小売・インバウンド,3739,コムシード,名Ｎ
モバイルコンテンツ,消費・小売・インバウンド,3758,アエリア,東Ｓ
モバイルコンテンツ,消費・小売・インバウンド,3760,ケイブ,東Ｓ
モバイルコンテンツ,消費・小売・インバウンド,3793,ドリコム,東Ｇ
モバイルコンテンツ,消費・小売・インバウンド,3815,メディア工房,東Ｇ
モバイルコンテンツ,消費・小売・インバウンド,3845,アイフリーク,東Ｓ
モバイルコンテンツ,消費・小売・インバウンド,3851,日本一ソフト,東Ｓ
モバイルコンテンツ,消費・小売・インバウンド,3853,アステリア,東Ｐ
モバイルコンテンツ,消費・小売・インバウンド,3903,ｇｕｍｉ,東Ｐ
モバイルコンテンツ,消費・小売・インバウンド,3909,ショーケース,東Ｓ
モバイルコンテンツ,消費・小売・インバウンド,3911,Ａｉｍｉｎｇ,東Ｇ
モバイルコンテンツ,消費・小売・インバウンド,3912,モバファク,東Ｓ
モバイルコンテンツ,消費・小売・インバウンド,3935,エディア,東Ｓ
モバイルコンテンツ,消費・小売・インバウンド,3981,ビーグリー,東Ｓ
モバイルコンテンツ,消費・小売・インバウンド,4014,カラダノート,東Ｇ
モバイルコンテンツ,消費・小売・インバウンド,4059,まぐまぐ,東Ｓ
モバイルコンテンツ,消費・小売・インバウンド,4175,コリー,東Ｇ
モバイルコンテンツ,消費・小売・インバウンド,4178,Ｓイノベ,東Ｇ
モバイルコンテンツ,消費・小売・インバウンド,4199,ワンプラ,東Ｇ
モバイルコンテンツ,消費・小売・インバウンド,4293,セプテニＨＤ,東Ｓ
モバイルコンテンツ,消費・小売・インバウンド,4308,Ｊストリーム,東Ｇ
モバイルコンテンツ,消費・小売・インバウンド,4376,くふうカンパ,東Ｇ
モバイルコンテンツ,消費・小売・インバウンド,4424,Ａｍａｚｉａ,東Ｇ
モバイルコンテンツ,消費・小売・インバウンド,4442,バルテスＨＤ,東Ｇ
モバイルコンテンツ,消費・小売・インバウンド,4446,リンクユーＧ,東Ｓ
モバイルコンテンツ,消費・小売・インバウンド,4644,イマジニア,東Ｓ
モバイルコンテンツ,消費・小売・インバウンド,4772,ＳＭＥＪ,東Ｇ
モバイルコンテンツ,消費・小売・インバウンド,4784,ＧＭＯインタ,東Ｐ
モバイルコンテンツ,消費・小売・インバウンド,4800,オリコン,東Ｓ
モバイルコンテンツ,消費・小売・インバウンド,4829,日エンター,東Ｓ
モバイルコンテンツ,消費・小売・インバウンド,5031,モイ,東Ｇ
モバイルコンテンツ,消費・小売・インバウンド,5243,ノート,東Ｇ
モバイルコンテンツ,消費・小売・インバウンド,5575,グロービー,東Ｇ
モバイルコンテンツ,消費・小売・インバウンド,6177,アップバンク,東Ｇ
モバイルコンテンツ,消費・小売・インバウンド,6238,フリュー,東Ｐ
モバイルコンテンツ,消費・小売・インバウンド,6460,セガサミー,東Ｐ
モバイルコンテンツ,消費・小売・インバウンド,6533,オーケストラ,東Ｐ
モバイルコンテンツ,消費・小売・インバウンド,6543,日宣,東Ｓ
モバイルコンテンツ,消費・小売・インバウンド,7138,ＴＯＲＩＣＯ,東Ｇ
モバイルコンテンツ,消費・小売・インバウンド,7356,レッティ,東Ｇ
モバイルコンテンツ,消費・小売・インバウンド,7803,ブシロード,東Ｇ
モバイルコンテンツ,消費・小売・インバウンド,9166,ＧＥＮＤＡ,東Ｇ
モバイルコンテンツ,消費・小売・インバウンド,9343,アイビス,東Ｇ
モバイルコンテンツ,消費・小売・インバウンド,9401,ＴＢＳＨＤ,東Ｐ
モバイルコンテンツ,消費・小売・インバウンド,9413,テレ東ＨＤ,東Ｐ
モバイルコンテンツ,消費・小売・インバウンド,9418,ＵＮＥＸＴ,東Ｐ
モバイルコンテンツ,消費・小売・インバウンド,9432,ＮＴＴ,東Ｐ
モバイルコンテンツ,消費・小売・インバウンド,9433,ＫＤＤＩ,東Ｐ
モバイルコンテンツ,消費・小売・インバウンド,9438,ＭＴＩ,東Ｐ
モバイルコンテンツ,消費・小売・インバウンド,9449,ＧＭＯ,東Ｐ
モバイルコンテンツ,消費・小売・インバウンド,9468,カドカワ,東Ｐ
モバイルコンテンツ,消費・小売・インバウンド,9478,ＳＥＨＩ,東Ｓ
モバイルコンテンツ,消費・小売・インバウンド,9605,東映,東Ｐ
モバイルコンテンツ,消費・小売・インバウンド,9766,コナミＧ,東Ｐ
モバイルコンテンツ,消費・小売・インバウンド,9984,ＳＢＧ,東Ｐ
リサイクル,消費・小売・インバウンド,1407,ウエストＨＤ,東Ｓ
リサイクル,消費・小売・インバウンド,1433,ベステラ,東Ｐ
リサイクル,消費・小売・インバウンド,1450,タナケン,東Ｓ
リサイクル,消費・小売・インバウンド,1491,中外鉱,東Ｓ
リサイクル,消費・小売・インバウンド,1835,東鉄工,東Ｐ
リサイクル,消費・小売・インバウンド,1882,東亜道,東Ｐ
リサイクル,消費・小売・インバウンド,1951,エクシオＧ,東Ｐ
リサイクル,消費・小売・インバウンド,1964,中外炉,東Ｐ
リサイクル,消費・小売・インバウンド,2195,アミタＨＤ,東Ｇ
リサイクル,消費・小売・インバウンド,2681,ゲオＨＤ,東Ｐ
リサイクル,消費・小売・インバウンド,2776,新都ＨＤ,東Ｓ
リサイクル,消費・小売・インバウンド,3023,ラサ商事,東Ｓ
リサイクル,消費・小売・インバウンド,3035,ＫＴＫ,東Ｓ
リサイクル,消費・小売・インバウンド,3070,ジェリビンズ,東Ｇ
リサイクル,消費・小売・インバウンド,3093,トレファク,東Ｐ
リサイクル,消費・小売・インバウンド,3134,Ｈａｍｅｅ,東Ｓ
リサイクル,消費・小売・インバウンド,3168,ＭＥＲＦ,東Ｓ
リサイクル,消費・小売・インバウンド,3184,ＩＣＤＡ,東Ｓ
リサイクル,消費・小売・インバウンド,3315,日本コークス,東Ｐ
リサイクル,消費・小売・インバウンド,3401,帝人,東Ｐ
リサイクル,消費・小売・インバウンド,3402,東レ,東Ｐ
リサイクル,消費・小売・インバウンド,3409,北紡,東Ｓ
リサイクル,消費・小売・インバウンド,3553,共和レ,東Ｓ
リサイクル,消費・小売・インバウンド,3556,リネットＪ,東Ｇ
リサイクル,消費・小売・インバウンド,3708,特種東海,東Ｐ
リサイクル,消費・小売・インバウンド,4022,ラサ工,東Ｐ
リサイクル,消費・小売・インバウンド,4040,南海化学,東Ｓ
リサイクル,消費・小売・インバウンド,4043,トクヤマ,東Ｐ
リサイクル,消費・小売・インバウンド,4063,信越化,東Ｐ
リサイクル,消費・小売・インバウンド,4092,日本化,東Ｐ
リサイクル,消費・小売・インバウンド,4094,日化産,東Ｓ
リサイクル,消費・小売・インバウンド,4125,三和油化工業,東Ｓ
リサイクル,消費・小売・インバウンド,4188,三菱ケミＧ,東Ｐ
リサイクル,消費・小売・インバウンド,4208,ＵＢＥ,東Ｐ
リサイクル,消費・小売・インバウンド,4248,竹本容器,東Ｓ
リサイクル,消費・小売・インバウンド,4385,メルカリ,東Ｐ
リサイクル,消費・小売・インバウンド,4524,仁丹,東Ｓ
リサイクル,消費・小売・インバウンド,4627,ナトコ,東Ｓ
リサイクル,消費・小売・インバウンド,4631,ＤＩＣ,東Ｐ
リサイクル,消費・小売・インバウンド,4651,サニックスＨ,東Ｓ
リサイクル,消費・小売・インバウンド,4732,ＵＳＳ,東Ｐ
リサイクル,消費・小売・インバウンド,4970,東洋合成,東Ｓ
リサイクル,消費・小売・インバウンド,5016,ＪＸ金属,東Ｐ
リサイクル,消費・小売・インバウンド,5020,ＥＮＥＯＳ,東Ｐ
リサイクル,消費・小売・インバウンド,5233,太平洋セメ,東Ｐ
リサイクル,消費・小売・インバウンド,5341,アサヒエイト,東Ｓ
リサイクル,消費・小売・インバウンド,5408,中山鋼,東Ｐ
リサイクル,消費・小売・インバウンド,5411,ＪＦＥ,東Ｐ
リサイクル,消費・小売・インバウンド,5423,東京製鉄,東Ｐ
リサイクル,消費・小売・インバウンド,5440,共英製鋼,東Ｐ
リサイクル,消費・小売・インバウンド,5445,東京鉄,東Ｐ
リサイクル,消費・小売・インバウンド,5541,大平金,東Ｐ
リサイクル,消費・小売・インバウンド,5563,新日本電工,東Ｐ
リサイクル,消費・小売・インバウンド,5602,栗本鉄,東Ｐ
リサイクル,消費・小売・インバウンド,5612,鋳鉄管,東Ｓ
リサイクル,消費・小売・インバウンド,5698,エンビプロ,東Ｓ
リサイクル,消費・小売・インバウンド,5699,イボキン,東Ｓ
リサイクル,消費・小売・インバウンド,5702,大紀ア,東Ｐ
リサイクル,消費・小売・インバウンド,5706,三井金属,東Ｐ
リサイクル,消費・小売・インバウンド,5707,東邦鉛,東Ｐ
リサイクル,消費・小売・インバウンド,5711,三菱マ,東Ｐ
リサイクル,消費・小売・インバウンド,5713,住友鉱,東Ｐ
リサイクル,消費・小売・インバウンド,5714,ＤＯＷＡ,東Ｐ
リサイクル,消費・小売・インバウンド,5724,アサカ理研,東Ｓ
リサイクル,消費・小売・インバウンド,5820,三ッ星,東Ｓ
リサイクル,消費・小売・インバウンド,5857,ＡＲＥＨＤ,東Ｐ
リサイクル,消費・小売・インバウンド,5928,アルメタクス,東Ｓ
リサイクル,消費・小売・インバウンド,6155,高松機械,東Ｓ
リサイクル,消費・小売・インバウンド,6157,日進工具,東Ｓ
リサイクル,消費・小売・インバウンド,6166,中村超硬,東Ｇ
リサイクル,消費・小売・インバウンド,6255,エヌピーシー,東Ｇ
リサイクル,消費・小売・インバウンド,6279,瑞光,東Ｐ
リサイクル,消費・小売・インバウンド,6294,オカアイヨン,東Ｐ
リサイクル,消費・小売・インバウンド,6309,巴工業,東Ｐ
リサイクル,消費・小売・インバウンド,6328,荏原実業,東Ｐ
リサイクル,消費・小売・インバウンド,6347,プラコー,東Ｓ
リサイクル,消費・小売・インバウンド,6360,東自機,東Ｓ
リサイクル,消費・小売・インバウンド,6402,兼松エンジ,東Ｓ
リサイクル,消費・小売・インバウンド,6455,モリタＨＤ,東Ｐ
リサイクル,消費・小売・インバウンド,6470,大豊工業,東Ｓ
リサイクル,消費・小売・インバウンド,6501,日立,東Ｐ
リサイクル,消費・小売・インバウンド,6564,ミダックＨＤ,東Ｐ
リサイクル,消費・小売・インバウンド,6566,要興業,東Ｓ
リサイクル,消費・小売・インバウンド,6674,ＧＳユアサ,東Ｐ
リサイクル,消費・小売・インバウンド,6786,ＲＶＨ,東Ｓ
リサイクル,消費・小売・インバウンド,7081,レンティア,東Ｓ
リサイクル,消費・小売・インバウンド,7226,極東開発,東Ｐ
リサイクル,消費・小売・インバウンド,7375,リファバスＧ,東Ｇ
リサイクル,消費・小売・インバウンド,7456,松田産業,東Ｐ
リサイクル,消費・小売・インバウンド,7685,バイセル,東Ｇ
リサイクル,消費・小売・インバウンド,7733,オリンパス,東Ｐ
リサイクル,消費・小売・インバウンド,7795,ＫＹＯＲＩＴ,東Ｓ
リサイクル,消費・小売・インバウンド,7815,東京ボード,東Ｓ
リサイクル,消費・小売・インバウンド,7826,フルヤ金属,東Ｐ
リサイクル,消費・小売・インバウンド,7871,フクビ,東Ｓ
リサイクル,消費・小売・インバウンド,7936,アシックス,東Ｐ
リサイクル,消費・小売・インバウンド,7947,エフピコ,東Ｐ
リサイクル,消費・小売・インバウンド,7995,バルカー,東Ｐ
リサイクル,消費・小売・インバウンド,8002,丸紅,東Ｐ
リサイクル,消費・小売・インバウンド,8012,長瀬産,東Ｐ
リサイクル,消費・小売・インバウンド,8014,蝶理,東Ｐ
リサイクル,消費・小売・インバウンド,8032,紙パル商,東Ｐ
リサイクル,消費・小売・インバウンド,8053,住友商,東Ｐ
リサイクル,消費・小売・インバウンド,8058,三菱商,東Ｐ
リサイクル,消費・小売・インバウンド,8078,阪和興,東Ｐ
リサイクル,消費・小売・インバウンド,8117,中央自,東Ｓ
リサイクル,消費・小売・インバウンド,8158,ソーダニッカ,東Ｐ
リサイクル,消費・小売・インバウンド,8173,Ｊｏｓｈｉｎ,東Ｐ
リサイクル,消費・小売・インバウンド,8219,青山商,東Ｐ
リサイクル,消費・小売・インバウンド,9039,サカイ引越,東Ｐ
リサイクル,消費・小売・インバウンド,9040,大宝運輸,名Ｍ
リサイクル,消費・小売・インバウンド,9147,ＮＸＨＤ,東Ｐ
リサイクル,消費・小売・インバウンド,9170,成友興業,名Ｍ
リサイクル,消費・小売・インバウンド,9221,フルハシＥ,東Ｓ
リサイクル,消費・小売・インバウンド,9227,マイクロ波,東Ｇ
リサイクル,消費・小売・インバウンド,9247,ＴＲＥＨＤ,東Ｐ
リサイクル,消費・小売・インバウンド,9274,ＫＰＰＧＨＤ,東Ｐ
リサイクル,消費・小売・インバウンド,9336,大栄環境,東Ｐ
リサイクル,消費・小売・インバウンド,9359,伊勢湾,名Ｍ
リサイクル,消費・小売・インバウンド,9551,メタウォータ,東Ｐ
リサイクル,消費・小売・インバウンド,9793,ダイセキ,東Ｐ
リサイクル,消費・小売・インバウンド,9831,ヤマダＨＤ,東Ｐ
中古バイク,消費・小売・インバウンド,3377,バイク王,東Ｓ
中古バイク,消費・小売・インバウンド,3384,アークコア,名Ｎ
中古バイク,消費・小売・インバウンド,3964,オークネット,東Ｐ
中古バイク,消費・小売・インバウンド,5589,オートサーバ,東Ｓ
中古バイク,消費・小売・インバウンド,7134,アップガレＧ,東Ｓ
中古マンション再生,消費・小売・インバウンド,1419,タマホーム,東Ｐ
中古マンション再生,消費・小売・インバウンド,1808,長谷工,東Ｐ
中古マンション再生,消費・小売・インバウンド,2974,大英産業,福証
中古マンション再生,消費・小売・インバウンド,2975,スターマイカ,東Ｐ
中古マンション再生,消費・小売・インバウンド,2978,ツクルバ,東Ｇ
中古マンション再生,消費・小売・インバウンド,2982,ＡＤＷＧ,東Ｐ
中古マンション再生,消費・小売・インバウンド,2986,ＬＡホールデ,東Ｇ
中古マンション再生,消費・小売・インバウンド,2991,ランドネット,東Ｓ
中古マンション再生,消費・小売・インバウンド,3187,ミラタップ,東Ｇ
中古マンション再生,消費・小売・インバウンド,3231,野村不ＨＤ,東Ｐ
中古マンション再生,消費・小売・インバウンド,3236,プロパスト,東Ｓ
中古マンション再生,消費・小売・インバウンド,3260,エスポア,名Ｎ
中古マンション再生,消費・小売・インバウンド,3284,フージャース,東Ｐ
中古マンション再生,消費・小売・インバウンド,3299,ムゲンＥ,東Ｓ
中古マンション再生,消費・小売・インバウンド,3452,ビーロット,東Ｓ
中古マンション再生,消費・小売・インバウンド,3465,ケイアイ不,東Ｐ
中古マンション再生,消費・小売・インバウンド,3477,フォーライフ,東Ｇ
中古マンション再生,消費・小売・インバウンド,3489,フェイスＮＷ,東Ｓ
中古マンション再生,消費・小売・インバウンド,3490,アズ企画設計,東Ｓ
中古マンション再生,消費・小売・インバウンド,3491,ＧＡテクノ,東Ｇ
中古マンション再生,消費・小売・インバウンド,3495,香陵住販,東Ｓ
中古マンション再生,消費・小売・インバウンド,3758,アエリア,東Ｓ
中古マンション再生,消費・小売・インバウンド,5527,プロパテクノ,東Ｇ
中古マンション再生,消費・小売・インバウンド,8737,あかつき本社,東Ｓ
中古マンション再生,消費・小売・インバウンド,8801,三井不,東Ｐ
中古マンション再生,消費・小売・インバウンド,8804,東建物,東Ｐ
中古マンション再生,消費・小売・インバウンド,8860,フジ住,東Ｐ
中古マンション再生,消費・小売・インバウンド,8869,明和地所,東Ｓ
中古マンション再生,消費・小売・インバウンド,8881,日神ＧＨＤ,東Ｐ
中古マンション再生,消費・小売・インバウンド,8897,ミラースＨＤ,東Ｐ
中古マンション再生,消費・小売・インバウンド,8917,ファースト住,東Ｓ
中古マンション再生,消費・小売・インバウンド,8918,ランド,東Ｓ
中古マンション再生,消費・小売・インバウンド,8919,カチタス,東Ｐ
中古マンション再生,消費・小売・インバウンド,8923,トーセイ,東Ｐ
中古マンション再生,消費・小売・インバウンド,8927,明豊エンタ,東Ｓ
中古マンション再生,消費・小売・インバウンド,8928,穴吹興産,東Ｓ
中古住宅,消費・小売・インバウンド,1420,サンヨーＨ,東Ｓ
中古住宅,消費・小売・インバウンド,2974,大英産業,福証
中古住宅,消費・小売・インバウンド,2975,スターマイカ,東Ｐ
中古住宅,消費・小売・インバウンド,2978,ツクルバ,東Ｇ
中古住宅,消費・小売・インバウンド,2991,ランドネット,東Ｓ
中古住宅,消費・小売・インバウンド,2999,ホームポジ,東Ｓ
中古住宅,消費・小売・インバウンド,3241,ウィル,東Ｓ
中古住宅,消費・小売・インバウンド,3293,アズマハウス,東Ｓ
中古住宅,消費・小売・インバウンド,3297,東武住販,東Ｓ
中古住宅,消費・小売・インバウンド,3465,ケイアイ不,東Ｐ
中古住宅,消費・小売・インバウンド,5527,プロパテクノ,東Ｇ
中古住宅,消費・小売・インバウンド,8737,あかつき本社,東Ｓ
中古住宅,消費・小売・インバウンド,8860,フジ住,東Ｐ
中古住宅,消費・小売・インバウンド,8918,ランド,東Ｓ
中古住宅,消費・小売・インバウンド,8919,カチタス,東Ｐ
中古住宅,消費・小売・インバウンド,8996,フリーダム,東Ｓ
中古住宅,消費・小売・インバウンド,8999,グランディ,東Ｐ
中古建機,消費・小売・インバウンド,3135,マーケットＥ,東Ｓ
中古建機,消費・小売・インバウンド,3856,Ａバランス,東Ｓ
中古建機,消費・小売・インバウンド,6045,レントラクス,東Ｇ
中古建機,消費・小売・インバウンド,9678,カナモト,東Ｐ
中古本,消費・小売・インバウンド,2674,ハードオフ,東Ｐ
中古本,消費・小売・インバウンド,3058,三洋堂ＨＤ,東Ｓ
中古本,消費・小売・インバウンド,3177,ありがとうＳ,東Ｓ
中古本,消費・小売・インバウンド,3556,リネットＪ,東Ｇ
中古本,消費・小売・インバウンド,7610,テイツー,東Ｓ
中古本,消費・小売・インバウンド,7640,トップカルチ,東Ｓ
中古本,消費・小売・インバウンド,9278,ブックオフＧ,東Ｐ
中古本,消費・小売・インバウンド,9978,文教堂ＧＨＤ,東Ｓ
中古車,消費・小売・インバウンド,2480,シスロケ,東Ｓ
中古車,消費・小売・インバウンド,2666,オートＷ,東Ｓ
中古車,消費・小売・インバウンド,2734,サーラ,東Ｐ
中古車,消費・小売・インバウンド,2788,アップル,東Ｓ
中古車,消費・小売・インバウンド,3047,トラックワン,福Ｑ
中古車,消費・小売・インバウンド,3184,ＩＣＤＡ,東Ｓ
中古車,消費・小売・インバウンド,3186,ネクステージ,東Ｐ
中古車,消費・小売・インバウンド,3190,ホットマン,東Ｓ
中古車,消費・小売・インバウンド,3352,バッファロー,東Ｓ
中古車,消費・小売・インバウンド,3422,Ｊ－ＭＡＸ,東Ｓ
中古車,消費・小売・インバウンド,3538,ウイルプラス,東Ｓ
中古車,消費・小売・インバウンド,3662,エイチーム,東Ｐ
中古車,消費・小売・インバウンド,3964,オークネット,東Ｐ
中古車,消費・小売・インバウンド,4193,ファブリカ,東Ｓ
中古車,消費・小売・インバウンド,4689,ラインヤフー,東Ｐ
中古車,消費・小売・インバウンド,4732,ＵＳＳ,東Ｐ
中古車,消費・小売・インバウンド,5589,オートサーバ,東Ｓ
中古車,消費・小売・インバウンド,5618,ナイル,東Ｇ
中古車,消費・小売・インバウンド,5698,エンビプロ,東Ｓ
中古車,消費・小売・インバウンド,6345,アイチコーポ,東Ｐ
中古車,消費・小売・インバウンド,7134,アップガレＧ,東Ｓ
中古車,消費・小売・インバウンド,7199,プレミアＧ,東Ｐ
中古車,消費・小売・インバウンド,7320,Ｓｏｌｖｖｙ,東Ｇ
中古車,消費・小売・インバウンド,7593,ＶＴＨＤ,東Ｐ
中古車,消費・小売・インバウンド,7599,ＩＤＯＭ,東Ｐ
中古車,消費・小売・インバウンド,7602,レダックス,東Ｓ
中古車,消費・小売・インバウンド,7685,バイセル,東Ｇ
中古車,消費・小売・インバウンド,8291,日産東ＨＤ,東Ｓ
中古車,消費・小売・インバウンド,9028,ゼロ,東Ｓ
中古車,消費・小売・インバウンド,9268,オプティマス,東Ｓ
中古車,消費・小売・インバウンド,9361,伏木運,東Ｓ
中古車,消費・小売・インバウンド,9832,オートバクス,東Ｐ
中古車,消費・小売・インバウンド,9856,ケーユーＨＤ,東Ｓ
位置情報ゲーム,消費・小売・インバウンド,2593,伊藤園,東Ｐ
位置情報ゲーム,消費・小売・インバウンド,3668,コロプラ,東Ｐ
位置情報ゲーム,消費・小売・インバウンド,3765,ガンホー,東Ｐ
位置情報ゲーム,消費・小売・インバウンド,3912,モバファク,東Ｓ
位置情報ゲーム,消費・小売・インバウンド,3935,エディア,東Ｓ
位置情報ゲーム,消費・小売・インバウンド,4676,フジＨＤ,東Ｐ
位置情報ゲーム,消費・小売・インバウンド,7974,任天堂,東Ｐ
位置情報ゲーム,消費・小売・インバウンド,8306,三菱ＵＦＪ,東Ｐ
位置情報ゲーム,消費・小売・インバウンド,9984,ＳＢＧ,東Ｐ
化粧品,消費・小売・インバウンド,2267,ヤクルト,東Ｐ
化粧品,消費・小売・インバウンド,2385,総医研ＨＤ,東Ｇ
化粧品,消費・小売・インバウンド,2659,サンエー,東Ｐ
化粧品,消費・小売・インバウンド,2664,カワチ薬品,東Ｐ
化粧品,消費・小売・インバウンド,2722,アイケイＨＤ,東Ｓ
化粧品,消費・小売・インバウンド,2733,あらた,東Ｐ
化粧品,消費・小売・インバウンド,2901,Ｗディッシュ,東Ｓ
化粧品,消費・小売・インバウンド,2902,太陽化,名Ｍ
化粧品,消費・小売・インバウンド,2927,ＡＦＣ－ＨＤ,東Ｓ
化粧品,消費・小売・インバウンド,2928,ＲＩＺＡＰ,札Ａ
化粧品,消費・小売・インバウンド,2929,ファーマＦ,東Ｐ
化粧品,消費・小売・インバウンド,2930,北の達人,東Ｐ
化粧品,消費・小売・インバウンド,2931,ユーグレナ,東Ｐ
化粧品,消費・小売・インバウンド,2934,ジェイフロ,東Ｇ
化粧品,消費・小売・インバウンド,3020,アプライド,東Ｓ
化粧品,消費・小売・インバウンド,3071,ストリーム,東Ｓ
化粧品,消費・小売・インバウンド,3088,マツキヨココ,東Ｐ
化粧品,消費・小売・インバウンド,3111,オーミケンシ,東Ｓ
化粧品,消費・小売・インバウンド,3134,Ｈａｍｅｅ,東Ｓ
化粧品,消費・小売・インバウンド,3140,ＢＲＵＮＯ,東Ｇ
化粧品,消費・小売・インバウンド,3148,クリエイトＳ,東Ｐ
化粧品,消費・小売・インバウンド,3172,ティーライフ,東Ｓ
化粧品,消費・小売・インバウンド,3180,Ｂガレージ,東Ｐ
化粧品,消費・小売・インバウンド,3204,トーア紡,東Ｓ
化粧品,消費・小売・インバウンド,3349,コスモス薬品,東Ｐ
化粧品,消費・小売・インバウンド,3417,大木ヘルス,東Ｓ
化粧品,消費・小売・インバウンド,3536,アクサスＨＤ,東Ｓ
化粧品,消費・小売・インバウンド,3544,サツドラＨＤ,東Ｓ
化粧品,消費・小売・インバウンド,3549,クスリアオキ,東Ｓ
化粧品,消費・小売・インバウンド,3569,セーレン,東Ｐ
化粧品,消費・小売・インバウンド,3583,オーベクス,東Ｓ
化粧品,消費・小売・インバウンド,3608,ＴＳＩＨＤ,東Ｐ
化粧品,消費・小売・インバウンド,3624,アクセルＭ,東Ｇ
化粧品,消費・小売・インバウンド,3647,アスリナ,東Ｓ
化粧品,消費・小売・インバウンド,3660,アイスタイル,東Ｐ
化粧品,消費・小売・インバウンド,3662,エイチーム,東Ｐ
化粧品,消費・小売・インバウンド,3726,フォーシーズ,東Ｓ
化粧品,消費・小売・インバウンド,3747,インタートレ,東Ｓ
化粧品,消費・小売・インバウンド,3815,メディア工房,東Ｇ
化粧品,消費・小売・インバウンド,3840,ヴィクトン,東Ｓ
化粧品,消費・小売・インバウンド,3951,朝日印刷,東Ｓ
化粧品,消費・小売・インバウンド,4028,石原産,東Ｐ
化粧品,消費・小売・インバウンド,4031,片倉コープ,東Ｓ
化粧品,消費・小売・インバウンド,4078,堺化学,東Ｐ
化粧品,消費・小売・インバウンド,4098,チタン,東Ｓ
化粧品,消費・小売・インバウンド,4114,日触媒,東Ｐ
化粧品,消費・小売・インバウンド,4187,大有機,東Ｐ
化粧品,消費・小売・インバウンド,4189,ＫＨネオケム,東Ｐ
化粧品,消費・小売・インバウンド,4228,積化成,東Ｐ
化粧品,消費・小売・インバウンド,4248,竹本容器,東Ｓ
化粧品,消費・小売・インバウンド,4249,森六,東Ｐ
化粧品,消費・小売・インバウンド,4362,日精化,東Ｐ
化粧品,消費・小売・インバウンド,4390,アイピーエス,東Ｐ
化粧品,消費・小売・インバウンド,4452,花王,東Ｐ
化粧品,消費・小売・インバウンド,4463,日華化学,東Ｓ
化粧品,消費・小売・インバウンド,4471,三洋化,東Ｐ
化粧品,消費・小売・インバウンド,4524,仁丹,東Ｓ
化粧品,消費・小売・インバウンド,4527,ロート,東Ｐ
化粧品,消費・小売・インバウンド,4534,持田薬,東Ｐ
化粧品,消費・小売・インバウンド,4570,免疫生物研,東Ｇ
化粧品,消費・小売・インバウンド,4571,ＮＡＮＯＨＤ,東Ｇ
化粧品,消費・小売・インバウンド,4665,ダスキン,東Ｐ
化粧品,消費・小売・インバウンド,4679,田谷,東Ｓ
化粧品,消費・小売・インバウンド,4880,セルソース,東Ｓ
化粧品,消費・小売・インバウンド,4901,富士フイルム,東Ｐ
化粧品,消費・小売・インバウンド,4911,資生堂,東Ｐ
化粧品,消費・小売・インバウンド,4912,ライオン,東Ｐ
化粧品,消費・小売・インバウンド,4918,アイビー,東Ｓ
化粧品,消費・小売・インバウンド,4919,ミルボン,東Ｐ
化粧品,消費・小売・インバウンド,4920,日本色材,東Ｓ
化粧品,消費・小売・インバウンド,4922,コーセーＨＤ,東Ｐ
化粧品,消費・小売・インバウンド,4923,ＣＯＴＡ,東Ｐ
化粧品,消費・小売・インバウンド,4925,ハーバー研,東Ｓ
化粧品,消費・小売・インバウンド,4926,シーボン,東Ｓ
化粧品,消費・小売・インバウンド,4927,ポーラＨＤ,東Ｐ
化粧品,消費・小売・インバウンド,4928,ノエビアＨＤ,東Ｐ
化粧品,消費・小売・インバウンド,4929,アジュバン,東Ｓ
化粧品,消費・小売・インバウンド,4931,新日本製薬,東Ｐ
化粧品,消費・小売・インバウンド,4932,アルマード,東Ｓ
化粧品,消費・小売・インバウンド,4933,Ｉｎｅ,東Ｐ
化粧品,消費・小売・インバウンド,4934,Ｐアンチエイ,東Ｇ
化粧品,消費・小売・インバウンド,4935,リベルタ,東Ｓ
化粧品,消費・小売・インバウンド,4936,アクシージア,東Ｓ
化粧品,消費・小売・インバウンド,4937,ワクー,東Ｇ
化粧品,消費・小売・インバウンド,4958,長谷川香料,東Ｐ
化粧品,消費・小売・インバウンド,4977,新田ゼラチン,東Ｓ
化粧品,消費・小売・インバウンド,5161,西川ゴム,東Ｓ
化粧品,消費・小売・インバウンド,5388,クニミネ,東Ｓ
化粧品,消費・小売・インバウンド,6058,ベクトル,東Ｐ
化粧品,消費・小売・インバウンド,6069,トレンダ,東Ｇ
化粧品,消費・小売・インバウンド,6428,オーイズミ,東Ｓ
化粧品,消費・小売・インバウンド,6630,ヤーマン,東Ｐ
化粧品,消費・小売・インバウンド,7044,ピアラ,東Ｓ
化粧品,消費・小売・インバウンド,7413,創健社,東Ｓ
化粧品,消費・小売・インバウンド,7433,伯東,東Ｐ
化粧品,消費・小売・インバウンド,7444,ハリマ共和,東Ｓ
化粧品,消費・小売・インバウンド,7459,メディパル,東Ｐ
化粧品,消費・小売・インバウンド,7506,ハウスローゼ,東Ｓ
化粧品,消費・小売・インバウンド,7679,薬王堂ＨＤ,東Ｐ
化粧品,消費・小売・インバウンド,7806,ＭＴＧ,東Ｇ
化粧品,消費・小売・インバウンド,7819,粧美堂,東Ｓ
化粧品,消費・小売・インバウンド,7872,エステール,東Ｓ
化粧品,消費・小売・インバウンド,7932,ニッピ,東Ｓ
化粧品,消費・小売・インバウンド,7976,菱鉛筆,東Ｐ
化粧品,消費・小売・インバウンド,8005,スクロール,東Ｐ
化粧品,消費・小売・インバウンド,8016,オンワード,東Ｐ
化粧品,消費・小売・インバウンド,8095,アステナＨＤ,東Ｐ
化粧品,消費・小売・インバウンド,9162,ブリーチ,東Ｇ
化粧品,消費・小売・インバウンド,9212,ＧＥＩ,東Ｇ
化粧品,消費・小売・インバウンド,9267,Ｇｅｎｋｙ,東Ｐ
化粧品,消費・小売・インバウンド,9385,ショーエイ,東Ｓ
化粧品,消費・小売・インバウンド,9428,クロップス,東Ｓ
化粧品,消費・小売・インバウンド,9439,ＭＨグループ,東Ｓ
化粧品,消費・小売・インバウンド,9627,アインＨＤ,東Ｐ
化粧品,消費・小売・インバウンド,9788,ナック,東Ｐ
化粧品,消費・小売・インバウンド,9878,セキド,東Ｓ
化粧品,消費・小売・インバウンド,9885,シャルレ,東Ｓ
化粧品,消費・小売・インバウンド,9941,太洋物産,東Ｓ
化粧品,消費・小売・インバウンド,9980,ＭＲＫＨＬＤ,東Ｓ
化粧品,消費・小売・インバウンド,9989,サンドラッグ,東Ｐ
化粧品,消費・小売・インバウンド,9997,ベルーナ,東Ｐ
外食,消費・小売・インバウンド,1381,アクシーズ,東Ｓ
外食,消費・小売・インバウンド,2003,日東富士,東Ｓ
外食,消費・小売・インバウンド,2211,不二家,東Ｐ
外食,消費・小売・インバウンド,2212,山パン,東Ｐ
外食,消費・小売・インバウンド,2294,柿安本店,東Ｐ
外食,消費・小売・インバウンド,2304,ＣＳＳ,東Ｓ
外食,消費・小売・インバウンド,2371,カカクコム,東Ｐ
外食,消費・小売・インバウンド,2404,鉄人化ＨＤ,東Ｓ
外食,消費・小売・インバウンド,2440,ぐるなび,東Ｓ
外食,消費・小売・インバウンド,2501,サッポロ,東Ｐ
外食,消費・小売・インバウンド,2594,キーコーヒー,東Ｐ
外食,消費・小売・インバウンド,2654,アスモ,東Ｓ
外食,消費・小売・インバウンド,2659,サンエー,東Ｐ
外食,消費・小売・インバウンド,2683,ＵＯＧ,東Ｓ
外食,消費・小売・インバウンド,2694,焼肉坂井ＨＤ,東Ｓ
外食,消費・小売・インバウンド,2695,くら寿司,東Ｐ
外食,消費・小売・インバウンド,2702,マクドナルド,東Ｓ
外食,消費・小売・インバウンド,2705,大戸屋ＨＤ,東Ｓ
外食,消費・小売・インバウンド,2751,テンポスＨＤ,東Ｓ
外食,消費・小売・インバウンド,2752,フジオフード,東Ｐ
外食,消費・小売・インバウンド,2753,あみやき,東Ｐ
外食,消費・小売・インバウンド,2762,ＳＡＮＫＯ,東Ｓ
外食,消費・小売・インバウンド,2764,ひらまつ,東Ｓ
外食,消費・小売・インバウンド,2789,カルラ,東Ｓ
外食,消費・小売・インバウンド,2798,Ｙｓテーブル,東Ｓ
外食,消費・小売・インバウンド,2813,和弘食品,東Ｓ
外食,消費・小売・インバウンド,2818,ピエトロ,東Ｓ
外食,消費・小売・インバウンド,2876,デルソーレ,東Ｓ
外食,消費・小売・インバウンド,2882,イートアンド,東Ｐ
外食,消費・小売・インバウンド,2883,大冷,東Ｓ
外食,消費・小売・インバウンド,2927,ＡＦＣ－ＨＤ,東Ｓ
外食,消費・小売・インバウンド,2984,ヤマイチ,東Ｓ
外食,消費・小売・インバウンド,3030,ハブ,東Ｓ
外食,消費・小売・インバウンド,3038,神戸物産,東Ｐ
外食,消費・小売・インバウンド,3053,ペッパー,東Ｓ
外食,消費・小売・インバウンド,3063,Ｊグループ,東Ｇ
外食,消費・小売・インバウンド,3065,ライフフーズ,東Ｓ
外食,消費・小売・インバウンド,3066,ＪＢイレブン,名Ｍ
外食,消費・小売・インバウンド,3067,東京一番,東Ｓ
外食,消費・小売・インバウンド,3068,ＷＤＩ,東Ｓ
外食,消費・小売・インバウンド,3069,ＪＦＬＡＨＤ,東Ｓ
外食,消費・小売・インバウンド,3075,銚子丸,東Ｓ
外食,消費・小売・インバウンド,3077,ホリイフード,東Ｓ
外食,消費・小売・インバウンド,3082,きちりＨＤ,東Ｓ
外食,消費・小売・インバウンド,3087,ドトル日レス,東Ｐ
外食,消費・小売・インバウンド,3091,ブロンコＢ,東Ｐ
外食,消費・小売・インバウンド,3096,オーシャンシ,東Ｓ
外食,消費・小売・インバウンド,3097,物語コーポ,東Ｐ
外食,消費・小売・インバウンド,3133,海帆,東Ｇ
外食,消費・小売・インバウンド,3175,ＡＰＨＤ,東Ｓ
外食,消費・小売・インバウンド,3177,ありがとうＳ,東Ｓ
外食,消費・小売・インバウンド,3193,エターナルＧ,東Ｐ
外食,消費・小売・インバウンド,3196,ホットランド,東Ｐ
外食,消費・小売・インバウンド,3197,すかいらーく,東Ｐ
外食,消費・小売・インバウンド,3221,ヨシックス,東Ｐ
外食,消費・小売・インバウンド,3223,ＳＬＤ,東Ｓ
外食,消費・小売・インバウンド,3224,Ｇオイスター,東Ｇ
外食,消費・小売・インバウンド,3293,アズマハウス,東Ｓ
外食,消費・小売・インバウンド,3317,フライングＧ,東Ｓ
外食,消費・小売・インバウンド,3329,東和フード,東Ｓ
外食,消費・小売・インバウンド,3352,バッファロー,東Ｓ
外食,消費・小売・インバウンド,3358,Ｔｒａｉｌ,東Ｓ
外食,消費・小売・インバウンド,3370,フジタコーポ,東Ｓ
外食,消費・小売・インバウンド,3372,関門海,東Ｓ
外食,消費・小売・インバウンド,3382,セブン＆アイ,東Ｐ
外食,消費・小売・インバウンド,3387,クリレスＨＤ,東Ｐ
外食,消費・小売・インバウンド,3392,デリカフＨＤ,東Ｓ
外食,消費・小売・インバウンド,3395,サンマルク,東Ｐ
外食,消費・小売・インバウンド,3397,トリドール,東Ｐ
外食,消費・小売・インバウンド,3399,山岡家,東Ｓ
外食,消費・小売・インバウンド,3418,バルニバービ,東Ｇ
外食,消費・小売・インバウンド,3474,Ｇ－ＦＡＣ,東Ｇ
外食,消費・小売・インバウンド,3539,ＪＭＨＤ,東Ｐ
外食,消費・小売・インバウンド,3543,コメダ,東Ｐ
外食,消費・小売・インバウンド,3547,ユニシアＨＤ,東Ｓ
外食,消費・小売・インバウンド,3557,Ｕ＆Ｃ,東Ｇ
外食,消費・小売・インバウンド,3561,力の源ＨＤ,東Ｐ
外食,消費・小売・インバウンド,3563,Ｆ＆ＬＣ,東Ｐ
外食,消費・小売・インバウンド,3608,ＴＳＩＨＤ,東Ｐ
外食,消費・小売・インバウンド,3823,ＷＨＤＣ,東Ｓ
外食,消費・小売・インバウンド,3963,シンクロ,東Ｐ
外食,消費・小売・インバウンド,4287,ジャストプラ,東Ｓ
外食,消費・小売・インバウンド,4665,ダスキン,東Ｐ
外食,消費・小売・インバウンド,4755,楽天グループ,東Ｐ
外食,消費・小売・インバウンド,5891,サキガケＨＤ,東Ｓ
外食,消費・小売・インバウンド,5965,フジマック,東Ｓ
外食,消費・小売・インバウンド,5982,マルゼン,東Ｓ
外食,消費・小売・インバウンド,6059,ウチヤマＨＤ,東Ｓ
外食,消費・小売・インバウンド,6076,アメイズ,福証
外食,消費・小売・インバウンド,6086,シンメンテ,東Ｇ
外食,消費・小売・インバウンド,6459,だいわ,東Ｐ
外食,消費・小売・インバウンド,6465,ホシザキ,東Ｐ
外食,消費・小売・インバウンド,6558,クックビズ,東Ｇ
外食,消費・小売・インバウンド,7078,ＩＮＣＨＤ,東Ｇ
外食,消費・小売・インバウンド,7083,ＡＨＣ,東Ｇ
外食,消費・小売・インバウンド,7114,フーディソン,東Ｇ
外食,消費・小売・インバウンド,7118,伸和ＨＤ,名Ｎ
外食,消費・小売・インバウンド,7127,一家ＨＤ,東Ｓ
外食,消費・小売・インバウンド,7356,レッティ,東Ｇ
外食,消費・小売・インバウンド,7412,アトム,東Ｓ
外食,消費・小売・インバウンド,7421,カッパクリエ,東Ｐ
外食,消費・小売・インバウンド,7441,Ｍｉｓｕｍｉ,福証
外食,消費・小売・インバウンド,7458,第一興商,東Ｐ
外食,消費・小売・インバウンド,7490,日新商,東Ｓ
外食,消費・小売・インバウンド,7494,コナカ,東Ｓ
外食,消費・小売・インバウンド,7508,ＧセブンＨＤ,東Ｐ
外食,消費・小売・インバウンド,7515,マルヨシ,東Ｓ
外食,消費・小売・インバウンド,7522,ワタミ,東Ｐ
外食,消費・小売・インバウンド,7524,マルシェ,東Ｓ
外食,消費・小売・インバウンド,7550,ゼンショＨＤ,東Ｐ
外食,消費・小売・インバウンド,7554,幸楽苑,東Ｐ
外食,消費・小売・インバウンド,7562,安楽亭,東Ｓ
外食,消費・小売・インバウンド,7581,サイゼリヤ,東Ｐ
外食,消費・小売・インバウンド,7585,かんなん丸,東Ｓ
外食,消費・小売・インバウンド,7604,梅の花Ｇ,東Ｓ
外食,消費・小売・インバウンド,7611,ハイデ日高,東Ｐ
外食,消費・小売・インバウンド,7614,オーエムツー,東Ｓ
外食,消費・小売・インバウンド,7616,コロワイド,東Ｐ
外食,消費・小売・インバウンド,7621,うかい,東Ｓ
外食,消費・小売・インバウンド,7625,Ｇダイニング,東Ｓ
外食,消費・小売・インバウンド,7630,壱番屋,東Ｐ
外食,消費・小売・インバウンド,7674,ＮＡＴＴＹ,東Ｇ
外食,消費・小売・インバウンド,7678,あさくま,東Ｓ
外食,消費・小売・インバウンド,7918,ヴィアＨＤ,東Ｓ
外食,消費・小売・インバウンド,8142,トーホー,東Ｐ
外食,消費・小売・インバウンド,8153,モスフード,東Ｐ
外食,消費・小売・インバウンド,8160,木曽路,東Ｐ
外食,消費・小売・インバウンド,8163,ＳＲＳＨＤ,東Ｐ
外食,消費・小売・インバウンド,8179,ロイヤルＨＤ,東Ｐ
外食,消費・小売・インバウンド,8181,東天紅,東Ｓ
外食,消費・小売・インバウンド,8200,リンガハット,東Ｐ
外食,消費・小売・インバウンド,8207,テンアライド,東Ｓ
外食,消費・小売・インバウンド,8219,青山商,東Ｐ
外食,消費・小売・インバウンド,8225,タカチホ,東Ｓ
外食,消費・小売・インバウンド,8273,イズミ,東Ｐ
外食,消費・小売・インバウンド,8276,平和堂,東Ｐ
外食,消費・小売・インバウンド,8278,フジ,東Ｐ
外食,消費・小売・インバウンド,8783,ａｂｃ,東Ｓ
外食,消費・小売・インバウンド,8944,ランビジネス,東Ｓ
外食,消費・小売・インバウンド,9052,山陽電,東Ｐ
外食,消費・小売・インバウンド,9142,ＪＲ九州,東Ｐ
外食,消費・小売・インバウンド,9258,ＣＳ－Ｃ,東Ｇ
外食,消費・小売・インバウンド,9279,ギフトＨＤ,東Ｐ
外食,消費・小売・インバウンド,9536,西部ガスＨＤ,東Ｐ
外食,消費・小売・インバウンド,9564,ＦＣＥ,東Ｓ
外食,消費・小売・インバウンド,9612,ラックランド,東Ｐ
外食,消費・小売・インバウンド,9616,共立メンテ,東Ｐ
外食,消費・小売・インバウンド,9622,スペース,東Ｐ
外食,消費・小売・インバウンド,9628,燦ＨＤ,東Ｐ
外食,消費・小売・インバウンド,9632,スバル,東Ｓ
外食,消費・小売・インバウンド,9633,テアトル,東Ｓ
外食,消費・小売・インバウンド,9643,中日興,名Ｍ
外食,消費・小売・インバウンド,9661,歌舞伎,東Ｓ
外食,消費・小売・インバウンド,9791,ビケンテクノ,東Ｓ
外食,消費・小売・インバウンド,9828,ゲンキＧＤＣ,東Ｓ
外食,消費・小売・インバウンド,9842,アークランズ,東Ｐ
外食,消費・小売・インバウンド,9843,ニトリＨＤ,東Ｐ
外食,消費・小売・インバウンド,9846,天満屋ス,東Ｓ
外食,消費・小売・インバウンド,9850,グルメ杵屋,東Ｐ
外食,消費・小売・インバウンド,9853,銀座ルノア,東Ｓ
外食,消費・小売・インバウンド,9861,吉野家ＨＤ,東Ｐ
外食,消費・小売・インバウンド,9887,松屋フーズ,東Ｐ
外食,消費・小売・インバウンド,9900,サガミＨＤ,東Ｐ
外食,消費・小売・インバウンド,9936,王将フード,東Ｐ
外食,消費・小売・インバウンド,9942,ジョイフル,福証
外食,消費・小売・インバウンド,9950,ハチバン,東Ｓ
外食,消費・小売・インバウンド,9973,ＫＯＺＯＨＤ,東Ｓ
外食,消費・小売・インバウンド,9979,大庄,東Ｓ
外食,消費・小売・インバウンド,9994,やまや,東Ｓ
外食,消費・小売・インバウンド,9996,サトー商会,東Ｓ
大阪観光,消費・小売・インバウンド,8242,Ｈ２Ｏリテイ,東Ｐ
大阪観光,消費・小売・インバウンド,8244,近鉄百,東Ｓ
大阪観光,消費・小売・インバウンド,9021,ＪＲ西日本,東Ｐ
大阪観光,消費・小売・インバウンド,9022,ＪＲ東海,東Ｐ
大阪観光,消費・小売・インバウンド,9041,近鉄ＧＨＤ,東Ｐ
大阪観光,消費・小売・インバウンド,9042,阪急阪神,東Ｐ
大阪観光,消費・小売・インバウンド,9044,ＮＡＮＫＡＩ,東Ｐ
大阪観光,消費・小売・インバウンド,9045,京阪ＨＤ,東Ｐ
大阪観光,消費・小売・インバウンド,9603,ＨＩＳ,東Ｐ
大阪観光,消費・小売・インバウンド,9713,ロイヤルホ,東Ｓ
大阪観光,消費・小売・インバウンド,9726,ＫＮＴＣＴ,東Ｓ
大阪観光,消費・小売・インバウンド,9850,グルメ杵屋,東Ｐ
家具,消費・小売・インバウンド,1994,高橋ウォール,東Ｓ
家具,消費・小売・インバウンド,2674,ハードオフ,東Ｐ
家具,消費・小売・インバウンド,2790,ナフコ,東Ｓ
家具,消費・小売・インバウンド,3050,ＤＣＭ,東Ｐ
家具,消費・小売・インバウンド,3169,ミサワ,東Ｓ
家具,消費・小売・インバウンド,3187,ミラタップ,東Ｇ
家具,消費・小売・インバウンド,3195,ジェネパ,東Ｓ
家具,消費・小売・インバウンド,3199,綿半ＨＤ,東Ｐ
家具,消費・小売・インバウンド,3421,稲葉製作,東Ｓ
家具,消費・小売・インバウンド,3504,丸八ＨＤ,名Ｍ
家具,消費・小売・インバウンド,3542,ベガコーポ,東Ｇ
家具,消費・小売・インバウンド,4235,ＵＦＨＤ,東Ｓ
家具,消費・小売・インバウンド,6085,アーキテクツ,東Ｇ
家具,消費・小売・インバウンド,6932,遠藤照明,東Ｓ
家具,消費・小売・インバウンド,7305,新家工,東Ｓ
家具,消費・小売・インバウンド,7791,ドリムベッド,東Ｓ
家具,消費・小売・インバウンド,7813,プラッツ,東Ｓ
家具,消費・小売・インバウンド,7840,フラベッドＨ,東Ｐ
家具,消費・小売・インバウンド,7871,フクビ,東Ｓ
家具,消費・小売・インバウンド,7887,南プラ,東Ｓ
家具,消費・小売・インバウンド,7897,ホクシン,東Ｓ
家具,消費・小売・インバウンド,7950,日デコラ,名Ｍ
家具,消費・小売・インバウンド,7972,イトーキ,東Ｐ
家具,消費・小売・インバウンド,7988,ニフコ,東Ｐ
家具,消費・小売・インバウンド,7994,オカムラ,東Ｐ
家具,消費・小売・インバウンド,7997,くろ工,東Ｓ
家具,消費・小売・インバウンド,8119,三栄コ,東Ｓ
家具,消費・小売・インバウンド,8218,コメリ,東Ｐ
家具,消費・小売・インバウンド,9627,アインＨＤ,東Ｐ
家具,消費・小売・インバウンド,9812,テーオーＨＤ,東Ｓ
家具,消費・小売・インバウンド,9831,ヤマダＨＤ,東Ｐ
家具,消費・小売・インバウンド,9835,ジュンテン,東Ｓ
家具,消費・小売・インバウンド,9843,ニトリＨＤ,東Ｐ
家具,消費・小売・インバウンド,9890,マキヤ,東Ｓ
小売り,消費・小売・インバウンド,2653,イオン九州,東Ｓ
小売り,消費・小売・インバウンド,2654,アスモ,東Ｓ
小売り,消費・小売・インバウンド,2666,オートＷ,東Ｓ
小売り,消費・小売・インバウンド,2681,ゲオＨＤ,東Ｐ
小売り,消費・小売・インバウンド,2683,ＵＯＧ,東Ｓ
小売り,消費・小売・インバウンド,2730,エディオン,東Ｐ
小売り,消費・小売・インバウンド,2762,ＳＡＮＫＯ,東Ｓ
小売り,消費・小売・インバウンド,2769,ヴィレッジＶ,東Ｓ
小売り,消費・小売・インバウンド,2791,大黒天,東Ｐ
小売り,消費・小売・インバウンド,2926,篠崎屋,東Ｓ
小売り,消費・小売・インバウンド,2937,サンクゼール,東Ｇ
小売り,消費・小売・インバウンド,3020,アプライド,東Ｓ
小売り,消費・小売・インバウンド,3048,ビックカメラ,東Ｐ
小売り,消費・小売・インバウンド,3050,ＤＣＭ,東Ｐ
小売り,消費・小売・インバウンド,3058,三洋堂ＨＤ,東Ｓ
小売り,消費・小売・インバウンド,3064,モノタロウ,東Ｐ
小売り,消費・小売・インバウンド,3070,ジェリビンズ,東Ｇ
小売り,消費・小売・インバウンド,3083,スターシーズ,東Ｓ
小売り,消費・小売・インバウンド,3086,Ｊフロント,東Ｐ
小売り,消費・小売・インバウンド,3088,マツキヨココ,東Ｐ
小売り,消費・小売・インバウンド,3096,オーシャンシ,東Ｓ
小売り,消費・小売・インバウンド,3099,三越伊勢丹,東Ｐ
小売り,消費・小売・インバウンド,3133,海帆,東Ｇ
小売り,消費・小売・インバウンド,3134,Ｈａｍｅｅ,東Ｓ
小売り,消費・小売・インバウンド,3137,ファンデリー,東Ｓ
小売り,消費・小売・インバウンド,3148,クリエイトＳ,東Ｐ
小売り,消費・小売・インバウンド,3160,大光,東Ｓ
小売り,消費・小売・インバウンド,3169,ミサワ,東Ｓ
小売り,消費・小売・インバウンド,3172,ティーライフ,東Ｓ
小売り,消費・小売・インバウンド,3177,ありがとうＳ,東Ｓ
小売り,消費・小売・インバウンド,3178,チムニー,東Ｓ
小売り,消費・小売・インバウンド,3179,シュッピン,東Ｐ
小売り,消費・小売・インバウンド,3185,夢展望,東Ｇ
小売り,消費・小売・インバウンド,3189,ＡＮＡＰＨＤ,東Ｓ
小売り,消費・小売・インバウンド,3191,ジョイ本田,東Ｐ
小売り,消費・小売・インバウンド,3199,綿半ＨＤ,東Ｐ
小売り,消費・小売・インバウンド,3224,Ｇオイスター,東Ｇ
小売り,消費・小売・インバウンド,3320,クロスプラス,東Ｓ
小売り,消費・小売・インバウンド,3333,あさひ,東Ｐ
小売り,消費・小売・インバウンド,3349,コスモス薬品,東Ｐ
小売り,消費・小売・インバウンド,3370,フジタコーポ,東Ｓ
小売り,消費・小売・インバウンド,3377,バイク王,東Ｓ
小売り,消費・小売・インバウンド,3382,セブン＆アイ,東Ｐ
小売り,消費・小売・インバウンド,3387,クリレスＨＤ,東Ｐ
小売り,消費・小売・インバウンド,3395,サンマルク,東Ｐ
小売り,消費・小売・インバウンド,3396,フェリシモ,東Ｓ
小売り,消費・小売・インバウンド,3397,トリドール,東Ｐ
小売り,消費・小売・インバウンド,3536,アクサスＨＤ,東Ｓ
小売り,消費・小売・インバウンド,3538,ウイルプラス,東Ｓ
小売り,消費・小売・インバウンド,3544,サツドラＨＤ,東Ｓ
小売り,消費・小売・インバウンド,3549,クスリアオキ,東Ｓ
小売り,消費・小売・インバウンド,3550,ＡＴＡＯ,東Ｇ
小売り,消費・小売・インバウンド,3563,Ｆ＆ＬＣ,東Ｐ
小売り,消費・小売・インバウンド,3566,ユニネク,東Ｇ
小売り,消費・小売・インバウンド,3726,フォーシーズ,東Ｓ
小売り,消費・小売・インバウンド,3825,リミックス,東Ｓ
小売り,消費・小売・インバウンド,4350,メディシス,東Ｓ
小売り,消費・小売・インバウンド,4431,スマレジ,東Ｇ
小売り,消費・小売・インバウンド,4689,ラインヤフー,東Ｐ
小売り,消費・小売・インバウンド,4755,楽天グループ,東Ｐ
小売り,消費・小売・インバウンド,4925,ハーバー研,東Ｓ
小売り,消費・小売・インバウンド,5884,クラダシ,東Ｇ
小売り,消費・小売・インバウンド,5889,ＪＥＨ,東Ｐ
小売り,消費・小売・インバウンド,5892,ユトリ,東Ｇ
小売り,消費・小売・インバウンド,6061,ユニバー園芸,東Ｓ
小売り,消費・小売・インバウンド,7112,キューブ,東Ｇ
小売り,消費・小売・インバウンド,7118,伸和ＨＤ,名Ｎ
小売り,消費・小売・インバウンド,7119,ハルメク,東Ｇ
小売り,消費・小売・インバウンド,7126,グローバルＳ,東Ｓ
小売り,消費・小売・インバウンド,7134,アップガレＧ,東Ｓ
小売り,消費・小売・インバウンド,7135,Ｊクラフト,東Ｓ
小売り,消費・小売・インバウンド,7140,ペットゴー,東Ｇ
小売り,消費・小売・インバウンド,7419,ノジマ,東Ｐ
小売り,消費・小売・インバウンド,7461,キムラ,東Ｓ
小売り,消費・小売・インバウンド,7462,ＣＡＰＩＴＡ,東Ｓ
小売り,消費・小売・インバウンド,7508,ＧセブンＨＤ,東Ｐ
小売り,消費・小売・インバウンド,7512,イオン北海道,東Ｓ
小売り,消費・小売・インバウンド,7513,コジマ,東Ｐ
小売り,消費・小売・インバウンド,7522,ワタミ,東Ｐ
小売り,消費・小売・インバウンド,7532,パンパシＨＤ,東Ｐ
小売り,消費・小売・インバウンド,7564,ワークマン,東Ｓ
小売り,消費・小売・インバウンド,7585,かんなん丸,東Ｓ
小売り,消費・小売・インバウンド,7590,タカショー,東Ｓ
小売り,消費・小売・インバウンド,7596,魚力,東Ｐ
小売り,消費・小売・インバウンド,7603,ジーイエット,東Ｓ
小売り,消費・小売・インバウンド,7614,オーエムツー,東Ｓ
小売り,消費・小売・インバウンド,7615,京都友禅ＨＤ,東Ｓ
小売り,消費・小売・インバウンド,7638,ＮＥＷＡＲＴ,東Ｓ
小売り,消費・小売・インバウンド,7640,トップカルチ,東Ｓ
小売り,消費・小売・インバウンド,7649,スギＨＤ,東Ｐ
小売り,消費・小売・インバウンド,7679,薬王堂ＨＤ,東Ｐ
小売り,消費・小売・インバウンド,7683,ＷＡ,東Ｐ
小売り,消費・小売・インバウンド,7686,ひとまいる,東Ｓ
小売り,消費・小売・インバウンド,7872,エステール,東Ｓ
小売り,消費・小売・インバウンド,7937,ツツミ,東Ｓ
小売り,消費・小売・インバウンド,7938,リーガル,東Ｓ
小売り,消費・小売・インバウンド,8005,スクロール,東Ｐ
小売り,消費・小売・インバウンド,8008,４℃ホールデ,東Ｐ
小売り,消費・小売・インバウンド,8040,東ソワール,東Ｓ
小売り,消費・小売・インバウンド,8105,ＢＴＣＪＰＮ,東Ｓ
小売り,消費・小売・インバウンド,8143,ラピーヌ,東Ｓ
小売り,消費・小売・インバウンド,8173,Ｊｏｓｈｉｎ,東Ｐ
小売り,消費・小売・インバウンド,8185,チヨダ,東Ｐ
小売り,消費・小売・インバウンド,8194,ライフコーポ,東Ｐ
小売り,消費・小売・インバウンド,8198,ＭＶ東海,東Ｓ
小売り,消費・小売・インバウンド,8202,ラオックス,東Ｓ
小売り,消費・小売・インバウンド,8203,ＭｒＭａｘ,東Ｐ
小売り,消費・小売・インバウンド,8214,ＡＯＫＩＨＤ,東Ｐ
小売り,消費・小売・インバウンド,8218,コメリ,東Ｐ
小売り,消費・小売・インバウンド,8225,タカチホ,東Ｓ
小売り,消費・小売・インバウンド,8233,高島屋,東Ｐ
小売り,消費・小売・インバウンド,8237,松屋,東Ｐ
小売り,消費・小売・インバウンド,8242,Ｈ２Ｏリテイ,東Ｐ
小売り,消費・小売・インバウンド,8244,近鉄百,東Ｓ
小売り,消費・小売・インバウンド,8247,大和デ,東Ｓ
小売り,消費・小売・インバウンド,8252,丸井Ｇ,東Ｐ
小売り,消費・小売・インバウンド,8267,イオン,東Ｐ
小売り,消費・小売・インバウンド,8273,イズミ,東Ｐ
小売り,消費・小売・インバウンド,8276,平和堂,東Ｐ
小売り,消費・小売・インバウンド,8278,フジ,東Ｐ
小売り,消費・小売・インバウンド,8282,ケーズＨＤ,東Ｐ
小売り,消費・小売・インバウンド,9268,オプティマス,東Ｓ
小売り,消費・小売・インバウンド,9271,和心,東Ｇ
小売り,消費・小売・インバウンド,9627,アインＨＤ,東Ｐ
小売り,消費・小売・インバウンド,9831,ヤマダＨＤ,東Ｐ
小売り,消費・小売・インバウンド,9832,オートバクス,東Ｐ
小売り,消費・小売・インバウンド,9835,ジュンテン,東Ｓ
小売り,消費・小売・インバウンド,9842,アークランズ,東Ｐ
小売り,消費・小売・インバウンド,9846,天満屋ス,東Ｓ
小売り,消費・小売・インバウンド,9854,愛眼,東Ｓ
小売り,消費・小売・インバウンド,9856,ケーユーＨＤ,東Ｓ
小売り,消費・小売・インバウンド,9876,コックス,東Ｓ
小売り,消費・小売・インバウンド,9878,セキド,東Ｓ
小売り,消費・小売・インバウンド,9882,イエロハット,東Ｐ
小売り,消費・小売・インバウンド,9896,ＪＫＨＤ,東Ｓ
小売り,消費・小売・インバウンド,9903,カンセキ,東Ｓ
小売り,消費・小売・インバウンド,9904,ベリテ,東Ｓ
小売り,消費・小売・インバウンド,9946,ミニストップ,東Ｐ
小売り,消費・小売・インバウンド,9948,アークス,東Ｐ
小売り,消費・小売・インバウンド,9976,セキチュー,東Ｓ
小売り,消費・小売・インバウンド,9994,やまや,東Ｓ
小売り,消費・小売・インバウンド,9996,サトー商会,東Ｓ
教育,消費・小売・インバウンド,2152,幼児活動研,東Ｓ
教育,消費・小売・インバウンド,2353,日本駐車場,東Ｐ
教育,消費・小売・インバウンド,2415,ヒューマン,東Ｓ
教育,消費・小売・インバウンド,2432,ディーエヌエ,東Ｐ
教育,消費・小売・インバウンド,2454,オルアバウト,東Ｓ
教育,消費・小売・インバウンド,2464,アオバＢＢＴ,東Ｓ
教育,消費・小売・インバウンド,2488,ＪＴＰ,東Ｓ
教育,消費・小売・インバウンド,2497,ＵＮＩＴＥＤ,東Ｇ
教育,消費・小売・インバウンド,2694,焼肉坂井ＨＤ,東Ｓ
教育,消費・小売・インバウンド,2749,ＪＰＨＤ,東Ｐ
教育,消費・小売・インバウンド,3089,Ｔアルファ,東Ｓ
教育,消費・小売・インバウンド,3544,サツドラＨＤ,東Ｓ
教育,消費・小売・インバウンド,3692,ＦＦＲＩ,東Ｇ
教育,消費・小売・インバウンド,3768,リスモン,東Ｓ
教育,消費・小売・インバウンド,3779,Ｊエスコム,東Ｓ
教育,消費・小売・インバウンド,3804,システムディ,東Ｓ
教育,消費・小売・インバウンド,3823,ＷＨＤＣ,東Ｓ
教育,消費・小売・インバウンド,3834,朝日ネット,東Ｐ
教育,消費・小売・インバウンド,3839,ＯＤＫ,東Ｓ
教育,消費・小売・インバウンド,3933,チエル,東Ｓ
教育,消費・小売・インバウンド,3998,すららネット,東Ｇ
教育,消費・小売・インバウンド,4265,ＩＧＳ,東Ｇ
教育,消費・小売・インバウンド,4323,日シス技術,東Ｐ
教育,消費・小売・インバウンド,4347,ブロメディア,東Ｓ
教育,消費・小売・インバウンド,4394,エクスＭ,東Ｇ
教育,消費・小売・インバウンド,4417,Ｇセキュリ,東Ｇ
教育,消費・小売・インバウンド,4418,ＪＤＳＣ,東Ｇ
教育,消費・小売・インバウンド,4421,ＤＩシステム,東Ｓ
教育,消費・小売・インバウンド,4427,エデュラボ,東Ｇ
教育,消費・小売・インバウンド,4644,イマジニア,東Ｓ
教育,消費・小売・インバウンド,4645,市進ＨＤ,東Ｓ
教育,消費・小売・インバウンド,4668,明光ネット,東Ｐ
教育,消費・小売・インバウンド,4678,秀英,東Ｓ
教育,消費・小売・インバウンド,4686,ジャスト,東Ｐ
教育,消費・小売・インバウンド,4705,クリップ,東Ｓ
教育,消費・小売・インバウンド,4714,リソー教育Ｇ,東Ｐ
教育,消費・小売・インバウンド,4718,早稲アカ,東Ｐ
教育,消費・小売・インバウンド,4720,城南進研,東Ｓ
教育,消費・小売・インバウンド,4735,京進,東Ｓ
教育,消費・小売・インバウンド,4751,サイバー,東Ｐ
教育,消費・小売・インバウンド,4849,エン,東Ｐ
教育,消費・小売・インバウンド,5134,ＰＯＰＥＲ,東Ｇ
教育,消費・小売・インバウンド,5244,ｊｉｇ．ｊｐ,東Ｇ
教育,消費・小売・インバウンド,5597,ブルーイノベ,東Ｇ
教育,消費・小売・インバウンド,5869,早稲田学習研,東Ｓ
教育,消費・小売・インバウンド,6049,イトクロ,東Ｇ
教育,消費・小売・インバウンド,6189,Ｇキッズ,東Ｓ
教育,消費・小売・インバウンド,6200,インソース,東Ｐ
教育,消費・小売・インバウンド,6557,ＡＩＡＩ,東Ｇ
教育,消費・小売・インバウンド,7030,スプリックス,東Ｓ
教育,消費・小売・インバウンド,7037,テノ．ＨＤ,東Ｓ
教育,消費・小売・インバウンド,7042,アクセスＨＤ,東Ｓ
教育,消費・小売・インバウンド,7073,ジェイック,東Ｇ
教育,消費・小売・インバウンド,7084,スマイルＨＤ,東Ｇ
教育,消費・小売・インバウンド,7119,ハルメク,東Ｇ
教育,消費・小売・インバウンド,7325,アイリック,東Ｇ
教育,消費・小売・インバウンド,7352,ＴＷＯＳＴ,東Ｇ
教育,消費・小売・インバウンド,7353,Ｋラーニング,東Ｇ
教育,消費・小売・インバウンド,7358,ポピンズ,東Ｓ
教育,消費・小売・インバウンド,7366,りたりこ,東Ｐ
教育,消費・小売・インバウンド,7367,セルム,東Ｓ
教育,消費・小売・インバウンド,7371,Ｚｅｎｋｅｎ,東Ｇ
教育,消費・小売・インバウンド,7488,ヤガミ,名Ｍ
教育,消費・小売・インバウンド,7951,ヤマハ,東Ｐ
教育,消費・小売・インバウンド,7952,河合楽,東Ｐ
教育,消費・小売・インバウンド,8057,内田洋,東Ｐ
教育,消費・小売・インバウンド,8341,七十七,東Ｐ
教育,消費・小売・インバウンド,8345,岩手銀,東Ｐ
教育,消費・小売・インバウンド,9213,セイファート,東Ｓ
教育,消費・小売・インバウンド,9256,サクシード,東Ｇ
教育,消費・小売・インバウンド,9339,コーチエィ,東Ｓ
教育,消費・小売・インバウンド,9346,ココルポート,東Ｇ
教育,消費・小売・インバウンド,9470,学研ＨＤ,東Ｐ
教育,消費・小売・インバウンド,9471,文溪堂,名Ｍ
教育,消費・小売・インバウンド,9562,ビジコーチ,東Ｇ
教育,消費・小売・インバウンド,9564,ＦＣＥ,東Ｓ
教育,消費・小売・インバウンド,9733,ナガセ,東Ｓ
教育,消費・小売・インバウンド,9760,進学会ＨＤ,東Ｓ
教育,消費・小売・インバウンド,9769,学究社,東Ｐ
教育,消費・小売・インバウンド,9778,昴,東Ｓ
教育,消費・小売・インバウンド,9795,ステップ,東Ｐ
教育ICT,消費・小売・インバウンド,2354,ＹＥデジタル,東Ｓ
教育ICT,消費・小売・インバウンド,2464,アオバＢＢＴ,東Ｓ
教育ICT,消費・小売・インバウンド,2488,ＪＴＰ,東Ｓ
教育ICT,消費・小売・インバウンド,3021,ＰＣＮＥＴ,東Ｓ
教育ICT,消費・小売・インバウンド,3054,ハイパー,東Ｓ
教育ICT,消費・小売・インバウンド,3107,ダイワボウ,東Ｐ
教育ICT,消費・小売・インバウンド,3393,スタティアＨ,東Ｐ
教育ICT,消費・小売・インバウンド,3627,テクミラ,東Ｓ
教育ICT,消費・小売・インバウンド,3683,サイバーリン,東Ｓ
教育ICT,消費・小売・インバウンド,3694,オプティム,東Ｐ
教育ICT,消費・小売・インバウンド,3804,システムディ,東Ｓ
教育ICT,消費・小売・インバウンド,3834,朝日ネット,東Ｐ
教育ICT,消費・小売・インバウンド,3839,ＯＤＫ,東Ｓ
教育ICT,消費・小売・インバウンド,3933,チエル,東Ｓ
教育ICT,消費・小売・インバウンド,3998,すららネット,東Ｇ
教育ICT,消費・小売・インバウンド,4016,ミット,東Ｓ
教育ICT,消費・小売・インバウンド,4265,ＩＧＳ,東Ｇ
教育ICT,消費・小売・インバウンド,4323,日シス技術,東Ｐ
教育ICT,消費・小売・インバウンド,4427,エデュラボ,東Ｇ
教育ICT,消費・小売・インバウンド,4686,ジャスト,東Ｐ
教育ICT,消費・小売・インバウンド,4720,城南進研,東Ｓ
教育ICT,消費・小売・インバウンド,4751,サイバー,東Ｐ
教育ICT,消費・小売・インバウンド,4813,ＡＣＣＥＳＳ,東Ｐ
教育ICT,消費・小売・インバウンド,5132,プラスゼロ,東Ｇ
教育ICT,消費・小売・インバウンド,5134,ＰＯＰＥＲ,東Ｇ
教育ICT,消費・小売・インバウンド,5241,日本オーエー,名Ｍ
教育ICT,消費・小売・インバウンド,5256,フュージック,東Ｇ
教育ICT,消費・小売・インバウンド,5273,三谷セキ,東Ｓ
教育ICT,消費・小売・インバウンド,5575,グロービー,東Ｇ
教育ICT,消費・小売・インバウンド,6193,バーチャレク,東Ｇ
教育ICT,消費・小売・インバウンド,6557,ＡＩＡＩ,東Ｇ
教育ICT,消費・小売・インバウンド,6629,Ｔホライゾン,東Ｓ
教育ICT,消費・小売・インバウンド,6676,ＢＵＦ,東Ｓ
教育ICT,消費・小売・インバウンド,6701,ＮＥＣ,東Ｐ
教育ICT,消費・小売・インバウンド,6702,富士通,東Ｐ
教育ICT,消費・小売・インバウンド,6727,ワコム,東Ｐ
教育ICT,消費・小売・インバウンド,6814,古野電,東Ｐ
教育ICT,消費・小売・インバウンド,6952,カシオ,東Ｐ
教育ICT,消費・小売・インバウンド,7030,スプリックス,東Ｓ
教育ICT,消費・小売・インバウンド,7093,アディッシュ,東Ｇ
教育ICT,消費・小売・インバウンド,7353,Ｋラーニング,東Ｇ
教育ICT,消費・小売・インバウンド,7984,コクヨ,東Ｐ
教育ICT,消費・小売・インバウンド,8057,内田洋,東Ｐ
教育ICT,消費・小売・インバウンド,8285,三谷産業,東Ｓ
教育ICT,消費・小売・インバウンド,9470,学研ＨＤ,東Ｐ
教育ICT,消費・小売・インバウンド,9471,文溪堂,名Ｍ
旅行,消費・小売・インバウンド,2222,寿スピリッツ,東Ｐ
旅行,消費・小売・インバウンド,2371,カカクコム,東Ｐ
旅行,消費・小売・インバウンド,2376,サイネックス,東Ｓ
旅行,消費・小売・インバウンド,2491,Ｖコマース,東Ｐ
旅行,消費・小売・インバウンド,3646,駅探,東Ｓ
旅行,消費・小売・インバウンド,3679,じげん,東Ｐ
旅行,消費・小売・インバウンド,3926,オープンドア,東Ｓ
旅行,消費・小売・インバウンド,3931,Ｖゴルフ,東Ｇ
旅行,消費・小売・インバウンド,4433,ヒトコムＨＤ,東Ｐ
旅行,消費・小売・インバウンド,4645,市進ＨＤ,東Ｓ
旅行,消費・小売・インバウンド,4681,リゾートトラ,東Ｐ
旅行,消費・小売・インバウンド,4755,楽天グループ,東Ｐ
旅行,消費・小売・インバウンド,5136,トリプラ,東Ｇ
旅行,消費・小売・インバウンド,6030,アドベンチャ,東Ｇ
旅行,消費・小売・インバウンド,6071,ＩＢＪ,東Ｐ
旅行,消費・小売・インバウンド,6098,リクルート,東Ｐ
旅行,消費・小売・インバウンド,6176,ブランジスタ,東Ｓ
旅行,消費・小売・インバウンド,6191,エアトリ,東Ｐ
旅行,消費・小売・インバウンド,6548,旅工房,東Ｇ
旅行,消費・小売・インバウンド,6561,ハナツアーＪ,東Ｇ
旅行,消費・小売・インバウンド,6565,ＡＢホテル,名Ｍ
旅行,消費・小売・インバウンド,6577,ベストワン,東Ｇ
旅行,消費・小売・インバウンド,7048,ベルトラ,東Ｇ
旅行,消費・小売・インバウンド,8225,タカチホ,東Ｓ
旅行,消費・小売・インバウンド,8908,毎コムネット,東Ｓ
旅行,消費・小売・インバウンド,8928,穴吹興産,東Ｓ
旅行,消費・小売・インバウンド,9010,富士急,東Ｐ
旅行,消費・小売・インバウンド,9017,新潟交,東Ｓ
旅行,消費・小売・インバウンド,9020,ＪＲ東日本,東Ｐ
旅行,消費・小売・インバウンド,9021,ＪＲ西日本,東Ｐ
旅行,消費・小売・インバウンド,9022,ＪＲ東海,東Ｐ
旅行,消費・小売・インバウンド,9041,近鉄ＧＨＤ,東Ｐ
旅行,消費・小売・インバウンド,9044,ＮＡＮＫＡＩ,東Ｐ
旅行,消費・小売・インバウンド,9045,京阪ＨＤ,東Ｐ
旅行,消費・小売・インバウンド,9142,ＪＲ九州,東Ｐ
旅行,消費・小売・インバウンド,9173,東海汽,東Ｓ
旅行,消費・小売・インバウンド,9193,東京汽,東Ｓ
旅行,消費・小売・インバウンド,9201,ＪＡＬ,東Ｐ
旅行,消費・小売・インバウンド,9202,ＡＮＡＨＤ,東Ｐ
旅行,消費・小売・インバウンド,9204,スカイマーク,東Ｇ
旅行,消費・小売・インバウンド,9206,ＳＦＪ,東Ｓ
旅行,消費・小売・インバウンド,9361,伏木運,東Ｓ
旅行,消費・小売・インバウンド,9376,ユーラシア,東Ｓ
旅行,消費・小売・インバウンド,9475,昭文社ＨＤ,東Ｓ
旅行,消費・小売・インバウンド,9603,ＨＩＳ,東Ｐ
旅行,消費・小売・インバウンド,9708,帝ホテル,東Ｓ
旅行,消費・小売・インバウンド,9713,ロイヤルホ,東Ｓ
旅行,消費・小売・インバウンド,9720,グランド,東Ｓ
旅行,消費・小売・インバウンド,9722,藤田観,東Ｐ
旅行,消費・小売・インバウンド,9723,京都ホ,東Ｓ
旅行,消費・小売・インバウンド,9726,ＫＮＴＣＴ,東Ｓ
旅行サイト,消費・小売・インバウンド,2122,インタスペス,東Ｓ
旅行サイト,消費・小売・インバウンド,2334,イオレ,東Ｇ
旅行サイト,消費・小売・インバウンド,2371,カカクコム,東Ｐ
旅行サイト,消費・小売・インバウンド,2440,ぐるなび,東Ｓ
旅行サイト,消費・小売・インバウンド,3710,ジョルダン,東Ｓ
旅行サイト,消費・小売・インバウンド,3926,オープンドア,東Ｓ
旅行サイト,消費・小売・インバウンド,4262,ニフティＬＳ,東Ｇ
旅行サイト,消費・小売・インバウンド,4346,ＮＥＸＹＺ．,東Ｓ
旅行サイト,消費・小売・インバウンド,4376,くふうカンパ,東Ｇ
旅行サイト,消費・小売・インバウンド,4681,リゾートトラ,東Ｐ
旅行サイト,消費・小売・インバウンド,6030,アドベンチャ,東Ｇ
旅行サイト,消費・小売・インバウンド,6098,リクルート,東Ｐ
旅行サイト,消費・小売・インバウンド,6191,エアトリ,東Ｐ
旅行サイト,消費・小売・インバウンド,6548,旅工房,東Ｇ
旅行サイト,消費・小売・インバウンド,6561,ハナツアーＪ,東Ｇ
旅行サイト,消費・小売・インバウンド,6577,ベストワン,東Ｇ
旅行サイト,消費・小売・インバウンド,7048,ベルトラ,東Ｇ
旅行サイト,消費・小売・インバウンド,9603,ＨＩＳ,東Ｐ
旅行サイト,消費・小売・インバウンド,9726,ＫＮＴＣＴ,東Ｓ
玩具,消費・小売・インバウンド,3058,三洋堂ＨＤ,東Ｓ
玩具,消費・小売・インバウンド,3181,買取王国,東Ｓ
玩具,消費・小売・インバウンド,3185,夢展望,東Ｇ
玩具,消費・小売・インバウンド,4250,フロンテア,福Ｑ
玩具,消費・小売・インバウンド,6029,アトラＧ,東Ｓ
玩具,消費・小売・インバウンド,6460,セガサミー,東Ｐ
玩具,消費・小売・インバウンド,7038,フロンティＭ,東Ｐ
玩具,消費・小売・インバウンド,7552,ハピネット,東Ｐ
玩具,消費・小売・インバウンド,7809,寿屋,東Ｓ
玩具,消費・小売・インバウンド,7832,バンナムＨＤ,東Ｐ
玩具,消費・小売・インバウンド,7865,ピープル,東Ｓ
玩具,消費・小売・インバウンド,7867,タカラトミー,東Ｐ
玩具,消費・小売・インバウンド,7952,河合楽,東Ｐ
玩具,消費・小売・インバウンド,7984,コクヨ,東Ｐ
玩具,消費・小売・インバウンド,9978,文教堂ＧＨＤ,東Ｓ
百貨店,消費・小売・インバウンド,2927,ＡＦＣ－ＨＤ,東Ｓ
百貨店,消費・小売・インバウンド,3086,Ｊフロント,東Ｐ
百貨店,消費・小売・インバウンド,3099,三越伊勢丹,東Ｐ
百貨店,消費・小売・インバウンド,3548,バロック,東Ｐ
百貨店,消費・小売・インバウンド,6540,船場,東Ｓ
百貨店,消費・小売・インバウンド,8233,高島屋,東Ｐ
百貨店,消費・小売・インバウンド,8237,松屋,東Ｐ
百貨店,消費・小売・インバウンド,8242,Ｈ２Ｏリテイ,東Ｐ
百貨店,消費・小売・インバウンド,8244,近鉄百,東Ｓ
百貨店,消費・小売・インバウンド,8247,大和デ,東Ｓ
百貨店,消費・小売・インバウンド,8252,丸井Ｇ,東Ｐ
百貨店,消費・小売・インバウンド,8254,さいか屋,東Ｓ
百貨店,消費・小売・インバウンド,8260,井筒屋,東Ｓ
百貨店,消費・小売・インバウンド,8276,平和堂,東Ｐ
百貨店,消費・小売・インバウンド,9001,東武,東Ｐ
百貨店,消費・小売・インバウンド,9005,東急,東Ｐ
百貨店,消費・小売・インバウンド,9006,京急,東Ｐ
百貨店,消費・小売・インバウンド,9007,小田急,東Ｐ
百貨店,消費・小売・インバウンド,9008,京王,東Ｐ
百貨店,消費・小売・インバウンド,9009,京成,東Ｐ
百貨店,消費・小売・インバウンド,9041,近鉄ＧＨＤ,東Ｐ
百貨店,消費・小売・インバウンド,9042,阪急阪神,東Ｐ
百貨店,消費・小売・インバウンド,9045,京阪ＨＤ,東Ｐ
百貨店,消費・小売・インバウンド,9052,山陽電,東Ｐ
百貨店,消費・小売・インバウンド,9812,テーオーＨＤ,東Ｓ
越境EC,消費・小売・インバウンド,2385,総医研ＨＤ,東Ｇ
越境EC,消費・小売・インバウンド,2459,アウン,東Ｓ
越境EC,消費・小売・インバウンド,2471,エスプール,東Ｐ
越境EC,消費・小売・インバウンド,2489,アドウェイズ,東Ｓ
越境EC,消費・小売・インバウンド,2586,フルッタ,東Ｇ
越境EC,消費・小売・インバウンド,2733,あらた,東Ｐ
越境EC,消費・小売・インバウンド,2927,ＡＦＣ－ＨＤ,東Ｓ
越境EC,消費・小売・インバウンド,2928,ＲＩＺＡＰ,札Ａ
越境EC,消費・小売・インバウンド,3031,ラクーンＨＤ,東Ｐ
越境EC,消費・小売・インバウンド,3092,ＺＯＺＯ,東Ｐ
越境EC,消費・小売・インバウンド,3113,ＵＮＩＶＡ,東Ｓ
越境EC,消費・小売・インバウンド,3134,Ｈａｍｅｅ,東Ｓ
越境EC,消費・小売・インバウンド,3172,ティーライフ,東Ｓ
越境EC,消費・小売・インバウンド,3179,シュッピン,東Ｐ
越境EC,消費・小売・インバウンド,3189,ＡＮＡＰＨＤ,東Ｓ
越境EC,消費・小売・インバウンド,3192,白鳩,東Ｓ
越境EC,消費・小売・インバウンド,3195,ジェネパ,東Ｓ
越境EC,消費・小売・インバウンド,3415,Ｔ－ＢＡＳＥ,東Ｐ
越境EC,消費・小売・インバウンド,3542,ベガコーポ,東Ｇ
越境EC,消費・小売・インバウンド,3623,ビリングシス,東Ｇ
越境EC,消費・小売・インバウンド,3665,エニグモ,東Ｐ
越境EC,消費・小売・インバウンド,3680,ホットリンク,東Ｇ
越境EC,消費・小売・インバウンド,4496,コマースワン,東Ｇ
越境EC,消費・小売・インバウンド,4751,サイバー,東Ｐ
越境EC,消費・小売・インバウンド,4911,資生堂,東Ｐ
越境EC,消費・小売・インバウンド,4922,コーセーＨＤ,東Ｐ
越境EC,消費・小売・インバウンド,4927,ポーラＨＤ,東Ｐ
越境EC,消費・小売・インバウンド,4936,アクシージア,東Ｓ
越境EC,消費・小売・インバウンド,5035,ＨＯＵＳＥＩ,東Ｇ
越境EC,消費・小売・インバウンド,6069,トレンダ,東Ｇ
越境EC,消費・小売・インバウンド,6081,アライドアキ,東Ｇ
越境EC,消費・小売・インバウンド,6176,ブランジスタ,東Ｓ
越境EC,消費・小売・インバウンド,6549,ＤＭソリュ,東Ｓ
越境EC,消費・小売・インバウンド,6630,ヤーマン,東Ｐ
越境EC,消費・小売・インバウンド,6993,大黒屋,東Ｓ
越境EC,消費・小売・インバウンド,7038,フロンティＭ,東Ｐ
越境EC,消費・小売・インバウンド,7044,ピアラ,東Ｓ
越境EC,消費・小売・インバウンド,7112,キューブ,東Ｇ
越境EC,消費・小売・インバウンド,7134,アップガレＧ,東Ｓ
越境EC,消費・小売・インバウンド,7483,ドウシシャ,東Ｐ
越境EC,消費・小売・インバウンド,7694,いつも,東Ｇ
越境EC,消費・小売・インバウンド,7819,粧美堂,東Ｓ
越境EC,消費・小売・インバウンド,8011,三陽商,東Ｐ
越境EC,消費・小売・インバウンド,8113,ユニチャーム,東Ｐ
越境EC,消費・小売・インバウンド,8202,ラオックス,東Ｓ
越境EC,消費・小売・インバウンド,9041,近鉄ＧＨＤ,東Ｐ
越境EC,消費・小売・インバウンド,9235,売れるＧ,東Ｇ
越境EC,消費・小売・インバウンド,9270,バリュエンス,東Ｇ
越境EC,消費・小売・インバウンド,9715,トランスコス,東Ｐ
越境EC,消費・小売・インバウンド,9983,ファストリ,東Ｐ
通信教育,消費・小売・インバウンド,2464,アオバＢＢＴ,東Ｓ
通信教育,消費・小売・インバウンド,4347,ブロメディア,東Ｓ
通信教育,消費・小売・インバウンド,4686,ジャスト,東Ｐ
通信教育,消費・小売・インバウンド,7353,Ｋラーニング,東Ｇ
通信教育,消費・小売・インバウンド,9470,学研ＨＤ,東Ｐ
通信教育,消費・小売・インバウンド,9478,ＳＥＨＩ,東Ｓ
インフラ,産業・インフラ,1414,ショーボンド,東Ｐ
インフラ,産業・インフラ,1719,安藤ハザマ,東Ｐ
インフラ,産業・インフラ,1721,コムシスＨＤ,東Ｐ
インフラ,産業・インフラ,1773,ＹＴＬ,東Ｐ
インフラ,産業・インフラ,1786,オリエン白石,東Ｐ
インフラ,産業・インフラ,1813,不動テトラ,東Ｐ
インフラ,産業・インフラ,1815,鉄建建設,東Ｐ
インフラ,産業・インフラ,1848,富士ＰＳ,東Ｓ
インフラ,産業・インフラ,1871,ピーエス,東Ｐ
インフラ,産業・インフラ,1882,東亜道,東Ｐ
インフラ,産業・インフラ,1951,エクシオＧ,東Ｐ
インフラ,産業・インフラ,2325,ＮＪＳ,東Ｐ
インフラ,産業・インフラ,2498,オリコンＨＤ,東Ｓ
インフラ,産業・インフラ,3423,エスイー,東Ｓ
インフラ,産業・インフラ,3431,宮地エンジ,東Ｐ
インフラ,産業・インフラ,3741,セック,東Ｐ
インフラ,産業・インフラ,3837,アドソル日進,東Ｐ
インフラ,産業・インフラ,4068,ベイシス,東Ｇ
インフラ,産業・インフラ,5011,ニチレキＧ,東Ｐ
インフラ,産業・インフラ,5079,ノバック,東Ｓ
インフラ,産業・インフラ,5233,太平洋セメ,東Ｐ
インフラ,産業・インフラ,5288,アジアパイル,東Ｐ
インフラ,産業・インフラ,5576,ＯＢシステム,東Ｓ
インフラ,産業・インフラ,5582,グリッド,東Ｇ
インフラ,産業・インフラ,5911,横河ブＨＤ,東Ｐ
インフラ,産業・インフラ,6345,アイチコーポ,東Ｐ
インフラ,産業・インフラ,7224,新明和,東Ｐ
インフラ,産業・インフラ,7719,東京衡機,東Ｓ
インフラ,産業・インフラ,9020,ＪＲ東日本,東Ｐ
インフラ,産業・インフラ,9021,ＪＲ西日本,東Ｐ
インフラ,産業・インフラ,9022,ＪＲ東海,東Ｐ
インフラ,産業・インフラ,9142,ＪＲ九州,東Ｐ
インフラ,産業・インフラ,9233,アジア航,東Ｓ
インフラ,産業・インフラ,9248,人・夢・技術,東Ｓ
インフラ,産業・インフラ,9252,ラストワンＭ,東Ｇ
インフラ,産業・インフラ,9501,東電ＨＤ,東Ｐ
インフラ,産業・インフラ,9502,中部電,東Ｐ
インフラ,産業・インフラ,9503,関西電,東Ｐ
インフラ,産業・インフラ,9513,Ｊパワー,東Ｐ
インフラ,産業・インフラ,9531,東ガス,東Ｐ
インフラ,産業・インフラ,9532,大ガス,東Ｐ
インフラ,産業・インフラ,9533,邦ガス,東Ｐ
インフラ,産業・インフラ,9551,メタウォータ,東Ｐ
インフラ輸出,産業・インフラ,1801,大成建,東Ｐ
インフラ輸出,産業・インフラ,1802,大林組,東Ｐ
インフラ輸出,産業・インフラ,1803,清水建,東Ｐ
インフラ輸出,産業・インフラ,1812,鹿島,東Ｐ
インフラ輸出,産業・インフラ,1815,鉄建建設,東Ｐ
インフラ輸出,産業・インフラ,1893,五洋建,東Ｐ
インフラ輸出,産業・インフラ,1963,日揮ＨＤ,東Ｐ
インフラ輸出,産業・インフラ,2768,双日,東Ｐ
インフラ輸出,産業・インフラ,3402,東レ,東Ｐ
インフラ輸出,産業・インフラ,5310,東洋炭素,東Ｐ
インフラ輸出,産業・インフラ,5401,日本製鉄,東Ｐ
インフラ輸出,産業・インフラ,5406,神戸鋼,東Ｐ
インフラ輸出,産業・インフラ,5631,日製鋼,東Ｐ
インフラ輸出,産業・インフラ,5911,横河ブＨＤ,東Ｐ
インフラ輸出,産業・インフラ,6269,三井海洋,東Ｐ
インフラ輸出,産業・インフラ,6289,技研製,東Ｐ
インフラ輸出,産業・インフラ,6301,コマツ,東Ｐ
インフラ輸出,産業・インフラ,6305,日立建機,東Ｐ
インフラ輸出,産業・インフラ,6326,クボタ,東Ｐ
インフラ輸出,産業・インフラ,6330,東洋エンジ,東Ｐ
インフラ輸出,産業・インフラ,6358,酒井重,東Ｐ
インフラ輸出,産業・インフラ,6363,酉島,東Ｐ
インフラ輸出,産業・インフラ,6366,千代建,東Ｓ
インフラ輸出,産業・インフラ,6368,オルガノ,東Ｐ
インフラ輸出,産業・インフラ,6370,栗田工,東Ｐ
インフラ輸出,産業・インフラ,6378,木村化,東Ｓ
インフラ輸出,産業・インフラ,6492,岡野バ,東Ｓ
インフラ輸出,産業・インフラ,6501,日立,東Ｐ
インフラ輸出,産業・インフラ,6504,富士電機,東Ｐ
インフラ輸出,産業・インフラ,6505,東洋電,東Ｓ
インフラ輸出,産業・インフラ,6701,ＮＥＣ,東Ｐ
インフラ輸出,産業・インフラ,6741,日本信号,東Ｐ
インフラ輸出,産業・インフラ,6841,横河電,東Ｐ
インフラ輸出,産業・インフラ,7003,三井Ｅ＆Ｓ,東Ｐ
インフラ輸出,産業・インフラ,7004,カナデビア,東Ｐ
インフラ輸出,産業・インフラ,7011,三菱重,東Ｐ
インフラ輸出,産業・インフラ,7012,川重,東Ｐ
インフラ輸出,産業・インフラ,7013,ＩＨＩ,東Ｐ
インフラ輸出,産業・インフラ,7102,日車両,東Ｐ
インフラ輸出,産業・インフラ,7122,近畿車,東Ｓ
インフラ輸出,産業・インフラ,8001,伊藤忠,東Ｐ
インフラ輸出,産業・インフラ,8002,丸紅,東Ｐ
インフラ輸出,産業・インフラ,8031,三井物,東Ｐ
インフラ輸出,産業・インフラ,8053,住友商,東Ｐ
インフラ輸出,産業・インフラ,8058,三菱商,東Ｐ
インフラ輸出,産業・インフラ,9022,ＪＲ東海,東Ｐ
インフラ輸出,産業・インフラ,9755,応用地質,東Ｐ
スマートシティ,産業・インフラ,1801,大成建,東Ｐ
スマートシティ,産業・インフラ,1802,大林組,東Ｐ
スマートシティ,産業・インフラ,1803,清水建,東Ｐ
スマートシティ,産業・インフラ,1812,鹿島,東Ｐ
スマートシティ,産業・インフラ,1925,大和ハウス,東Ｐ
スマートシティ,産業・インフラ,1928,積水ハウス,東Ｐ
スマートシティ,産業・インフラ,1963,日揮ＨＤ,東Ｐ
スマートシティ,産業・インフラ,2327,ＮＳＳＯＬ,東Ｐ
スマートシティ,産業・インフラ,2354,ＹＥデジタル,東Ｓ
スマートシティ,産業・インフラ,2433,博報堂ＤＹ,東Ｐ
スマートシティ,産業・インフラ,2498,オリコンＨＤ,東Ｓ
スマートシティ,産業・インフラ,3231,野村不ＨＤ,東Ｐ
スマートシティ,産業・インフラ,3289,東急不ＨＤ,東Ｐ
スマートシティ,産業・インフラ,3636,三菱総研,東Ｐ
スマートシティ,産業・インフラ,3653,モルフォ,東Ｇ
スマートシティ,産業・インフラ,3710,ジョルダン,東Ｓ
スマートシティ,産業・インフラ,4056,ニューラルＧ,東Ｇ
スマートシティ,産業・インフラ,4307,野村総研,東Ｐ
スマートシティ,産業・インフラ,5034,ウネリー,東Ｇ
スマートシティ,産業・インフラ,5137,スマートＤ,東Ｇ
スマートシティ,産業・インフラ,5582,グリッド,東Ｇ
スマートシティ,産業・インフラ,6366,千代建,東Ｓ
スマートシティ,産業・インフラ,6479,ミネベア,東Ｐ
スマートシティ,産業・インフラ,6501,日立,東Ｐ
スマートシティ,産業・インフラ,6503,三菱電,東Ｐ
スマートシティ,産業・インフラ,6508,明電舎,東Ｐ
スマートシティ,産業・インフラ,6644,大崎電,東Ｐ
スマートシティ,産業・インフラ,6701,ＮＥＣ,東Ｐ
スマートシティ,産業・インフラ,6702,富士通,東Ｐ
スマートシティ,産業・インフラ,6752,パナＨＤ,東Ｐ
スマートシティ,産業・インフラ,6753,シャープ,東Ｐ
スマートシティ,産業・インフラ,6902,デンソー,東Ｐ
スマートシティ,産業・インフラ,6971,京セラ,東Ｐ
スマートシティ,産業・インフラ,7011,三菱重,東Ｐ
スマートシティ,産業・インフラ,7203,トヨタ,東Ｐ
スマートシティ,産業・インフラ,8058,三菱商,東Ｐ
スマートシティ,産業・インフラ,8801,三井不,東Ｐ
スマートシティ,産業・インフラ,8802,菱地所,東Ｐ
スマートシティ,産業・インフラ,8830,住友不,東Ｐ
スマートシティ,産業・インフラ,9006,京急,東Ｐ
スマートシティ,産業・インフラ,9020,ＪＲ東日本,東Ｐ
スマートシティ,産業・インフラ,9248,人・夢・技術,東Ｓ
スマートシティ,産業・インフラ,9417,スマバ,東Ｓ
スマートシティ,産業・インフラ,9432,ＮＴＴ,東Ｐ
スマートシティ,産業・インフラ,9433,ＫＤＤＩ,東Ｐ
スマートシティ,産業・インフラ,9434,ＳＢ,東Ｐ
スマートシティ,産業・インフラ,9501,東電ＨＤ,東Ｐ
スマートシティ,産業・インフラ,9502,中部電,東Ｐ
スマートシティ,産業・インフラ,9503,関西電,東Ｐ
スマートシティ,産業・インフラ,9513,Ｊパワー,東Ｐ
スマートシティ,産業・インフラ,9531,東ガス,東Ｐ
スマートシティ,産業・インフラ,9687,ＫＳＫ,東Ｓ
スマートシティ,産業・インフラ,9691,両毛システム,東Ｓ
スマートシティ,産業・インフラ,9706,日本空港ビル,東Ｐ
スマートシティ,産業・インフラ,9831,ヤマダＨＤ,東Ｐ
ゼネコン,産業・インフラ,1719,安藤ハザマ,東Ｐ
ゼネコン,産業・インフラ,1720,東急建設,東Ｐ
ゼネコン,産業・インフラ,1762,高松グループ,東Ｐ
ゼネコン,産業・インフラ,1768,ソネック,東Ｓ
ゼネコン,産業・インフラ,1780,ヤマウラ,東Ｐ
ゼネコン,産業・インフラ,1793,大本組,東Ｓ
ゼネコン,産業・インフラ,1799,第一建設,東Ｓ
ゼネコン,産業・インフラ,1801,大成建,東Ｐ
ゼネコン,産業・インフラ,1802,大林組,東Ｐ
ゼネコン,産業・インフラ,1803,清水建,東Ｐ
ゼネコン,産業・インフラ,1810,松井建,東Ｓ
ゼネコン,産業・インフラ,1811,銭高組,東Ｓ
ゼネコン,産業・インフラ,1812,鹿島,東Ｐ
ゼネコン,産業・インフラ,1813,不動テトラ,東Ｐ
ゼネコン,産業・インフラ,1815,鉄建建設,東Ｐ
ゼネコン,産業・インフラ,1820,西松建,東Ｐ
ゼネコン,産業・インフラ,1822,大豊建,東Ｓ
ゼネコン,産業・インフラ,1826,佐田建,東Ｓ
ゼネコン,産業・インフラ,1827,ナカノフドー,東Ｓ
ゼネコン,産業・インフラ,1833,奥村組,東Ｐ
ゼネコン,産業・インフラ,1850,南海辰村,東Ｓ
ゼネコン,産業・インフラ,1852,浅沼組,東Ｐ
ゼネコン,産業・インフラ,1853,森組,東Ｓ
ゼネコン,産業・インフラ,1860,戸田建,東Ｐ
ゼネコン,産業・インフラ,1861,熊谷組,東Ｐ
ゼネコン,産業・インフラ,1866,北野建,東Ｓ
ゼネコン,産業・インフラ,1867,植木組,東Ｓ
ゼネコン,産業・インフラ,1869,名工建,名Ｍ
ゼネコン,産業・インフラ,1870,矢作建,東Ｐ
ゼネコン,産業・インフラ,1885,東亜建,東Ｐ
ゼネコン,産業・インフラ,1887,日本国土開発,東Ｐ
ゼネコン,産業・インフラ,1892,徳倉建,名Ｍ
ゼネコン,産業・インフラ,1893,五洋建,東Ｐ
ゼネコン,産業・インフラ,1899,福田組,東Ｐ
ゼネコン,産業・インフラ,5076,インフロニア,東Ｐ
トンネル,産業・インフラ,1414,ショーボンド,東Ｐ
トンネル,産業・インフラ,1719,安藤ハザマ,東Ｐ
トンネル,産業・インフラ,1793,大本組,東Ｓ
トンネル,産業・インフラ,1801,大成建,東Ｐ
トンネル,産業・インフラ,1802,大林組,東Ｐ
トンネル,産業・インフラ,1811,銭高組,東Ｓ
トンネル,産業・インフラ,1812,鹿島,東Ｐ
トンネル,産業・インフラ,1815,鉄建建設,東Ｐ
トンネル,産業・インフラ,1820,西松建,東Ｐ
トンネル,産業・インフラ,1822,大豊建,東Ｓ
トンネル,産業・インフラ,1826,佐田建,東Ｓ
トンネル,産業・インフラ,1833,奥村組,東Ｐ
トンネル,産業・インフラ,1861,熊谷組,東Ｐ
トンネル,産業・インフラ,1870,矢作建,東Ｐ
トンネル,産業・インフラ,1887,日本国土開発,東Ｐ
トンネル,産業・インフラ,1899,福田組,東Ｐ
トンネル,産業・インフラ,1914,日基技,東Ｓ
トンネル,産業・インフラ,1929,日特建,東Ｐ
トンネル,産業・インフラ,2153,Ｅ・ＪＨＤ,東Ｐ
トンネル,産業・インフラ,3420,ケーエフシー,東Ｓ
トンネル,産業・インフラ,3423,エスイー,東Ｓ
トンネル,産業・インフラ,4216,旭有機材,東Ｐ
トンネル,産業・インフラ,4956,コニシ,東Ｐ
トンネル,産業・インフラ,5075,アップコン,名Ｎ
トンネル,産業・インフラ,5079,ノバック,東Ｓ
トンネル,産業・インフラ,5271,トーヨアサノ,東Ｓ
トンネル,産業・インフラ,5282,ジオスター,東Ｓ
トンネル,産業・インフラ,5284,ヤマウＨＤ,東Ｓ
トンネル,産業・インフラ,5285,ヤマックス,東Ｓ
トンネル,産業・インフラ,5290,ベルテクス,東Ｓ
トンネル,産業・インフラ,5391,Ａ＆ＡＭ,東Ｓ
トンネル,産業・インフラ,5715,古河機金,東Ｐ
トンネル,産業・インフラ,6365,電業社,東Ｓ
トンネル,産業・インフラ,6744,能美防災,東Ｐ
トンネル,産業・インフラ,6748,星和電,東Ｓ
トンネル,産業・インフラ,6797,名古屋電機,東Ｓ
トンネル,産業・インフラ,7004,カナデビア,東Ｐ
トンネル,産業・インフラ,7721,東京計器,東Ｐ
トンネル,産業・インフラ,7917,ＺＡＣＲＯＳ,東Ｐ
バラスト水処理,産業・インフラ,3405,クラレ,東Ｐ
バラスト水処理,産業・インフラ,5411,ＪＦＥ,東Ｐ
バラスト水処理,産業・インフラ,5802,住友電,東Ｐ
バラスト水処理,産業・インフラ,6005,三浦工,東Ｐ
バラスト水処理,産業・インフラ,6229,オーケーエム,東Ｓ
バラスト水処理,産業・インフラ,6237,イワキポンプ,東Ｐ
バラスト水処理,産業・インフラ,6322,タクミナ,東Ｓ
バラスト水処理,産業・インフラ,6331,化工機,東Ｐ
バラスト水処理,産業・インフラ,6370,栗田工,東Ｐ
バラスト水処理,産業・インフラ,6467,ニチダイ,東Ｓ
バラスト水処理,産業・インフラ,6637,寺崎電気,東Ｓ
バラスト水処理,産業・インフラ,6668,ＡＤプラズマ,東Ｓ
バラスト水処理,産業・インフラ,7003,三井Ｅ＆Ｓ,東Ｐ
バラスト水処理,産業・インフラ,7004,カナデビア,東Ｐ
バラスト水処理,産業・インフラ,7011,三菱重,東Ｐ
バラスト水処理,産業・インフラ,7014,名村造,東Ｓ
バラスト水処理,産業・インフラ,7018,内海造,東Ｓ
バラスト水処理,産業・インフラ,8014,蝶理,東Ｐ
バラスト水処理,産業・インフラ,9101,郵船,東Ｐ
バラスト水処理,産業・インフラ,9104,商船三井,東Ｐ
リニア鉄道輸出,産業・インフラ,5801,古河電,東Ｐ
リニア鉄道輸出,産業・インフラ,5802,住友電,東Ｐ
リニア鉄道輸出,産業・インフラ,6501,日立,東Ｐ
リニア鉄道輸出,産業・インフラ,7013,ＩＨＩ,東Ｐ
リニア鉄道輸出,産業・インフラ,7102,日車両,東Ｐ
リニア鉄道輸出,産業・インフラ,7259,アイシン,東Ｐ
リニア鉄道輸出,産業・インフラ,9022,ＪＲ東海,東Ｐ
倉庫,産業・インフラ,2117,ウェルネオＳ,東Ｐ
倉庫,産業・インフラ,2819,エバラ食品,東Ｓ
倉庫,産業・インフラ,2874,ヨコレイ,東Ｐ
倉庫,産業・インフラ,2997,ストレジ王,東Ｇ
倉庫,産業・インフラ,3045,カワサキ,東Ｓ
倉庫,産業・インフラ,3172,ティーライフ,東Ｓ
倉庫,産業・インフラ,3498,霞ヶ関Ｃ,東Ｐ
倉庫,産業・インフラ,4041,日曹達,東Ｐ
倉庫,産業・インフラ,4391,ロジザード,東Ｇ
倉庫,産業・インフラ,5210,日山村硝,東Ｓ
倉庫,産業・インフラ,5940,不二サッシ,東Ｓ
倉庫,産業・インフラ,6144,西部電機,東Ｓ
倉庫,産業・インフラ,6226,守谷輸送機,東Ｓ
倉庫,産業・インフラ,6369,トヨカネツ,東Ｐ
倉庫,産業・インフラ,6383,ダイフク,東Ｐ
倉庫,産業・インフラ,7538,大水,東Ｓ
倉庫,産業・インフラ,7551,ウェッズ,東Ｓ
倉庫,産業・インフラ,7698,アイスコ,東Ｓ
倉庫,産業・インフラ,8030,中央魚,東Ｓ
倉庫,産業・インフラ,8039,築地魚,東Ｓ
倉庫,産業・インフラ,8145,中部水産,名Ｍ
倉庫,産業・インフラ,8801,三井不,東Ｐ
倉庫,産業・インフラ,8802,菱地所,東Ｐ
倉庫,産業・インフラ,8914,エリアリンク,東Ｓ
倉庫,産業・インフラ,9025,鴻池運輸,東Ｐ
倉庫,産業・インフラ,9027,ロジネットＪ,札証
倉庫,産業・インフラ,9029,ヒガシＨＤ,東Ｓ
倉庫,産業・インフラ,9034,南総通運,東Ｓ
倉庫,産業・インフラ,9051,センコン物流,東Ｓ
倉庫,産業・インフラ,9057,遠州トラック,東Ｓ
倉庫,産業・インフラ,9060,日ロジテム,東Ｓ
倉庫,産業・インフラ,9072,ニッコンＨＤ,東Ｐ
倉庫,産業・インフラ,9073,京極運,東Ｓ
倉庫,産業・インフラ,9087,タカセ,東Ｓ
倉庫,産業・インフラ,9145,ビイングＨＤ,東Ｓ
倉庫,産業・インフラ,9262,シルバライフ,東Ｓ
倉庫,産業・インフラ,9301,三菱倉,東Ｐ
倉庫,産業・インフラ,9302,三井倉ＨＤ,東Ｐ
倉庫,産業・インフラ,9303,住友倉,東Ｐ
倉庫,産業・インフラ,9304,渋沢倉,東Ｐ
倉庫,産業・インフラ,9305,ヤマタネ,東Ｐ
倉庫,産業・インフラ,9306,東陽倉,東Ｓ
倉庫,産業・インフラ,9307,杉村倉,東Ｓ
倉庫,産業・インフラ,9308,乾汽船,東Ｓ
倉庫,産業・インフラ,9310,トランシティ,東Ｐ
倉庫,産業・インフラ,9311,アサガミ,東Ｓ
倉庫,産業・インフラ,9312,ケイヒン,東Ｓ
倉庫,産業・インフラ,9313,丸八倉,東Ｓ
倉庫,産業・インフラ,9319,中央倉,東Ｐ
倉庫,産業・インフラ,9322,川西倉,東Ｓ
倉庫,産業・インフラ,9324,安田倉,東Ｐ
倉庫,産業・インフラ,9351,東洋埠頭,東Ｓ
倉庫,産業・インフラ,9353,桜島埠,東Ｓ
倉庫,産業・インフラ,9355,リンコー,東Ｓ
倉庫,産業・インフラ,9357,名港海,名Ｍ
倉庫,産業・インフラ,9360,鈴与シンワ,東Ｓ
倉庫,産業・インフラ,9361,伏木運,東Ｓ
倉庫,産業・インフラ,9362,兵機海,東Ｓ
倉庫,産業・インフラ,9364,上組,東Ｐ
倉庫,産業・インフラ,9366,サンリツ,東Ｓ
倉庫,産業・インフラ,9367,大東港運,東Ｓ
倉庫,産業・インフラ,9369,キユソ流通,東Ｓ
倉庫,産業・インフラ,9380,東海運,東Ｓ
倉庫,産業・インフラ,9672,東競馬,東Ｐ
国土強靱化,産業・インフラ,1414,ショーボンド,東Ｐ
国土強靱化,産業・インフラ,1719,安藤ハザマ,東Ｐ
国土強靱化,産業・インフラ,1771,日本乾溜工,福証
国土強靱化,産業・インフラ,1786,オリエン白石,東Ｐ
国土強靱化,産業・インフラ,1787,ナカボテック,東Ｓ
国土強靱化,産業・インフラ,1801,大成建,東Ｐ
国土強靱化,産業・インフラ,1802,大林組,東Ｐ
国土強靱化,産業・インフラ,1803,清水建,東Ｐ
国土強靱化,産業・インフラ,1812,鹿島,東Ｐ
国土強靱化,産業・インフラ,1813,不動テトラ,東Ｐ
国土強靱化,産業・インフラ,1815,鉄建建設,東Ｐ
国土強靱化,産業・インフラ,1820,西松建,東Ｐ
国土強靱化,産業・インフラ,1822,大豊建,東Ｓ
国土強靱化,産業・インフラ,1835,東鉄工,東Ｐ
国土強靱化,産業・インフラ,1848,富士ＰＳ,東Ｓ
国土強靱化,産業・インフラ,1860,戸田建,東Ｐ
国土強靱化,産業・インフラ,1870,矢作建,東Ｐ
国土強靱化,産業・インフラ,1871,ピーエス,東Ｐ
国土強靱化,産業・インフラ,1882,東亜道,東Ｐ
国土強靱化,産業・インフラ,1887,日本国土開発,東Ｐ
国土強靱化,産業・インフラ,1888,若築建,東Ｐ
国土強靱化,産業・インフラ,1893,五洋建,東Ｐ
国土強靱化,産業・インフラ,1898,世紀東急,東Ｐ
国土強靱化,産業・インフラ,1905,テノックス,東Ｓ
国土強靱化,産業・インフラ,1914,日基技,東Ｓ
国土強靱化,産業・インフラ,1926,ライト,東Ｐ
国土強靱化,産業・インフラ,1929,日特建,東Ｐ
国土強靱化,産業・インフラ,2153,Ｅ・ＪＨＤ,東Ｐ
国土強靱化,産業・インフラ,2445,タカミヤ,東Ｓ
国土強靱化,産業・インフラ,2498,オリコンＨＤ,東Ｓ
国土強靱化,産業・インフラ,3423,エスイー,東Ｓ
国土強靱化,産業・インフラ,3431,宮地エンジ,東Ｐ
国土強靱化,産業・インフラ,3443,川田テク,東Ｐ
国土強靱化,産業・インフラ,4208,ＵＢＥ,東Ｐ
国土強靱化,産業・インフラ,4356,応用技術,東Ｓ
国土強靱化,産業・インフラ,4642,オリジナル設,東Ｓ
国土強靱化,産業・インフラ,4673,川崎地質,東Ｓ
国土強靱化,産業・インフラ,4707,キタック,東Ｓ
国土強靱化,産業・インフラ,5011,ニチレキＧ,東Ｐ
国土強靱化,産業・インフラ,5075,アップコン,名Ｎ
国土強靱化,産業・インフラ,5076,インフロニア,東Ｐ
国土強靱化,産業・インフラ,5079,ノバック,東Ｓ
国土強靱化,産業・インフラ,5186,ニッタ,東Ｐ
国土強靱化,産業・インフラ,5232,住友大阪,東Ｐ
国土強靱化,産業・インフラ,5233,太平洋セメ,東Ｐ
国土強靱化,産業・インフラ,5279,日本興業,東Ｓ
国土強靱化,産業・インフラ,5282,ジオスター,東Ｓ
国土強靱化,産業・インフラ,5285,ヤマックス,東Ｓ
国土強靱化,産業・インフラ,5290,ベルテクス,東Ｓ
国土強靱化,産業・インフラ,5597,ブルーイノベ,東Ｇ
国土強靱化,産業・インフラ,5911,横河ブＨＤ,東Ｐ
国土強靱化,産業・インフラ,5915,駒井ハルテク,東Ｓ
国土強靱化,産業・インフラ,5918,滝上工,東Ｓ
国土強靱化,産業・インフラ,5933,アルインコ,東Ｐ
国土強靱化,産業・インフラ,6091,ウエスコＨＤ,東Ｓ
国土強靱化,産業・インフラ,6150,タケダ機械,東Ｓ
国土強靱化,産業・インフラ,6171,土木管理,東Ｓ
国土強靱化,産業・インフラ,6282,オイレス,東Ｐ
国土強靱化,産業・インフラ,6289,技研製,東Ｐ
国土強靱化,産業・インフラ,6294,オカアイヨン,東Ｐ
国土強靱化,産業・インフラ,6301,コマツ,東Ｐ
国土強靱化,産業・インフラ,6305,日立建機,東Ｐ
国土強靱化,産業・インフラ,6306,日工,東Ｐ
国土強靱化,産業・インフラ,6358,酒井重,東Ｐ
国土強靱化,産業・インフラ,6395,タダノ,東Ｐ
国土強靱化,産業・インフラ,7057,エヌシーエヌ,東Ｓ
国土強靱化,産業・インフラ,7224,新明和,東Ｐ
国土強靱化,産業・インフラ,7377,ＤＮＨＤ,東Ｓ
国土強靱化,産業・インフラ,7821,前田工繊,東Ｐ
国土強靱化,産業・インフラ,9020,ＪＲ東日本,東Ｐ
国土強靱化,産業・インフラ,9233,アジア航,東Ｓ
国土強靱化,産業・インフラ,9248,人・夢・技術,東Ｓ
国土強靱化,産業・インフラ,9264,ポエック,東Ｓ
国土強靱化,産業・インフラ,9621,建設技研,東Ｐ
国土強靱化,産業・インフラ,9755,応用地質,東Ｐ
国土強靱化,産業・インフラ,9765,オオバ,東Ｐ
国土強靱化,産業・インフラ,9768,いであ,東Ｓ
国土強靱化,産業・インフラ,9991,ジェコス,東Ｐ
建設,産業・インフラ,1401,エムビーエス,東Ｇ
建設,産業・インフラ,1414,ショーボンド,東Ｐ
建設,産業・インフラ,1417,ミライトワン,東Ｐ
建設,産業・インフラ,1418,インタライフ,東Ｓ
建設,産業・インフラ,1429,日本アクア,東Ｐ
建設,産業・インフラ,1430,１ｓｔコーポ,東Ｓ
建設,産業・インフラ,1431,リブワーク,東Ｇ
建設,産業・インフラ,1434,ＪＥＳＣＯ,東Ｓ
建設,産業・インフラ,1436,グリーンエナ,東Ｇ
建設,産業・インフラ,1438,岐阜造園,東Ｓ
建設,産業・インフラ,1443,技研ＨＤ,東Ｓ
建設,産業・インフラ,1449,ＦＪ,札証
建設,産業・インフラ,1718,美樹工業,東Ｓ
建設,産業・インフラ,1719,安藤ハザマ,東Ｐ
建設,産業・インフラ,1720,東急建設,東Ｐ
建設,産業・インフラ,1762,高松グループ,東Ｐ
建設,産業・インフラ,1764,工藤建設,東Ｓ
建設,産業・インフラ,1766,東建コーポ,東Ｐ
建設,産業・インフラ,1768,ソネック,東Ｓ
建設,産業・インフラ,1770,藤田エンジ,東Ｓ
建設,産業・インフラ,1771,日本乾溜工,福証
建設,産業・インフラ,1773,ＹＴＬ,東Ｐ
建設,産業・インフラ,1777,川崎設備,名Ｍ
建設,産業・インフラ,1780,ヤマウラ,東Ｐ
建設,産業・インフラ,1786,オリエン白石,東Ｐ
建設,産業・インフラ,1788,三東工業,東Ｓ
建設,産業・インフラ,1795,マサル,東Ｓ
建設,産業・インフラ,1798,守谷商会,東Ｓ
建設,産業・インフラ,1801,大成建,東Ｐ
建設,産業・インフラ,1802,大林組,東Ｐ
建設,産業・インフラ,1803,清水建,東Ｐ
建設,産業・インフラ,1808,長谷工,東Ｐ
建設,産業・インフラ,1810,松井建,東Ｓ
建設,産業・インフラ,1811,銭高組,東Ｓ
建設,産業・インフラ,1812,鹿島,東Ｐ
建設,産業・インフラ,1813,不動テトラ,東Ｐ
建設,産業・インフラ,1814,大末建,東Ｐ
建設,産業・インフラ,1820,西松建,東Ｐ
建設,産業・インフラ,1822,大豊建,東Ｓ
建設,産業・インフラ,1826,佐田建,東Ｓ
建設,産業・インフラ,1827,ナカノフドー,東Ｓ
建設,産業・インフラ,1828,田辺工業,東Ｓ
建設,産業・インフラ,1832,北海電工,札証
建設,産業・インフラ,1833,奥村組,東Ｐ
建設,産業・インフラ,1835,東鉄工,東Ｐ
建設,産業・インフラ,1847,イチケン,東Ｓ
建設,産業・インフラ,1848,富士ＰＳ,東Ｓ
建設,産業・インフラ,1850,南海辰村,東Ｓ
建設,産業・インフラ,1852,浅沼組,東Ｐ
建設,産業・インフラ,1853,森組,東Ｓ
建設,産業・インフラ,1860,戸田建,東Ｐ
建設,産業・インフラ,1861,熊谷組,東Ｐ
建設,産業・インフラ,1866,北野建,東Ｓ
建設,産業・インフラ,1867,植木組,東Ｓ
建設,産業・インフラ,1870,矢作建,東Ｐ
建設,産業・インフラ,1871,ピーエス,東Ｐ
建設,産業・インフラ,1879,新日本建,東Ｐ
建設,産業・インフラ,1885,東亜建,東Ｐ
建設,産業・インフラ,1887,日本国土開発,東Ｐ
建設,産業・インフラ,1888,若築建,東Ｐ
建設,産業・インフラ,1892,徳倉建,名Ｍ
建設,産業・インフラ,1893,五洋建,東Ｐ
建設,産業・インフラ,1897,金下建,東Ｓ
建設,産業・インフラ,1899,福田組,東Ｐ
建設,産業・インフラ,1904,大成温調,東Ｓ
建設,産業・インフラ,1921,巴,東Ｓ
建設,産業・インフラ,1926,ライト,東Ｐ
建設,産業・インフラ,1930,北陸電工,東Ｐ
建設,産業・インフラ,1939,四電工,東Ｐ
建設,産業・インフラ,1960,サンテック,東Ｓ
建設,産業・インフラ,1961,三機工,東Ｐ
建設,産業・インフラ,1965,テクノ菱和,東Ｓ
建設,産業・インフラ,1967,ヤマト,東Ｓ
建設,産業・インフラ,1969,高砂熱,東Ｐ
建設,産業・インフラ,1972,三晃金,東Ｓ
建設,産業・インフラ,1975,朝日工,東Ｐ
建設,産業・インフラ,1976,明星工,東Ｐ
建設,産業・インフラ,1980,ダイダン,東Ｐ
建設,産業・インフラ,1994,高橋ウォール,東Ｓ
建設,産業・インフラ,2445,タカミヤ,東Ｓ
建設,産業・インフラ,2734,サーラ,東Ｐ
建設,産業・インフラ,3166,ＯＣＨＩＨＤ,東Ｓ
建設,産業・インフラ,3199,綿半ＨＤ,東Ｐ
建設,産業・インフラ,3221,ヨシックス,東Ｐ
建設,産業・インフラ,3267,フィルＣ,東Ｓ
建設,産業・インフラ,3420,ケーエフシー,東Ｓ
建設,産業・インフラ,3431,宮地エンジ,東Ｐ
建設,産業・インフラ,3440,日創グループ,東Ｓ
建設,産業・インフラ,4192,スパイダー,東Ｇ
建設,産業・インフラ,4345,ＣＴＳ,東Ｐ
建設,産業・インフラ,4547,キッセイ,東Ｐ
建設,産業・インフラ,5076,インフロニア,東Ｐ
建設,産業・インフラ,5079,ノバック,東Ｓ
建設,産業・インフラ,5254,Ａｒｅｎｔ,東Ｇ
建設,産業・インフラ,5280,ヨシコン,東Ｓ
建設,産業・インフラ,5285,ヤマックス,東Ｓ
建設,産業・インフラ,5368,日本インシュ,東Ｓ
建設,産業・インフラ,5408,中山鋼,東Ｐ
建設,産業・インフラ,5446,北越メ,東Ｓ
建設,産業・インフラ,5911,横河ブＨＤ,東Ｐ
建設,産業・インフラ,6085,アーキテクツ,東Ｇ
建設,産業・インフラ,7058,共栄セキュリ,東Ｓ
建設,産業・インフラ,7059,コプロＨＤ,東Ｐ
建設,産業・インフラ,7226,極東開発,東Ｐ
建設,産業・インフラ,7362,Ｔ．Ｓ．Ｉ,東Ｇ
建設,産業・インフラ,7369,メイホーＨＤ,東Ｇ
建設,産業・インフラ,7414,小野建,東Ｐ
建設,産業・インフラ,7426,山大,東Ｓ
建設,産業・インフラ,7808,ＣＳランバー,東Ｓ
建設,産業・インフラ,7837,アールシー,東Ｓ
建設,産業・インフラ,8046,丸藤パ,東Ｓ
建設,産業・インフラ,8104,クワザワＨＤ,東Ｓ
建設,産業・インフラ,8835,太平発,東Ｓ
建設,産業・インフラ,8850,スターツ,東Ｐ
建設,産業・インフラ,8887,シーラＨＤ,東Ｓ
建設,産業・インフラ,8904,アバンティア,東Ｓ
建設,産業・インフラ,8935,ＦＪネクＨＤ,東Ｐ
建設,産業・インフラ,9024,西武ＨＤ,東Ｐ
建設,産業・インフラ,9033,広電鉄,東Ｓ
建設,産業・インフラ,9034,南総通運,東Ｓ
建設,産業・インフラ,9085,中バス,札証
建設,産業・インフラ,9142,ＪＲ九州,東Ｐ
建設,産業・インフラ,9163,ナレルＧ,東Ｇ
建設,産業・インフラ,9170,成友興業,名Ｍ
建設,産業・インフラ,9223,ＡＳＮＯＶＡ,東Ｇ
建設,産業・インフラ,9248,人・夢・技術,東Ｓ
建設,産業・インフラ,9612,ラックランド,東Ｐ
建設,産業・インフラ,9639,三協フロンテ,東Ｓ
建設,産業・インフラ,9647,協和コンサル,東Ｓ
建設,産業・インフラ,9761,東海リース,東Ｓ
建設,産業・インフラ,9782,ＤＭＳ,東Ｓ
建設,産業・インフラ,9812,テーオーＨＤ,東Ｓ
建設,産業・インフラ,9896,ＪＫＨＤ,東Ｓ
建設,産業・インフラ,9906,藤井産業,東Ｓ
建設コンサルタント,産業・インフラ,1905,テノックス,東Ｓ
建設コンサルタント,産業・インフラ,2153,Ｅ・ＪＨＤ,東Ｐ
建設コンサルタント,産業・インフラ,2325,ＮＪＳ,東Ｐ
建設コンサルタント,産業・インフラ,2498,オリコンＨＤ,東Ｓ
建設コンサルタント,産業・インフラ,3076,あいＨＤ,東Ｐ
建設コンサルタント,産業・インフラ,3423,エスイー,東Ｓ
建設コンサルタント,産業・インフラ,4356,応用技術,東Ｓ
建設コンサルタント,産業・インフラ,4642,オリジナル設,東Ｓ
建設コンサルタント,産業・インフラ,4673,川崎地質,東Ｓ
建設コンサルタント,産業・インフラ,4707,キタック,東Ｓ
建設コンサルタント,産業・インフラ,4840,トライアイズ,東Ｓ
建設コンサルタント,産業・インフラ,6091,ウエスコＨＤ,東Ｓ
建設コンサルタント,産業・インフラ,6171,土木管理,東Ｓ
建設コンサルタント,産業・インフラ,7369,メイホーＨＤ,東Ｇ
建設コンサルタント,産業・インフラ,7377,ＤＮＨＤ,東Ｓ
建設コンサルタント,産業・インフラ,9233,アジア航,東Ｓ
建設コンサルタント,産業・インフラ,9248,人・夢・技術,東Ｓ
建設コンサルタント,産業・インフラ,9621,建設技研,東Ｐ
建設コンサルタント,産業・インフラ,9647,協和コンサル,東Ｓ
建設コンサルタント,産業・インフラ,9755,応用地質,東Ｐ
建設コンサルタント,産業・インフラ,9765,オオバ,東Ｐ
建設コンサルタント,産業・インフラ,9768,いであ,東Ｓ
建設コンサルタント,産業・インフラ,9788,ナック,東Ｐ
建設・土木,産業・インフラ,1414,ショーボンド,東Ｐ
建設・土木,産業・インフラ,1663,Ｋ＆Ｏエナジ,東Ｐ
建設・土木,産業・インフラ,1719,安藤ハザマ,東Ｐ
建設・土木,産業・インフラ,1764,工藤建設,東Ｓ
建設・土木,産業・インフラ,1813,不動テトラ,東Ｐ
建設・土木,産業・インフラ,1815,鉄建建設,東Ｐ
建設・土木,産業・インフラ,1820,西松建,東Ｐ
建設・土木,産業・インフラ,1822,大豊建,東Ｓ
建設・土木,産業・インフラ,1835,東鉄工,東Ｐ
建設・土木,産業・インフラ,1844,大盛工業,東Ｓ
建設・土木,産業・インフラ,1852,浅沼組,東Ｐ
建設・土木,産業・インフラ,1861,熊谷組,東Ｐ
建設・土木,産業・インフラ,1867,植木組,東Ｓ
建設・土木,産業・インフラ,1885,東亜建,東Ｐ
建設・土木,産業・インフラ,1888,若築建,東Ｐ
建設・土木,産業・インフラ,1893,五洋建,東Ｐ
建設・土木,産業・インフラ,1897,金下建,東Ｓ
建設・土木,産業・インフラ,1905,テノックス,東Ｓ
建設・土木,産業・インフラ,1926,ライト,東Ｐ
建設・土木,産業・インフラ,1950,日本電設,東Ｐ
建設・土木,産業・インフラ,1997,暁飯島工業,東Ｓ
建設・土木,産業・インフラ,1999,サイタＨＤ,福証
建設・土木,産業・インフラ,3443,川田テク,東Ｐ
建設・土木,産業・インフラ,5288,アジアパイル,東Ｐ
建設・土木,産業・インフラ,7058,共栄セキュリ,東Ｓ
建設・土木,産業・インフラ,7059,コプロＨＤ,東Ｐ
建設基礎工事,産業・インフラ,1758,太洋基礎,東Ｓ
建設基礎工事,産業・インフラ,1905,テノックス,東Ｓ
建設基礎工事,産業・インフラ,1914,日基技,東Ｓ
建設基礎工事,産業・インフラ,5075,アップコン,名Ｎ
建設機械,産業・インフラ,1887,日本国土開発,東Ｐ
建設機械,産業・インフラ,3004,神栄,東Ｓ
建設機械,産業・インフラ,3023,ラサ商事,東Ｓ
建設機械,産業・インフラ,3355,クリヤマＨＤ,東Ｓ
建設機械,産業・インフラ,3856,Ａバランス,東Ｓ
建設機械,産業・インフラ,4222,児玉化,東Ｓ
建設機械,産業・インフラ,5076,インフロニア,東Ｐ
建設機械,産業・インフラ,5185,フコク,東Ｐ
建設機械,産業・インフラ,5406,神戸鋼,東Ｐ
建設機械,産業・インフラ,5632,菱製鋼,東Ｐ
建設機械,産業・インフラ,5644,メタルアート,東Ｓ
建設機械,産業・インフラ,5697,サンユウ,東Ｓ
建設機械,産業・インフラ,5715,古河機金,東Ｐ
建設機械,産業・インフラ,5971,共和工業,東Ｓ
建設機械,産業・インフラ,5976,ネツレン,東Ｐ
建設機械,産業・インフラ,5987,オーネックス,東Ｓ
建設機械,産業・インフラ,5994,ファインシン,東Ｓ
建設機械,産業・インフラ,6240,ヤマシン―Ｆ,東Ｐ
建設機械,産業・インフラ,6268,ナブテスコ,東Ｐ
建設機械,産業・インフラ,6282,オイレス,東Ｐ
建設機械,産業・インフラ,6289,技研製,東Ｐ
建設機械,産業・インフラ,6294,オカアイヨン,東Ｐ
建設機械,産業・インフラ,6301,コマツ,東Ｐ
建設機械,産業・インフラ,6302,住友重,東Ｐ
建設機械,産業・インフラ,6305,日立建機,東Ｐ
建設機械,産業・インフラ,6317,北川鉄,東Ｓ
建設機械,産業・インフラ,6326,クボタ,東Ｐ
建設機械,産業・インフラ,6358,酒井重,東Ｐ
建設機械,産業・インフラ,6364,ＡＩＲＭＡＮ,東Ｐ
建設機械,産業・インフラ,6390,加藤製,東Ｐ
建設機械,産業・インフラ,6393,油研工,東Ｓ
建設機械,産業・インフラ,6395,タダノ,東Ｐ
建設機械,産業・インフラ,6432,竹内製作所,東Ｐ
建設機械,産業・インフラ,6439,中日鋳,名Ｍ
建設機械,産業・インフラ,6454,マックス,東Ｐ
建設機械,産業・インフラ,6471,日精工,東Ｐ
建設機械,産業・インフラ,6472,ＮＴＮ,東Ｐ
建設機械,産業・インフラ,6474,不二越,東Ｐ
建設機械,産業・インフラ,6480,トムソン,東Ｐ
建設機械,産業・インフラ,6486,イーグル工,東Ｐ
建設機械,産業・インフラ,6493,ＮＩＴＴＡＮ,東Ｓ
建設機械,産業・インフラ,6706,電気興,東Ｐ
建設機械,産業・インフラ,7012,川重,東Ｐ
建設機械,産業・インフラ,7102,日車両,東Ｐ
建設機械,産業・インフラ,7128,ユニソルＨＤ,東Ｐ
建設機械,産業・インフラ,7202,いすゞ,東Ｐ
建設機械,産業・インフラ,7231,トピー,東Ｐ
建設機械,産業・インフラ,7235,東ラヂ,東Ｓ
建設機械,産業・インフラ,7236,ティラド,東Ｐ
建設機械,産業・インフラ,7242,カヤバ,東Ｐ
建設機械,産業・インフラ,7245,大同メ,東Ｐ
建設機械,産業・インフラ,7246,プレス工,東Ｐ
建設機械,産業・インフラ,7254,ユニバンス,東Ｓ
建設機械,産業・インフラ,7278,エクセディ,東Ｐ
建設機械,産業・インフラ,7279,ハイレックス,東Ｓ
建設機械,産業・インフラ,7287,日精機,東Ｓ
建設機械,産業・インフラ,7417,南陽,東Ｓ
建設機械,産業・インフラ,7466,ＳＰＫ,東Ｐ
建設機械,産業・インフラ,7715,長野計器,東Ｐ
建設機械,産業・インフラ,8014,蝶理,東Ｐ
建設機械,産業・インフラ,8053,住友商,東Ｐ
建設機械,産業・インフラ,8074,ＹＵＡＳＡ,東Ｐ
建設機械,産業・インフラ,8075,神鋼商,東Ｐ
建設機械,産業・インフラ,8085,ナラサキ,東Ｓ
建設機械,産業・インフラ,8125,ワキタ,東Ｐ
建設機械,産業・インフラ,9619,イチネンＨＤ,東Ｐ
建設機械,産業・インフラ,9895,コンセック,東Ｓ
建設機械,産業・インフラ,9906,藤井産業,東Ｓ
建設機械レンタル,産業・インフラ,5076,インフロニア,東Ｐ
建設機械レンタル,産業・インフラ,7128,ユニソルＨＤ,東Ｐ
建設機械レンタル,産業・インフラ,7417,南陽,東Ｓ
建設機械レンタル,産業・インフラ,8053,住友商,東Ｐ
建設機械レンタル,産業・インフラ,8125,ワキタ,東Ｐ
建設機械レンタル,産業・インフラ,9417,スマバ,東Ｓ
建設機械レンタル,産業・インフラ,9663,ナガワ,東Ｐ
建設機械レンタル,産業・インフラ,9678,カナモト,東Ｐ
建設機械レンタル,産業・インフラ,9699,ニシオＨＤ,東Ｐ
建設機械レンタル,産業・インフラ,9906,藤井産業,東Ｓ
建設機械レンタル,産業・インフラ,9991,ジェコス,東Ｐ
建設用クレーン,産業・インフラ,5076,インフロニア,東Ｐ
建設用クレーン,産業・インフラ,5715,古河機金,東Ｐ
建設用クレーン,産業・インフラ,6294,オカアイヨン,東Ｐ
建設用クレーン,産業・インフラ,6302,住友重,東Ｐ
建設用クレーン,産業・インフラ,6317,北川鉄,東Ｓ
建設用クレーン,産業・インフラ,6390,加藤製,東Ｐ
建設用クレーン,産業・インフラ,6395,タダノ,東Ｐ
建設用クレーン,産業・インフラ,7128,ユニソルＨＤ,東Ｐ
建設資材,産業・インフラ,1429,日本アクア,東Ｐ
建設資材,産業・インフラ,1443,技研ＨＤ,東Ｓ
建設資材,産業・インフラ,1514,住石ＨＤ,東Ｓ
建設資材,産業・インフラ,1766,東建コーポ,東Ｐ
建設資材,産業・インフラ,1840,土屋ＨＤ,東Ｓ
建設資材,産業・インフラ,1911,住友林,東Ｐ
建設資材,産業・インフラ,1925,大和ハウス,東Ｐ
建設資材,産業・インフラ,1972,三晃金,東Ｓ
建設資材,産業・インフラ,1994,高橋ウォール,東Ｓ
建設資材,産業・インフラ,2445,タカミヤ,東Ｓ
建設資材,産業・インフラ,3004,神栄,東Ｓ
建設資材,産業・インフラ,3064,モノタロウ,東Ｐ
建設資材,産業・インフラ,3103,ユニチカ,東Ｓ
建設資材,産業・インフラ,3106,クラボウ,東Ｐ
建設資材,産業・インフラ,3110,日東紡,東Ｐ
建設資材,産業・インフラ,3157,ジオリーブＧ,東Ｓ
建設資材,産業・インフラ,3161,アゼアス,東Ｓ
建設資材,産業・インフラ,3166,ＯＣＨＩＨＤ,東Ｓ
建設資材,産業・インフラ,3187,ミラタップ,東Ｇ
建設資材,産業・インフラ,3204,トーア紡,東Ｓ
建設資材,産業・インフラ,3355,クリヤマＨＤ,東Ｓ
建設資材,産業・インフラ,3407,旭化成,東Ｐ
建設資材,産業・インフラ,3420,ケーエフシー,東Ｓ
建設資材,産業・インフラ,3423,エスイー,東Ｓ
建設資材,産業・インフラ,3426,アトムリビン,東Ｓ
建設資材,産業・インフラ,3435,サンコテクノ,東Ｓ
建設資材,産業・インフラ,3440,日創グループ,東Ｓ
建設資材,産業・インフラ,3443,川田テク,東Ｐ
建設資材,産業・インフラ,3447,信和,東Ｓ
建設資材,産業・インフラ,3537,昭栄薬品,東Ｓ
建設資材,産業・インフラ,3553,共和レ,東Ｓ
建設資材,産業・インフラ,3569,セーレン,東Ｐ
建設資材,産業・インフラ,3580,小松マテーレ,東Ｐ
建設資材,産業・インフラ,3863,日本紙,東Ｐ
建設資材,産業・インフラ,4025,多木化,東Ｐ
建設資材,産業・インフラ,4026,神島化,東Ｓ
建設資材,産業・インフラ,4044,セ硝子,東Ｐ
建設資材,産業・インフラ,4045,東合成,東Ｐ
建設資材,産業・インフラ,4046,大阪ソーダ,東Ｐ
建設資材,産業・インフラ,4064,カーバイド,東Ｐ
建設資材,産業・インフラ,4094,日化産,東Ｓ
建設資材,産業・インフラ,4099,四国化ＨＤ,東Ｐ
建設資材,産業・インフラ,4102,丸尾カル,東Ｓ
建設資材,産業・インフラ,4112,保土谷,東Ｐ
建設資材,産業・インフラ,4114,日触媒,東Ｐ
建設資材,産業・インフラ,4203,住友ベ,東Ｐ
建設資材,産業・インフラ,4204,積水化,東Ｐ
建設資材,産業・インフラ,4205,ゼオン,東Ｐ
建設資材,産業・インフラ,4206,アイカ,東Ｐ
建設資材,産業・インフラ,4208,ＵＢＥ,東Ｐ
建設資材,産業・インフラ,4212,積水樹,東Ｐ
建設資材,産業・インフラ,4216,旭有機材,東Ｐ
建設資材,産業・インフラ,4220,リケンテクノ,東Ｐ
建設資材,産業・インフラ,4221,大倉工,東Ｐ
建設資材,産業・インフラ,4224,ロンシール,東Ｓ
建設資材,産業・インフラ,4228,積化成,東Ｐ
建設資材,産業・インフラ,4237,フジプレアム,東Ｓ
建設資材,産業・インフラ,4245,Ｄ・アクシス,東Ｓ
建設資材,産業・インフラ,4251,恵和,東Ｐ
建設資材,産業・インフラ,4461,一工薬,東Ｐ
建設資材,産業・インフラ,4471,三洋化,東Ｐ
建設資材,産業・インフラ,4615,神東塗,東Ｓ
建設資材,産業・インフラ,4617,中国塗,東Ｐ
建設資材,産業・インフラ,4619,日特塗,東Ｓ
建設資材,産業・インフラ,4624,イサム,東Ｓ
建設資材,産業・インフラ,4627,ナトコ,東Ｓ
建設資材,産業・インフラ,4628,エスケー化研,東Ｓ
建設資材,産業・インフラ,4635,東インキ,東Ｓ
建設資材,産業・インフラ,4956,コニシ,東Ｐ
建設資材,産業・インフラ,4960,ケミプロ,東Ｓ
建設資材,産業・インフラ,4990,昭和化,東Ｓ
建設資材,産業・インフラ,5122,オカモト,東Ｐ
建設資材,産業・インフラ,5142,アキレス,東Ｐ
建設資材,産業・インフラ,5192,三星ベ,東Ｐ
建設資材,産業・インフラ,5195,バンドー,東Ｐ
建設資材,産業・インフラ,5201,ＡＧＣ,東Ｐ
建設資材,産業・インフラ,5202,板硝子,東Ｐ
建設資材,産業・インフラ,5232,住友大阪,東Ｐ
建設資材,産業・インフラ,5233,太平洋セメ,東Ｐ
建設資材,産業・インフラ,5237,ノザワ,東Ｓ
建設資材,産業・インフラ,5273,三谷セキ,東Ｓ
建設資材,産業・インフラ,5279,日本興業,東Ｓ
建設資材,産業・インフラ,5280,ヨシコン,東Ｓ
建設資材,産業・インフラ,5283,高見沢,東Ｓ
建設資材,産業・インフラ,5288,アジアパイル,東Ｐ
建設資材,産業・インフラ,5290,ベルテクス,東Ｓ
建設資材,産業・インフラ,5337,ダントーＨＤ,東Ｓ
建設資材,産業・インフラ,5341,アサヒエイト,東Ｓ
建設資材,産業・インフラ,5351,品川リフラ,東Ｐ
建設資材,産業・インフラ,5356,美濃窯,東Ｓ
建設資材,産業・インフラ,5368,日本インシュ,東Ｓ
建設資材,産業・インフラ,5380,新東,東Ｓ
建設資材,産業・インフラ,5386,鶴弥,名Ｍ
建設資材,産業・インフラ,5391,Ａ＆ＡＭ,東Ｓ
建設資材,産業・インフラ,5393,ニチアス,東Ｐ
建設資材,産業・インフラ,5410,合同鉄,東Ｐ
建設資材,産業・インフラ,5423,東京製鉄,東Ｐ
建設資材,産業・インフラ,5440,共英製鋼,東Ｐ
建設資材,産業・インフラ,5445,東京鉄,東Ｐ
建設資材,産業・インフラ,5451,ヨドコウ,東Ｐ
建設資材,産業・インフラ,5463,丸一管,東Ｐ
建設資材,産業・インフラ,5602,栗本鉄,東Ｐ
建設資材,産業・インフラ,5609,日鋳造,東Ｓ
建設資材,産業・インフラ,5820,三ッ星,東Ｓ
建設資材,産業・インフラ,5900,ダイケン,東Ｓ
建設資材,産業・インフラ,5901,洋缶ＨＤ,東Ｐ
建設資材,産業・インフラ,5906,エムケー精工,東Ｓ
建設資材,産業・インフラ,5918,滝上工,東Ｓ
建設資材,産業・インフラ,5928,アルメタクス,東Ｓ
建設資材,産業・インフラ,5929,三和ＨＤ,東Ｐ
建設資材,産業・インフラ,5930,文化シヤタ,東Ｐ
建設資材,産業・インフラ,5932,三協立山,東Ｐ
建設資材,産業・インフラ,5933,アルインコ,東Ｐ
建設資材,産業・インフラ,5936,洋シヤタ,東Ｓ
建設資材,産業・インフラ,5938,ＬＩＸＩＬ,東Ｐ
建設資材,産業・インフラ,5939,大谷工業,東Ｓ
建設資材,産業・インフラ,5940,不二サッシ,東Ｓ
建設資材,産業・インフラ,5950,パワーファス,東Ｓ
建設資材,産業・インフラ,5952,アマテイ,東Ｓ
建設資材,産業・インフラ,5953,昭和鉄,福証
建設資材,産業・インフラ,5958,三洋工,東Ｓ
建設資材,産業・インフラ,5959,岡部,東Ｐ
建設資材,産業・インフラ,5973,トーアミ,東Ｓ
建設資材,産業・インフラ,5976,ネツレン,東Ｐ
建設資材,産業・インフラ,5979,カネソウ,名Ｍ
建設資材,産業・インフラ,5992,中発条,東Ｓ
建設資材,産業・インフラ,6151,日東工器,東Ｐ
建設資材,産業・インフラ,6203,豊和工,東Ｓ
建設資材,産業・インフラ,6229,オーケーエム,東Ｓ
建設資材,産業・インフラ,6233,ＫＬＡＳＳ,東Ｓ
建設資材,産業・インフラ,6306,日工,東Ｐ
建設資材,産業・インフラ,6342,太平製,東Ｓ
建設資材,産業・インフラ,6346,キクカワ,東Ｓ
建設資材,産業・インフラ,6469,放電精密,東Ｓ
建設資材,産業・インフラ,6498,キッツ,東Ｐ
建設資材,産業・インフラ,6546,フルテック,東Ｓ
建設資材,産業・インフラ,6915,千代田インテ,東Ｓ
建設資材,産業・インフラ,7021,ニッチツ,東Ｓ
建設資材,産業・インフラ,7115,Ａパーチェス,東Ｓ
建設資材,産業・インフラ,7128,ユニソルＨＤ,東Ｐ
建設資材,産業・インフラ,7130,ヤマエＧＨＤ,東Ｐ
建設資材,産業・インフラ,7231,トピー,東Ｐ
建設資材,産業・インフラ,7284,盟和産,東Ｓ
建設資材,産業・インフラ,7305,新家工,東Ｓ
建設資材,産業・インフラ,7414,小野建,東Ｐ
建設資材,産業・インフラ,7425,初穂商事,東Ｓ
建設資材,産業・インフラ,7426,山大,東Ｓ
建設資材,産業・インフラ,7438,コンドー,東Ｐ
建設資材,産業・インフラ,7461,キムラ,東Ｓ
建設資材,産業・インフラ,7463,アドヴァンＧ,東Ｓ
建設資材,産業・インフラ,7485,岡谷鋼機,名Ｐ
建設資材,産業・インフラ,7531,清和中央ＨＤ,東Ｓ
建設資材,産業・インフラ,7539,アイナボＨＤ,東Ｓ
建設資材,産業・インフラ,7590,タカショー,東Ｓ
建設資材,産業・インフラ,7636,ハンズマン,東Ｓ
建設資材,産業・インフラ,7719,東京衡機,東Ｓ
建設資材,産業・インフラ,7808,ＣＳランバー,東Ｓ
建設資材,産業・インフラ,7811,中本パックス,東Ｓ
建設資材,産業・インフラ,7815,東京ボード,東Ｓ
建設資材,産業・インフラ,7820,ニホンフラ,東Ｐ
建設資材,産業・インフラ,7821,前田工繊,東Ｐ
建設資材,産業・インフラ,7822,永大産業,東Ｓ
建設資材,産業・インフラ,7837,アールシー,東Ｓ
建設資材,産業・インフラ,7856,萩原工業,東Ｐ
建設資材,産業・インフラ,7871,フクビ,東Ｓ
建設資材,産業・インフラ,7877,永大化工,東Ｓ
建設資材,産業・インフラ,7879,ノダ,東Ｓ
建設資材,産業・インフラ,7885,タカノ,東Ｓ
建設資材,産業・インフラ,7886,ヤマトモビＭ,東Ｓ
建設資材,産業・インフラ,7887,南プラ,東Ｓ
建設資材,産業・インフラ,7896,セブン工業,東Ｓ
建設資材,産業・インフラ,7897,ホクシン,東Ｓ
建設資材,産業・インフラ,7898,ウッドワン,東Ｓ
建設資材,産業・インフラ,7917,ＺＡＣＲＯＳ,東Ｐ
建設資材,産業・インフラ,7928,旭化学,東Ｓ
建設資材,産業・インフラ,7942,ＪＳＰ,東Ｐ
建設資材,産業・インフラ,7943,ニチハ,東Ｐ
建設資材,産業・インフラ,7950,日デコラ,名Ｍ
建設資材,産業・インフラ,7953,菊水化,東Ｓ
建設資材,産業・インフラ,7970,信越ポリ,東Ｐ
建設資材,産業・インフラ,8007,高島,東Ｐ
建設資材,産業・インフラ,8037,カメイ,東Ｐ
建設資材,産業・インフラ,8052,椿本興,東Ｐ
建設資材,産業・インフラ,8065,佐藤商,東Ｐ
建設資材,産業・インフラ,8066,三谷商,東Ｓ
建設資材,産業・インフラ,8074,ＹＵＡＳＡ,東Ｐ
建設資材,産業・インフラ,8076,カノークス,東Ｓ
建設資材,産業・インフラ,8077,トルク,東Ｓ
建設資材,産業・インフラ,8078,阪和興,東Ｐ
建設資材,産業・インフラ,8085,ナラサキ,東Ｓ
建設資材,産業・インフラ,8089,ナイス,東Ｓ
建設資材,産業・インフラ,8098,稲畑産,東Ｐ
建設資材,産業・インフラ,8103,明和産,東Ｐ
建設資材,産業・インフラ,8104,クワザワＨＤ,東Ｓ
建設資材,産業・インフラ,8130,サンゲツ,東Ｐ
建設資材,産業・インフラ,8138,三京化,東Ｓ
建設資材,産業・インフラ,8218,コメリ,東Ｐ
建設資材,産業・インフラ,8999,グランディ,東Ｐ
建設資材,産業・インフラ,9221,フルハシＥ,東Ｓ
建設資材,産業・インフラ,9656,グリンランド,東Ｓ
建設資材,産業・インフラ,9767,日建工学,東Ｓ
建設資材,産業・インフラ,9790,福井コン,東Ｐ
建設資材,産業・インフラ,9831,ヤマダＨＤ,東Ｐ
建設資材,産業・インフラ,9872,北恵,東Ｓ
建設資材,産業・インフラ,9888,ＵＥＸ,東Ｓ
建設資材,産業・インフラ,9896,ＪＫＨＤ,東Ｓ
建設資材,産業・インフラ,9906,藤井産業,東Ｓ
建設車両,産業・インフラ,5076,インフロニア,東Ｐ
建設車両,産業・インフラ,6301,コマツ,東Ｐ
建設車両,産業・インフラ,6302,住友重,東Ｐ
建設車両,産業・インフラ,6305,日立建機,東Ｐ
建設車両,産業・インフラ,6326,クボタ,東Ｐ
建設車両,産業・インフラ,6358,酒井重,東Ｐ
建設車両,産業・インフラ,6390,加藤製,東Ｐ
建設車両,産業・インフラ,6395,タダノ,東Ｐ
建設車両,産業・インフラ,6432,竹内製作所,東Ｐ
建設車両,産業・インフラ,7224,新明和,東Ｐ
建設車両,産業・インフラ,7226,極東開発,東Ｐ
橋梁,産業・インフラ,1414,ショーボンド,東Ｐ
橋梁,産業・インフラ,1716,第一カッタ,東Ｓ
橋梁,産業・インフラ,1780,ヤマウラ,東Ｐ
橋梁,産業・インフラ,1786,オリエン白石,東Ｐ
橋梁,産業・インフラ,1802,大林組,東Ｐ
橋梁,産業・インフラ,1811,銭高組,東Ｓ
橋梁,産業・インフラ,1848,富士ＰＳ,東Ｓ
橋梁,産業・インフラ,1871,ピーエス,東Ｐ
橋梁,産業・インフラ,1887,日本国土開発,東Ｐ
橋梁,産業・インフラ,1921,巴,東Ｓ
橋梁,産業・インフラ,2498,オリコンＨＤ,東Ｓ
橋梁,産業・インフラ,3423,エスイー,東Ｓ
橋梁,産業・インフラ,3431,宮地エンジ,東Ｐ
橋梁,産業・インフラ,3443,川田テク,東Ｐ
橋梁,産業・インフラ,4956,コニシ,東Ｐ
橋梁,産業・インフラ,5011,ニチレキＧ,東Ｐ
橋梁,産業・インフラ,5075,アップコン,名Ｎ
橋梁,産業・インフラ,5079,ノバック,東Ｓ
橋梁,産業・インフラ,5284,ヤマウＨＤ,東Ｓ
橋梁,産業・インフラ,5288,アジアパイル,東Ｐ
橋梁,産業・インフラ,5609,日鋳造,東Ｓ
橋梁,産業・インフラ,5644,メタルアート,東Ｓ
橋梁,産業・インフラ,5911,横河ブＨＤ,東Ｐ
橋梁,産業・インフラ,5915,駒井ハルテク,東Ｓ
橋梁,産業・インフラ,5918,滝上工,東Ｓ
橋梁,産業・インフラ,5921,川岸工,東Ｓ
橋梁,産業・インフラ,5923,高田機,東Ｓ
橋梁,産業・インフラ,5953,昭和鉄,福証
橋梁,産業・インフラ,5981,東京綱,東Ｐ
橋梁,産業・インフラ,6282,オイレス,東Ｐ
橋梁,産業・インフラ,6289,技研製,東Ｐ
橋梁,産業・インフラ,6345,アイチコーポ,東Ｐ
橋梁,産業・インフラ,7013,ＩＨＩ,東Ｐ
橋梁,産業・インフラ,7014,名村造,東Ｓ
橋梁,産業・インフラ,7102,日車両,東Ｐ
橋梁,産業・インフラ,7377,ＤＮＨＤ,東Ｓ
橋梁,産業・インフラ,7719,東京衡機,東Ｓ
橋梁,産業・インフラ,8046,丸藤パ,東Ｓ
橋梁,産業・インフラ,9248,人・夢・技術,東Ｓ
橋梁,産業・インフラ,9249,エコシステム,東Ｓ
橋梁,産業・インフラ,9647,協和コンサル,東Ｓ
水処理膜,産業・インフラ,3101,東洋紡,東Ｐ
水処理膜,産業・インフラ,3109,シキボウ,東Ｐ
水処理膜,産業・インフラ,3402,東レ,東Ｐ
水処理膜,産業・インフラ,3405,クラレ,東Ｐ
水処理膜,産業・インフラ,3407,旭化成,東Ｐ
水処理膜,産業・インフラ,3864,三菱紙,東Ｐ
水処理膜,産業・インフラ,4043,トクヤマ,東Ｐ
水処理膜,産業・インフラ,4885,室町ケミカル,東Ｓ
水処理膜,産業・インフラ,5333,ＮＧＫ,東Ｐ
水処理膜,産業・インフラ,6988,日東電,東Ｐ
海運,産業・インフラ,4825,ＷＮＩウェザ,東Ｐ
海運,産業・インフラ,5582,グリッド,東Ｇ
海運,産業・インフラ,8002,丸紅,東Ｐ
海運,産業・インフラ,8085,ナラサキ,東Ｓ
海運,産業・インフラ,9101,郵船,東Ｐ
海運,産業・インフラ,9104,商船三井,東Ｐ
海運,産業・インフラ,9107,川崎汽,東Ｐ
海運,産業・インフラ,9110,ユナイテド海,東Ｐ
海運,産業・インフラ,9115,明海グループ,東Ｓ
海運,産業・インフラ,9119,飯野海,東Ｐ
海運,産業・インフラ,9127,玉井船,東Ｓ
海運,産業・インフラ,9130,共栄タ,東Ｓ
海運,産業・インフラ,9171,栗林船,東Ｓ
海運,産業・インフラ,9173,東海汽,東Ｓ
海運,産業・インフラ,9193,東京汽,東Ｓ
海運,産業・インフラ,9308,乾汽船,東Ｓ
海運,産業・インフラ,9310,トランシティ,東Ｐ
海運,産業・インフラ,9359,伊勢湾,名Ｍ
海運,産業・インフラ,9361,伏木運,東Ｓ
海運,産業・インフラ,9362,兵機海,東Ｓ
海運,産業・インフラ,9363,大運,東Ｓ
海運,産業・インフラ,9365,トレーディア,東Ｓ
海運,産業・インフラ,9367,大東港運,東Ｓ
海運,産業・インフラ,9380,東海運,東Ｓ
港湾運送,産業・インフラ,9073,京極運,東Ｓ
港湾運送,産業・インフラ,9301,三菱倉,東Ｐ
港湾運送,産業・インフラ,9302,三井倉ＨＤ,東Ｐ
港湾運送,産業・インフラ,9303,住友倉,東Ｐ
港湾運送,産業・インフラ,9304,渋沢倉,東Ｐ
港湾運送,産業・インフラ,9306,東陽倉,東Ｓ
港湾運送,産業・インフラ,9310,トランシティ,東Ｐ
港湾運送,産業・インフラ,9311,アサガミ,東Ｓ
港湾運送,産業・インフラ,9319,中央倉,東Ｐ
港湾運送,産業・インフラ,9322,川西倉,東Ｓ
港湾運送,産業・インフラ,9351,東洋埠頭,東Ｓ
港湾運送,産業・インフラ,9353,桜島埠,東Ｓ
港湾運送,産業・インフラ,9355,リンコー,東Ｓ
港湾運送,産業・インフラ,9357,名港海,名Ｍ
港湾運送,産業・インフラ,9359,伊勢湾,名Ｍ
港湾運送,産業・インフラ,9360,鈴与シンワ,東Ｓ
港湾運送,産業・インフラ,9361,伏木運,東Ｓ
港湾運送,産業・インフラ,9362,兵機海,東Ｓ
港湾運送,産業・インフラ,9363,大運,東Ｓ
港湾運送,産業・インフラ,9364,上組,東Ｐ
港湾運送,産業・インフラ,9365,トレーディア,東Ｓ
港湾運送,産業・インフラ,9367,大東港運,東Ｓ
港湾運送,産業・インフラ,9380,東海運,東Ｓ
物流,産業・インフラ,1925,大和ハウス,東Ｐ
物流,産業・インフラ,1961,三機工,東Ｐ
物流,産業・インフラ,2330,フォーサイド,東Ｓ
物流,産業・インフラ,2384,ＳＢＳＨＤ,東Ｐ
物流,産業・インフラ,2471,エスプール,東Ｐ
物流,産業・インフラ,2819,エバラ食品,東Ｓ
物流,産業・インフラ,2871,ニチレイ,東Ｐ
物流,産業・インフラ,2934,ジェイフロ,東Ｇ
物流,産業・インフラ,2979,ソシラ物流,東Ｒ
物流,産業・インフラ,3024,クリエイト,東Ｓ
物流,産業・インフラ,3045,カワサキ,東Ｓ
物流,産業・インフラ,3070,ジェリビンズ,東Ｇ
物流,産業・インフラ,3172,ティーライフ,東Ｓ
物流,産業・インフラ,3283,プロロジスＲ,東Ｒ
物流,産業・インフラ,3392,デリカフＨＤ,東Ｓ
物流,産業・インフラ,3447,信和,東Ｓ
物流,産業・インフラ,3471,三井不ロジ,東Ｒ
物流,産業・インフラ,3481,菱地所物流Ｒ,東Ｒ
物流,産業・インフラ,3487,ＣＲＥロジ,東Ｒ
物流,産業・インフラ,3498,霞ヶ関Ｃ,東Ｐ
物流,産業・インフラ,3558,ジェイドＧ,東Ｇ
物流,産業・インフラ,3941,レンゴー,東Ｐ
物流,産業・インフラ,4088,エアウォータ,東Ｐ
物流,産業・インフラ,4350,メディシス,東Ｓ
物流,産業・インフラ,4391,ロジザード,東Ｇ
物流,産業・インフラ,4420,イーソル,東Ｓ
物流,産業・インフラ,4492,ゼネテック,東Ｓ
物流,産業・インフラ,5027,エニマインド,東Ｇ
物流,産業・インフラ,5210,日山村硝,東Ｓ
物流,産業・インフラ,5461,中部鋼鈑,東Ｐ
物流,産業・インフラ,5582,グリッド,東Ｇ
物流,産業・インフラ,5962,浅香工,東Ｓ
物流,産業・インフラ,6144,西部電機,東Ｓ
物流,産業・インフラ,6178,日本郵政,東Ｐ
物流,産業・インフラ,6224,ＪＲＣ,東Ｇ
物流,産業・インフラ,6226,守谷輸送機,東Ｓ
物流,産業・インフラ,6369,トヨカネツ,東Ｐ
物流,産業・インフラ,6383,ダイフク,東Ｐ
物流,産業・インフラ,6482,ＹＵＳＨＩＮ,東Ｓ
物流,産業・インフラ,6549,ＤＭソリュ,東Ｓ
物流,産業・インフラ,7065,ｕｐｒ,東Ｓ
物流,産業・インフラ,7130,ヤマエＧＨＤ,東Ｐ
物流,産業・インフラ,7399,ナンシン,東Ｓ
物流,産業・インフラ,7444,ハリマ共和,東Ｓ
物流,産業・インフラ,7551,ウェッズ,東Ｓ
物流,産業・インフラ,7555,大田花き,東Ｓ
物流,産業・インフラ,7561,ハークスレイ,東Ｓ
物流,産業・インフラ,7694,いつも,東Ｇ
物流,産業・インフラ,7698,アイスコ,東Ｓ
物流,産業・インフラ,7795,ＫＹＯＲＩＴ,東Ｓ
物流,産業・インフラ,7875,竹田ｉＰ,東Ｓ
物流,産業・インフラ,7886,ヤマトモビＭ,東Ｓ
物流,産業・インフラ,7994,オカムラ,東Ｐ
物流,産業・インフラ,8005,スクロール,東Ｐ
物流,産業・インフラ,8203,ＭｒＭａｘ,東Ｐ
物流,産業・インフラ,8518,アジア投資,東Ｓ
物流,産業・インフラ,8801,三井不,東Ｐ
物流,産業・インフラ,8802,菱地所,東Ｐ
物流,産業・インフラ,8967,日本ロジ,東Ｒ
物流,産業・インフラ,9025,鴻池運輸,東Ｐ
物流,産業・インフラ,9027,ロジネットＪ,札証
物流,産業・インフラ,9029,ヒガシＨＤ,東Ｓ
物流,産業・インフラ,9031,西鉄,東Ｐ
物流,産業・インフラ,9034,南総通運,東Ｓ
物流,産業・インフラ,9036,東部ネット,東Ｓ
物流,産業・インフラ,9037,ハマキョウ,東Ｐ
物流,産業・インフラ,9040,大宝運輸,名Ｍ
物流,産業・インフラ,9051,センコン物流,東Ｓ
物流,産業・インフラ,9057,遠州トラック,東Ｓ
物流,産業・インフラ,9059,カンダ,東Ｓ
物流,産業・インフラ,9060,日ロジテム,東Ｓ
物流,産業・インフラ,9063,岡県運送,東Ｓ
物流,産業・インフラ,9064,ヤマトＨＤ,東Ｐ
物流,産業・インフラ,9065,山九,東Ｐ
物流,産業・インフラ,9069,センコーＨＤ,東Ｐ
物流,産業・インフラ,9072,ニッコンＨＤ,東Ｐ
物流,産業・インフラ,9073,京極運,東Ｓ
物流,産業・インフラ,9075,福山運,東Ｐ
物流,産業・インフラ,9076,セイノーＨＤ,東Ｐ
物流,産業・インフラ,9087,タカセ,東Ｓ
物流,産業・インフラ,9090,ＡＺ丸和ＨＤ,東Ｐ
物流,産業・インフラ,9143,ＳＧＨＤ,東Ｐ
物流,産業・インフラ,9145,ビイングＨＤ,東Ｓ
物流,産業・インフラ,9147,ＮＸＨＤ,東Ｐ
物流,産業・インフラ,9268,オプティマス,東Ｓ
物流,産業・インフラ,9301,三菱倉,東Ｐ
物流,産業・インフラ,9302,三井倉ＨＤ,東Ｐ
物流,産業・インフラ,9303,住友倉,東Ｐ
物流,産業・インフラ,9304,渋沢倉,東Ｐ
物流,産業・インフラ,9305,ヤマタネ,東Ｐ
物流,産業・インフラ,9306,東陽倉,東Ｓ
物流,産業・インフラ,9307,杉村倉,東Ｓ
物流,産業・インフラ,9310,トランシティ,東Ｐ
物流,産業・インフラ,9311,アサガミ,東Ｓ
物流,産業・インフラ,9312,ケイヒン,東Ｓ
物流,産業・インフラ,9313,丸八倉,東Ｓ
物流,産業・インフラ,9322,川西倉,東Ｓ
物流,産業・インフラ,9324,安田倉,東Ｐ
物流,産業・インフラ,9325,ファイズＨＤ,東Ｓ
物流,産業・インフラ,9326,関通ＨＤ,東Ｇ
物流,産業・インフラ,9327,イーロジット,東Ｓ
物流,産業・インフラ,9351,東洋埠頭,東Ｓ
物流,産業・インフラ,9357,名港海,名Ｍ
物流,産業・インフラ,9360,鈴与シンワ,東Ｓ
物流,産業・インフラ,9365,トレーディア,東Ｓ
物流,産業・インフラ,9366,サンリツ,東Ｓ
物流,産業・インフラ,9368,キムラユニテ,東Ｓ
物流,産業・インフラ,9369,キユソ流通,東Ｓ
物流,産業・インフラ,9380,東海運,東Ｓ
物流,産業・インフラ,9757,船井総研ＨＤ,東Ｐ
物流,産業・インフラ,9782,ＤＭＳ,東Ｓ
物流,産業・インフラ,9869,加藤産,東Ｐ
物流テック,産業・インフラ,4391,ロジザード,東Ｇ
物流テック,産業・インフラ,4428,シノプス,東Ｇ
物流テック,産業・インフラ,4746,東計電算,東Ｓ
物流テック,産業・インフラ,4825,ＷＮＩウェザ,東Ｐ
物流テック,産業・インフラ,5241,日本オーエー,名Ｍ
物流テック,産業・インフラ,5597,ブルーイノベ,東Ｇ
物流テック,産業・インフラ,6144,西部電機,東Ｓ
物流テック,産業・インフラ,6383,ダイフク,東Ｐ
物流テック,産業・インフラ,7065,ｕｐｒ,東Ｓ
物流テック,産業・インフラ,7435,ナ・デックス,東Ｓ
物流テック,産業・インフラ,9326,関通ＨＤ,東Ｇ
物流テック,産業・インフラ,9474,ゼンリン,東Ｐ
環境タイヤ,産業・インフラ,3407,旭化成,東Ｐ
環境タイヤ,産業・インフラ,4005,住友化,東Ｐ
環境タイヤ,産業・インフラ,4205,ゼオン,東Ｐ
環境タイヤ,産業・インフラ,5020,ＥＮＥＯＳ,東Ｐ
環境タイヤ,産業・インフラ,5108,ブリヂストン,東Ｐ
環境問題,産業・インフラ,4657,環境管理,東Ｓ
環境問題,産業・インフラ,4673,川崎地質,東Ｓ
環境問題,産業・インフラ,6564,ミダックＨＤ,東Ｐ
環境問題,産業・インフラ,6566,要興業,東Ｓ
環境問題,産業・インフラ,9170,成友興業,名Ｍ
環境問題,産業・インフラ,9212,ＧＥＩ,東Ｇ
環境問題,産業・インフラ,9247,ＴＲＥＨＤ,東Ｐ
環境問題,産業・インフラ,9514,エフオン,東Ｓ
環境問題,産業・インフラ,9793,ダイセキ,東Ｐ
環境対応車関連,産業・インフラ,3401,帝人,東Ｐ
環境対応車関連,産業・インフラ,3402,東レ,東Ｐ
環境対応車関連,産業・インフラ,4042,東ソー,東Ｐ
環境対応車関連,産業・インフラ,4062,イビデン,東Ｐ
環境対応車関連,産業・インフラ,4188,三菱ケミＧ,東Ｐ
環境対応車関連,産業・インフラ,4242,タカギセイコ,東Ｓ
環境対応車関連,産業・インフラ,5019,出光興産,東Ｐ
環境対応車関連,産業・インフラ,5020,ＥＮＥＯＳ,東Ｐ
環境対応車関連,産業・インフラ,5333,ＮＧＫ,東Ｐ
環境対応車関連,産業・インフラ,5802,住友電,東Ｐ
環境対応車関連,産業・インフラ,6501,日立,東Ｐ
環境対応車関連,産業・インフラ,6503,三菱電,東Ｐ
環境対応車関連,産業・インフラ,6504,富士電機,東Ｐ
環境対応車関連,産業・インフラ,6506,安川電,東Ｐ
環境対応車関連,産業・インフラ,6508,明電舎,東Ｐ
環境対応車関連,産業・インフラ,6594,ニデック,東Ｐ
環境対応車関連,産業・インフラ,6617,東光高岳,東Ｐ
環境対応車関連,産業・インフラ,6651,日東工,東Ｐ
環境対応車関連,産業・インフラ,6674,ＧＳユアサ,東Ｐ
環境対応車関連,産業・インフラ,6752,パナＨＤ,東Ｐ
環境対応車関連,産業・インフラ,6923,スタンレー,東Ｐ
環境対応車関連,産業・インフラ,6963,ローム,東Ｐ
環境対応車関連,産業・インフラ,7259,アイシン,東Ｐ
環境対応車関連,産業・インフラ,7261,マツダ,東Ｐ
環境対応車関連,産業・インフラ,7276,小糸製,東Ｐ
環境対応車関連,産業・インフラ,8020,兼松,東Ｐ
環境対応車関連,産業・インフラ,8056,ビプロジー,東Ｐ
環境試験装置,産業・インフラ,3437,特殊電極,東Ｓ
環境試験装置,産業・インフラ,6859,エスペック,東Ｐ
環境試験装置,産業・インフラ,7488,ヤガミ,名Ｍ
環境試験装置,産業・インフラ,7719,東京衡機,東Ｓ
環境試験装置,産業・インフラ,7760,ＩＭＶ,東Ｓ
環境試験装置,産業・インフラ,9165,クオルテック,東Ｇ
環境試験装置,産業・インフラ,9908,Ｄｅｎｋｅｉ,東Ｓ
環境関連,産業・インフラ,2195,アミタＨＤ,東Ｇ
環境関連,産業・インフラ,4100,戸田工,東Ｓ
環境関連,産業・インフラ,4245,Ｄ・アクシス,東Ｓ
環境関連,産業・インフラ,4356,応用技術,東Ｓ
環境関連,産業・インフラ,4404,ミヨシ,東Ｓ
環境関連,産業・インフラ,4635,東インキ,東Ｓ
環境関連,産業・インフラ,4707,キタック,東Ｓ
環境関連,産業・インフラ,5074,テスＨＤ,東Ｐ
環境関連,産業・インフラ,5699,イボキン,東Ｓ
環境関連,産業・インフラ,6223,西部技研,東Ｓ
環境関連,産業・インフラ,6369,トヨカネツ,東Ｐ
環境関連,産業・インフラ,6393,油研工,東Ｓ
環境関連,産業・インフラ,6402,兼松エンジ,東Ｓ
環境関連,産業・インフラ,6455,モリタＨＤ,東Ｐ
環境関連,産業・インフラ,7187,ジェイリース,東Ｐ
環境関連,産業・インフラ,7375,リファバスＧ,東Ｇ
環境関連,産業・インフラ,9168,ライズＣＧ,東Ｇ
環境関連,産業・インフラ,9170,成友興業,名Ｍ
環境関連,産業・インフラ,9212,ＧＥＩ,東Ｇ
環境関連,産業・インフラ,9227,マイクロ波,東Ｇ
環境関連,産業・インフラ,9247,ＴＲＥＨＤ,東Ｐ
環境関連,産業・インフラ,9249,エコシステム,東Ｓ
環境関連,産業・インフラ,9336,大栄環境,東Ｐ
環境関連,産業・インフラ,9765,オオバ,東Ｐ
環境関連,産業・インフラ,9768,いであ,東Ｓ
産業廃棄物処理,産業・インフラ,1433,ベステラ,東Ｐ
産業廃棄物処理,産業・インフラ,1951,エクシオＧ,東Ｐ
産業廃棄物処理,産業・インフラ,1961,三機工,東Ｐ
産業廃棄物処理,産業・インフラ,1964,中外炉,東Ｐ
産業廃棄物処理,産業・インフラ,2195,アミタＨＤ,東Ｇ
産業廃棄物処理,産業・インフラ,2721,ＪＨＤ,東Ｓ
産業廃棄物処理,産業・インフラ,3070,ジェリビンズ,東Ｇ
産業廃棄物処理,産業・インフラ,3315,日本コークス,東Ｐ
産業廃棄物処理,産業・インフラ,3708,特種東海,東Ｐ
産業廃棄物処理,産業・インフラ,4041,日曹達,東Ｐ
産業廃棄物処理,産業・インフラ,4125,三和油化工業,東Ｓ
産業廃棄物処理,産業・インフラ,4208,ＵＢＥ,東Ｐ
産業廃棄物処理,産業・インフラ,4366,ダイトーケミ,東Ｓ
産業廃棄物処理,産業・インフラ,4651,サニックスＨ,東Ｓ
産業廃棄物処理,産業・インフラ,5232,住友大阪,東Ｐ
産業廃棄物処理,産業・インフラ,5233,太平洋セメ,東Ｐ
産業廃棄物処理,産業・インフラ,5273,三谷セキ,東Ｓ
産業廃棄物処理,産業・インフラ,5388,クニミネ,東Ｓ
産業廃棄物処理,産業・インフラ,5563,新日本電工,東Ｐ
産業廃棄物処理,産業・インフラ,5602,栗本鉄,東Ｐ
産業廃棄物処理,産業・インフラ,5698,エンビプロ,東Ｓ
産業廃棄物処理,産業・インフラ,5699,イボキン,東Ｓ
産業廃棄物処理,産業・インフラ,5714,ＤＯＷＡ,東Ｐ
産業廃棄物処理,産業・インフラ,5857,ＡＲＥＨＤ,東Ｐ
産業廃棄物処理,産業・インフラ,6013,タクマ,東Ｐ
産業廃棄物処理,産業・インフラ,6326,クボタ,東Ｐ
産業廃棄物処理,産業・インフラ,6332,月島ＨＤ,東Ｐ
産業廃棄物処理,産業・インフラ,6361,荏原,東Ｐ
産業廃棄物処理,産業・インフラ,6402,兼松エンジ,東Ｓ
産業廃棄物処理,産業・インフラ,6564,ミダックＨＤ,東Ｐ
産業廃棄物処理,産業・インフラ,6566,要興業,東Ｓ
産業廃棄物処理,産業・インフラ,7375,リファバスＧ,東Ｇ
産業廃棄物処理,産業・インフラ,7456,松田産業,東Ｐ
産業廃棄物処理,産業・インフラ,7795,ＫＹＯＲＩＴ,東Ｓ
産業廃棄物処理,産業・インフラ,8070,東京産,東Ｐ
産業廃棄物処理,産業・インフラ,9170,成友興業,名Ｍ
産業廃棄物処理,産業・インフラ,9221,フルハシＥ,東Ｓ
産業廃棄物処理,産業・インフラ,9247,ＴＲＥＨＤ,東Ｐ
産業廃棄物処理,産業・インフラ,9336,大栄環境,東Ｐ
産業廃棄物処理,産業・インフラ,9359,伊勢湾,名Ｍ
産業廃棄物処理,産業・インフラ,9793,ダイセキ,東Ｐ
空港ビジネス,産業・インフラ,5076,インフロニア,東Ｐ
空港ビジネス,産業・インフラ,6383,ダイフク,東Ｐ
空港ビジネス,産業・インフラ,8179,ロイヤルＨＤ,東Ｐ
空港ビジネス,産業・インフラ,8591,オリックス,東Ｐ
空港ビジネス,産業・インフラ,8802,菱地所,東Ｐ
空港ビジネス,産業・インフラ,8864,空港施設,東Ｓ
空港ビジネス,産業・インフラ,9006,京急,東Ｐ
空港ビジネス,産業・インフラ,9025,鴻池運輸,東Ｐ
空港ビジネス,産業・インフラ,9201,ＪＡＬ,東Ｐ
空港ビジネス,産業・インフラ,9202,ＡＮＡＨＤ,東Ｐ
空港ビジネス,産業・インフラ,9706,日本空港ビル,東Ｐ
羽田空港国際化,産業・インフラ,1801,大成建,東Ｐ
羽田空港国際化,産業・インフラ,1802,大林組,東Ｐ
羽田空港国際化,産業・インフラ,1803,清水建,東Ｐ
羽田空港国際化,産業・インフラ,1812,鹿島,東Ｐ
羽田空港国際化,産業・インフラ,1820,西松建,東Ｐ
羽田空港国際化,産業・インフラ,1885,東亜建,東Ｐ
羽田空港国際化,産業・インフラ,1888,若築建,東Ｐ
羽田空港国際化,産業・インフラ,1893,五洋建,東Ｐ
羽田空港国際化,産業・インフラ,5401,日本製鉄,東Ｐ
羽田空港国際化,産業・インフラ,5411,ＪＦＥ,東Ｐ
羽田空港国際化,産業・インフラ,8864,空港施設,東Ｓ
羽田空港国際化,産業・インフラ,9005,東急,東Ｐ
羽田空港国際化,産業・インフラ,9006,京急,東Ｐ
羽田空港国際化,産業・インフラ,9068,丸全運,東Ｐ
羽田空港国際化,産業・インフラ,9147,ＮＸＨＤ,東Ｐ
羽田空港国際化,産業・インフラ,9301,三菱倉,東Ｐ
羽田空港国際化,産業・インフラ,9302,三井倉ＨＤ,東Ｐ
羽田空港国際化,産業・インフラ,9303,住友倉,東Ｐ
羽田空港国際化,産業・インフラ,9603,ＨＩＳ,東Ｐ
羽田空港国際化,産業・インフラ,9706,日本空港ビル,東Ｐ
羽田空港国際化,産業・インフラ,9708,帝ホテル,東Ｓ
羽田空港国際化,産業・インフラ,9726,ＫＮＴＣＴ,東Ｓ
造船,産業・インフラ,3089,Ｔアルファ,東Ｓ
造船,産業・インフラ,3168,ＭＥＲＦ,東Ｓ
造船,産業・インフラ,4611,大日塗,東Ｐ
造船,産業・インフラ,4612,日本ペＨＤ,東Ｐ
造船,産業・インフラ,4613,関西ペ,東Ｐ
造船,産業・インフラ,4617,中国塗,東Ｐ
造船,産業・インフラ,5411,ＪＦＥ,東Ｐ
造船,産業・インフラ,5444,大和工,東Ｐ
造船,産業・インフラ,5981,東京綱,東Ｐ
造船,産業・インフラ,6005,三浦工,東Ｐ
造船,産業・インフラ,6016,ジャパンエン,東Ｓ
造船,産業・インフラ,6018,阪神燃,東Ｓ
造船,産業・インフラ,6022,赤阪鉄,東Ｓ
造船,産業・インフラ,6023,ダイハツイン,東Ｓ
造船,産業・インフラ,6268,ナブテスコ,東Ｐ
造船,産業・インフラ,6302,住友重,東Ｐ
造船,産業・インフラ,6814,古野電,東Ｐ
造船,産業・インフラ,7011,三菱重,東Ｐ
造船,産業・インフラ,7012,川重,東Ｐ
造船,産業・インフラ,7013,ＩＨＩ,東Ｐ
造船,産業・インフラ,7014,名村造,東Ｓ
造船,産業・インフラ,7018,内海造,東Ｓ
造船,産業・インフラ,8061,西華産,東Ｐ
鉄道系ICカード,産業・インフラ,4316,ビーマップ,東Ｇ
鉄道系ICカード,産業・インフラ,6645,オムロン,東Ｐ
鉄道系ICカード,産業・インフラ,6741,日本信号,東Ｐ
鉄道系ICカード,産業・インフラ,6758,ソニーＧ,東Ｐ
鉄道系ICカード,産業・インフラ,7213,レシップＨＤ,東Ｓ
鉄道系ICカード,産業・インフラ,9020,ＪＲ東日本,東Ｐ
鉄道系ICカード,産業・インフラ,9021,ＪＲ西日本,東Ｐ
鉄道系ICカード,産業・インフラ,9022,ＪＲ東海,東Ｐ
鉄道系ICカード,産業・インフラ,9142,ＪＲ九州,東Ｐ
鉄道系ICカード,産業・インフラ,9433,ＫＤＤＩ,東Ｐ
鉄道系ICカード,産業・インフラ,9984,ＳＢＧ,東Ｐ
鉄道設備投資,産業・インフラ,1835,東鉄工,東Ｐ
鉄道設備投資,産業・インフラ,3153,八洲電機,東Ｐ
鉄道設備投資,産業・インフラ,5406,神戸鋼,東Ｐ
鉄道設備投資,産業・インフラ,5444,大和工,東Ｐ
鉄道設備投資,産業・インフラ,6268,ナブテスコ,東Ｐ
鉄道設備投資,産業・インフラ,6424,高見サイ,東Ｓ
鉄道設備投資,産業・インフラ,6501,日立,東Ｐ
鉄道設備投資,産業・インフラ,6505,東洋電,東Ｓ
鉄道設備投資,産業・インフラ,6647,森尾電,東Ｓ
鉄道設備投資,産業・インフラ,6655,東洋電機,名Ｍ
鉄道設備投資,産業・インフラ,6741,日本信号,東Ｐ
鉄道設備投資,産業・インフラ,6742,京三,東Ｐ
鉄道設備投資,産業・インフラ,6743,大同信,東Ｓ
鉄道設備投資,産業・インフラ,7012,川重,東Ｐ
鉄道設備投資,産業・インフラ,7102,日車両,東Ｐ
鉄道設備投資,産業・インフラ,7677,ヤシマキザイ,東Ｓ
鉄道設備投資,産業・インフラ,8081,カナデン,東Ｐ
鉄道輸出,産業・インフラ,1815,鉄建建設,東Ｐ
鉄道輸出,産業・インフラ,1835,東鉄工,東Ｐ
鉄道輸出,産業・インフラ,1938,日リーテック,東Ｐ
鉄道輸出,産業・インフラ,1950,日本電設,東Ｐ
鉄道輸出,産業・インフラ,6268,ナブテスコ,東Ｐ
鉄道輸出,産業・インフラ,6505,東洋電,東Ｓ
鉄道輸出,産業・インフラ,6647,森尾電,東Ｓ
鉄道輸出,産業・インフラ,6741,日本信号,東Ｐ
鉄道輸出,産業・インフラ,6743,大同信,東Ｓ
鉄道輸出,産業・インフラ,7677,ヤシマキザイ,東Ｓ
鉄道輸出,産業・インフラ,9022,ＪＲ東海,東Ｐ
鉄道輸出,産業・インフラ,9023,東京メトロ,東Ｐ
鉄道関連,産業・インフラ,1773,ＹＴＬ,東Ｐ
鉄道関連,産業・インフラ,1799,第一建設,東Ｓ
鉄道関連,産業・インフラ,1802,大林組,東Ｐ
鉄道関連,産業・インフラ,1812,鹿島,東Ｐ
鉄道関連,産業・インフラ,1815,鉄建建設,東Ｐ
鉄道関連,産業・インフラ,1835,東鉄工,東Ｐ
鉄道関連,産業・インフラ,1848,富士ＰＳ,東Ｓ
鉄道関連,産業・インフラ,1850,南海辰村,東Ｓ
鉄道関連,産業・インフラ,1869,名工建,名Ｍ
鉄道関連,産業・インフラ,1870,矢作建,東Ｐ
鉄道関連,産業・インフラ,1893,五洋建,東Ｐ
鉄道関連,産業・インフラ,1899,福田組,東Ｐ
鉄道関連,産業・インフラ,1930,北陸電工,東Ｐ
鉄道関連,産業・インフラ,1938,日リーテック,東Ｐ
鉄道関連,産業・インフラ,1950,日本電設,東Ｐ
鉄道関連,産業・インフラ,1951,エクシオＧ,東Ｐ
鉄道関連,産業・インフラ,2498,オリコンＨＤ,東Ｓ
鉄道関連,産業・インフラ,2768,双日,東Ｐ
鉄道関連,産業・インフラ,3153,八洲電機,東Ｐ
鉄道関連,産業・インフラ,3501,ＳＭＩＮＯＥ,東Ｐ
鉄道関連,産業・インフラ,4224,ロンシール,東Ｓ
鉄道関連,産業・インフラ,4316,ビーマップ,東Ｇ
鉄道関連,産業・インフラ,4615,神東塗,東Ｓ
鉄道関連,産業・インフラ,5185,フコク,東Ｐ
鉄道関連,産業・インフラ,5282,ジオスター,東Ｓ
鉄道関連,産業・インフラ,5290,ベルテクス,東Ｓ
鉄道関連,産業・インフラ,5444,大和工,東Ｐ
鉄道関連,産業・インフラ,5631,日製鋼,東Ｐ
鉄道関連,産業・インフラ,5703,日軽金ＨＤ,東Ｐ
鉄道関連,産業・インフラ,5802,住友電,東Ｐ
鉄道関連,産業・インフラ,5994,ファインシン,東Ｓ
鉄道関連,産業・インフラ,6268,ナブテスコ,東Ｐ
鉄道関連,産業・インフラ,6325,タカキタ,東Ｓ
鉄道関連,産業・インフラ,6330,東洋エンジ,東Ｐ
鉄道関連,産業・インフラ,6345,アイチコーポ,東Ｐ
鉄道関連,産業・インフラ,6346,キクカワ,東Ｓ
鉄道関連,産業・インフラ,6471,日精工,東Ｐ
鉄道関連,産業・インフラ,6472,ＮＴＮ,東Ｐ
鉄道関連,産業・インフラ,6501,日立,東Ｐ
鉄道関連,産業・インフラ,6503,三菱電,東Ｐ
鉄道関連,産業・インフラ,6504,富士電機,東Ｐ
鉄道関連,産業・インフラ,6505,東洋電,東Ｓ
鉄道関連,産業・インフラ,6508,明電舎,東Ｐ
鉄道関連,産業・インフラ,6599,エブレン,東Ｓ
鉄道関連,産業・インフラ,6645,オムロン,東Ｐ
鉄道関連,産業・インフラ,6647,森尾電,東Ｓ
鉄道関連,産業・インフラ,6654,不二電機,東Ｓ
鉄道関連,産業・インフラ,6741,日本信号,東Ｐ
鉄道関連,産業・インフラ,6742,京三,東Ｐ
鉄道関連,産業・インフラ,6743,大同信,東Ｓ
鉄道関連,産業・インフラ,6768,タムラ,東Ｐ
鉄道関連,産業・インフラ,6846,中央製,名Ｍ
鉄道関連,産業・インフラ,6853,共和電,東Ｓ
鉄道関連,産業・インフラ,7011,三菱重,東Ｐ
鉄道関連,産業・インフラ,7012,川重,東Ｐ
鉄道関連,産業・インフラ,7013,ＩＨＩ,東Ｐ
鉄道関連,産業・インフラ,7102,日車両,東Ｐ
鉄道関連,産業・インフラ,7122,近畿車,東Ｓ
鉄道関連,産業・インフラ,7213,レシップＨＤ,東Ｓ
鉄道関連,産業・インフラ,7238,ブレーキ,東Ｐ
鉄道関連,産業・インフラ,7314,小田原機器,東Ｓ
鉄道関連,産業・インフラ,7368,表示灯,東Ｓ
鉄道関連,産業・インフラ,7677,ヤシマキザイ,東Ｓ
鉄道関連,産業・インフラ,7719,東京衡機,東Ｓ
鉄道関連,産業・インフラ,8053,住友商,東Ｐ
鉄道関連,産業・インフラ,8058,三菱商,東Ｐ
鉄道関連,産業・インフラ,9001,東武,東Ｐ
鉄道関連,産業・インフラ,9003,相鉄ＨＤ,東Ｐ
鉄道関連,産業・インフラ,9005,東急,東Ｐ
鉄道関連,産業・インフラ,9006,京急,東Ｐ
鉄道関連,産業・インフラ,9007,小田急,東Ｐ
鉄道関連,産業・インフラ,9008,京王,東Ｐ
鉄道関連,産業・インフラ,9009,京成,東Ｐ
鉄道関連,産業・インフラ,9010,富士急,東Ｐ
鉄道関連,産業・インフラ,9012,秩父鉄,東Ｓ
鉄道関連,産業・インフラ,9020,ＪＲ東日本,東Ｐ
鉄道関連,産業・インフラ,9021,ＪＲ西日本,東Ｐ
鉄道関連,産業・インフラ,9022,ＪＲ東海,東Ｐ
鉄道関連,産業・インフラ,9023,東京メトロ,東Ｐ
鉄道関連,産業・インフラ,9024,西武ＨＤ,東Ｐ
鉄道関連,産業・インフラ,9031,西鉄,東Ｐ
鉄道関連,産業・インフラ,9033,広電鉄,東Ｓ
鉄道関連,産業・インフラ,9041,近鉄ＧＨＤ,東Ｐ
鉄道関連,産業・インフラ,9042,阪急阪神,東Ｐ
鉄道関連,産業・インフラ,9044,ＮＡＮＫＡＩ,東Ｐ
鉄道関連,産業・インフラ,9045,京阪ＨＤ,東Ｐ
鉄道関連,産業・インフラ,9046,神電鉄,東Ｓ
鉄道関連,産業・インフラ,9048,名鉄,東Ｐ
鉄道関連,産業・インフラ,9049,京福電,東Ｓ
鉄道関連,産業・インフラ,9052,山陽電,東Ｐ
鉄道関連,産業・インフラ,9142,ＪＲ九州,東Ｐ
鉄道関連,産業・インフラ,9651,日本プロセス,東Ｓ
陸運,産業・インフラ,2330,フォーサイド,東Ｓ
陸運,産業・インフラ,2384,ＳＢＳＨＤ,東Ｐ
陸運,産業・インフラ,2819,エバラ食品,東Ｓ
陸運,産業・インフラ,3047,トラックワン,福Ｑ
陸運,産業・インフラ,5020,ＥＮＥＯＳ,東Ｐ
陸運,産業・インフラ,9025,鴻池運輸,東Ｐ
陸運,産業・インフラ,9027,ロジネットＪ,札証
陸運,産業・インフラ,9028,ゼロ,東Ｓ
陸運,産業・インフラ,9029,ヒガシＨＤ,東Ｓ
陸運,産業・インフラ,9034,南総通運,東Ｓ
陸運,産業・インフラ,9035,第一交通,福証
陸運,産業・インフラ,9036,東部ネット,東Ｓ
陸運,産業・インフラ,9037,ハマキョウ,東Ｐ
陸運,産業・インフラ,9039,サカイ引越,東Ｐ
陸運,産業・インフラ,9040,大宝運輸,名Ｍ
陸運,産業・インフラ,9051,センコン物流,東Ｓ
陸運,産業・インフラ,9057,遠州トラック,東Ｓ
陸運,産業・インフラ,9059,カンダ,東Ｓ
陸運,産業・インフラ,9060,日ロジテム,東Ｓ
陸運,産業・インフラ,9063,岡県運送,東Ｓ
陸運,産業・インフラ,9064,ヤマトＨＤ,東Ｐ
陸運,産業・インフラ,9065,山九,東Ｐ
陸運,産業・インフラ,9068,丸全運,東Ｐ
陸運,産業・インフラ,9069,センコーＨＤ,東Ｐ
陸運,産業・インフラ,9072,ニッコンＨＤ,東Ｐ
陸運,産業・インフラ,9073,京極運,東Ｓ
陸運,産業・インフラ,9074,日石輸,東Ｓ
陸運,産業・インフラ,9075,福山運,東Ｐ
陸運,産業・インフラ,9076,セイノーＨＤ,東Ｐ
陸運,産業・インフラ,9081,神奈交,東Ｐ
陸運,産業・インフラ,9082,大和自,東Ｓ
陸運,産業・インフラ,9083,神姫バ,東Ｓ
陸運,産業・インフラ,9085,中バス,札証
陸運,産業・インフラ,9087,タカセ,東Ｓ
陸運,産業・インフラ,9090,ＡＺ丸和ＨＤ,東Ｐ
陸運,産業・インフラ,9143,ＳＧＨＤ,東Ｐ
陸運,産業・インフラ,9147,ＮＸＨＤ,東Ｐ
陸運,産業・インフラ,9171,栗林船,東Ｓ
陸運,産業・インフラ,9303,住友倉,東Ｐ
陸運,産業・インフラ,9304,渋沢倉,東Ｐ
陸運,産業・インフラ,9310,トランシティ,東Ｐ
陸運,産業・インフラ,9312,ケイヒン,東Ｓ
陸運,産業・インフラ,9322,川西倉,東Ｓ
陸運,産業・インフラ,9324,安田倉,東Ｐ
陸運,産業・インフラ,9357,名港海,名Ｍ
陸運,産業・インフラ,9360,鈴与シンワ,東Ｓ
陸運,産業・インフラ,9361,伏木運,東Ｓ
陸運,産業・インフラ,9363,大運,東Ｓ
陸運,産業・インフラ,9366,サンリツ,東Ｓ
陸運,産業・インフラ,9367,大東港運,東Ｓ
陸運,産業・インフラ,9368,キムラユニテ,東Ｓ
陸運,産業・インフラ,9369,キユソ流通,東Ｓ
陸運,産業・インフラ,9380,東海運,東Ｓ
電磁環境適合性,産業・インフラ,3569,セーレン,東Ｐ
電磁環境適合性,産業・インフラ,3580,小松マテーレ,東Ｐ
電磁環境適合性,産業・インフラ,4023,クレハ,東Ｐ
電磁環境適合性,産業・インフラ,4182,菱ガス化,東Ｐ
電磁環境適合性,産業・インフラ,4471,三洋化,東Ｐ
電磁環境適合性,産業・インフラ,4901,富士フイルム,東Ｐ
電磁環境適合性,産業・インフラ,5186,ニッタ,東Ｐ
電磁環境適合性,産業・インフラ,5344,ＭＡＲＵＷＡ,東Ｐ
電磁環境適合性,産業・インフラ,5471,大同特鋼,東Ｐ
電磁環境適合性,産業・インフラ,6209,リケンＮＰＲ,東Ｐ
電磁環境適合性,産業・インフラ,6503,三菱電,東Ｐ
電磁環境適合性,産業・インフラ,6707,サンケン,東Ｐ
電磁環境適合性,産業・インフラ,6748,星和電,東Ｓ
電磁環境適合性,産業・インフラ,6752,パナＨＤ,東Ｐ
電磁環境適合性,産業・インフラ,6754,アンリツ,東Ｐ
電磁環境適合性,産業・インフラ,6762,ＴＤＫ,東Ｐ
電磁環境適合性,産業・インフラ,6770,アルプスアル,東Ｐ
電磁環境適合性,産業・インフラ,6841,横河電,東Ｐ
電磁環境適合性,産業・インフラ,6857,アドテスト,東Ｐ
電磁環境適合性,産業・インフラ,6864,エヌエフＨＤ,東Ｓ
電磁環境適合性,産業・インフラ,6905,コーセル,東Ｐ
電磁環境適合性,産業・インフラ,6912,菊水ＨＤ,東Ｓ
電磁環境適合性,産業・インフラ,6926,ＯＫＡＹＡ,東Ｓ
電磁環境適合性,産業・インフラ,6971,京セラ,東Ｐ
電磁環境適合性,産業・インフラ,6976,太陽誘電,東Ｐ
電磁環境適合性,産業・インフラ,6981,村田製,東Ｐ
電磁環境適合性,産業・インフラ,8151,東陽テク,東Ｐ
電磁環境適合性,産業・インフラ,9908,Ｄｅｎｋｅｉ,東Ｓ
VR,その他成長,2354,ＹＥデジタル,東Ｓ
VR,その他成長,2432,ディーエヌエ,東Ｐ
VR,その他成長,2681,ゲオＨＤ,東Ｐ
VR,その他成長,2767,円谷フィＨＤ,東Ｐ
VR,その他成長,3099,三越伊勢丹,東Ｐ
VR,その他成長,3189,ＡＮＡＰＨＤ,東Ｓ
VR,その他成長,3393,スタティアＨ,東Ｐ
VR,その他成長,3632,グリーＨＤ,東Ｐ
VR,その他成長,3635,コーテクＨＤ,東Ｐ
VR,その他成長,3639,ボルテージ,東Ｓ
VR,その他成長,3652,ＤＭＰ,東Ｇ
VR,その他成長,3653,モルフォ,東Ｇ
VR,その他成長,3661,エムアップ,東Ｐ
VR,その他成長,3668,コロプラ,東Ｐ
VR,その他成長,3678,メディアドゥ,東Ｐ
VR,その他成長,3694,オプティム,東Ｐ
VR,その他成長,3697,ＳＨＩＦＴ,東Ｐ
VR,その他成長,3698,ＣＲＩ,東Ｓ
VR,その他成長,3765,ガンホー,東Ｐ
VR,その他成長,3791,ＩＧポート,東Ｓ
VR,その他成長,3845,アイフリーク,東Ｓ
VR,その他成長,3903,ｇｕｍｉ,東Ｐ
VR,その他成長,3904,カヤック,東Ｇ
VR,その他成長,3907,シリコンスタ,東Ｓ
VR,その他成長,3913,ＧｒｅｅｎＢ,東Ｓ
VR,その他成長,3914,ＪＩＧＳＡＷ,東Ｇ
VR,その他成長,3962,チェンジＨＤ,東Ｐ
VR,その他成長,3987,エコモット,東Ｇ
VR,その他成長,3997,Ｔワークス,東Ｓ
VR,その他成長,4064,カーバイド,東Ｐ
VR,その他成長,4308,Ｊストリーム,東Ｇ
VR,その他成長,4334,ユークス,東Ｓ
VR,その他成長,4347,ブロメディア,東Ｓ
VR,その他成長,4425,Ｋｕｄａｎ,東Ｇ
VR,その他成長,4445,リビンＴ,東Ｇ
VR,その他成長,4447,ＰＢシステム,東Ｇ
VR,その他成長,4662,フォーカス,東Ｐ
VR,その他成長,4728,トーセ,東Ｓ
VR,その他成長,4751,サイバー,東Ｐ
VR,その他成長,4763,Ｃ＆Ｒ,東Ｐ
VR,その他成長,4777,ガーラ,東Ｓ
VR,その他成長,5125,ファインズ,東Ｇ
VR,その他成長,5240,ｍｏｎｏＡＩ,東Ｇ
VR,その他成長,5482,愛知鋼,東Ｐ
VR,その他成長,5871,ＳＯＬＩＺＥ,東Ｓ
VR,その他成長,6038,イード,東Ｇ
VR,その他成長,6050,イーガーディ,東Ｐ
VR,その他成長,6182,メタリアル,東Ｇ
VR,その他成長,6235,オプトラン,東Ｐ
VR,その他成長,6384,昭和真空,東Ｓ
VR,その他成長,6460,セガサミー,東Ｐ
VR,その他成長,6526,ソシオネクス,東Ｐ
VR,その他成長,6543,日宣,東Ｓ
VR,その他成長,6554,エスユーエス,東Ｇ
VR,その他成長,6629,Ｔホライゾン,東Ｓ
VR,その他成長,6634,ＪＮグループ,東Ｓ
VR,その他成長,6731,ピクセラ,東Ｓ
VR,その他成長,6740,Ｊディスプレ,東Ｐ
VR,その他成長,6750,エレコム,東Ｐ
VR,その他成長,6752,パナＨＤ,東Ｐ
VR,その他成長,6758,ソニーＧ,東Ｐ
VR,その他成長,6770,アルプスアル,東Ｐ
VR,その他成長,7063,バードマン,東Ｇ
VR,その他成長,7245,大同メ,東Ｐ
VR,その他成長,7610,テイツー,東Ｓ
VR,その他成長,7741,ＨＯＹＡ,東Ｐ
VR,その他成長,7751,キヤノン,東Ｐ
VR,その他成長,7809,寿屋,東Ｓ
VR,その他成長,7832,バンナムＨＤ,東Ｐ
VR,その他成長,7860,エイベックス,東Ｐ
VR,その他成長,7915,ＮＩＳＳＨＡ,東Ｐ
VR,その他成長,8226,理経,東Ｓ
VR,その他成長,9432,ＮＴＴ,東Ｐ
VR,その他成長,9603,ＨＩＳ,東Ｐ
VR,その他成長,9684,スクエニＨＤ,東Ｐ
VR,その他成長,9697,カプコン,東Ｐ
VR,その他成長,9790,福井コン,東Ｐ
VR,その他成長,9984,ＳＢＧ,東Ｐ
ウェアラブル端末,その他成長,2349,エヌアイデイ,東Ｓ
ウェアラブル端末,その他成長,2433,博報堂ＤＹ,東Ｐ
ウェアラブル端末,その他成長,2483,翻訳センター,東Ｓ
ウェアラブル端末,その他成長,3046,ＪＩＮＳＨＤ,東Ｐ
ウェアラブル端末,その他成長,3197,すかいらーく,東Ｐ
ウェアラブル端末,その他成長,3401,帝人,東Ｐ
ウェアラブル端末,その他成長,3402,東レ,東Ｐ
ウェアラブル端末,その他成長,3407,旭化成,東Ｐ
ウェアラブル端末,その他成長,3649,ファインデ,東Ｐ
ウェアラブル端末,その他成長,3652,ＤＭＰ,東Ｇ
ウェアラブル端末,その他成長,3653,モルフォ,東Ｇ
ウェアラブル端末,その他成長,3694,オプティム,東Ｐ
ウェアラブル端末,その他成長,3741,セック,東Ｐ
ウェアラブル端末,その他成長,3773,ＡＭＩ,東Ｇ
ウェアラブル端末,その他成長,4004,レゾナック,東Ｐ
ウェアラブル端末,その他成長,4005,住友化,東Ｐ
ウェアラブル端末,その他成長,4118,カネカ,東Ｐ
ウェアラブル端末,その他成長,4187,大有機,東Ｐ
ウェアラブル端末,その他成長,4204,積水化,東Ｐ
ウェアラブル端末,その他成長,4662,フォーカス,東Ｐ
ウェアラブル端末,その他成長,5019,出光興産,東Ｐ
ウェアラブル端末,その他成長,5333,ＮＧＫ,東Ｐ
ウェアラブル端末,その他成長,5802,住友電,東Ｐ
ウェアラブル端末,その他成長,5817,ＪＭＡＣＳ,東Ｓ
ウェアラブル端末,その他成長,6029,アトラＧ,東Ｓ
ウェアラブル端末,その他成長,6235,オプトラン,東Ｐ
ウェアラブル端末,その他成長,6448,ブラザー,東Ｐ
ウェアラブル端末,その他成長,6479,ミネベア,東Ｐ
ウェアラブル端末,その他成長,6501,日立,東Ｐ
ウェアラブル端末,その他成長,6594,ニデック,東Ｐ
ウェアラブル端末,その他成長,6613,ＱＤレーザ,東Ｇ
ウェアラブル端末,その他成長,6616,ＴＯＲＥＸ,東Ｐ
ウェアラブル端末,その他成長,6645,オムロン,東Ｐ
ウェアラブル端末,その他成長,6662,ユビテック,東Ｓ
ウェアラブル端末,その他成長,6663,太洋テクノ,東Ｓ
ウェアラブル端末,その他成長,6666,リバーエレク,東Ｓ
ウェアラブル端末,その他成長,6696,トラースＯＰ,東Ｇ
ウェアラブル端末,その他成長,6702,富士通,東Ｐ
ウェアラブル端末,その他成長,6724,エプソン,東Ｐ
ウェアラブル端末,その他成長,6736,サン電子,東Ｓ
ウェアラブル端末,その他成長,6740,Ｊディスプレ,東Ｐ
ウェアラブル端末,その他成長,6752,パナＨＤ,東Ｐ
ウェアラブル端末,その他成長,6753,シャープ,東Ｐ
ウェアラブル端末,その他成長,6758,ソニーＧ,東Ｐ
ウェアラブル端末,その他成長,6762,ＴＤＫ,東Ｐ
ウェアラブル端末,その他成長,6768,タムラ,東Ｐ
ウェアラブル端末,その他成長,6770,アルプスアル,東Ｐ
ウェアラブル端末,その他成長,6777,ｓａｎｔｅｃ,東Ｓ
ウェアラブル端末,その他成長,6779,日電波,東Ｐ
ウェアラブル端末,その他成長,6810,マクセル,東Ｐ
ウェアラブル端末,その他成長,6875,メガチップス,東Ｐ
ウェアラブル端末,その他成長,6928,エノモト,東Ｓ
ウェアラブル端末,その他成長,6952,カシオ,東Ｐ
ウェアラブル端末,その他成長,6962,大真空,東Ｐ
ウェアラブル端末,その他成長,6963,ローム,東Ｐ
ウェアラブル端末,その他成長,6976,太陽誘電,東Ｐ
ウェアラブル端末,その他成長,6981,村田製,東Ｐ
ウェアラブル端末,その他成長,6986,双葉電,東Ｐ
ウェアラブル端末,その他成長,6988,日東電,東Ｐ
ウェアラブル端末,その他成長,7133,ヒュウガプラ,東Ｇ
ウェアラブル端末,その他成長,7733,オリンパス,東Ｐ
ウェアラブル端末,その他成長,7751,キヤノン,東Ｐ
ウェアラブル端末,その他成長,7752,リコー,東Ｐ
ウェアラブル端末,その他成長,7762,シチズン,東Ｐ
ウェアラブル端末,その他成長,7912,大日印,東Ｐ
ウェアラブル端末,その他成長,8022,ミズノ,東Ｐ
ウェアラブル端末,その他成長,8050,セイコーＧ,東Ｐ
ウェアラブル端末,その他成長,9399,ビート,東Ｓ
ウェアラブル端末,その他成長,9432,ＮＴＴ,東Ｐ
ウェアラブル端末,その他成長,9438,ＭＴＩ,東Ｐ
ウェアラブル端末,その他成長,9739,ＮＳＷ,東Ｐ
ウェアラブル端末,その他成長,9946,ミニストップ,東Ｐ
スマートグリッド,その他成長,1803,清水建,東Ｐ
スマートグリッド,その他成長,1925,大和ハウス,東Ｐ
スマートグリッド,その他成長,1942,関電工,東Ｐ
スマートグリッド,その他成長,1944,きんでん,東Ｐ
スマートグリッド,その他成長,2980,ＳＲＥＨＤ,東Ｐ
スマートグリッド,その他成長,3401,帝人,東Ｐ
スマートグリッド,その他成長,3402,東レ,東Ｐ
スマートグリッド,その他成長,3407,旭化成,東Ｐ
スマートグリッド,その他成長,3433,トーカロ,東Ｐ
スマートグリッド,その他成長,3837,アドソル日進,東Ｐ
スマートグリッド,その他成長,4169,エネチェンジ,東Ｇ
スマートグリッド,その他成長,4188,三菱ケミＧ,東Ｐ
スマートグリッド,その他成長,4813,ＡＣＣＥＳＳ,東Ｐ
スマートグリッド,その他成長,5019,出光興産,東Ｐ
スマートグリッド,その他成長,5020,ＥＮＥＯＳ,東Ｐ
スマートグリッド,その他成長,5232,住友大阪,東Ｐ
スマートグリッド,その他成長,5333,ＮＧＫ,東Ｐ
スマートグリッド,その他成長,5401,日本製鉄,東Ｐ
スマートグリッド,その他成長,5471,大同特鋼,東Ｐ
スマートグリッド,その他成長,5582,グリッド,東Ｇ
スマートグリッド,その他成長,5631,日製鋼,東Ｐ
スマートグリッド,その他成長,5711,三菱マ,東Ｐ
スマートグリッド,その他成長,5801,古河電,東Ｐ
スマートグリッド,その他成長,5802,住友電,東Ｐ
スマートグリッド,その他成長,5803,フジクラ,東Ｐ
スマートグリッド,その他成長,5805,ＳＷＣＣ,東Ｐ
スマートグリッド,その他成長,5816,オーナンバ,東Ｓ
スマートグリッド,その他成長,6268,ナブテスコ,東Ｐ
スマートグリッド,その他成長,6471,日精工,東Ｐ
スマートグリッド,その他成長,6472,ＮＴＮ,東Ｐ
スマートグリッド,その他成長,6473,ジェイテクト,東Ｐ
スマートグリッド,その他成長,6501,日立,東Ｐ
スマートグリッド,その他成長,6503,三菱電,東Ｐ
スマートグリッド,その他成長,6504,富士電機,東Ｐ
スマートグリッド,その他成長,6506,安川電,東Ｐ
スマートグリッド,その他成長,6508,明電舎,東Ｐ
スマートグリッド,その他成長,6516,山洋電,東Ｐ
スマートグリッド,その他成長,6594,ニデック,東Ｐ
スマートグリッド,その他成長,6617,東光高岳,東Ｐ
スマートグリッド,その他成長,6622,ダイヘン,東Ｐ
スマートグリッド,その他成長,6623,愛電機,名Ｐ
スマートグリッド,その他成長,6643,戸上電,東Ｓ
スマートグリッド,その他成長,6644,大崎電,東Ｐ
スマートグリッド,その他成長,6645,オムロン,東Ｐ
スマートグリッド,その他成長,6652,ＩＤＥＣ,東Ｐ
スマートグリッド,その他成長,6653,正興電,東Ｐ
スマートグリッド,その他成長,6674,ＧＳユアサ,東Ｐ
スマートグリッド,その他成長,6701,ＮＥＣ,東Ｐ
スマートグリッド,その他成長,6702,富士通,東Ｐ
スマートグリッド,その他成長,6723,ルネサス,東Ｐ
スマートグリッド,その他成長,6752,パナＨＤ,東Ｐ
スマートグリッド,その他成長,6753,シャープ,東Ｐ
スマートグリッド,その他成長,6758,ソニーＧ,東Ｐ
スマートグリッド,その他成長,6822,大井電気,東Ｓ
スマートグリッド,その他成長,6841,横河電,東Ｐ
スマートグリッド,その他成長,6844,新電元,東Ｐ
スマートグリッド,その他成長,6875,メガチップス,東Ｐ
スマートグリッド,その他成長,6902,デンソー,東Ｐ
スマートグリッド,その他成長,6971,京セラ,東Ｐ
スマートグリッド,その他成長,7011,三菱重,東Ｐ
スマートグリッド,その他成長,7012,川重,東Ｐ
スマートグリッド,その他成長,7203,トヨタ,東Ｐ
スマートグリッド,その他成長,7270,ＳＵＢＡＲＵ,東Ｐ
スマートグリッド,その他成長,8001,伊藤忠,東Ｐ
スマートグリッド,その他成長,8031,三井物,東Ｐ
スマートグリッド,その他成長,8056,ビプロジー,東Ｐ
スマートグリッド,その他成長,8058,三菱商,東Ｐ
スマートグリッド,その他成長,8739,スパークス,東Ｐ
スマートグリッド,その他成長,9432,ＮＴＴ,東Ｐ
スマートグリッド,その他成長,9501,東電ＨＤ,東Ｐ
スマートグリッド,その他成長,9502,中部電,東Ｐ
スマートグリッド,その他成長,9503,関西電,東Ｐ
スマートグリッド,その他成長,9504,中国電,東Ｐ
スマートグリッド,その他成長,9505,北陸電,東Ｐ
スマートグリッド,その他成長,9506,東北電,東Ｐ
スマートグリッド,その他成長,9507,四国電,東Ｐ
スマートグリッド,その他成長,9508,九州電,東Ｐ
スマートグリッド,その他成長,9509,北海電,東Ｐ
スマートグリッド,その他成長,9511,沖縄電,東Ｐ
スマートグリッド,その他成長,9513,Ｊパワー,東Ｐ
スマートグリッド,その他成長,9531,東ガス,東Ｐ
スマートグリッド,その他成長,9532,大ガス,東Ｐ
スマートグリッド,その他成長,9533,邦ガス,東Ｐ
スマートセルインダストリー,その他成長,2206,グリコ,東Ｐ
スマートセルインダストリー,その他成長,2503,キリンＨＤ,東Ｐ
スマートセルインダストリー,その他成長,2607,不二製油,東Ｐ
スマートセルインダストリー,その他成長,2802,味の素,東Ｐ
スマートセルインダストリー,その他成長,3407,旭化成,東Ｐ
スマートセルインダストリー,その他成長,4183,三井化学,東Ｐ
スマートセルインダストリー,その他成長,4188,三菱ケミＧ,東Ｐ
スマートセルインダストリー,その他成長,5108,ブリヂストン,東Ｐ
スマートセルインダストリー,その他成長,7701,島津,東Ｐ
スマートセルインダストリー,その他成長,7707,ＰＳＳ,東Ｇ
スマートセルインダストリー,その他成長,8012,長瀬産,東Ｐ
スマートセルインダストリー,その他成長,8111,ゴルドウイン,東Ｐ
スマートテレビ,その他成長,6752,パナＨＤ,東Ｐ
スマートテレビ,その他成長,6758,ソニーＧ,東Ｐ
スマートテレビ,その他成長,9433,ＫＤＤＩ,東Ｐ
スマートフォン,その他成長,1716,第一カッタ,東Ｓ
スマートフォン,その他成長,2121,ＭＩＸＩ,東Ｐ
スマートフォン,その他成長,2122,インタスペス,東Ｓ
スマートフォン,その他成長,2193,クックパッド,東Ｓ
スマートフォン,その他成長,2317,システナ,東Ｐ
スマートフォン,その他成長,2323,ｆｏｎｆｕｎ,東Ｓ
スマートフォン,その他成長,2334,イオレ,東Ｇ
スマートフォン,その他成長,2349,エヌアイデイ,東Ｓ
スマートフォン,その他成長,2428,ウェルネット,東Ｓ
スマートフォン,その他成長,2432,ディーエヌエ,東Ｐ
スマートフォン,その他成長,2454,オルアバウト,東Ｓ
スマートフォン,その他成長,2489,アドウェイズ,東Ｓ
スマートフォン,その他成長,2497,ＵＮＩＴＥＤ,東Ｇ
スマートフォン,その他成長,2656,ベクターＨＤ,東Ｓ
スマートフォン,その他成長,3002,グンゼ,東Ｐ
スマートフォン,その他成長,3107,ダイワボウ,東Ｐ
スマートフォン,その他成長,3134,Ｈａｍｅｅ,東Ｓ
スマートフォン,その他成長,3393,スタティアＨ,東Ｐ
スマートフォン,その他成長,3402,東レ,東Ｐ
スマートフォン,その他成長,3407,旭化成,東Ｐ
スマートフォン,その他成長,3441,山王,東Ｓ
スマートフォン,その他成長,3625,テックファム,東Ｇ
スマートフォン,その他成長,3627,テクミラ,東Ｓ
スマートフォン,その他成長,3632,グリーＨＤ,東Ｐ
スマートフォン,その他成長,3641,パピレス,東Ｓ
スマートフォン,その他成長,3646,駅探,東Ｓ
スマートフォン,その他成長,3653,モルフォ,東Ｇ
スマートフォン,その他成長,3656,ＫＬａｂ,東Ｐ
スマートフォン,その他成長,3657,ポールＨＤ,東Ｐ
スマートフォン,その他成長,3662,エイチーム,東Ｐ
スマートフォン,その他成長,3664,ＷＩＺＥ,東Ｇ
スマートフォン,その他成長,3668,コロプラ,東Ｐ
スマートフォン,その他成長,3672,オルトＰ,東Ｓ
スマートフォン,その他成長,3676,デジハＨＤ,東Ｐ
スマートフォン,その他成長,3678,メディアドゥ,東Ｐ
スマートフォン,その他成長,3696,セレス,東Ｐ
スマートフォン,その他成長,3727,アプリックス,東Ｇ
スマートフォン,その他成長,3739,コムシード,名Ｎ
スマートフォン,その他成長,3741,セック,東Ｐ
スマートフォン,その他成長,3753,フライト,東Ｓ
スマートフォン,その他成長,3760,ケイブ,東Ｓ
スマートフォン,その他成長,3765,ガンホー,東Ｐ
スマートフォン,その他成長,3773,ＡＭＩ,東Ｇ
スマートフォン,その他成長,3777,環境フレンド,東Ｇ
スマートフォン,その他成長,3793,ドリコム,東Ｇ
スマートフォン,その他成長,3810,ＣＳＨＤ,東Ｓ
スマートフォン,その他成長,3815,メディア工房,東Ｇ
スマートフォン,その他成長,3823,ＷＨＤＣ,東Ｓ
スマートフォン,その他成長,3843,フリービット,東Ｐ
スマートフォン,その他成長,3851,日本一ソフト,東Ｓ
スマートフォン,その他成長,3853,アステリア,東Ｐ
スマートフォン,その他成長,3903,ｇｕｍｉ,東Ｐ
スマートフォン,その他成長,3904,カヤック,東Ｇ
スマートフォン,その他成長,3907,シリコンスタ,東Ｓ
スマートフォン,その他成長,3909,ショーケース,東Ｓ
スマートフォン,その他成長,3911,Ａｉｍｉｎｇ,東Ｇ
スマートフォン,その他成長,3912,モバファク,東Ｓ
スマートフォン,その他成長,3913,ＧｒｅｅｎＢ,東Ｓ
スマートフォン,その他成長,3917,アイリッジ,東Ｇ
スマートフォン,その他成長,3932,アカツキ,東Ｐ
スマートフォン,その他成長,3964,オークネット,東Ｐ
スマートフォン,その他成長,3981,ビーグリー,東Ｓ
スマートフォン,その他成長,4005,住友化,東Ｐ
スマートフォン,その他成長,4056,ニューラルＧ,東Ｇ
スマートフォン,その他成長,4062,イビデン,東Ｐ
スマートフォン,その他成長,4168,ヤプリ,東Ｇ
スマートフォン,その他成長,4175,コリー,東Ｇ
スマートフォン,その他成長,4178,Ｓイノベ,東Ｇ
スマートフォン,その他成長,4203,住友ベ,東Ｐ
スマートフォン,その他成長,4205,ゼオン,東Ｐ
スマートフォン,その他成長,4206,アイカ,東Ｐ
スマートフォン,その他成長,4221,大倉工,東Ｐ
スマートフォン,その他成長,4251,恵和,東Ｐ
スマートフォン,その他成長,4256,サインド,東Ｇ
スマートフォン,その他成長,4293,セプテニＨＤ,東Ｓ
スマートフォン,その他成長,4324,電通グループ,東Ｐ
スマートフォン,その他成長,4344,ソースネクス,東Ｐ
スマートフォン,その他成長,4385,メルカリ,東Ｐ
スマートフォン,その他成長,4388,エーアイ,東Ｓ
スマートフォン,その他成長,4424,Ａｍａｚｉａ,東Ｇ
スマートフォン,その他成長,4425,Ｋｕｄａｎ,東Ｇ
スマートフォン,その他成長,4438,Ｗｅｌｂｙ,東Ｇ
スマートフォン,その他成長,4446,リンクユーＧ,東Ｓ
スマートフォン,その他成長,4463,日華化学,東Ｓ
スマートフォン,その他成長,4492,ゼネテック,東Ｓ
スマートフォン,その他成長,4495,ｉ３,東Ｇ
スマートフォン,その他成長,4627,ナトコ,東Ｓ
スマートフォン,その他成長,4686,ジャスト,東Ｐ
スマートフォン,その他成長,4689,ラインヤフー,東Ｐ
スマートフォン,その他成長,4751,サイバー,東Ｐ
スマートフォン,その他成長,4777,ガーラ,東Ｓ
スマートフォン,その他成長,4800,オリコン,東Ｓ
スマートフォン,その他成長,4813,ＡＣＣＥＳＳ,東Ｐ
スマートフォン,その他成長,4825,ＷＮＩウェザ,東Ｐ
スマートフォン,その他成長,4829,日エンター,東Ｓ
スマートフォン,その他成長,4966,上村工,東Ｓ
スマートフォン,その他成長,4968,荒川化,東Ｐ
スマートフォン,その他成長,4973,日本高純度,東Ｐ
スマートフォン,その他成長,4980,デクセリ,東Ｐ
スマートフォン,その他成長,5031,モイ,東Ｇ
スマートフォン,その他成長,5201,ＡＧＣ,東Ｐ
スマートフォン,その他成長,5214,日電硝,東Ｐ
スマートフォン,その他成長,5216,倉元,東Ｓ
スマートフォン,その他成長,5218,オハラ,東Ｓ
スマートフォン,その他成長,5381,マイポックス,東Ｓ
スマートフォン,その他成長,5482,愛知鋼,東Ｐ
スマートフォン,その他成長,5580,プロディ,東Ｇ
スマートフォン,その他成長,5618,ナイル,東Ｇ
スマートフォン,その他成長,5706,三井金属,東Ｐ
スマートフォン,その他成長,5802,住友電,東Ｐ
スマートフォン,その他成長,6025,日本ＰＣ,名Ｎ
スマートフォン,その他成長,6033,エクストリム,東Ｇ
スマートフォン,その他成長,6046,リンクバル,東Ｓ
スマートフォン,その他成長,6047,Ｇｕｎｏｓｙ,東Ｓ
スマートフォン,その他成長,6101,ツガミ,東Ｐ
スマートフォン,その他成長,6111,旭精機,名Ｍ
スマートフォン,その他成長,6134,ＦＵＪＩ,東Ｐ
スマートフォン,その他成長,6136,ＯＳＧ,東Ｐ
スマートフォン,その他成長,6145,ＮＩＴＴＯＫ,東Ｓ
スマートフォン,その他成長,6146,ディスコ,東Ｐ
スマートフォン,その他成長,6235,オプトラン,東Ｐ
スマートフォン,その他成長,6246,Ｔスマート,東Ｓ
スマートフォン,その他成長,6278,ユニオンツル,東Ｐ
スマートフォン,その他成長,6384,昭和真空,東Ｓ
スマートフォン,その他成長,6445,ジャノメ,東Ｐ
スマートフォン,その他成長,6448,ブラザー,東Ｐ
スマートフォン,その他成長,6460,セガサミー,東Ｐ
スマートフォン,その他成長,6479,ミネベア,東Ｐ
スマートフォン,その他成長,6513,オリジン,東Ｓ
スマートフォン,その他成長,6612,バルミューダ,東Ｇ
スマートフォン,その他成長,6666,リバーエレク,東Ｓ
スマートフォン,その他成長,6676,ＢＵＦ,東Ｓ
スマートフォン,その他成長,6702,富士通,東Ｐ
スマートフォン,その他成長,6724,エプソン,東Ｐ
スマートフォン,その他成長,6736,サン電子,東Ｓ
スマートフォン,その他成長,6740,Ｊディスプレ,東Ｐ
スマートフォン,その他成長,6750,エレコム,東Ｐ
スマートフォン,その他成長,6753,シャープ,東Ｐ
スマートフォン,その他成長,6754,アンリツ,東Ｐ
スマートフォン,その他成長,6758,ソニーＧ,東Ｐ
スマートフォン,その他成長,6762,ＴＤＫ,東Ｐ
スマートフォン,その他成長,6770,アルプスアル,東Ｐ
スマートフォン,その他成長,6779,日電波,東Ｐ
スマートフォン,その他成長,6785,鈴木,東Ｐ
スマートフォン,その他成長,6787,メイコー,東Ｐ
スマートフォン,その他成長,6798,ＳＭＫ,東Ｐ
スマートフォン,その他成長,6806,ヒロセ電,東Ｐ
スマートフォン,その他成長,6807,航空電子,東Ｐ
スマートフォン,その他成長,6861,キーエンス,東Ｐ
スマートフォン,その他成長,6907,ジオマテック,東Ｓ
スマートフォン,その他成長,6915,千代田インテ,東Ｓ
スマートフォン,その他成長,6954,ファナック,東Ｐ
スマートフォン,その他成長,6955,ＦＤＫ,東Ｓ
スマートフォン,その他成長,6958,日本ＣＭＫ,東Ｐ
スマートフォン,その他成長,6962,大真空,東Ｐ
スマートフォン,その他成長,6963,ローム,東Ｐ
スマートフォン,その他成長,6971,京セラ,東Ｐ
スマートフォン,その他成長,6976,太陽誘電,東Ｐ
スマートフォン,その他成長,6981,村田製,東Ｐ
スマートフォン,その他成長,6988,日東電,東Ｐ
スマートフォン,その他成長,7111,ＩＮＥＳＴ,東Ｓ
スマートフォン,その他成長,7351,グッドパッチ,東Ｇ
スマートフォン,その他成長,7356,レッティ,東Ｇ
スマートフォン,その他成長,7359,東京通信Ｇ,東Ｇ
スマートフォン,その他成長,7725,インターアク,東Ｐ
スマートフォン,その他成長,7731,ニコン,東Ｐ
スマートフォン,その他成長,7826,フルヤ金属,東Ｐ
スマートフォン,その他成長,7832,バンナムＨＤ,東Ｐ
スマートフォン,その他成長,7860,エイベックス,東Ｐ
スマートフォン,その他成長,7902,ソノコム,東Ｓ
スマートフォン,その他成長,7908,ＫＩＭＯＴＯ,東Ｓ
スマートフォン,その他成長,7911,ＴＯＰＰＡＮ,東Ｐ
スマートフォン,その他成長,7912,大日印,東Ｐ
スマートフォン,その他成長,7915,ＮＩＳＳＨＡ,東Ｐ
スマートフォン,その他成長,7927,ムトー精工,東Ｓ
スマートフォン,その他成長,7962,キングジム,東Ｐ
スマートフォン,その他成長,7966,リンテック,東Ｐ
スマートフォン,その他成長,8035,東エレク,東Ｐ
スマートフォン,その他成長,8151,東陽テク,東Ｐ
スマートフォン,その他成長,8152,ソマール,東Ｓ
スマートフォン,その他成長,9425,ＲｅＹｕｕ,東Ｓ
スマートフォン,その他成長,9432,ＮＴＴ,東Ｐ
スマートフォン,その他成長,9433,ＫＤＤＩ,東Ｐ
スマートフォン,その他成長,9434,ＳＢ,東Ｐ
スマートフォン,その他成長,9436,沖縄セルラー,東Ｓ
スマートフォン,その他成長,9438,ＭＴＩ,東Ｐ
スマートフォン,その他成長,9445,フォーバルＴ,東Ｓ
スマートフォン,その他成長,9466,アイドマＭＣ,東Ｓ
スマートフォン,その他成長,9468,カドカワ,東Ｐ
スマートフォン,その他成長,9684,スクエニＨＤ,東Ｐ
スマートフォン,その他成長,9692,シーイーシー,東Ｐ
スマートフォン,その他成長,9697,カプコン,東Ｐ
スマートフォン,その他成長,9702,アイエスビー,東Ｐ
スマートフォン,その他成長,9766,コナミＧ,東Ｐ
スマートフォン,その他成長,9984,ＳＢＧ,東Ｐ
スマートホーム,その他成長,1436,グリーンエナ,東Ｇ
スマートホーム,その他成長,1873,日本ハウス,東Ｐ
スマートホーム,その他成長,1911,住友林,東Ｐ
スマートホーム,その他成長,1925,大和ハウス,東Ｐ
スマートホーム,その他成長,1928,積水ハウス,東Ｐ
スマートホーム,その他成長,2311,エプコ,東Ｓ
スマートホーム,その他成長,2331,ＡＬＳＯＫ,東Ｐ
スマートホーム,その他成長,2730,エディオン,東Ｐ
スマートホーム,その他成長,2980,ＳＲＥＨＤ,東Ｐ
スマートホーム,その他成長,3150,グリムス,東Ｐ
スマートホーム,その他成長,3407,旭化成,東Ｐ
スマートホーム,その他成長,3465,ケイアイ不,東Ｐ
スマートホーム,その他成長,3727,アプリックス,東Ｇ
スマートホーム,その他成長,3858,ユビＡＩ,東Ｓ
スマートホーム,その他成長,3917,アイリッジ,東Ｇ
スマートホーム,その他成長,4204,積水化,東Ｐ
スマートホーム,その他成長,5943,ノーリツ,東Ｐ
スマートホーム,その他成長,6367,ダイキン,東Ｐ
スマートホーム,その他成長,6501,日立,東Ｐ
スマートホーム,その他成長,6503,三菱電,東Ｐ
スマートホーム,その他成長,6701,ＮＥＣ,東Ｐ
スマートホーム,その他成長,6702,富士通,東Ｐ
スマートホーム,その他成長,6752,パナＨＤ,東Ｐ
スマートホーム,その他成長,6753,シャープ,東Ｐ
スマートホーム,その他成長,6758,ソニーＧ,東Ｐ
スマートホーム,その他成長,6762,ＴＤＫ,東Ｐ
スマートホーム,その他成長,7203,トヨタ,東Ｐ
スマートホーム,その他成長,7911,ＴＯＰＰＡＮ,東Ｐ
スマートホーム,その他成長,9005,東急,東Ｐ
スマートホーム,その他成長,9433,ＫＤＤＩ,東Ｐ
スマートホーム,その他成長,9436,沖縄セルラー,東Ｓ
スマートホーム,その他成長,9450,ファイバーＧ,東Ｓ
スマートホーム,その他成長,9501,東電ＨＤ,東Ｐ
スマートホーム,その他成長,9735,セコム,東Ｐ
スマートホーム,その他成長,9788,ナック,東Ｐ
スマートホーム,その他成長,9831,ヤマダＨＤ,東Ｐ
スマートホーム,その他成長,9843,ニトリＨＤ,東Ｐ
スマートホーム,その他成長,9984,ＳＢＧ,東Ｐ
スマートメーター,その他成長,1925,大和ハウス,東Ｐ
スマートメーター,その他成長,2471,エスプール,東Ｐ
スマートメーター,その他成長,3774,ＩＩＪ,東Ｐ
スマートメーター,その他成長,4068,ベイシス,東Ｇ
スマートメーター,その他成長,4169,エネチェンジ,東Ｇ
スマートメーター,その他成長,5801,古河電,東Ｐ
スマートメーター,その他成長,5802,住友電,東Ｐ
スマートメーター,その他成長,5803,フジクラ,東Ｐ
スマートメーター,その他成長,5805,ＳＷＣＣ,東Ｐ
スマートメーター,その他成長,6501,日立,東Ｐ
スマートメーター,その他成長,6503,三菱電,東Ｐ
スマートメーター,その他成長,6504,富士電機,東Ｐ
スマートメーター,その他成長,6508,明電舎,東Ｐ
スマートメーター,その他成長,6617,東光高岳,東Ｐ
スマートメーター,その他成長,6622,ダイヘン,東Ｐ
スマートメーター,その他成長,6643,戸上電,東Ｓ
スマートメーター,その他成長,6644,大崎電,東Ｐ
スマートメーター,その他成長,6645,オムロン,東Ｐ
スマートメーター,その他成長,6701,ＮＥＣ,東Ｐ
スマートメーター,その他成長,6702,富士通,東Ｐ
スマートメーター,その他成長,6723,ルネサス,東Ｐ
スマートメーター,その他成長,6752,パナＨＤ,東Ｐ
スマートメーター,その他成長,6822,大井電気,東Ｓ
スマートメーター,その他成長,6875,メガチップス,東Ｐ
スマートメーター,その他成長,6964,サンコー,東Ｓ
スマートメーター,その他成長,9501,東電ＨＤ,東Ｐ
スマートメーター,その他成長,9502,中部電,東Ｐ
スマートメーター,その他成長,9503,関西電,東Ｐ
スマートメーター,その他成長,9508,九州電,東Ｐ
スマートロック,その他成長,2120,ＬＩＦＵＬＬ,東Ｐ
スマートロック,その他成長,4324,電通グループ,東Ｐ
スマートロック,その他成長,4379,フォトシンス,東Ｇ
スマートロック,その他成長,4415,ブロードＥ,東Ｇ
スマートロック,その他成長,5078,セレ,東Ｓ
スマートロック,その他成長,6644,大崎電,東Ｐ
スマートロック,その他成長,6752,パナＨＤ,東Ｐ
スマートロック,その他成長,6758,ソニーＧ,東Ｐ
スマートロック,その他成長,7201,日産自,東Ｐ
スマートロック,その他成長,9433,ＫＤＤＩ,東Ｐ
スマート農業,その他成長,1436,グリーンエナ,東Ｇ
スマート農業,その他成長,2493,イーサポート,東Ｓ
スマート農業,その他成長,2768,双日,東Ｐ
スマート農業,その他成長,2811,カゴメ,東Ｐ
スマート農業,その他成長,3694,オプティム,東Ｐ
スマート農業,その他成長,3774,ＩＩＪ,東Ｐ
スマート農業,その他成長,3799,キーウェア,東Ｓ
スマート農業,その他成長,3800,ユニリタ,東Ｓ
スマート農業,その他成長,3816,大和コン,東Ｓ
スマート農業,その他成長,4412,サイエンスＡ,東Ｇ
スマート農業,その他成長,4641,アルプス技,東Ｐ
スマート農業,その他成長,4812,電通総研,東Ｐ
スマート農業,その他成長,4979,ＯＡＴアグリ,東Ｓ
スマート農業,その他成長,4997,日農薬,東Ｐ
スマート農業,その他成長,5570,ジェノバ,東Ｇ
スマート農業,その他成長,6199,セラク,東Ｓ
スマート農業,その他成長,6250,やまびこ,東Ｐ
スマート農業,その他成長,6310,井関農,東Ｐ
スマート農業,その他成長,6326,クボタ,東Ｐ
スマート農業,その他成長,6501,日立,東Ｐ
スマート農業,その他成長,6634,ＪＮグループ,東Ｓ
スマート農業,その他成長,6701,ＮＥＣ,東Ｐ
スマート農業,その他成長,6702,富士通,東Ｐ
スマート農業,その他成長,6752,パナＨＤ,東Ｐ
スマート農業,その他成長,6788,日本トリム,東Ｐ
スマート農業,その他成長,6902,デンソー,東Ｐ
スマート農業,その他成長,7078,ＩＮＣＨＤ,東Ｇ
スマート農業,その他成長,7267,ホンダ,東Ｐ
スマート農業,その他成長,7272,ヤマハ発,東Ｐ
スマート農業,その他成長,7721,東京計器,東Ｐ
スマート農業,その他成長,7985,ネポン,福証
スマート農業,その他成長,7991,マミヤＯＰ,東Ｓ
スマート農業,その他成長,8084,ＲＹＯＤＥＮ,東Ｐ
メタバース,その他成長,2354,ＹＥデジタル,東Ｓ
メタバース,その他成長,2436,共同ＰＲ,東Ｓ
メタバース,その他成長,2437,シンワワイズ,東Ｓ
メタバース,その他成長,2469,ヒビノ,東Ｓ
メタバース,その他成長,2488,ＪＴＰ,東Ｓ
メタバース,その他成長,2685,アンドＳＴ,東Ｐ
メタバース,その他成長,2767,円谷フィＨＤ,東Ｐ
メタバース,その他成長,3083,スターシーズ,東Ｓ
メタバース,その他成長,3099,三越伊勢丹,東Ｐ
メタバース,その他成長,3121,マーチャント,東Ｓ
メタバース,その他成長,3189,ＡＮＡＰＨＤ,東Ｓ
メタバース,その他成長,3350,メタプラ,東Ｓ
メタバース,その他成長,3416,ピクスタ,東Ｓ
メタバース,その他成長,3625,テックファム,東Ｇ
メタバース,その他成長,3626,ＴＩＳＩ,東Ｐ
メタバース,その他成長,3632,グリーＨＤ,東Ｐ
メタバース,その他成長,3661,エムアップ,東Ｐ
メタバース,その他成長,3663,セルシス,東Ｐ
メタバース,その他成長,3668,コロプラ,東Ｐ
メタバース,その他成長,3678,メディアドゥ,東Ｐ
メタバース,その他成長,3686,ＤＬＥ,東Ｓ
メタバース,その他成長,3698,ＣＲＩ,東Ｓ
メタバース,その他成長,3823,ＷＨＤＣ,東Ｓ
メタバース,その他成長,3837,アドソル日進,東Ｐ
メタバース,その他成長,3903,ｇｕｍｉ,東Ｐ
メタバース,その他成長,3904,カヤック,東Ｇ
メタバース,その他成長,3907,シリコンスタ,東Ｓ
メタバース,その他成長,3912,モバファク,東Ｓ
メタバース,その他成長,3927,Ｆ－ブレイン,東Ｓ
メタバース,その他成長,3976,シャノン,東Ｇ
メタバース,その他成長,3997,Ｔワークス,東Ｓ
メタバース,その他成長,4073,ジィ・シィ,東Ｇ
メタバース,その他成長,4388,エーアイ,東Ｓ
メタバース,その他成長,4393,バンクオブイ,東Ｇ
メタバース,その他成長,4421,ＤＩシステム,東Ｓ
メタバース,その他成長,4425,Ｋｕｄａｎ,東Ｇ
メタバース,その他成長,4436,ミンカブ,東Ｇ
メタバース,その他成長,4445,リビンＴ,東Ｇ
メタバース,その他成長,4447,ＰＢシステム,東Ｇ
メタバース,その他成長,4642,オリジナル設,東Ｓ
メタバース,その他成長,4676,フジＨＤ,東Ｐ
メタバース,その他成長,4728,トーセ,東Ｓ
メタバース,その他成長,4751,サイバー,東Ｐ
メタバース,その他成長,4755,楽天グループ,東Ｐ
メタバース,その他成長,4763,Ｃ＆Ｒ,東Ｐ
メタバース,その他成長,4772,ＳＭＥＪ,東Ｇ
メタバース,その他成長,4777,ガーラ,東Ｓ
メタバース,その他成長,4784,ＧＭＯインタ,東Ｐ
メタバース,その他成長,5031,モイ,東Ｇ
メタバース,その他成長,5129,ＦＩＸＥＲ,東Ｇ
メタバース,その他成長,5240,ｍｏｎｏＡＩ,東Ｇ
メタバース,その他成長,5253,カバー,東Ｇ
メタバース,その他成長,5885,ジーデップ,東Ｓ
メタバース,その他成長,6046,リンクバル,東Ｓ
メタバース,その他成長,6050,イーガーディ,東Ｐ
メタバース,その他成長,6182,メタリアル,東Ｇ
メタバース,その他成長,6501,日立,東Ｐ
メタバース,その他成長,6554,エスユーエス,東Ｇ
メタバース,その他成長,6634,ＪＮグループ,東Ｓ
メタバース,その他成長,6752,パナＨＤ,東Ｐ
メタバース,その他成長,6758,ソニーＧ,東Ｐ
メタバース,その他成長,7012,川重,東Ｐ
メタバース,その他成長,7047,ポート,東Ｇ
メタバース,その他成長,7063,バードマン,東Ｇ
メタバース,その他成長,7066,ピアズ,東Ｇ
メタバース,その他成長,7095,マクビープラ,東Ｐ
メタバース,その他成長,7359,東京通信Ｇ,東Ｇ
メタバース,その他成長,7692,Ｅインフィニ,東Ｓ
メタバース,その他成長,7751,キヤノン,東Ｐ
メタバース,その他成長,7809,寿屋,東Ｓ
メタバース,その他成長,7832,バンナムＨＤ,東Ｐ
メタバース,その他成長,7860,エイベックス,東Ｐ
メタバース,その他成長,7911,ＴＯＰＰＡＮ,東Ｐ
メタバース,その他成長,7912,大日印,東Ｐ
メタバース,その他成長,7974,任天堂,東Ｐ
メタバース,その他成長,8001,伊藤忠,東Ｐ
メタバース,その他成長,8031,三井物,東Ｐ
メタバース,その他成長,8136,サンリオ,東Ｐ
メタバース,その他成長,8226,理経,東Ｓ
メタバース,その他成長,8473,ＳＢＩ,東Ｐ
メタバース,その他成長,8698,マネックスＧ,東Ｐ
メタバース,その他成長,8783,ａｂｃ,東Ｓ
メタバース,その他成長,9202,ＡＮＡＨＤ,東Ｐ
メタバース,その他成長,9254,ラバブルＭＧ,東Ｇ
メタバース,その他成長,9409,テレ朝ＨＤ,東Ｐ
メタバース,その他成長,9432,ＮＴＴ,東Ｐ
メタバース,その他成長,9433,ＫＤＤＩ,東Ｐ
メタバース,その他成長,9449,ＧＭＯ,東Ｐ
メタバース,その他成長,9470,学研ＨＤ,東Ｐ
メタバース,その他成長,9684,スクエニＨＤ,東Ｐ
メタバース,その他成長,9697,カプコン,東Ｐ
働き方改革,その他成長,1717,明豊ファシリ,東Ｓ
働き方改革,その他成長,2124,ジェイエイシ,東Ｐ
働き方改革,その他成長,2146,ＵＴ,東Ｐ
働き方改革,その他成長,2168,パソナＧ,東Ｐ
働き方改革,その他成長,2170,ＬＩＮＫ＆Ｍ,東Ｐ
働き方改革,その他成長,2181,パーソルＨＤ,東Ｐ
働き方改革,その他成長,2341,アルバイトＴ,東Ｓ
働き方改革,その他成長,2379,ディップ,東Ｐ
働き方改革,その他成長,2462,ライク,東Ｐ
働き方改革,その他成長,2475,ＷＤＢ,東Ｐ
働き方改革,その他成長,2488,ＪＴＰ,東Ｓ
働き方改革,その他成長,2978,ツクルバ,東Ｇ
働き方改革,その他成長,3054,ハイパー,東Ｓ
働き方改革,その他成長,3565,アセンテック,東Ｓ
働き方改革,その他成長,3719,ＡＩストーム,東Ｓ
働き方改革,その他成長,3799,キーウェア,東Ｓ
働き方改革,その他成長,3854,アイル,東Ｐ
働き方改革,その他成長,3900,クラウドＷ,東Ｇ
働き方改革,その他成長,3915,テラスカイ,東Ｐ
働き方改革,その他成長,3923,ラクス,東Ｐ
働き方改革,その他成長,3927,Ｆ－ブレイン,東Ｓ
働き方改革,その他成長,3939,カナミックＮ,東Ｐ
働き方改革,その他成長,3940,ノムラシス,東Ｓ
働き方改革,その他成長,3969,エイトレッド,東Ｓ
働き方改革,その他成長,3983,オロ,東Ｐ
働き方改革,その他成長,3984,ユーザーロカ,東Ｐ
働き方改革,その他成長,4013,勤次郎,東Ｇ
働き方改革,その他成長,4019,スタメン,東Ｇ
働き方改革,その他成長,4074,ラキール,東Ｇ
働き方改革,その他成長,4176,ココナラ,東Ｇ
働き方改革,その他成長,4177,ｉ－ｐｌｕｇ,東Ｇ
働き方改革,その他成長,4197,アスマーク,東Ｓ
働き方改革,その他成長,4299,ハイマックス,東Ｓ
働き方改革,その他成長,4318,クイック,東Ｐ
働き方改革,その他成長,4335,ＩＰＳＨＤ,東Ｓ
働き方改革,その他成長,4390,アイピーエス,東Ｐ
働き方改革,その他成長,4397,チムスピ,東Ｇ
働き方改革,その他成長,4412,サイエンスＡ,東Ｇ
働き方改革,その他成長,4431,スマレジ,東Ｇ
働き方改革,その他成長,4433,ヒトコムＨＤ,東Ｐ
働き方改革,その他成長,4448,ｋｕｂｅｌｌ,東Ｇ
働き方改革,その他成長,4475,ＨＥＮＮＧＥ,東Ｇ
働き方改革,その他成長,4476,ＡＩクロス,東Ｇ
働き方改革,その他成長,4484,ランサーズ,東Ｇ
働き方改革,その他成長,4486,ユナイト,東Ｇ
働き方改革,その他成長,4487,スペースマ,東Ｇ
働き方改革,その他成長,4495,ｉ３,東Ｇ
働き方改革,その他成長,4735,京進,東Ｓ
働き方改革,その他成長,4766,ピーエイ,東Ｓ
働き方改革,その他成長,4776,サイボウズ,東Ｐ
働き方改革,その他成長,4848,フルキャスト,東Ｐ
働き方改革,その他成長,4849,エン,東Ｐ
働き方改革,その他成長,5071,ヴィス,東Ｓ
働き方改革,その他成長,5580,プロディ,東Ｇ
働き方改革,その他成長,5621,ヒューマンＴ,東Ｇ
働き方改革,その他成長,6054,リブセンス,東Ｓ
働き方改革,その他成長,6098,リクルート,東Ｐ
働き方改革,その他成長,6198,Ｃａｒｅｅｒ,東Ｇ
働き方改革,その他成長,6551,ツナグＧＨＤ,東Ｓ
働き方改革,その他成長,6560,ＬＴＳ,東Ｐ
働き方改革,その他成長,6563,みらいＷＫＳ,東Ｇ
働き方改革,その他成長,6572,オープンＧ,東Ｐ
働き方改革,その他成長,6662,ユビテック,東Ｓ
働き方改革,その他成長,7041,ＣＲＧＨＤ,東Ｇ
働き方改革,その他成長,7043,アルー,東Ｇ
働き方改革,その他成長,7059,コプロＨＤ,東Ｐ
働き方改革,その他成長,7060,ギークス,東Ｓ
働き方改革,その他成長,7065,ｕｐｒ,東Ｓ
働き方改革,その他成長,7066,ピアズ,東Ｇ
働き方改革,その他成長,7073,ジェイック,東Ｇ
働き方改革,その他成長,7084,スマイルＨＤ,東Ｇ
働き方改革,その他成長,7087,ウイルテック,東Ｓ
働き方改革,その他成長,7325,アイリック,東Ｇ
働き方改革,その他成長,7373,アイドマＨＤ,東Ｇ
働き方改革,その他成長,7458,第一興商,東Ｐ
働き方改革,その他成長,7947,エフピコ,東Ｐ
働き方改革,その他成長,7994,オカムラ,東Ｐ
働き方改革,その他成長,8157,都築電,東Ｐ
働き方改革,その他成長,8769,アドバンＲＭ,東Ｓ
働き方改革,その他成長,9332,ＮＩＳＳＯ,東Ｐ
働き方改革,その他成長,9416,ビジョン,東Ｐ
働き方改革,その他成長,9560,プログリット,東Ｇ
働き方改革,その他成長,9562,ビジコーチ,東Ｇ
働き方改革,その他成長,9744,メイテックＧ,東Ｐ
次世代農業ビジネス,その他成長,2493,イーサポート,東Ｓ
次世代農業ビジネス,その他成長,2768,双日,東Ｐ
次世代農業ビジネス,その他成長,2811,カゴメ,東Ｐ
次世代農業ビジネス,その他成長,3694,オプティム,東Ｐ
次世代農業ビジネス,その他成長,3799,キーウェア,東Ｓ
次世代農業ビジネス,その他成長,3800,ユニリタ,東Ｓ
次世代農業ビジネス,その他成長,3816,大和コン,東Ｓ
次世代農業ビジネス,その他成長,6199,セラク,東Ｓ
次世代農業ビジネス,その他成長,6250,やまびこ,東Ｐ
次世代農業ビジネス,その他成長,6310,井関農,東Ｐ
次世代農業ビジネス,その他成長,6326,クボタ,東Ｐ
次世代農業ビジネス,その他成長,6501,日立,東Ｐ
次世代農業ビジネス,その他成長,6701,ＮＥＣ,東Ｐ
次世代農業ビジネス,その他成長,6702,富士通,東Ｐ
次世代農業ビジネス,その他成長,6752,パナＨＤ,東Ｐ
次世代農業ビジネス,その他成長,6788,日本トリム,東Ｐ
次世代農業ビジネス,その他成長,7267,ホンダ,東Ｐ
次世代農業ビジネス,その他成長,7272,ヤマハ発,東Ｐ
次世代農業ビジネス,その他成長,7721,東京計器,東Ｐ
次世代農業ビジネス,その他成長,7991,マミヤＯＰ,東Ｓ
農業機械,その他成長,2108,甜菜糖,東Ｐ
農業機械,その他成長,3135,マーケットＥ,東Ｓ
農業機械,その他成長,3355,クリヤマＨＤ,東Ｓ
農業機械,その他成長,4222,児玉化,東Ｓ
農業機械,その他成長,5185,フコク,東Ｐ
農業機械,その他成長,5195,バンドー,東Ｐ
農業機械,その他成長,5644,メタルアート,東Ｓ
農業機械,その他成長,6240,ヤマシン―Ｆ,東Ｐ
農業機械,その他成長,6250,やまびこ,東Ｐ
農業機械,その他成長,6310,井関農,東Ｐ
農業機械,その他成長,6316,丸山製,東Ｓ
農業機械,その他成長,6317,北川鉄,東Ｓ
農業機械,その他成長,6325,タカキタ,東Ｓ
農業機械,その他成長,6326,クボタ,東Ｐ
農業機械,その他成長,6340,渋谷工,東Ｐ
農業機械,その他成長,6380,オリチェン,東Ｓ
農業機械,その他成長,6454,マックス,東Ｐ
農業機械,その他成長,6493,ＮＩＴＴＡＮ,東Ｓ
農業機械,その他成長,7220,武蔵精密,東Ｐ
農業機械,その他成長,7236,ティラド,東Ｐ
農業機械,その他成長,7246,プレス工,東Ｐ
農業機械,その他成長,7254,ユニバンス,東Ｓ
農業機械,その他成長,7278,エクセディ,東Ｐ
農業機械,その他成長,7466,ＳＰＫ,東Ｐ
農業機械,その他成長,7841,遠藤製作所,東Ｓ
農業機械,その他成長,8014,蝶理,東Ｐ
農業経営,その他成長,1802,大林組,東Ｐ
農業経営,その他成長,3004,神栄,東Ｓ
農業経営,その他成長,3038,神戸物産,東Ｐ
農業経営,その他成長,3105,日清紡ＨＤ,東Ｐ
農業経営,その他成長,3382,セブン＆アイ,東Ｐ
農業経営,その他成長,4005,住友化,東Ｐ
農業経営,その他成長,4088,エアウォータ,東Ｐ
農業経営,その他成長,5909,コロナ,東Ｓ
農業経営,その他成長,7522,ワタミ,東Ｐ
農業経営,その他成長,7581,サイゼリヤ,東Ｐ
農業経営,その他成長,7616,コロワイド,東Ｐ
農業経営,その他成長,8079,正栄食,東Ｐ
農業経営,その他成長,8267,イオン,東Ｐ
農業経営,その他成長,8604,野村,東Ｐ
農業経営,その他成長,9619,イチネンＨＤ,東Ｐ
農業経営,その他成長,9861,吉野家ＨＤ,東Ｐ
農業経営,その他成長,9956,バローＨＤ,東Ｐ
農業関連,その他成長,1376,カネコ種,東Ｓ
農業関連,その他成長,1377,サカタタネ,東Ｐ
農業関連,その他成長,1379,ホクト,東Ｐ
農業関連,その他成長,1382,ホーブ,東Ｓ
農業関連,その他成長,1383,ベルグアース,東Ｓ
農業関連,その他成長,1768,ソネック,東Ｓ
農業関連,その他成長,2108,甜菜糖,東Ｐ
農業関連,その他成長,2193,クックパッド,東Ｓ
農業関連,その他成長,2270,雪印メグ,東Ｐ
農業関連,その他成長,2445,タカミヤ,東Ｓ
農業関連,その他成長,2493,イーサポート,東Ｓ
農業関連,その他成長,2501,サッポロ,東Ｐ
農業関連,その他成長,2593,伊藤園,東Ｐ
農業関連,その他成長,2700,木徳神糧,東Ｓ
農業関連,その他成長,2768,双日,東Ｐ
農業関連,その他成長,2908,フジッコ,東Ｐ
農業関連,その他成長,3046,ＪＩＮＳＨＤ,東Ｐ
農業関連,その他成長,3064,モノタロウ,東Ｐ
農業関連,その他成長,3087,ドトル日レス,東Ｐ
農業関連,その他成長,3101,東洋紡,東Ｐ
農業関連,その他成長,3103,ユニチカ,東Ｓ
農業関連,その他成長,3182,オイシックス,東Ｐ
農業関連,その他成長,3237,イントランス,東Ｇ
農業関連,その他成長,3370,フジタコーポ,東Ｓ
農業関連,その他成長,3402,東レ,東Ｐ
農業関連,その他成長,3440,日創グループ,東Ｓ
農業関連,その他成長,3556,リネットＪ,東Ｇ
農業関連,その他成長,3625,テックファム,東Ｇ
農業関連,その他成長,3954,昭和パックス,東Ｓ
農業関連,その他成長,4109,ステラケミ,東Ｐ
農業関連,その他成長,4203,住友ベ,東Ｐ
農業関連,その他成長,4204,積水化,東Ｐ
農業関連,その他成長,4212,積水樹,東Ｐ
農業関連,その他成長,4218,ニチバン,東Ｐ
農業関連,その他成長,4221,大倉工,東Ｐ
農業関連,その他成長,4234,サンエー化研,東Ｓ
農業関連,その他成長,4251,恵和,東Ｐ
農業関連,その他成長,4272,日化薬,東Ｐ
農業関連,その他成長,4527,ロート,東Ｐ
農業関連,その他成長,4635,東インキ,東Ｓ
農業関連,その他成長,4641,アルプス技,東Ｐ
農業関連,その他成長,4992,北興化,東Ｓ
農業関連,その他成長,4996,クミアイ化,東Ｐ
農業関連,その他成長,4997,日農薬,東Ｐ
農業関連,その他成長,5122,オカモト,東Ｐ
農業関連,その他成長,5142,アキレス,東Ｐ
農業関連,その他成長,5363,ＴＹＫ,東Ｓ
農業関連,その他成長,5388,クニミネ,東Ｓ
農業関連,その他成長,5463,丸一管,東Ｐ
農業関連,その他成長,5729,日精鉱,東Ｓ
農業関連,その他成長,5906,エムケー精工,東Ｓ
農業関連,その他成長,5946,長府製,東Ｐ
農業関連,その他成長,6228,ＪＥＴ,東Ｓ
農業関連,その他成長,6310,井関農,東Ｐ
農業関連,その他成長,6325,タカキタ,東Ｓ
農業関連,その他成長,6326,クボタ,東Ｐ
農業関連,その他成長,6351,鶴見製,東Ｐ
農業関連,その他成長,6701,ＮＥＣ,東Ｐ
農業関連,その他成長,6702,富士通,東Ｐ
農業関連,その他成長,6788,日本トリム,東Ｐ
農業関連,その他成長,6845,アズビル,東Ｐ
農業関連,その他成長,7078,ＩＮＣＨＤ,東Ｇ
農業関連,その他成長,7220,武蔵精密,東Ｐ
農業関連,その他成長,7241,フタバ,東Ｐ
農業関連,その他成長,7264,ＭＵＲＯ,東Ｓ
農業関連,その他成長,7270,ＳＵＢＡＲＵ,東Ｐ
農業関連,その他成長,7272,ヤマハ発,東Ｐ
農業関連,その他成長,7475,アルビス,東Ｐ
農業関連,その他成長,7522,ワタミ,東Ｐ
農業関連,その他成長,7581,サイゼリヤ,東Ｐ
農業関連,その他成長,7821,前田工繊,東Ｐ
農業関連,その他成長,7856,萩原工業,東Ｐ
農業関連,その他成長,7942,ＪＳＰ,東Ｐ
農業関連,その他成長,7970,信越ポリ,東Ｐ
農業関連,その他成長,7985,ネポン,福証
農業関連,その他成長,7987,ナカバヤシ,東Ｓ
農業関連,その他成長,8001,伊藤忠,東Ｐ
農業関連,その他成長,8002,丸紅,東Ｐ
農業関連,その他成長,8053,住友商,東Ｐ
農業関連,その他成長,8085,ナラサキ,東Ｓ
農業関連,その他成長,8088,岩谷産,東Ｐ
農業関連,その他成長,8091,ニチモウ,東Ｐ
農業関連,その他成長,8143,ラピーヌ,東Ｓ
農業関連,その他成長,8153,モスフード,東Ｐ
農業関連,その他成長,8218,コメリ,東Ｐ
農業関連,その他成長,8242,Ｈ２Ｏリテイ,東Ｐ
農業関連,その他成長,8267,イオン,東Ｐ
農業関連,その他成長,9020,ＪＲ東日本,東Ｐ
農業関連,その他成長,9264,ポエック,東Ｓ
農業関連,その他成長,9619,イチネンＨＤ,東Ｐ
農業関連,その他成長,9835,ジュンテン,東Ｓ
農業関連,その他成長,9956,バローＨＤ,東Ｐ
