ticker,name,exch
A,"Agilent Technologies, Inc.",N
AA,Alcoa Corporation,N
AAC,Ares Acquisition Corporation III,N
AACG,ATA Creativity Global,NASDAQ
AACI,Armada Acquisition Corp. III,NASDAQ
AACIU,Armada Acquisition Corp. III,NASDAQ
AACO,Abony Acquisition Corp. I,NASDAQ
AACOU,Abony Acquisition Corp. I,NASDAQ
AACOW,Abony Acquisition Corp. I,NASDAQ
AACP,Apogee Acquisition Corp,NASDAQ
AACPR,Apogee Acquisition Corp,NASDAQ
AACPU,Apogee Acquisition Corp,NASDAQ
AADX,"Applied Aerospace & Defense, Inc.",N
AAL,"American Airlines Group, Inc.",NASDAQ
AAME,Atlantic American Corporation,NASDAQ
AAMI,Acadian Asset Management Inc.,N
AAOI,"Applied Optoelectronics, Inc.",NASDAQ
AAON,"AAON, Inc.",NASDAQ
AAP,Advance Auto Parts Inc.,N
AAPG,Ascentage Pharma Group International,NASDAQ
AAPL,Apple Inc.,NASDAQ
AARD,"Aardvark Therapeutics, Inc.",NASDAQ
AAT,"American Assets Trust, Inc.",N
AAUC,Allied Gold Corporation,N
AB,AllianceBernstein Holding L.P.  Units,N
ABAT,American Battery Technology Company,NASDAQ
ABBV,AbbVie Inc.,N
ABCB,Ameris Bancorp,N
ABCL,AbCellera Biologics Inc.,NASDAQ
ABEO,Abeona Therapeutics Inc.,NASDAQ
ABEV,Ambev S.A. American Depositary Shares (Each representing 1 Common Share),N
ABG,Asbury Automotive Group Inc,N
ABLV,Able View Global Inc.,NASDAQ
ABM,ABM Industries Incorporated,N
ABNB,"Airbnb, Inc.",NASDAQ
ABOS,"Acumen Pharmaceuticals, Inc.",NASDAQ
ABR,Arbor Realty Trust,N
ABSI,Absci Corporation,NASDAQ
ABT,Abbott Laboratories,N
ABTC,American Bitcoin Corp.,NASDAQ
ABTS,Abits Group Inc,NASDAQ
ABUS,Arbutus Biopharma Corporation,NASDAQ
ABVC,"ABVC BioPharma, Inc.",NASDAQ
ABVX,Abivax SA,NASDAQ
ABX,"Abacus Global Management, Inc.",N
ACA,"Arcosa, Inc.",N
ACAA,Averin Capital Acquisition Corp.,NASDAQ
ACAAU,Averin Capital Acquisition Corp.,NASDAQ
ACAAW,Averin Capital Acquisition Corp.,NASDAQ
ACAD,ACADIA Pharmaceuticals Inc.,NASDAQ
ACB,Aurora Cannabis Inc.,NASDAQ
ACCL,Acco Group Holdings Limited,NASDAQ
ACCO,Acco Brands Corporation,N
ACCS,ACCESS Newswire Inc.,A
ACDC,ProFrac Holding Corp.,NASDAQ
ACEL,"Accel Entertainment, Inc.",N
ACET,"Adicet Bio, Inc.",NASDAQ
ACFN,"Acorn Energy, Inc.",NASDAQ
ACGC,ACP Holdings Acquisition Corp.,NASDAQ
ACGCU,ACP Holdings Acquisition Corp.,NASDAQ
ACGCW,ACP Holdings Acquisition Corp.,NASDAQ
ACGL,Arch Capital Group Ltd.,NASDAQ
ACH,"Accendra Health, Inc.",N
ACHC,"Acadia Healthcare Company, Inc.",NASDAQ
ACHR,Archer Aviation Inc.,N
ACHV,"Achieve Life Sciences, Inc.",NASDAQ
ACI,"Albertsons Companies, Inc.",N
ACIC,American Coastal Insurance Corporation,NASDAQ
ACIU,AC Immune SA,NASDAQ
ACIW,"ACI Worldwide, Inc.",NASDAQ
ACLS,"Axcelis Technologies, Inc.",NASDAQ
ACM,AECOM,N
ACMR,"ACM Research, Inc.",NASDAQ
ACN,Accenture plc Class A Ordinary Shares (Ireland),N
ACNB,ACNB Corporation,NASDAQ
ACNT,Ascent Industries Co.,NASDAQ
ACOG,Alpha Cognition Inc.,NASDAQ
ACON,"Aclarion, Inc.",NASDAQ
ACR,ACRES Commercial Realty Corp.,N
ACRE,Ares Commercial Real Estate Corporation,N
ACRS,"Aclaris Therapeutics, Inc.",NASDAQ
ACRV,"Acrivon Therapeutics, Inc.",NASDAQ
ACT,"Enact Holdings, Inc.",NASDAQ
ACTG,Acacia Research Corporation,NASDAQ
ACTU,"Actuate Therapeutics, Inc.",NASDAQ
ACU,Acme United Corporation.,A
ACVA,ACV Auctions Inc.,N
ACXP,"Acurx Pharmaceuticals, Inc.",NASDAQ
AD,"Array Digital Infrastructure, Inc.",N
ADAC,American Drive Acquisition Company,NASDAQ
ADACU,American Drive Acquisition Company,NASDAQ
ADAG,Adagene Inc.,NASDAQ
ADAM,"Adamas Trust, Inc.",NASDAQ
ADBE,Adobe Inc.,NASDAQ
ADBT,"Advasa Holdings, Inc.",NASDAQ
ADC,Agree Realty Corporation,N
ADCT,ADC Therapeutics SA,N
ADEA,Adeia Inc.,NASDAQ
ADGM,"Adagio Medical Holdings, Inc",NASDAQ
ADI,"Analog Devices, Inc.",NASDAQ
ADIG,ADI Global Distribution Inc.,N
ADIL,"Adial Pharmaceuticals, Inc",NASDAQ
ADM,Archer-Daniels-Midland Company,N
ADMA,ADMA Biologics Inc,NASDAQ
ADNT,Adient plc,N
ADP,"Automatic Data Processing, Inc.",NASDAQ
ADPT,Adaptive Biotechnologies Corporation,NASDAQ
ADSE,ADS-TEC ENERGY PLC,NASDAQ
ADSK,"Autodesk, Inc.",NASDAQ
ADT,ADT Inc.,N
ADTN,"ADTRAN Holdings, Inc.",NASDAQ
ADUR,Aduro Clean Technologies Inc.,NASDAQ
ADUS,Addus HomeCare Corporation,NASDAQ
ADV,Advantage Solutions Inc.,NASDAQ
ADVB,Advanced Biomed Inc.,NASDAQ
ADXN,Addex Therapeutics Ltd,NASDAQ
AEAQ,Activate Energy Acquisition Corp.,NASDAQ
AEBI,Aebi Schmidt Holding AG,NASDAQ
AEC,Anfield Energy Inc.,NASDAQ
AEE,Ameren Corporation,N
AEG,Aegon Ltd. New York Registry Shares,N
AEHL,Antelope Enterprise Holdings Limited,NASDAQ
AEHR,Aehr Test Systems,NASDAQ
AEI,Alset Inc.,NASDAQ
AEIS,"Advanced Energy Industries, Inc.",NASDAQ
AEM,Agnico Eagle Mines Limited,N
AEMD,"Aethlon Medical, Inc.",NASDAQ
AENT,Alliance Entertainment Holding Corporation,NASDAQ
AENTW,Alliance Entertainment Holding Corporation,NASDAQ
AEO,"American Eagle Outfitters, Inc.",N
AEON,"AEON Biopharma, Inc.",A
AEP,"American Electric Power Company, Inc.",NASDAQ
AER,AerCap Holdings N.V.,N
AERO,"Grupo Aeromexico, S.A.B. de C.V. American Depositary Shares (each representing ten (10) Common Shares)",N
AERT,"Aeries Technology, Inc.",NASDAQ
AES,The AES Corporation,N
AESI,Atlas Energy Solutions Inc.,N
AESP,Aeon Acquisition I Corp.,NASDAQ
AESPR,Aeon Acquisition I Corp.,NASDAQ
AESPU,Aeon Acquisition I Corp.,NASDAQ
AESPW,Aeon Acquisition I Corp.,NASDAQ
AEVA,"Aeva Technologies, Inc.",NASDAQ
AEXA,American Exceptionalism Acquisition Corp. A,N
AEYE,"AudioEye, Inc.",NASDAQ
AFCG,Advanced Flower Capital Inc.,NASDAQ
AFG,"American Financial Group, Inc.",N
AFJK,"Aimei Health Technology Co., Ltd",NASDAQ
AFL,AFLAC Incorporated,N
AFRI,Forafric Global PLC,NASDAQ
AFRIW,Forafric Global PLC,NASDAQ
AFRM,"Affirm Holdings, Inc.",NASDAQ
AFYA,Afya Limited,NASDAQ
AG,First Majestic Silver Corp. Ordinary Shares (Canada),N
AGBK,AGI Inc,N
AGCC,Agencia Comercial Spirits Ltd,NASDAQ
AGCO,AGCO Corporation,N
AGEN,Agenus Inc.,NASDAQ
AGI,Alamos Gold Inc.,N
AGIG,Abundia Global Impact Group Inc. Common stock,A
AGIO,"Agios Pharmaceuticals, Inc.",NASDAQ
AGL,"agilon health, inc.",N
AGM,Federal Agricultural Mortgage Corporation,N
AGM-A,Federal Agricultural Mortgage Corporation,N
AGMB,AgomAb Therapeutics NV,NASDAQ
AGMH,AGM Group Holdings Inc.,NASDAQ
AGNC,AGNC Investment Corp.,NASDAQ
AGNT,"AGNT, Inc.",NASDAQ
AGO,Assured Guaranty Ltd.,N
AGPU,Axe Compute Inc.,NASDAQ
AGRO,Adecoagro S.A.,N
AGRZ,Agroz Inc.,NASDAQ
AGX,"Argan, Inc.",N
AGYS,"Agilysys, Inc.",NASDAQ
AHCO,AdaptHealth Corp.,NASDAQ
AHG,Akso Health Group,NASDAQ
AHMA,Ambitions Enterprise Management Co. L.L.C,NASDAQ
AHR,"American Healthcare REIT, Inc.",N
AHRT,"AH Realty Trust, Inc.",N
AHT,Ashford Hospitality Trust Inc,N
AI,"C3.ai, Inc.",N
AIAI,AIAI Holdings Corporation,NASDAQ
AIB,AIB Data Centers Inc.,A
AIBZ,Bitzero Holdings Inc.,NASDAQ
AIDX,"20/20 Biolabs, Inc.",NASDAQ
AIFA,"All In FutureTech Alliance, Inc.",NASDAQ
AIFC,AI Financial Corporation,NASDAQ
AIFF,"Firefly Neuroscience, Inc.",NASDAQ
AIFU,AIFU Inc.,NASDAQ
AIG,"American International Group, Inc. New",N
AII,"American Integrity Insurance Group, Inc.",N
AIIA,AI Infrastructure Acquisition Corp.,N
AIIA-R,"AI Infrastructure Acquisition Corp. Rights, each entitling the holder to receive one-fifth (1/5) of one Class A Ordinary Share",N
AIIO,Robo.ai Inc.,NASDAQ
AIIR,Air Global PLC,NASDAQ
AIM,AIM ImmunoTech Inc.,A
AIMD,"Ainos, Inc.",NASDAQ
AIMDW,"Ainos, Inc.",NASDAQ
AIN,Albany International Corporation,N
AIOS,AIOS Tech Inc.,NASDAQ
AIOT,"PowerFleet, Inc.",NASDAQ
AIP,"Arteris, Inc.",NASDAQ
AIR,AAR Corp.,N
AIRE,reAlpha Tech Corp.,NASDAQ
AIRG,"Airgain, Inc.",NASDAQ
AIRI,Air Industries Group,A
AIRJ,AirJoule Technologies Corporation,NASDAQ
AIRO,"AIRO Group Holdings, Inc.",NASDAQ
AIRS,"AirSculpt Technologies, Inc.",NASDAQ
AIRT,"Air T, Inc.",NASDAQ
AISP,"Airship AI Holdings, Inc",NASDAQ
AISPW,"Airship AI Holdings, Inc",NASDAQ
AIT,"Applied Industrial Technologies, Inc.",N
AIV,Apartment Investment and Management Company,N
AIXC,"AIxCrypto Holdings, Inc.",NASDAQ
AIXI,XIAO-I Corporation,NASDAQ
AIZ,"Assurant, Inc.",N
AJG,Arthur J. Gallagher & Co.,N
AKA,a.k.a. Brands Holding Corp.,N
AKAM,"Akamai Technologies, Inc.",NASDAQ
AKAN,Akanda Corp.,NASDAQ
AKBA,"Akebia Therapeutics, Inc.",NASDAQ
AKO-A,Embotelladora Andina S.A.,N
AKO-B,Embotelladora Andina S.A.,N
AKR,Acadia Realty Trust,N
AKTS,"Aktis Oncology, Inc.",NASDAQ
AKTX,Akari Therapeutics Plc,NASDAQ
ALAB,"Astera Labs, Inc.",NASDAQ
ALAR,Alarum Technologies Ltd.,NASDAQ
ALB,Albemarle Corporation,N
ALC,Alcon Inc.,N
ALCO,"Alico, Inc.",NASDAQ
ALDF,Aldel Financial II Inc.,NASDAQ
ALDFU,Aldel Financial II Inc.,NASDAQ
ALDFW,Aldel Financial II Inc.,NASDAQ
ALDX,"Aldeyra Therapeutics, Inc.",NASDAQ
ALEC,"Alector, Inc.",NASDAQ
ALF,Centurion Acquisition Corp.,NASDAQ
ALG,"Alamo Group, Inc.",N
ALGM,"Allegro MicroSystems, Inc.",NASDAQ
ALGN,"Align Technology, Inc.",NASDAQ
ALGS,"Aligos Therapeutics, Inc.",NASDAQ
ALGT,Allegiant Travel Company,NASDAQ
ALH,Alliance Laundry Holdings Inc.,N
ALHC,"Alignment Healthcare, Inc.",NASDAQ
ALIS,Calisa Acquisition Corp,NASDAQ
ALISU,Calisa Acquisition Corp,NASDAQ
ALIT,"Alight, Inc.",N
ALK,"Alaska Air Group, Inc.",N
ALKS,Alkermes plc,NASDAQ
ALKT,"Alkami Technology, Inc.",NASDAQ
ALL,Allstate Corporation (The),N
ALLE,Allegion plc,N
ALLO,"Allogene Therapeutics, Inc.",NASDAQ
ALLR,"Allarity Therapeutics, Inc.",NASDAQ
ALLT,Allot Ltd.,NASDAQ
ALLY,Ally Financial Inc.,N
ALM,Almonty Industries Inc.,NASDAQ
ALMR,"Alamar Biosciences, Inc.",NASDAQ
ALMS,Alumis Inc.,NASDAQ
ALMU,"Aeluma, Inc.",NASDAQ
ALNT,Allient Inc.,NASDAQ
ALNY,"Alnylam Pharmaceuticals, Inc.",NASDAQ
ALOV,"Aldabra 4 Liquidity Opportunity Vehicle, Inc.",NASDAQ
ALOVU,"Aldabra 4 Liquidity Opportunity Vehicle, Inc.",NASDAQ
ALOVW,"Aldabra 4 Liquidity Opportunity Vehicle, Inc.",NASDAQ
ALOY,REalloys Inc.,NASDAQ
ALP,Alpha Compute Corp,NASDAQ
ALPS,ALPS Group Inc,NASDAQ
ALPX,Alpex Acquisition Corporation,NASDAQ
ALPXR,Alpex Acquisition Corporation,NASDAQ
ALPXU,Alpex Acquisition Corporation,NASDAQ
ALPXW,Alpex Acquisition Corporation,NASDAQ
ALRM,"Alarm.com Holdings, Inc.",NASDAQ
ALRS,Alerus Financial Corporation,NASDAQ
ALSN,"Allison Transmission Holdings, Inc.",N
ALT,"Altimmune, Inc.",NASDAQ
ALTG,Alta Equipment Group Inc.,N
ALTI,"AlTi Global, Inc.",NASDAQ
ALTO,"Alto Ingredients, Inc.",NASDAQ
ALUB,Alussa Energy Acquisition Corp. II,N
ALV,"Autoliv, Inc.",N
ALVO,Alvotech,NASDAQ
ALX,"Alexander's, Inc.",N
ALXO,ALX Oncology Holdings Inc.,NASDAQ
ALZN,"Alzamend Neuro, Inc.",NASDAQ
AM,Antero Midstream Corporation,N
AMAC,AMR Resources Acquisition Corp,NASDAQ
AMACU,AMR Resources Acquisition Corp,NASDAQ
AMACW,AMR Resources Acquisition Corp,NASDAQ
AMAL,Amalgamated Financial Corp.,NASDAQ
AMAN,Amanat Acquisition Corp,NASDAQ
AMAT,"Applied Materials, Inc.",NASDAQ
AMBA,"Ambarella, Inc.",NASDAQ
AMBO,Ambow Education Holding Ltd. American Depository Shares (each representing twenty (20) Class A Ordinary Shares),A
AMBP,Ardagh Metal Packaging S.A.,N
AMBQ,"Ambiq Micro, Inc.",N
AMBR,Amber International Holding Limited,NASDAQ
AMC,"AMC Entertainment Holdings, Inc.",N
AMCI,AMC Robotics Corporation,NASDAQ
AMCR,Amcor plc,N
AMCX,AMC Global Media Inc.,NASDAQ
AMD,"Advanced Micro Devices, Inc.",NASDAQ
AME,"AMETEK, Inc.",N
AMG,"Affiliated Managers Group, Inc.",N
AMGN,Amgen Inc.,NASDAQ
AMH,American Homes 4 Rent Common Shares of Beneficial Interest,N
AMIX,"Autonomix Medical, Inc.",NASDAQ
AMKR,"Amkor Technology, Inc.",NASDAQ
AMLX,"Amylyx Pharmaceuticals, Inc.",NASDAQ
AMN,AMN Healthcare Services Inc,N
AMOD,"Alpha Modus Holdings, Inc.",NASDAQ
AMP,"Ameriprise Financial, Inc.",N
AMPG,"Amplitech Group, Inc.",NASDAQ
AMPH,"Amphastar Pharmaceuticals, Inc.",NASDAQ
AMPL,"Amplitude, Inc.",NASDAQ
AMPX,"Amprius Technologies, Inc.",N
AMPX-W,"Amprius Technologies, Inc. Warrants to purchase one share of Common Stock at an exercise price of $11.50 per share",N
AMPY,Amplify Energy Corp.,N
AMR,"Alpha Metallurgical Resources, Inc.",N
AMRC,"Ameresco, Inc.",N
AMRN,Amarin Corporation plc,NASDAQ
AMRX,"Amneal Pharmaceuticals, Inc.",NASDAQ
AMRZ,Amrize Ltd,N
AMS,American Shared Hospital Services,A
AMSC,American Superconductor Corporation,NASDAQ
AMSF,"AMERISAFE, Inc.",NASDAQ
AMSS,AMASS Brands Inc.,NASDAQ
AMST,Amesite Inc.,NASDAQ
AMT,American Tower Corporation (REIT),N
AMTB,Amerant Bancorp Inc.,N
AMTD,"AMTD IDEA Group American Depositary Shares, each representing six (6)",N
AMTM,"Amentum Holdings, Inc.",N
AMTX,"Aemetis, Inc",NASDAQ
AMWL,American Well Corporation,N
AMZE,"Amaze Holdings, Inc.",A
AMZN,"Amazon.com, Inc.",NASDAQ
AN,"AutoNation, Inc.",N
ANAB,"AnaptysBio, Inc.",NASDAQ
ANDE,"The Andersons, Inc.",NASDAQ
ANDG,Andersen Group Inc.,N
ANET,"Arista Networks, Inc.",N
ANF,Abercrombie & Fitch Company,N
ANGH,Anghami Inc.,NASDAQ
ANGHW,Anghami Inc.,NASDAQ
ANGI,Angi Inc.,NASDAQ
ANGO,"AngioDynamics, Inc.",NASDAQ
ANGX,"Angel Studios, Inc.",N
ANIK,Anika Therapeutics Inc.,NASDAQ
ANIP,"ANI Pharmaceuticals, Inc.",NASDAQ
ANIX,"Anixa Biosciences, Inc.",NASDAQ
ANL,Adlai Nortye Group Ltd.,NASDAQ
ANNA,"AleAnna, Inc.",NASDAQ
ANNX,"Annexon, Inc.",NASDAQ
ANPA,Rich Sparkle Holdings Limited,NASDAQ
ANRO,"Alto Neuroscience, Inc.",N
ANTA,Antalpha Platform Holding Company,NASDAQ
ANTX,"AN2 Therapeutics, Inc.",NASDAQ
ANVS,"Annovis Bio, Inc.",N
AOMR,"Angel Oak Mortgage REIT, Inc.",N
AON,Aon plc Class A Ordinary Shares (Ireland),N
AORT,"Artivion, Inc.",N
AOS,A.O. Smith Corporation,N
AOSL,Alpha and Omega Semiconductor Limited,NASDAQ
AOUT,"American Outdoor Brands, Inc.",NASDAQ
AP,Ampco-Pittsburgh Corporation,N
APA,APA Corporation,NASDAQ
APAC,StoneBridge Acquisition II Corporation,NASDAQ
APACR,StoneBridge Acquisition II Corporation,NASDAQ
APACU,StoneBridge Acquisition II Corporation,NASDAQ
APAM,Artisan Partners Asset Management Inc.,N
APC,ARKO Petroleum Corp.,NASDAQ
APD,"Air Products and Chemicals, Inc.",N
APEI,"American Public Education, Inc.",NASDAQ
APG,APi Group Corporation,N
APH,Amphenol Corporation,N
API,"Agora, Inc.",NASDAQ
APLD,Applied Digital Corporation,NASDAQ
APLE,"Apple Hospitality REIT, Inc.",N
APLM,Apollomics Inc.,NASDAQ
APMC,AmperCap Acquisition Company,NASDAQ
APMD,"Apnimed, Inc.",NASDAQ
APO,"Apollo Global Management, Inc. (New)",N
APOG,"Apogee Enterprises, Inc.",NASDAQ
APP,Applovin Corporation,NASDAQ
APPF,"AppFolio, Inc.",NASDAQ
APPN,Appian Corporation,NASDAQ
APPS,"Digital Turbine, Inc.",NASDAQ
APRE,"Aprea Therapeutics, Inc.",NASDAQ
APT,"Alpha Pro Tech, Ltd.",A
APTV,Aptiv PLC,N
APUR,Aperture AC,NASDAQ
APURR,Aperture AC,NASDAQ
APUS,"Apimeds Pharmaceuticals US, Inc.",A
APVO,Aptevo Therapeutics Inc.,NASDAQ
APWC,Asia Pacific Wire & Cable Corporation Limited,NASDAQ
APXT,Apex Treasury Corporation,NASDAQ
APXTU,Apex Treasury Corporation,NASDAQ
APXTW,Apex Treasury Corporation,NASDAQ
APYX,Apyx Medical Corporation,NASDAQ
AQB,"AquaBounty Technologies, Inc.",NASDAQ
AQMS,"Aqua Metals, Inc.",NASDAQ
AQN,Algonquin Power & Utilities Corp.,N
AQST,"Aquestive Therapeutics, Inc.",NASDAQ
AR,Antero Resources Corporation,N
ARAI,Arrive AI Inc.,NASDAQ
ARAY,Accuray Incorporated,NASDAQ
ARBB,ARB IOT Group Limited,NASDAQ
ARBE,Arbe Robotics Ltd.,NASDAQ
ARBK,Argo Blockchain plc,NASDAQ
ARCB,ArcBest Corporation,NASDAQ
ARCI,Archimedes Tech SPAC Partners III Co.,NASDAQ
ARCL,ARC Group Acquisition I Corp,NASDAQ
ARCLW,ARC Group Acquisition I Corp,NASDAQ
ARCO,Arcos Dorados Holdings Inc. Class A Shares,N
ARCT,Arcturus Therapeutics Holdings Inc.,NASDAQ
ARDT,"Ardent Health, Inc.",N
ARDX,"Ardelyx, Inc.",NASDAQ
ARE,"Alexandria Real Estate Equities, Inc.",N
AREC,American Resources Corporation,NASDAQ
ARES,Ares Management Corporation,N
ARGX,argenx SE,NASDAQ
ARHS,"Arhaus, Inc.",NASDAQ
ARI,"Apollo Commercial Real Estate Finance, Inc",N
ARIS,Aris Mining Corporation,N
ARKO,ARKO Corp.,NASDAQ
ARKR,Ark Restaurants Corp.,NASDAQ
ARL,"American Realty Investors, Inc.",N
ARLO,"Arlo Technologies, Inc.",N
ARLP,"Alliance Resource Partners, L.P.",NASDAQ
ARM,Arm Holdings plc,NASDAQ
ARMK,Aramark,N
ARMP,"Armata Pharmaceuticals, Inc.",A
AROC,"Archrock, Inc.",N
AROW,Arrow Financial Corporation,NASDAQ
ARQ,"Arq, Inc.",NASDAQ
ARQQ,Arqit Quantum Inc.,NASDAQ
ARQT,"Arcutis Biotherapeutics, Inc.",NASDAQ
ARR,"ARMOUR Residential REIT, Inc.",N
ARRY,"Array Technologies, Inc.",NASDAQ
ARTC,Art Technology Acquisition Corp.,NASDAQ
ARTCU,Art Technology Acquisition Corp.,NASDAQ
ARTCW,Art Technology Acquisition Corp.,NASDAQ
ARTL,"Artelo Biosciences, Inc.",NASDAQ
ARTNA,Artesian Resources Corporation,NASDAQ
ARTV,"Artiva Biotherapeutics, Inc.",NASDAQ
ARTW,"Art's-Way Manufacturing Co., Inc.",NASDAQ
ARVN,"Arvinas, Inc.",NASDAQ
ARW,"Arrow Electronics, Inc.",N
ARWR,"Arrowhead Pharmaceuticals, Inc.",NASDAQ
ARX,Accelerant Holdings,N
ARXS,"Arxis, Inc.",NASDAQ
AS,"Amer Sports, Inc.",N
ASA,ASA  Gold and Precious Metals Limited,N
ASAN,"Asana, Inc.",N
ASB,Associated Banc-Corp,N
ASBH,"American Savings Bank, N.A.",N
ASBP,"Aspire-Lakewood Holdings, Inc.",NASDAQ
ASC,Ardmore Shipping Corporation,N
ASH,Ashland Inc.,N
ASIC,Ategrity Specialty Insurance Company Holdings,N
ASIX,AdvanSix Inc.,N
ASLE,AerSale Corporation,NASDAQ
ASM,Avino Silver & Gold Mines Ltd. Common Shares (Canada),A
ASMB,"Assembly Biosciences, Inc.",NASDAQ
ASML,ASML Holding N.V.,NASDAQ
ASND,Ascendis Pharma A/S,NASDAQ
ASO,"Academy Sports and Outdoors, Inc.",NASDAQ
ASPC,A SPAC III Acquisition Corp.,NASDAQ
ASPI,ASP Isotopes Inc.,NASDAQ
ASPN,"Aspen Aerogels, Inc.",N
ASPS,Altisource Portfolio Solutions S.A.,NASDAQ
ASPSW,Altisource Portfolio Solutions S.A.,NASDAQ
ASPSZ,Altisource Portfolio Solutions S.A.,NASDAQ
ASR,"Grupo Aeroportuario del Sureste, S.A. de C.V.",N
ASRV,AmeriServ Financial Inc.,NASDAQ
ASST,"Strive, Inc.",NASDAQ
ASTC,Astrotech Corporation,NASDAQ
ASTE,"Astec Industries, Inc.",NASDAQ
ASTH,Astrana Health Inc.,NASDAQ
ASTI,"Ascent Solar Technologies, Inc",NASDAQ
ASTL,Algoma Steel Group Inc.,NASDAQ
ASTS,"AST SpaceMobile, Inc.",NASDAQ
ASUR,Asure Software Inc,NASDAQ
ASX,"ASE Technology Holding Co., Ltd. American Depositary Shares (each representing Two Common Shares)",N
ASYS,"Amtech Systems, Inc.",NASDAQ
ATAT,Atour Lifestyle Holdings Limited,NASDAQ
ATCH,"AtlasClear Holdings, Inc.",A
ATCX,Atlas Critical Minerals Corporation,NASDAQ
ATEC,"Alphatec Holdings, Inc.",NASDAQ
ATEN,"A10 Networks, Inc.",N
ATER,"Aterian, Inc.",NASDAQ
ATEX,Anterix Inc.,NASDAQ
ATGL,Alpha Technology Group Limited,NASDAQ
ATHE,Alterity Therapeutics Limited,NASDAQ
ATHM,"Autohome Inc. American Depositary Shares, each representing four class A ordinary shares.",N
ATHR,"Aether Holdings, Inc.",NASDAQ
ATI,ATI Inc.,N
ATII,Archimedes Tech SPAC Partners II Co.,NASDAQ
ATKR,Atkore Inc.,N
ATLC,Atlanticus Holdings Corporation,NASDAQ
ATLO,Ames National Corporation,NASDAQ
ATLQ,JAB Acquisition Corp I,NASDAQ
ATLQR,JAB Acquisition Corp I,NASDAQ
ATLQU,JAB Acquisition Corp I,NASDAQ
ATLQW,JAB Acquisition Corp I,NASDAQ
ATLX,Atlas Lithium Corporation,NASDAQ
ATMU,Atmus Filtration Technologies Inc.,N
ATNI,"ATN International, Inc.",NASDAQ
ATNM,"Actinium Pharmaceuticals, Inc. (Delaware)",A
ATO,Atmos Energy Corporation,N
ATOM,Atomera Incorporated,NASDAQ
ATOS,"Atossa Therapeutics, Inc.",NASDAQ
ATPC,Agape ATP Corporation,NASDAQ
ATR,"AptarGroup, Inc.",N
ATRA,"Atara Biotherapeutics, Inc.",NASDAQ
ATRC,"AtriCure, Inc.",NASDAQ
ATRO,Astronics Corporation,NASDAQ
ATS,ATS Corporation,N
ATTO,"Attovia Therapeutics, Inc.",NASDAQ
ATTT,Atlas Trinity Tech Limited,NASDAQ
ATXG,Addentax Group Corp.,NASDAQ
ATYR,"aTyr Pharma, Inc.",NASDAQ
AU,AngloGold Ashanti PLC,N
AUB,Atlantic Union Bankshares Corporation,N
AUBN,"Auburn National Bancorporation, Inc.",NASDAQ
AUC,ATIF Holdings Limited,NASDAQ
AUDC,AudioCodes Ltd.,NASDAQ
AUGO,Aura Minerals Inc.,NASDAQ
AUID,authID Inc.,NASDAQ
AUNA,Auna SA,N
AUPH,Aurinia Pharmaceuticals Inc,NASDAQ
AUR,"Aurora Innovation, Inc.",NASDAQ
AURA,"Aura Biosciences, Inc.",NASDAQ
AURE,Aurelion Inc.,NASDAQ
AUST,Austin Gold Corp.,A
AUTL,Autolus Therapeutics plc,NASDAQ
AUUD,Auddia Inc.,NASDAQ
AUXX,Gold X2 Mining Inc.,A
AVA,Avista Corporation,N
AVAH,Aveanna Healthcare Holdings Inc.,NASDAQ
AVAT,Avalanche Treasury Corporation,NASDAQ
AVAV,"AeroVironment, Inc.",NASDAQ
AVBC,"Avidia Bancorp, Inc.",N
AVBH,"Avidbank Holdings, Inc.",NASDAQ
AVBP,"ArriVent BioPharma, Inc.",NASDAQ
AVD,American Vanguard Corporation Common Stock ($0.10 Par Value),N
AVEX,AEVEX Corp.,N
AVGO,Broadcom Inc.,NASDAQ
AVIR,"Atea Pharmaceuticals, Inc.",NASDAQ
AVLN,Avalyn Pharma Inc.,NASDAQ
AVNT,Avient Corporation,N
AVNW,"Aviat Networks, Inc.",NASDAQ
AVO,"Mission Produce, Inc.",NASDAQ
AVPT,"AvePoint, Inc.",NASDAQ
AVR,Anteris Technologies Global Corp.,NASDAQ
AVT,"Avnet, Inc.",NASDAQ
AVTR,"Avantor, Inc.",N
AVTX,"Avalo Therapeutics, Inc.",NASDAQ
AVX,Avax One Technology Ltd.,NASDAQ
AVXL,Anavex Life Sciences Corp.,NASDAQ
AVY,Avery Dennison Corporation,N
AWI,Armstrong World Industries Inc,N
AWK,"American Water Works Company, Inc.",N
AWR,American States Water Company,N
AWRE,"Aware, Inc.",NASDAQ
AWX,Avalon Holdings Corporation,A
AX,"Axos Financial, Inc.",N
AXG,Solowin Holdings,NASDAQ
AXGN,"Axogen, Inc.",NASDAQ
AXIL,"AXIL Brands, Inc.",A
AXIN,Axiom Intelligence Acquisition Corp 1,NASDAQ
AXINU,Axiom Intelligence Acquisition Corp 1,NASDAQ
AXON,"Axon Enterprise, Inc.",NASDAQ
AXP,American Express Company,N
AXR,AMREP Corporation,N
AXS,Axis Capital Holdings Limited,N
AXSM,"Axsome Therapeutics, Inc.",NASDAQ
AXTA,Axalta Coating Systems Ltd.,N
AXTI,AXT Inc,NASDAQ
AYA,Aya Gold & Silver Inc.,NASDAQ
AYI,Acuity Inc.,N
AYTU,"Aytu BioPharma, Inc.",NASDAQ
AZ,A2Z Cust2Mate Solutions Corp.,NASDAQ
AZI,Autozi Internet Technology (Global) Ltd.,NASDAQ
AZIO,"Azio AI Holdings, Inc.",NASDAQ
AZN,AstraZeneca PLC,N
AZO,"AutoZone, Inc.",N
AZTA,"Azenta, Inc.",NASDAQ
AZTR,Azitra Inc,A
AZUL,"Azul S.A. American Depositary Shares, each representing two (2)",N
AZZ,AZZ Inc.,N
B,Barrick Mining Corporation,N
BA,Boeing Company (The),N
BABA,Alibaba Group Holding Limited American Depositary Shares each representing eight Ordinary share,N
BAC,Bank of America Corporation,N
BACC,Blue Acquisition Corp.,NASDAQ
BAER,"Bridger Aerospace Group Holdings, Inc.",NASDAQ
BAFN,BayFirst Financial Corp.,NASDAQ
BAH,Booz Allen Hamilton Holding Corporation,N
BAK,Braskem SA ADR,N
BALL,Ball Corporation,N
BALY,Bally's Corporation,N
BAM,Brookfield Asset Management Inc Class A Limited Voting Shares,N
BANC,"Banc of California, Inc.",N
BAND,Bandwidth Inc.,NASDAQ
BANF,BancFirst Corporation,NASDAQ
BANL,CBL International Limited,NASDAQ
BANR,Banner Corporation,NASDAQ
BAOS,Baosheng Media Group Holdings Limited,NASDAQ
BAP,Credicorp Ltd.,N
BAR,GraniteShares Gold Trust Shares of Beneficial Interest,P
BARK,"BARK, Inc.",N
BATL,Battalion Oil Corporation,A
BATRA,"Atlanta Braves Holdings, Inc.",NASDAQ
BATRK,"Atlanta Braves Holdings, Inc.",NASDAQ
BAX,Baxter International Inc.,N
BB,BlackBerry Limited,N
BBAI,"BigBear.ai, Inc.",N
BBAI-W,"BigBear.ai, Inc. Redeemable Warrants, each exercisable for one share of Common Stock at an exercise price of $11.50 per share",N
BBAR,Banco BBVA Argentina S.A. ADS,N
BBCP,"Concrete Pumping Holdings, Inc.",NASDAQ
BBD,Banco Bradesco Sa,N
BBDC,"Barings BDC, Inc.",N
BBDO,Banco Bradesco Sa American Depositary Shares (each representing one Common Share),N
BBGI,"Beasley Broadcast Group, Inc.",NASDAQ
BBIO,"BridgeBio Pharma, Inc.",NASDAQ
BBLG,Bone Biologics Corp,NASDAQ
BBLGW,Bone Biologics Corp,NASDAQ
BBNX,"Beta Bionics, Inc.",NASDAQ
BBOT,"BridgeBio Oncology Therapeutics, Inc.",NASDAQ
BBSI,"Barrett Business Services, Inc.",NASDAQ
BBT,Beacon Financial Corporation Common stock,N
BBUC,Brookfield Business Corporation Class A Subordinate Voting Shares,N
BBVA,Banco Bilbao Vizcaya Argentaria S.A.,N
BBW,"Build-A-Bear Workshop, Inc.",N
BBWI,"Bath & Body Works, Inc.",N
BBY,"Best Buy Co., Inc.",N
BC,Brunswick Corporation,N
BCAL,California BanCorp,NASDAQ
BCAT,BlackRock Capital Allocation Term Trust Common Shares of Beneficial Interest,N
BCAX,Bicara Therapeutics Inc.,NASDAQ
BCBP,"BCB Bancorp, Inc. (NJ)",NASDAQ
BCC,"Boise Cascade, L.L.C.",N
BCCQ,Bleichroeder Acquisition Corp. III,NASDAQ
BCCQU,Bleichroeder Acquisition Corp. III,NASDAQ
BCDA,"BioCardia, Inc.",NASDAQ
BCE,"BCE, Inc.",N
BCG,"Binah Capital Group, Inc.",NASDAQ
BCGWW,"Binah Capital Group, Inc.",NASDAQ
BCH,Banco De Chile ADS,N
BCHT,Birchtech Corp.,A
BCML,BayCom Corp,NASDAQ
BCO,Brinks Company (The),N
BCPC,Balchem Corporation,NASDAQ
BCRX,"BioCryst Pharmaceuticals, Inc.",NASDAQ
BCS,Barclays PLC,N
BCSF,"Bain Capital Specialty Finance, Inc.",N
BCSS,Bain Capital GSS Investment Corp.,N
BCTX,BriaCell Therapeutics Corp.,NASDAQ
BCTXL,BriaCell Therapeutics Corp.,NASDAQ
BCX,BlackRock Resources Common Shares of Beneficial Interest,N
BCYC,Bicycle Therapeutics plc,NASDAQ
BDC,Belden Inc,N
BDCI,BTC Development Corp.,NASDAQ
BDJ,Blackrock Enhanced Equity Dividend Trust,N
BDL,"Flanigan's Enterprises, Inc.",A
BDMD,Baird Medical Investment Holdings Ltd,NASDAQ
BDN,Brandywine Realty Trust,N
BDRX,Biodexa Pharmaceuticals plc,NASDAQ
BDSX,"Biodesix, Inc.",NASDAQ
BDTX,"Black Diamond Therapeutics, Inc.",NASDAQ
BDX,"Becton, Dickinson and Company",N
BE,Bloom Energy Corporation,N
BEAG,Bold Eagle Acquisition Corp.,NASDAQ
BEAGU,Bold Eagle Acquisition Corp.,NASDAQ
BEAM,Beam Therapeutics Inc.,NASDAQ
BEAT,"Heartbeam, Inc.",NASDAQ
BEBE,TGE Value Creative Solutions Corp,N
BEEM,Beam Global,NASDAQ
BEEP,Mobile Infrastructure Corporation,NASDAQ
BEKE,KE Holdings Inc American Depositary Shares (each representing three Class A Ordinary Shares),N
BELFA,Bel Fuse Inc.,NASDAQ
BELFB,Bel Fuse Inc.,NASDAQ
BEN,"Franklin Templeton, Inc.",N
BENF,Beneficient,NASDAQ
BEP,Brookfield Renewable Partners L.P. Limited Partnership Units,N
BEPC,Brookfield Renewable Corporation Brookfield Renewable Corporation Class A Subordinate Voting Shares,N
BESS,Bimergen Energy Corporation,A
BESS-W,"Bimergen Energy Corporation Warrants, each share exercisable to purchase one share of",A
BETA,"Beta Technologies, Inc.",N
BETR,Better Home & Finance Holding Company,NASDAQ
BF-A,Brown Forman Inc,N
BF-B,Brown Forman Inc,N
BFAM,Bright Horizons Family Solutions Inc.,N
BFC,Bank First Corporation,NASDAQ
BFH,"Bread Financial Holdings, Inc.",N
BFLY,"Butterfly Network, Inc.",N
BFRG,"Bullfrog AI Holdings, Inc.",NASDAQ
BFRGW,"Bullfrog AI Holdings, Inc.",NASDAQ
BFRI,Biofrontera Inc.,NASDAQ
BFRIW,Biofrontera Inc.,NASDAQ
BFS,"Saul Centers, Inc.",N
BFST,"Business First Bancshares, Inc.",NASDAQ
BG,Bunge Limited,N
BGC,"BGC Group, Inc.",NASDAQ
BGDE,"Big Digital Energy, Inc.",NASDAQ
BGIN,Bgin Blockchain Limited,NASDAQ
BGL,Blue Gold Limited,NASDAQ
BGLC,BioNexus Gene Lab Corp,NASDAQ
BGM,BGM Group Ltd.,NASDAQ
BGMS,"Bio Green Med Solution, Inc.",NASDAQ
BGR,BlackRock Energy and Resources Trust,N
BGS,"B&G Foods, Inc.",N
BGSF,"BGSF, Inc.",N
BGSI,Boyd Group Services Inc.,N
BGT,BlackRock Floating Rate Income Trust,N
BGY,Blackrock Enhanced International Dividend Trust,N
BH,Biglari Holdings Inc.,N
BH-A,Biglari Holdings Inc.,N
BHAV,BHAV Acquisition Corp,NASDAQ
BHAVR,BHAV Acquisition Corp,NASDAQ
BHAVU,BHAV Acquisition Corp,NASDAQ
BHB,"Bar Harbor Bankshares, Inc.",A
BHC,Bausch Health Companies Inc.,N
BHE,"Benchmark Electronics, Inc.",N
BHF,"Brighthouse Financial, Inc.",NASDAQ
BHM,"Bluerock Homes Trust, Inc.",A
BHP,BHP Group Limited American Depositary Shares (Each representing two Ordinary Shares),N
BHR,Braemar Hotels & Resorts Inc.,N
BHRB,Burke & Herbert Financial Services Corp.,NASDAQ
BHST,BioHarvest Sciences Inc.,NASDAQ
BHVN,Biohaven Ltd.,N
BIAF,"bioAffinity Technologies, Inc.",NASDAQ
BID,Tribeca Strategic Acquisition Corp.,NASDAQ
BIDU,"Baidu, Inc.",NASDAQ
BIDWR,Tribeca Strategic Acquisition Corp.,NASDAQ
BIIB,Biogen Inc.,NASDAQ
BIII,Black Spade Acquisition III Co,N
BILI,Bilibili Inc.,NASDAQ
BILL,"BILL Holdings, Inc.",N
BIO,"Bio-Rad Laboratories, Inc.",N
BIO-B,"Bio-Rad Laboratories, Inc.",N
BIOA,"BioAge Labs, Inc.",NASDAQ
BIOT,Instinct Bio Technical Company Holdings Inc.,NASDAQ
BIOTW,Instinct Bio Technical Company Holdings Inc.,NASDAQ
BIOX,Bioceres Crop Solutions Corp.,NASDAQ
BIP,Brookfield Infrastructure Partners LP Limited Partnership Units,N
BIPC,Brookfield Infrastructure Corporation Brookfield Infrastructure Corporation,N
BIRD,"Smartbird, Inc.",NASDAQ
BIRK,Birkenstock Holding plc,N
BIT,BlackRock Multi-Sector Income Trust Common Shares of Beneficial Interest,N
BIVI,BioVie Inc.,NASDAQ
BIXI,Bitcoin Infrastructure Acquisition Corp Ltd.,NASDAQ
BIXIU,Bitcoin Infrastructure Acquisition Corp Ltd.,NASDAQ
BIXIW,Bitcoin Infrastructure Acquisition Corp Ltd.,NASDAQ
BIYA,Baiya International Group Inc.,NASDAQ
BJ,"BJ's Wholesale Club Holdings, Inc.",N
BJDX,"Bluejay Diagnostics, Inc.",NASDAQ
BJRI,"BJ's Restaurants, Inc.",NASDAQ
BKD,Brookdale Senior Living Inc.,N
BKE,"Buckle, Inc. (The)",N
BKH,Black Hills Corporation,N
BKHA,Black Hawk Acquisition Corporation,NASDAQ
BKHAR,Black Hawk Acquisition Corporation,NASDAQ
BKHAU,Black Hawk Acquisition Corporation,NASDAQ
BKKT,"Bakkt, Inc.",N
BKNG,Booking Holdings Inc.,NASDAQ
BKR,Baker Hughes Company,NASDAQ
BKSY,BlackSky Technology Inc.,N
BKT,BlackRock Income Trust Inc. (The),N
BKTI,BK Technologies Corporation,A
BKU,"BankUnited, Inc.",N
BKV,BKV Corporation,N
BKYI,"BIO-key International, Inc.",NASDAQ
BL,"BlackLine, Inc.",NASDAQ
BLBD,Blue Bird Corporation,NASDAQ
BLCO,Bausch + Lomb Corporation,N
BLDP,"Ballard Power Systems, Inc.",NASDAQ
BLDR,"Builders FirstSource, Inc.",N
BLFS,"BioLife Solutions, Inc.",NASDAQ
BLIN,"Bridgeline Digital, Inc.",NASDAQ
BLIV,BeLive Holdings,NASDAQ
BLK,"BlackRock, Inc.",N
BLKB,"Blackbaud, Inc.",NASDAQ
BLLN,"BillionToOne, Inc.",NASDAQ
BLMN,"Bloomin' Brands, Inc.",NASDAQ
BLND,"Blend Labs, Inc.",N
BLNE,"Beeline Holdings, Inc.",NASDAQ
BLNK,Blink Charging Co.,NASDAQ
BLRK,Bluerock Acquisition Corp.,NASDAQ
BLRKU,Bluerock Acquisition Corp.,NASDAQ
BLRKW,Bluerock Acquisition Corp.,NASDAQ
BLRX,BioLineRx Ltd.,NASDAQ
BLSH,Bullish,N
BLSM,"BlossomHill Therapeutics, Inc.",NASDAQ
BLTE,"Belite Bio, Inc",NASDAQ
BLUW,Blue Water Acquisition Corp. III,NASDAQ
BLW,Blackrock Limited Duration Income Trust,N
BLX,"Bladex, Inc. Class E",N
BLZE,"Backblaze, Inc.",NASDAQ
BLZR,Trailblazer Acquisition Corp.,NASDAQ
BMA,Banco Macro S.A.  ADR (representing Ten Class B Common Shares),N
BMBL,Bumble Inc.,NASDAQ
BME,Blackrock Health Sciences Trust,N
BMEA,"Biomea Fusion, Inc.",NASDAQ
BMEZ,BlackRock Health Sciences Term Trust Common Shares of Beneficial Interest,N
BMGL,Basel Medical Group Ltd,NASDAQ
BMHL,Bluemount Holdings Limited,NASDAQ
BMI,"Badger Meter, Inc.",N
BMM,Blue Moon Metals Inc.,NASDAQ
BMN,BlackRock 2037 Municipal Target Term Trust Common Shares of Beneficial Interest,N
BMNR,"BitMine Immersion Technologies, Inc.",N
BMO,Bank Of Montreal,N
BMR,Beamr Imaging Ltd.,NASDAQ
BMRA,"Biomerica, Inc.",NASDAQ
BMRC,Bank of Marin Bancorp,NASDAQ
BMRN,BioMarin Pharmaceutical Inc.,NASDAQ
BMY,Bristol-Myers Squibb Company,N
BN,Brookfield Corporation Class A Limited Voting Shares,N
BNAI,Brand Engagement Network Inc.,NASDAQ
BNC,CEA Industries Inc.,NASDAQ
BNCWZ,CEA Industries Inc.,NASDAQ
BNED,"Barnes & Noble Education, Inc",N
BNGO,"Bionano Genomics, Inc.",NASDAQ
BNKK,"Bonk, Inc.",NASDAQ
BNL,"Broadstone Net Lease, Inc.",N
BNR,Burning Rock Biotech Limited,NASDAQ
BNS,Bank Nova Scotia Halifax Pfd 3,N
BNT,Brookfield Wealth Solutions Ltd. Class A Exchangeable Limited Voting Shares,N
BNTC,Benitec Biopharma Inc.,NASDAQ
BNTX,BioNTech SE,NASDAQ
BNY,The Bank of New York Mellon Corporation,N
BOBS,"Bob's Discount Furniture, Inc.",N
BOC,Boston Omaha Corporation,N
BODI,"The Beachbody Company, Inc.",NASDAQ
BOE,Blackrock Enhanced Global Dividend Trust Common Shares of Beneficial Interest,N
BOF,BranchOut Food Inc.,NASDAQ
BOH,Bank of Hawaii Corporation,N
BOKF,BOK Financial Corporation,NASDAQ
BOLD,"Boundless Bio, Inc.",NASDAQ
BOLT,"Bolt Biotherapeutics, Inc.",NASDAQ
BON,Bon Natural Life Limited,NASDAQ
BOOM,DMC Global Inc.,NASDAQ
BOOT,"Boot Barn Holdings, Inc.",N
BORR,Borr Drilling Limited,N
BOSC,B.O.S. Better Online Solutions,NASDAQ
BOT,"RoboStrategy, Inc.",NASDAQ
BOTJ,"Bank of the James Financial Group, Inc.",NASDAQ
BOW,Bowhead Specialty Holdings Inc.,N
BOX,"Box, Inc.",N
BOXL,Boxlight Corporation,NASDAQ
BP,BP p.l.c.,N
BPAC,Blueport Acquisition Ltd,NASDAQ
BPACR,Blueport Acquisition Ltd,NASDAQ
BPACU,Blueport Acquisition Ltd,NASDAQ
BPOP,"Popular, Inc.",NASDAQ
BPRN,"Princeton Bancorp, Inc.",NASDAQ
BQ,Boqii Holding Limited,A
BR,"Broadridge Financial Solutions, Inc.",N
BRAG,Bragg Gaming Group Inc.,NASDAQ
BRAI,Braiin Limited,NASDAQ
BRBI,BRBI BR Partners S.A.,NASDAQ
BRBR,"BellRing Brands, Inc.",N
BRBS,"Blue Ridge Bankshares, Inc.",A
BRC,Brady Corporation,N
BRCB,"Black Rock Coffee Bar, Inc.",NASDAQ
BRCC,BRC Inc.,N
BREZ,Breeze Acquisition Corp. II,NASDAQ
BREZR,Breeze Acquisition Corp. II,NASDAQ
BRFH,Barfresh Food Group Inc.,NASDAQ
BRIA,BrilliA Inc,A
BRID,Bridgford Foods Corporation,NASDAQ
BRK-A,Berkshire Hathaway Inc.,N
BRK-B,Berkshire Hathaway Inc. New,N
BRKH,Burtech Acquisition Corp II,NASDAQ
BRKHU,Burtech Acquisition Corp II,NASDAQ
BRKHW,Burtech Acquisition Corp II,NASDAQ
BRKR,Bruker Corporation,NASDAQ
BRLS,Borealis Foods Inc.,NASDAQ
BRLT,"Brilliant Earth Group, Inc.",NASDAQ
BRN,"Barnwell Industries, Inc.",A
BRNX,BrenX Ltd.,NASDAQ
BRO,"Brown & Brown, Inc.",N
BROS,Dutch Bros Inc.,N
BRSL,"Brightstar Lottery PLC Trading under the Legal Name to begin at the market open on July 21, 2025.",N
BRSP,"BrightSpire Capital, Inc.",N
BRT,BRT Apartments Corp. (MD),N
BRTM,B&R Technology Merger Corp.,NASDAQ
BRTMU,B&R Technology Merger Corp.,NASDAQ
BRTMW,B&R Technology Merger Corp.,NASDAQ
BRTX,"BioRestorative Therapies, Inc.",NASDAQ
BRUN,Boost Run Inc.,NASDAQ
BRVE,"Braveheart Bio, Inc.",NASDAQ
BRX,Brixmor Property Group Inc.,N
BRZE,"Braze, Inc.",NASDAQ
BSAA,BEST SPAC I Acquisition Corp.,NASDAQ
BSAAR,BEST SPAC I Acquisition Corp.,NASDAQ
BSAC,Banco Santander,N
BSBK,Bogota Financial Corp.,NASDAQ
BSEM,"BioStem Technologies, Inc.",NASDAQ
BSET,"Bassett Furniture Industries, Incorporated",NASDAQ
BSIN,Big Sky Industrial Inc.,NASDAQ
BSM,"Black Stone Minerals, L.P. Common units representing limited partner interests",N
BSP,Bending Spoons S.p.A.,NASDAQ
BSRR,Sierra Bancorp,NASDAQ
BST,BlackRock Science and Technology Trust Common Shares of Beneficial Interest,N
BSTZ,BlackRock Science and Technology Term Trust Common Shares of Beneficial Interest,N
BSVN,Bank7 Corp.,NASDAQ
BSX,Boston Scientific Corporation,N
BSY,"Bentley Systems, Incorporated",NASDAQ
BTBD,"BT Brands, Inc.",NASDAQ
BTBT,"Bit Digital, Inc.",NASDAQ
BTCS,BTCS Inc.,NASDAQ
BTCT,BTC Digital Ltd.,NASDAQ
BTDR,Bitdeer Technologies Group,NASDAQ
BTE,Baytex Energy Corp,N
BTG,B2Gold Corp Common shares (Canada),A
BTGO,"BitGo Holdings, Inc.",N
BTI,"British American Tobacco  Industries, p.l.c. Common Stock ADR",N
BTLN,"Brightline Interactive, Inc.",NASDAQ
BTMD,Biote Corp.,NASDAQ
BTOC,Armlogi Holding Corp.,NASDAQ
BTQ,BTQ Technologies Corp.,NASDAQ
BTSG,"BrightSpring Health Services, Inc.",NASDAQ
BTT,BlackRock Municipal 2030 Target Term Trust,N
BTTC,Black Titan Corp,NASDAQ
BTU,Peabody Energy Corporation,N
BTX,BlackRock Technology and Private Equity Term Trust Common Shares of Beneficial Interest,N
BTZ,BlackRock Credit Allocation Income Trust,N
BUD,Anheuser-Busch Inbev SA Sponsored ADR (Belgium),N
BUDA,"Buda Juice, Inc.",A
BUI,"BlackRock Utility, Infrastructure & Power Opportunities Trust",N
BULL,Webull Corporation,NASDAQ
BULLW,Webull Corporation,NASDAQ
BUR,Burford Capital Limited,N
BURL,"Burlington Stores, Inc.",N
BURU,"Nuburu, Inc.",A
BUSE,First Busey Corporation,NASDAQ
BUUU,BUUU Group Limited,NASDAQ
BV,"BrightView Holdings, Inc.",N
BVC,BitVentures Limited,NASDAQ
BVFL,"BV Financial, Inc.",NASDAQ
BVN,Buenaventura Mining Company Inc.,N
BVS,Bioventus Inc.,NASDAQ
BW,"Babcock & Wilcox Enterprises, Inc.",N
BWA,BorgWarner Inc.,N
BWAY,BrainsWay Ltd.,NASDAQ
BWB,"Bridgewater Bancshares, Inc.",NASDAQ
BWEN,"Broadwind, Inc.",NASDAQ
BWFG,"Bankwell Financial Group, Inc.",NASDAQ
BWIN,"The Baldwin Insurance Group, Inc.",NASDAQ
BWIV,Blue Water Acquisition Corp. IV,N
BWIV-W,Blue Water Acquisition Corp. IV Warrants entitling the holder to purchase one Class A ordinary share at a price of $11.50 per share,N
BWLP,BW LPG Limited,N
BWMN,Bowman Consulting Group Ltd.,NASDAQ
BWMX,"Betterware de Mexico, S.A.P.I. de C.V.",N
BWXT,"BWX Technologies, Inc.",N
BX,Blackstone Inc.,N
BXBL,"BOXABL, Inc.",NASDAQ
BXC,Bluelinx Holdings Inc.,N
BXDC,Blackstone Digital Infrastructure Trust Inc.,N
BXMT,"Blackstone Mortgage Trust, Inc.",N
BXP,"BXP, Inc.",N
BY,"Byline Bancorp, Inc.",N
BYAH,"Park Ha Biological Technology Co., Ltd.",NASDAQ
BYD,Boyd Gaming Corporation,N
BYFC,Broadway Financial Corporation,NASDAQ
BYND,"Beyond Meat, Inc.",NASDAQ
BYRN,"Byrna Technologies, Inc.",NASDAQ
BYSI,"BeyondSpring, Inc.",NASDAQ
BZ,KANZHUN LIMITED,NASDAQ
BZAI,"Blaize Holdings, Inc.",NASDAQ
BZFD,"BuzzFeed, Inc.",NASDAQ
BZH,"Beazer Homes USA, Inc.",N
BZUN,Baozun Inc.,NASDAQ
C,"Citigroup, Inc.",N
CAAP,Corporacion America Airports SA,N
CAAS,"China Automotive Systems, Inc.",NASDAQ
CABA,"Cabaletta Bio, Inc.",NASDAQ
CABO,"Cable One, Inc.",N
CABR,"Caring Brands, Inc.",NASDAQ
CAC,Camden National Corporation,NASDAQ
CACC,Credit Acceptance Corporation,NASDAQ
CACI,"CACI International, Inc.",N
CADL,"Candel Therapeutics, Inc.",NASDAQ
CAE,CAE Inc,NASDAQ
CAES,"Cantor Equity Partners VII, Inc.",NASDAQ
CAG,"ConAgra Brands, Inc.",N
CAH,"Cardinal Health, Inc.",N
CAI,"Caris Life Sciences, Inc.",NASDAQ
CAII,Collective Acquisition Corp. II,NASDAQ
CAIIU,Collective Acquisition Corp. II,NASDAQ
CAIIW,Collective Acquisition Corp. II,NASDAQ
CAKE,The Cheesecake Factory Incorporated,NASDAQ
CAL,"Caleres, Inc.",N
CALC,"CalciMedica, Inc.",NASDAQ
CALM,"Cal-Maine Foods, Inc.",NASDAQ
CALX,"Calix, Inc",N
CALY,Callaway Golf Company,N
CAMP,CAMP4 Therapeutics Corporation,NASDAQ
CAMT,Camtek Ltd.,NASDAQ
CAN,Canaan Inc.,NASDAQ
CANF,"Can-Fite Biopharma Ltd American Depositary Shares, each representing two (2)",A
CANG,Cango Inc.,N
CAPL,CrossAmerica Partners LP Common Units representing limited partner interests,N
CAPN,Cayson Acquisition Corp,NASDAQ
CAPNU,Cayson Acquisition Corp,NASDAQ
CAPR,"Capricor Therapeutics, Inc.",NASDAQ
CAPS,Capstone Holding Corp.,NASDAQ
CAQ,Cambridge Acquisition Corp.,NASDAQ
CAQUW,Cambridge Acquisition Corp.,NASDAQ
CAR,"Avis Budget Group, Inc.",NASDAQ
CARE,"Carter Bankshares, Inc.",NASDAQ
CARG,"CarGurus, Inc.",NASDAQ
CARL,"Carlsmed, Inc.",NASDAQ
CARR,Carrier Global Corporation,N
CARS,Cars.com Inc.,N
CART,Maplebear Inc.,NASDAQ
CASH,"Pathward Financial, Inc.",NASDAQ
CASS,"Cass Information Systems, Inc",NASDAQ
CAST,"FreeCast, Inc.",NASDAQ
CASY,"Caseys General Stores, Inc.",NASDAQ
CAT,"Caterpillar, Inc.",N
CATL,Catalyst Acquisition Corp.,NASDAQ
CATLR,Catalyst Acquisition Corp.,NASDAQ
CATLU,Catalyst Acquisition Corp.,NASDAQ
CATO,Cato Corporation (The),N
CATX,"Perspective Therapeutics, Inc.",A
CATY,Cathay General Bancorp,NASDAQ
CAVA,"CAVA Group, Inc.",N
CB,Chubb Limited,N
CBAN,"Colony Bankcorp, Inc.",N
CBAT,CBAK Energy Technology Limited,NASDAQ
CBC,"Central Bancompany, Inc.",NASDAQ
CBFV,"CB Financial Services, Inc.",NASDAQ
CBIO,"Crescent Biopharma, Inc.",NASDAQ
CBK,"Commercial Bancgroup, Inc.",NASDAQ
CBL,"CBL & Associates Properties, Inc.",N
CBLL,"CeriBell, Inc.",NASDAQ
CBNA,"Chain Bridge Bancorp, Inc.",N
CBNK,"Capital Bancorp, Inc.",NASDAQ
CBOE,"Cboe Global Markets, Inc.",Z
CBRE,CBRE Group Inc Common Stock,N
CBRL,"Cracker Barrel Old Country Store, Inc.",NASDAQ
CBRS,Cerebras Systems Inc.,NASDAQ
CBSH,"Commerce Bancshares, Inc.",NASDAQ
CBT,Cabot Corporation,N
CBU,"Community Financial System, Inc.",N
CBUS,"Cibus, Inc.",NASDAQ
CBZ,"CBIZ, Inc.",N
CC,Chemours Company (The),N
CCAP,"Crescent Capital BDC, Inc.",NASDAQ
CCAQ,Collective Acquisition Corp.,NASDAQ
CCAQU,Collective Acquisition Corp.,NASDAQ
CCAQW,Collective Acquisition Corp.,NASDAQ
CCB,Coastal Financial Corporation,NASDAQ
CCBG,Capital City Bank Group,NASDAQ
CCC,CCC Intelligent Solutions Holdings Inc.,NASDAQ
CCCC,"C4 Therapeutics, Inc.",NASDAQ
CCCT,Columbus Circle Capital Corp III,NASDAQ
CCCTU,Columbus Circle Capital Corp III,NASDAQ
CCCTW,Columbus Circle Capital Corp III,NASDAQ
CCEC,Capital Clean Energy Carriers Corp.,NASDAQ
CCEL,"Cryo-Cell International, Inc.",A
CCEP,Coca-Cola Europacific Partners plc,NASDAQ
CCG,Cheche Group Inc.,NASDAQ
CCHH,CCH Holdings Ltd,NASDAQ
CCI,Crown Castle Inc.,N
CCII,Cohen Circle Acquisition Corp. II,NASDAQ
CCJ,Cameco Corporation,N
CCK,"Crown Holdings, Inc.",N
CCL,Carnival Corporation Ltd.,N
CCLD,"CareCloud, Inc.",NASDAQ
CCM,Concord Medical Services Holdings Limited American Depositary Shares (Each represents thirty (30) Class A ordinary shares),N
CCNE,CNB Financial Corporation,NASDAQ
CCO,"Clear Channel Outdoor Holdings, Inc.",N
CCOI,"Cogent Communications Holdings, Inc.",NASDAQ
CCS,"Century Communities, Inc.",N
CCSI,"Consensus Cloud Solutions, Inc.",NASDAQ
CCTG,CCSC Technology International Holdings Limited,NASDAQ
CCU,"Compania Cervecerias Unidas, S.A.",N
CCXI,Churchill Capital Corp XI,NASDAQ
CCXIU,Churchill Capital Corp XI,NASDAQ
CCXIW,Churchill Capital Corp XI,NASDAQ
CCZ,Comcast Holdings ZONES,N
CD,Chaince Digital Holdings Inc.,NASDAQ
CDE,"Coeur Mining, Inc.",N
CDIO,Cardio Diagnostics Holdings Inc.,NASDAQ
CDLR,Cadeler A/S American Depositary Share (each representing four (4) Ordinary Shares),N
CDLX,"Cardlytics, Inc.",NASDAQ
CDNA,"CareDx, Inc.",NASDAQ
CDNL,Cardinal Infrastructure Group Inc.,NASDAQ
CDNS,"Cadence Design Systems, Inc.",NASDAQ
CDP,COPT Defense Properties Common Shares of Beneficial Interest,N
CDRE,"Cadre Holdings, Inc.",N
CDRO,"Codere Online Luxembourg, S.A.",NASDAQ
CDROW,"Codere Online Luxembourg, S.A.",NASDAQ
CDT,CDT Equity Inc.,NASDAQ
CDTG,CDT Environmental Technology Investment Holdings Limited,NASDAQ
CDW,CDW Corporation,NASDAQ
CDXS,"Codexis, Inc.",NASDAQ
CDZI,"Cadiz, Inc.",NASDAQ
CDZIP,"Cadiz, Inc.",NASDAQ
CE,Celanese Corporation,N
CECO,CECO Environmental Corp.,NASDAQ
CEG,Constellation Energy Corporation,NASDAQ
CELC,Celcuity Inc.,NASDAQ
CELG-R,Bristol-Myers Squibb Company Celegne Contingent Value Rights,N
CELH,"Celsius Holdings, Inc.",NASDAQ
CELU,Celularity Inc.,NASDAQ
CELZ,"Creative Medical Technology Holdings, Inc.",NASDAQ
CENN,Cenntro Inc.,NASDAQ
CENT,Central Garden & Pet Company,NASDAQ
CENTA,Central Garden & Pet Company,NASDAQ
CENX,Century Aluminum Company,NASDAQ
CEPF,"Cantor Equity Partners IV, Inc.",NASDAQ
CEPL,"Capstone Energy Plus, Inc.",NASDAQ
CEPO,"Cantor Equity Partners I, Inc.",NASDAQ
CEPS,"Cantor Equity Partners VI, Inc.",NASDAQ
CEPU,Central Puerto S.A. American Depositary Shares (each represents ten Common Shares),N
CEPV,"Cantor Equity Partners V, Inc.",NASDAQ
CERS,Cerus Corporation,NASDAQ
CERT,"Certara, Inc.",NASDAQ
CET,Central Securities Corporation,A
CETX,Cemtrex Inc.,NASDAQ
CETY,"Clean Energy Technologies, Inc.",NASDAQ
CEV,Eaton Vance California Municipal Income Trust Shares of Beneficial Interest,A
CEVA,"CEVA, Inc.",NASDAQ
CF,"CF Industries Holdings, Inc.",N
CFBK,CF Bankshares Inc.,NASDAQ
CFFI,C&F Financial Corporation,NASDAQ
CFFN,"Capitol Federal Financial, Inc.",NASDAQ
CFG,"Citizens Financial Group, Inc.",N
CFR,"Cullen/Frost Bankers, Inc.",N
CG,The Carlyle Group Inc.,NASDAQ
CGAU,Centerra Gold Inc.,N
CGC,Canopy Growth Corporation,NASDAQ
CGCF,Cartesian Growth Corporation IV,NASDAQ
CGCFU,Cartesian Growth Corporation IV,NASDAQ
CGCFW,Cartesian Growth Corporation IV,NASDAQ
CGEM,"Cullinan Therapeutics, Inc.",NASDAQ
CGEN,Compugen Ltd.,NASDAQ
CGNT,Cognyte Software Ltd.,NASDAQ
CGNX,Cognex Corporation,NASDAQ
CGON,"CG Oncology, Inc.",NASDAQ
CGTL,Creative Global Technology Holdings Limited,NASDAQ
CGTX,"Cognition Therapeutics, Inc.",NASDAQ
CHA,Chagee Holdings Limited,NASDAQ
CHAI,"Core AI Holdings, Inc.",NASDAQ
CHAR,Charlton Aria Acquisition Corporation,NASDAQ
CHARR,Charlton Aria Acquisition Corporation,NASDAQ
CHARU,Charlton Aria Acquisition Corporation,NASDAQ
CHCI,"Comstock Holding Companies, Inc.",NASDAQ
CHCO,City Holding Company,NASDAQ
CHCT,Community Healthcare Trust Incorporated,N
CHD,"Church & Dwight Company, Inc.",N
CHDN,"Churchill Downs, Incorporated",NASDAQ
CHE,Chemed Corp,N
CHEC,Chenghe Acquisition III Co.,NASDAQ
CHECU,Chenghe Acquisition III Co.,NASDAQ
CHECW,Chenghe Acquisition III Co.,NASDAQ
CHEF,"The Chefs' Warehouse, Inc.",NASDAQ
CHGA,Change Agents Corporation,NASDAQ
CHGG,"Chegg, Inc.",N
CHH,"Choice Hotels International, Inc.",N
CHKP,Check Point Software Technologies Ltd.,NASDAQ
CHMG,Chemung Financial Corp,NASDAQ
CHMI,Cherry Hill Mortgage Investment Corporation,N
CHNR,"China Natural Resources, Inc.",NASDAQ
CHOW,ChowChow Cloud International Holdings Limited,A
CHPG,ChampionsGate Acquisition Corporation,NASDAQ
CHPGR,ChampionsGate Acquisition Corporation,NASDAQ
CHPT,"ChargePoint Holdings, Inc.",N
CHR,"Cheer Holding, Inc.",NASDAQ
CHRD,Chord Energy Corporation,NASDAQ
CHRN,ChronoScale Holdings Corporation,NASDAQ
CHRS,"Coherus Oncology, Inc.",NASDAQ
CHRW,"C.H. Robinson Worldwide, Inc.",NASDAQ
CHSN,Chanson International Holding,NASDAQ
CHT,"Chunghwa Telecom Co., Ltd.",N
CHTR,"Charter Communications, Inc.",NASDAQ
CHWY,"Chewy, Inc.",N
CHYM,"Chime Financial, Inc.",NASDAQ
CI,The Cigna Group,N
CIA,"Citizens, Inc. Class A Common Stock ($1.00 Par)",N
CIEN,Ciena Corporation,N
CIFR,Cipher Digital Inc.,NASDAQ
CIG,Comp En De Mn Cemig ADS,N
CIG-C,Comp En De Mn Cemig ADS American Depositary Receipts,N
CIGI,Colliers International Group Inc.,NASDAQ
CIGL,Concorde International Group Ltd,NASDAQ
CIIT,"Tianci International, Inc.",NASDAQ
CIM,Chimera Investment Corporation,N
CINF,Cincinnati Financial Corporation,NASDAQ
CING,Cingulate Inc.,NASDAQ
CINGW,Cingulate Inc.,NASDAQ
CINT,CI&T Inc,N
CION,CION Investment Corporation,N
CIRC,"Circle8 Group, Inc.",NASDAQ
CISO,"CISO Global, Inc.",NASDAQ
CISS,C3is Inc.,NASDAQ
CITR,CitroTech Inc.,A
CIVB,"Civista Bancshares, Inc.",NASDAQ
CIX,CompX International Inc.,A
CJMB,Callan JMB Inc.,NASDAQ
CKX,"CKX Lands, Inc.",A
CL,Colgate-Palmolive Company,N
CLAR,Clarus Corporation,NASDAQ
CLB,Core Laboratories Inc.,N
CLBK,"Columbia Financial, Inc.",NASDAQ
CLBR,Colombier Acquisition Corp. III,N
CLBT,Cellebrite DI Ltd.,NASDAQ
CLDI,"Calidi Biotherapeutics, Inc.",A
CLDT,Chatham Lodging Trust (REIT) Common Shares of Beneficial Interest,N
CLDX,"Celldex Therapeutics, Inc.",NASDAQ
CLF,Cleveland-Cliffs Inc.,N
CLFD,"Clearfield, Inc.",NASDAQ
CLGN,CollPlant Biotechnologies Ltd.,NASDAQ
CLH,"Clean Harbors, Inc.",N
CLIK,Click Holdings Limited,NASDAQ
CLIR,ClearSign Technologies Corporation,NASDAQ
CLLS,Cellectis S.A.,NASDAQ
CLMB,"Climb Global Solutions, Inc.",NASDAQ
CLMT,"Calumet, Inc",NASDAQ
CLNE,Clean Energy Fuels Corp.,NASDAQ
CLNN,Clene Inc.,NASDAQ
CLOV,"Clover Health Investments, Corp.",NASDAQ
CLPR,Clipper Realty Inc.,N
CLPS,CLPS Incorporation,NASDAQ
CLPT,ClearPoint Neuro Inc.,NASDAQ
CLRB,"Cellectar Biosciences, Inc.",NASDAQ
CLRO,"ClearOne, Inc.",NASDAQ
CLS,"Celestica, Inc.",N
CLSK,"CleanSpark, Inc.",NASDAQ
CLST,"Catalyst Bancorp, Inc.",NASDAQ
CLVT,Clarivate Plc,N
CLW,Clearwater Paper Corporation,N
CLWT,Euro Tech Holdings Company Limited,NASDAQ
CLX,Clorox Company (The),N
CLYM,"Climb Bio, Inc.",NASDAQ
CM,Canadian Imperial Bank of Commerce,N
CMBT,CMB.TECH NV,N
CMC,Commercial Metals Company,N
CMCL,Caledonia Mining Corporation Plc,A
CMCM,"Cheetah Mobile Inc. American Depositary Shares, each representing fifty (50)",N
CMCO,Columbus McKinnon Corporation,NASDAQ
CMCSA,Comcast Corporation,NASDAQ
CMCT,Creative Media,NASDAQ
CMDB,Costamare Bulkers Holdings Limited,N
CME,CME Group Inc.,NASDAQ
CMG,"Chipotle Mexican Grill, Inc.",N
CMI,Cummins Inc.,N
CMMB,Chemomab Therapeutics Ltd.,NASDAQ
CMND,Clearmind Medicine Inc.,NASDAQ
CMP,Compass Minerals Intl Inc,N
CMPR,Cimpress plc,NASDAQ
CMPS,COMPASS Pathways Plc,NASDAQ
CMPX,"Compass Therapeutics, Inc.",NASDAQ
CMRC,"Commerce.com, Inc.",NASDAQ
CMRE,Costamare Inc. Common Stock $0.0001 par value,N
CMS,CMS Energy Corporation,N
CMT,Core Molding Technologies Inc,A
CMTG,"Claros Mortgage Trust, Inc.",N
CMTL,Comtech Telecommunications Corp.,NASDAQ
CMTV,Community Bancorp.,NASDAQ
CNA,CNA Financial Corporation,N
CNC,Centene Corporation,N
CNCK,Coincheck Group N.V.,NASDAQ
CNCKW,Coincheck Group N.V.,NASDAQ
CNDT,Conduent Incorporated,NASDAQ
CNET,ZW Data Action Technologies Inc.,NASDAQ
CNEY,CN Energy Group Inc.,NASDAQ
CNF,"CNFinance Holdings Limited American Depositary Shares, each representing two hundred (200)",N
CNH,CNH Industrial N.V.,N
CNI,Canadian National Railway Company,N
CNK,"Cinemark Holdings Inc Cinemark Holdings, Inc.",N
CNL,Collective Mining Ltd.,NASDAQ
CNM,"Core & Main, Inc.",N
CNMD,CONMED Corporation,N
CNNE,"Cannae Holdings, Inc.",N
CNO,"CNO Financial Group, Inc.",N
CNOB,"ConnectOne Bancorp, Inc.",NASDAQ
CNP,"CenterPoint Energy, Inc (Holding Co)",N
CNQ,Canadian Natural Resources Limited,N
CNR,"Core Natural Resources, Inc.",N
CNS,Cohen & Steers Inc,N
CNSP,"CNS Pharmaceuticals, Inc.",NASDAQ
CNSY,"Cerenome, Inc.",NASDAQ
CNTB,Connect Biopharma Holdings Limited,NASDAQ
CNTN,"Canton Strategic Holdings, Inc.",NASDAQ
CNTX,Context Therapeutics Inc.,NASDAQ
CNTY,"Century Casinos, Inc.",NASDAQ
CNVS,Cineverse Corp.,NASDAQ
CNX,CNX Resources Corporation,N
CNXC,Concentrix Corporation,NASDAQ
CNXN,"PC Connection, Inc.",NASDAQ
CNXU,Conexeu Sciences Inc.,NASDAQ
COAG,"Hemab Therapeutics Holdings, Inc.",NASDAQ
COCH,"Envoy Medical, Inc.",NASDAQ
COCO,"The Vita Coco Company, Inc.",NASDAQ
COCP,"Cocrystal Pharma, Inc.",NASDAQ
CODA,"Coda Octopus Group, Inc.",NASDAQ
CODI,D/B/A Compass Diversified Holdings Shares of Beneficial Interest,N
CODX,"Co-Diagnostics, Inc.",NASDAQ
COE,"51Talk Online Education Group American depositary shares, each representing 60 Class A ordinary shares",A
COF,Capital One Financial Corporation,N
COFS,"ChoiceOne Financial Services, Inc.",NASDAQ
COGT,"Cogent Biosciences, Inc.",NASDAQ
COHN,Cohen & Company Inc.,A
COHR,Coherent Corp.,N
COHU,"Cohu, Inc.",NASDAQ
COIN,"Coinbase Global, Inc.",NASDAQ
COKE,"Coca-Cola Consolidated, Inc.",NASDAQ
COLA,Columbus Acquisition Corp,NASDAQ
COLAR,Columbus Acquisition Corp,NASDAQ
COLB,"Columbia Banking System, Inc.",NASDAQ
COLD,"Americold Realty Trust, Inc.",N
COLL,"Collegium Pharmaceutical, Inc.",NASDAQ
COLM,Columbia Sportswear Company,NASDAQ
COMP,"Compass, Inc.",N
CON,"Concentra Group Holdings Parent, Inc.",N
COO,"The Cooper Companies, Inc.",NASDAQ
COOK,"Traeger, Inc.",N
COOT,Australian Oilseeds Holdings Limited,NASDAQ
COP,ConocoPhillips,N
COPL,Copley Acquisition Corp,N
COPR,Idaho Copper Corporation,A
COR,"Cencora, Inc.",N
CORT,Corcept Therapeutics Incorporated,NASDAQ
CORZ,"Core Scientific, Inc.",NASDAQ
CORZW,"Core Scientific, Inc.",NASDAQ
CORZZ,"Core Scientific, Inc.",NASDAQ
COSM,Cosmos Health Inc.,NASDAQ
COSO,"CoastalSouth Bancshares, Inc.",N
COST,Costco Wholesale Corporation,NASDAQ
COTY,Coty Inc.,N
COUR,"Coursera, Inc.",N
COYA,"Coya Therapeutics, Inc.",NASDAQ
CP,Canadian Pacific Kansas City Limited,N
CPA,"Copa Holdings, S.A.",N
CPAC,Cementos Pacasmayo S.A.A. American Depositary Shares (Each representing five Common Shares),N
CPAY,"Corpay, Inc.",N
CPB,The Campbell's Company,NASDAQ
CPBI,"Central Plains Bancshares, Inc.",NASDAQ
CPF,Central Pacific Financial Corp New,N
CPHC,Canterbury Park Holding Corporation,NASDAQ
CPHI,"China Pharma Holdings, Inc.",A
CPIX,Cumberland Pharmaceuticals Inc.,NASDAQ
CPK,Chesapeake Utilities Corporation,N
CPNG,"Coupang, Inc.",N
CPOP,"Pop Culture Group Co., Ltd",NASDAQ
CPRI,Capri Holdings Limited,N
CPRT,"Copart, Inc.",NASDAQ
CPS,Cooper-Standard Holdings Inc.,N
CPSH,CPS Technologies Corp.,NASDAQ
CPSS,"Consumer Portfolio Services, Inc.",NASDAQ
CPT,Camden Property Trust,N
CQP,"Cheniere Energy Partners, LP Common Units",N
CR,Crane Company,N
CRAC,Crown Reserve Acquisition Corp. I,NASDAQ
CRACR,Crown Reserve Acquisition Corp. I,NASDAQ
CRAI,"CRA International,Inc.",NASDAQ
CRAN,Crane Harbor Acquisition Corp. II,NASDAQ
CRANR,Crane Harbor Acquisition Corp. II,NASDAQ
CRANU,Crane Harbor Acquisition Corp. II,NASDAQ
CRAQ,Cal Redwood Acquisition Corp.,NASDAQ
CRAQU,Cal Redwood Acquisition Corp.,NASDAQ
CRBG,Corebridge Financial Inc.,N
CRBP,"Corbus Pharmaceuticals Holdings, Inc.",NASDAQ
CRBU,"Caribou Biosciences, Inc.",NASDAQ
CRC,California Resources Corporation,N
CRCL,"Circle Internet Group, Inc.",N
CRCT,"Cricut, Inc.",NASDAQ
CRD-A,Crawford & Company,N
CRD-B,Crawford & Company,N
CRDF,"Cardiff Oncology, Inc.",NASDAQ
CRDL,Cardiol Therapeutics Inc.,NASDAQ
CRDO,Credo Technology Group Holding Ltd,NASDAQ
CRE,Cre8 Enterprise Limited,NASDAQ
CRESY,Cresud S.A.C.I.F. y A.,NASDAQ
CREX,"Creative Realities, Inc.",NASDAQ
CRGO,Freightos Limited,NASDAQ
CRGOW,Freightos Limited,NASDAQ
CRGY,Crescent Energy Company,N
CRH,CRH PLC,N
CRI,"Carter's, Inc.",N
CRIS,"Curis, Inc.",NASDAQ
CRK,"Comstock Resources, Inc.",N
CRL,"Charles River Laboratories International, Inc.",N
CRM,"Salesforce, Inc.",N
CRMD,CorMedix Inc.,NASDAQ
CRML,Critical Metals Corp.,NASDAQ
CRMLW,Critical Metals Corp.,NASDAQ
CRMT,"America's Car-Mart, Inc.",NASDAQ
CRNC,Cerence Inc.,NASDAQ
CRNT,Ceragon Networks Ltd.,NASDAQ
CRON,Cronos Group Inc.,NASDAQ
CROX,"Crocs, Inc.",NASDAQ
CRS,Carpenter Technology Corporation,N
CRSP,CRISPR Therapeutics AG,NASDAQ
CRSR,"Corsair Gaming, Inc.",NASDAQ
CRT,Cross Timbers Royalty Trust,N
CRTO,Criteo S.A.,NASDAQ
CRUS,"Cirrus Logic, Inc.",NASDAQ
CRVL,CorVel Corp.,NASDAQ
CRVO,CervoMed Inc.,NASDAQ
CRVS,"Corvus Pharmaceuticals, Inc.",NASDAQ
CRWD,"CrowdStrike Holdings, Inc.",NASDAQ
CRWS,"Crown Crafts, Inc.",NASDAQ
CRWV,"CoreWeave, Inc.",NASDAQ
CSAI,"Cloudastructure, Inc.",NASDAQ
CSBR,"Champions Oncology, Inc.",NASDAQ
CSCO,"Cisco Systems, Inc.",NASDAQ
CSGP,"CoStar Group, Inc.",NASDAQ
CSHR,CoinShares PLC,NASDAQ
CSHRW,CoinShares PLC,NASDAQ
CSIQ,Canadian Solar Inc.,NASDAQ
CSL,Carlisle Companies Incorporated,N
CSPI,CSP Inc.,NASDAQ
CSQR,"Csquare, Inc.",N
CSR,D/B/A Centerspace,N
CSTE,Caesarstone Ltd.,NASDAQ
CSTL,"Castle Biosciences, Inc.",NASDAQ
CSTM,Constellium SE Ordinary Shares (France),N
CSV,"Carriage Services, Inc.",N
CSW,"CSW Industrials, Inc.",N
CSWC,Capital Southwest Corporation,NASDAQ
CSX,CSX Corporation,NASDAQ
CTAA,ClearThink 1 Acquisition Corp.,NASDAQ
CTAAR,ClearThink 1 Acquisition Corp.,NASDAQ
CTAAU,ClearThink 1 Acquisition Corp.,NASDAQ
CTAS,Cintas Corporation,NASDAQ
CTBI,"Community Trust Bancorp, Inc.",NASDAQ
CTEV,Claritev Corporation,N
CTGO,Contango Silver & Gold Inc.,A
CTKB,"Cytek Biosciences, Inc.",NASDAQ
CTM,"Castellum, Inc.",A
CTMX,"CytomX Therapeutics, Inc.",NASDAQ
CTNM,"Contineum Therapeutics, Inc.",NASDAQ
CTNT,Cheetah Net Supply Chain Service Inc.,NASDAQ
CTO,"CTO Realty Growth, Inc.",N
CTOR,"Citius Oncology, Inc.",NASDAQ
CTOS,"Custom Truck One Source, Inc.",N
CTRE,"CareTrust REIT, Inc.",N
CTRI,"Centuri Holdings, Inc.",N
CTRM,Castor Maritime Inc.,NASDAQ
CTRN,"Citi Trends, Inc.",NASDAQ
CTS,CTS Corporation,N
CTSH,Cognizant Technology Solutions Corporation,NASDAQ
CTSO,Cytosorbents Corporation,NASDAQ
CTVA,"Corteva, Inc.",N
CTW,CTW,NASDAQ
CTXR,"Citius Pharmaceuticals, Inc.",NASDAQ
CUB,Lionheart Holdings,NASDAQ
CUBE,CubeSmart,N
CUBI,"Customers Bancorp, Inc",N
CUE,"Cue Biopharma, Inc.",NASDAQ
CULP,"Culp, Inc.",NASDAQ
CUPR,Cuprina Holdings (Cayman) Limited,NASDAQ
CURB,Curbline Properties Corp.,N
CURI,CuriosityStream Inc.,NASDAQ
CURR,Currenc Group Inc.,NASDAQ
CURV,Torrid Holdings Inc.,N
CURX,Curanex Pharmaceuticals Inc,NASDAQ
CUVL,Clinuvel Pharmaceuticals Limited,NASDAQ
CUZ,Cousins Properties Incorporated,N
CV,"CapsoVision, Inc.",NASDAQ
CVBF,CVB Financial Corporation,NASDAQ
CVCO,"Cavco Industries, Inc.",NASDAQ
CVE,Cenovus Energy Inc,N
CVEO,Civeo Corporation (Canada),N
CVGI,"Commercial Vehicle Group, Inc.",NASDAQ
CVI,CVR Energy Inc.,N
CVKD,"Cadrenal Therapeutics, Inc.",NASDAQ
CVLG,"Covenant Logistics Group, Inc.",N
CVLT,"Commvault Systems, Inc.",NASDAQ
CVM,Cel-Sci Corporation,A
CVNA,Carvana Co.,N
CVR,Chicago Rivet & Machine Co.,A
CVRX,"CVRx, Inc.",NASDAQ
CVS,CVS Health Corporation,N
CVSA,Covista Inc.,N
CVU,"CPI Aerostructures, Inc.",A
CVV,CVD Equipment Corporation,NASDAQ
CVX,Chevron Corporation,N
CW,Curtiss-Wright Corporation,N
CWBC,Community West Bancshares,NASDAQ
CWCO,Consolidated Water Co. Ltd.,NASDAQ
CWD,CaliberCos Inc.,NASDAQ
CWEN,"Clearway Energy, Inc. Class C",N
CWH,"Camping World Holdings, Inc.",N
CWK,Cushman & Wakefield Ltd.,N
CWST,"Casella Waste Systems, Inc.",NASDAQ
CWT,California Water Service Group,N
CX,"Cemex, S.A.B. de C.V. Sponsored ADR",N
CXAI,CXApp Inc.,NASDAQ
CXDO,"Crexendo, Inc.",NASDAQ
CXII,Churchill Capital Corp XII,NASDAQ
CXIIU,Churchill Capital Corp XII,NASDAQ
CXIIW,Churchill Capital Corp XII,NASDAQ
CXM,"Sprinklr, Inc.",N
CXT,"Crane NXT, Co.",N
CXW,"CoreCivic, Inc.",N
CYAB,"Cyabra, Inc.",NASDAQ
CYCU,"Cycurion, Inc.",NASDAQ
CYCUW,"Cycurion, Inc.",NASDAQ
CYD,China Yuchai International Limited,N
CYH,"Community Health Systems, Inc.",N
CYN,Cyngn Inc.,NASDAQ
CYPH,Cypherpunk Technologies Inc.,NASDAQ
CYRX,"CryoPort, Inc.",NASDAQ
CYTK,"Cytokinetics, Incorporated",NASDAQ
CZFS,"Citizens Financial Services, Inc.",NASDAQ
CZNC,Citizens & Northern Corp,NASDAQ
CZR,"Caesars Entertainment, Inc.",NASDAQ
CZWI,"Citizens Community Bancorp, Inc.",NASDAQ
D,"Dominion Energy, Inc.",N
DAAQ,Digital Asset Acquisition Corp.,NASDAQ
DAAQU,Digital Asset Acquisition Corp.,NASDAQ
DAC,Danaos Corporation,N
DAIC,"CID HoldCo, Inc.",NASDAQ
DAICW,"CID HoldCo, Inc.",NASDAQ
DAIO,Data I/O Corporation,NASDAQ
DAKT,"Daktronics, Inc.",NASDAQ
DAL,"Delta Air Lines, Inc.",N
DAN,Dana Incorporated,N
DAO,"Youdao, Inc. American Depositary Shares, each representing one Class A Ordinary Share",N
DAR,Darling Ingredients Inc.,N
DARE,"Dare Bioscience, Inc.",NASDAQ
DASH,"DoorDash, Inc.",NASDAQ
DAVA,Endava plc American Depositary Shares (each representing one Class A Ordinary Share),N
DAVE,Dave Inc.,NASDAQ
DAVEW,Dave Inc.,NASDAQ
DB,Deutsche Bank AG,N
DBCA,D. Boral Acquisition I Corp.,NASDAQ
DBCAW,D. Boral Acquisition I Corp.,NASDAQ
DBD,Diebold Nixdorf Incorporated Common stock,N
DBGI,"Digital Brands Group, Inc.",NASDAQ
DBI,Designer Brands Inc.,N
DBRG,"DigitalBridge Group, Inc.",N
DBVT,DBV Technologies S.A.,NASDAQ
DBX,"Dropbox, Inc.",NASDAQ
DC,Dakota Gold Corp.,A
DCBO,Docebo Inc.,NASDAQ
DCGO,DocGo Inc.,NASDAQ
DCH,Dauch Corporation,N
DCI,"Donaldson Company, Inc.",N
DCO,Ducommun Incorporated,N
DCOM,"Dime Commercial Bancshares, Inc.",N
DCOY,Decoy Therapeutics Inc.,NASDAQ
DCTH,"Delcath Systems, Inc.",NASDAQ
DCX,Digital Currency X Technology Inc.,NASDAQ
DD,"DuPont de Nemours, Inc.",N
DDC,DDC Enterprise Limited,A
DDD,3D Systems Corporation,N
DDI,"DoubleDown Interactive Co., Ltd.",NASDAQ
DDL,Dingdong (Cayman) Limited American Depositary Shares (each two representing three Ordinary Shares),N
DDOG,"Datadog, Inc.",NASDAQ
DDS,"Dillard's, Inc.",N
DDT,Dillard's Capital Trust I,N
DE,Deere & Company,N
DEA,"Easterly Government Properties, Inc.",N
DEC,Diversified Energy Company,N
DECK,Deckers Outdoor Corporation,N
DEFT,"Defi Technologies, Inc.",NASDAQ
DEI,"Douglas Emmett, Inc.",N
DELL,Dell Technologies Inc. Class C,N
DEO,Diageo plc,N
DERM,Journey Medical Corporation,NASDAQ
DETX,"Liberty Defense Holdings, Ltd.",NASDAQ
DFDV,DeFi Development Corp.,NASDAQ
DFH,"Dream Finders Homes, Inc.",N
DFIN,"Donnelley Financial Solutions, Inc.",N
DFLI,Dragonfly Energy Holdings Corp,NASDAQ
DFNS,T3 Defense Inc.,NASDAQ
DFNSW,T3 Defense Inc.,NASDAQ
DFSC,DEFSEC Technologies Inc.,NASDAQ
DFTX,"Definium Therapeutics, Inc.",NASDAQ
DG,Dollar General Corporation,N
DGAC,Disciplined Growth Acquisition Corporation,N
DGICA,"Donegal Group, Inc.",NASDAQ
DGICB,"Donegal Group, Inc.",NASDAQ
DGII,Digi International Inc.,NASDAQ
DGNX,Diginex Limited,NASDAQ
DGX,Quest Diagnostics Incorporated,N
DGXX,Digi Power X Inc.,NASDAQ
DH,Definitive Healthcare Corp.,NASDAQ
DHC,Diversified Healthcare Trust,NASDAQ
DHI,"D.R. Horton, Inc.",N
DHR,Danaher Corporation,N
DHT,"DHT Holdings, Inc.",N
DHX,"DHI Group, Inc.",N
DIBS,"1stdibs.com, Inc.",NASDAQ
DIN,"Dine Brands Global, Inc.",N
DINO,HF Sinclair Corporation,N
DIOD,Diodes Incorporated,NASDAQ
DIS,Walt Disney Company (The),N
DIT,AMCON Distributing Company,A
DJCO,Daily Journal Corp. (S.C.),NASDAQ
DJT,Trump Media & Technology Group Corp.,NASDAQ
DJTWW,Trump Media & Technology Group Corp.,NASDAQ
DK,"Delek US Holdings, Inc.",N
DKI,DarkIris Inc.,NASDAQ
DKL,"Delek Logistics Partners, L.P. Common Units representing Limited Partner Interests",N
DKNG,DraftKings Inc.,NASDAQ
DKS,Dick's Sporting Goods Inc,N
DLB,Dolby Laboratories,N
DLHC,DLH Holdings Corp.,NASDAQ
DLNG,Dynagas LNG Partners LP Common Units,N
DLO,DLocal Limited,NASDAQ
DLPN,"Dolphin Entertainment, Inc.",NASDAQ
DLR,"Digital Realty Trust, Inc.",N
DLTH,Duluth Holdings Inc.,NASDAQ
DLTR,"Dollar Tree, Inc.",NASDAQ
DLX,Deluxe Corporation,N
DLXY,Delixy Holdings Limited,NASDAQ
DMAA,Drugs Made In America Acquisition Corp.,NASDAQ
DMAAR,Drugs Made In America Acquisition Corp.,NASDAQ
DMAAU,Drugs Made In America Acquisition Corp.,NASDAQ
DMAC,DiaMedica Therapeutics Inc.,NASDAQ
DMC,Del Monte Corporation,N
DMII,Drugs Made In America Acquisition II Corp.,NASDAQ
DMLP,"Dorchester Minerals, L.P.",NASDAQ
DMRA,"Damora Therapeutics, Inc.",NASDAQ
DMRC,Digimarc Corporation,NASDAQ
DNA,"Ginkgo Bioworks Holdings, Inc.",N
DNLI,Denali Therapeutics Inc.,NASDAQ
DNMX,Dynamix Corporation III,NASDAQ
DNMXW,Dynamix Corporation III,NASDAQ
DNN,Denison Mines Corp Ordinary Shares (Canada),A
DNOW,DNOW Inc.,N
DNTH,"Dianthus Therapeutics, Inc.",NASDAQ
DNUT,"Krispy Kreme, Inc.",NASDAQ
DOC,"Healthpeak Properties, Inc.",N
DOCN,"DigitalOcean Holdings, Inc.",N
DOCS,"Doximity, Inc.",N
DOCU,"DocuSign, Inc.",NASDAQ
DOGZ,Dogness (International) Corporation,NASDAQ
DOLE,Dole plc,N
DOMH,Dominari Holdings Inc.,NASDAQ
DOMO,"Domo, Inc.",NASDAQ
DOO,BRP Inc.,NASDAQ
DORM,"Dorman Products, Inc.",NASDAQ
DOUG,Douglas Elliman Inc.,N
DOV,Dover Corporation,N
DOW,Dow Inc.,N
DOX,Amdocs Limited,NASDAQ
DOYU,DouYu International Holdings Limited,NASDAQ
DPC,DPC Holdings PLC,N
DPRO,Draganfly Inc.,NASDAQ
DPU,Top KingWin Ltd,NASDAQ
DPZ,Domino's Pizza Inc,NASDAQ
DQ,"DAQO New Energy Corp. American Depositary Shares, each representing five ordinary shares",N
DRCT,"Direct Digital Holdings, Inc.",NASDAQ
DRD,DRDGOLD Limited,N
DRDB,Roman DBDR Acquisition Corp. II,NASDAQ
DRDBW,Roman DBDR Acquisition Corp. II,NASDAQ
DRH,Diamondrock Hospitality Company,NASDAQ
DRI,"Darden Restaurants, Inc.",N
DRIO,DarioHealth Corp.,NASDAQ
DRK,DarkHorse Technologies Inc.,NASDAQ
DRMA,"Dermata Therapeutics, Inc.",NASDAQ
DRS,"Leonardo DRS, Inc.",NASDAQ
DRTS,Alpha Tau Medical Ltd.,NASDAQ
DRUG,Bright Minds Biosciences Inc.,NASDAQ
DRVN,Driven Brands Holdings Inc.,NASDAQ
DSAC,Daedalus Special Acquisition Corp.,NASDAQ
DSC,DSC Holdings Ltd.,NASDAQ
DSGN,"Design Therapeutics, Inc.",NASDAQ
DSGR,"Distribution Solutions Group, Inc.",NASDAQ
DSGX,The Descartes Systems Group Inc.,NASDAQ
DSP,Viant Technology Inc.,NASDAQ
DSS,"DSS, Inc.",A
DSWL,"Deswell Industries, Inc.",NASDAQ
DSX,Diana Shipping inc. common stock,N
DSX-W,Diana Shipping inc. Warrants,N
DSY,Big Tree Cloud Holdings Limited,NASDAQ
DSYWW,Big Tree Cloud Holdings Limited,NASDAQ
DT,"Dynatrace, Inc.",N
DTCX,"Datacentrex, Inc.",NASDAQ
DTE,DTE Energy Company,N
DTI,Drilling Tools International Corporation,NASDAQ
DTIL,"Precision BioSciences, Inc.",NASDAQ
DTM,"DT Midstream, Inc.",N
DTSQ,DT Cloud Star Acquisition Corporation,NASDAQ
DTSQU,DT Cloud Star Acquisition Corporation,NASDAQ
DTSS,Datasea Intelligent Technology Ltd.,NASDAQ
DTST,Data Storage Corporation,NASDAQ
DUK,Duke Energy Corporation (Holding Company),N
DUKR,DUKE Robotics Corp.,NASDAQ
DUKU,Duke Energy Corporation Corporate Units,N
DUO,Fangdd Network Group Ltd.,NASDAQ
DUOL,"Duolingo, Inc.",NASDAQ
DUOT,"Duos Technologies Group, Inc.",NASDAQ
DV,"DoubleVerify Holdings, Inc.",N
DVA,DaVita Inc.,N
DVLT,Datavault AI Inc.,NASDAQ
DVN,Devon Energy Corporation,N
DWSN,Dawson Geophysical Company,NASDAQ
DWTX,"Dogwood Therapeutics, Inc.",NASDAQ
DX,"Dynex Capital, Inc.",N
DXC,DXC Technology Company,N
DXCM,"DexCom, Inc.",NASDAQ
DXF,"Eason Technology Limited American Depositary Shares (each representing sixty-thousand (60,000) Ordinary Shares)",A
DXLG,"Destination XL Group, Inc.",NASDAQ
DXPE,"DXP Enterprises, Inc.",NASDAQ
DXST,Decent Holding Inc.,NASDAQ
DXYZ,Destiny Tech100 Inc.,N
DY,"Dycom Industries, Inc.",N
DYAI,"Dyadic International, Inc.",NASDAQ
DYN,"Dyne Therapeutics, Inc.",NASDAQ
DYNC,Dynamix Corporation,NASDAQ
DYOR,Insight Digital Partners II,NASDAQ
DYORU,Insight Digital Partners II,NASDAQ
DYORW,Insight Digital Partners II,NASDAQ
E,ENI S.p.A.,N
EAF,GrafTech International Ltd.,N
EARN,Ellington Credit Company Common Shares of Beneficial Interest,N
EAT,"Brinker International, Inc.",N
EBAY,eBay Inc.,NASDAQ
EBC,"Eastern Bankshares, Inc.",NASDAQ
EBF,"Ennis, Inc.",N
EBMT,"Eagle Bancorp Montana, Inc.",NASDAQ
EBON,Ebang International Holdings Inc.,NASDAQ
EBS,Emergent BioSolutions Inc.,N
EC,Ecopetrol S.A.,N
ECAT,BlackRock ESG Capital Allocation Term Trust Common Shares of Beneficial Interest,N
ECBK,"ECB Bancorp, Inc.",NASDAQ
ECC,Eagle Point Credit Company Common Share of Beneficial Interest,N
ECG,"Everus Construction Group, Inc.",N
ECHO,EchoStar Corporation,NASDAQ
ECL,Ecolab Inc.,N
ECO,Okeanis Eco Tankers Corp.,N
ECOR,"electroCore, Inc.",NASDAQ
ECPG,Encore Capital Group Inc,NASDAQ
ECVT,Ecovyst Inc.,N
ECX,ECARX Holdings Inc.,NASDAQ
ECXWW,ECARX Holdings Inc.,NASDAQ
ED,"Consolidated Edison, Inc.",N
EDBL,Edible Garden AG Incorporated,NASDAQ
EDHL,Everbright Digital Holding Limited,NASDAQ
EDIT,"Editas Medicine, Inc.",NASDAQ
EDN,Empresa Distribuidora Y Comercializadora Norte S.A. (Edenor),N
EDRY,EuroDry Ltd.,NASDAQ
EDSA,"Edesa Biotech, Inc.",NASDAQ
EDTK,Skillful Craftsman Education Technology Limited,NASDAQ
EDU,"New Oriental Education & Technology Group, Inc. Sponsored ADR representing 10 Ordinary Share (Cayman Islands)",N
EDUC,Educational Development Corporation,NASDAQ
EDVA,"Endovia Health Sciences, Inc.",A
EE,"Excelerate Energy, Inc.",N
EEFT,"Euronet Worldwide, Inc.",NASDAQ
EEIQ,EpicQuest Education Group International Limited,NASDAQ
EFC,Ellington Financial Inc.,N
EFOI,"Energy Focus, Inc.",NASDAQ
EFOR,"Everforth, Inc.",N
EFSC,Enterprise Financial Services Corporation,NASDAQ
EFSI,Eagle Financial Services Inc,NASDAQ
EFT,Eaton Vance Floating Rate Income Trust Common Shares of Beneficial Interest,N
EFTY,"Etoiles Capital Group Co., Ltd.",NASDAQ
EFX,"Equifax, Inc.",N
EFXT,Enerflex Ltd,N
EG,"Everest Group, Ltd.",N
EGAN,eGain Corporation,NASDAQ
EGBN,"Eagle Bancorp, Inc.",NASDAQ
EGG,Enigmatig Limited,A
EGHA,EGH Acquisition Corp.,NASDAQ
EGHAR,EGH Acquisition Corp.,NASDAQ
EGHT,8x8 Inc,NASDAQ
EGO,Eldorado Gold Corporation,N
EGP,"EastGroup Properties, Inc.",N
EGY,"VAALCO Energy, Inc.",N
EH,EHang Holdings Limited,NASDAQ
EHC,Encompass Health Corporation,N
EHGO,Eshallgo Inc.,NASDAQ
EHLD,Euroholdings Ltd.,NASDAQ
EHTH,"eHealth, Inc.",NASDAQ
EIC,Eagle Point Income Company Common Shares of Beneficial Interest,N
EIG,Employers Holdings Inc,N
EIKN,"Eikon Therapeutics, Inc.",NASDAQ
EIX,Edison International,N
EJH,E-Home Household Service Holdings Limited,NASDAQ
EL,"Estee Lauder Companies, Inc. (The)",N
ELA,Envela Corporation,A
ELAB,PMGC Holdings Inc.,NASDAQ
ELAN,Elanco Animal Health Incorporated,N
ELBM,Electra Battery Materials Corporation,NASDAQ
ELC,"Entergy Louisiana, Inc. Collateral Trust Mortgage Bonds, 4.875 % Series due September 1, 2066",N
ELDN,"Eledon Pharmaceuticals, Inc.",NASDAQ
ELE,Elemental Royalty Corporation,NASDAQ
ELF,"e.l.f. Beauty, Inc.",N
ELLO,Ellomay Capital Ltd Ordinary Shares (Israel),A
ELMD,"Electromed, Inc.",A
ELME,Elme Communities,N
ELMT,The Elmet Group Co.,NASDAQ
ELOG,Eastern International Ltd.,NASDAQ
ELOX,"Eloxx Pharmaceuticals, Inc.",NASDAQ
ELPC,Companhia Paranaense de Energia (COPEL) American Depositary Shares (each representing four (4) Common Shares),N
ELPW,Elong Power Holding Limited,NASDAQ
ELS,"Equity Lifestyle Properties, Inc.",N
ELTK,Eltek Ltd.,NASDAQ
ELTX,"Elicio Therapeutics, Inc.",NASDAQ
ELUT,"Elutia, Inc.",NASDAQ
ELV,"Elevance Health, Inc.",N
ELVA,Electrovaya Inc.,NASDAQ
ELVN,"Enliven Therapeutics, Inc.",NASDAQ
ELVR,Elevra Lithium Limited,NASDAQ
ELWT,"Elauwit Connection, Inc.",NASDAQ
EMA,Emera Incorporated,N
EMAT,Evolution Metals & Technologies Corp.,NASDAQ
EMBC,Embecta Corp.,NASDAQ
EMBJ,Embraer S.A.,N
EME,"EMCOR Group, Inc.",N
EMIS,Emmis Acquisition Corp.,NASDAQ
EMISR,Emmis Acquisition Corp.,NASDAQ
EML,Eastern Company (The),NASDAQ
EMN,Eastman Chemical Company,N
EMPD,Empery Digital Inc.,NASDAQ
EMR,Emerson Electric Company,N
ENB,Enbridge Inc,N
ENGN,enGene Therapeutics Inc.,NASDAQ
ENGNW,enGene Therapeutics Inc.,NASDAQ
ENGS,Energys Group Limited,NASDAQ
ENHA,Enhanced Group Inc.,N
ENIC,Enel Chile S.A. American Depositary Shares (Each representing 50 shares of Common Stock),N
ENLT,Enlight Renewable Energy Ltd.,NASDAQ
ENLV,Enlivex Ltd.,NASDAQ
ENOV,Enovis Corporation,N
ENPH,"Enphase Energy, Inc.",NASDAQ
ENR,"Energizer Holdings, Inc.",N
ENRD,Einride AB,NASDAQ
ENRDW,Einride AB,NASDAQ
ENS,EnerSys,N
ENSC,"Ensysce Biosciences, Inc.",NASDAQ
ENSG,"The Ensign Group, Inc.",NASDAQ
ENTA,"Enanta Pharmaceuticals, Inc.",NASDAQ
ENTG,"Entegris, Inc.",NASDAQ
ENTX,Entera Bio Ltd.,NASDAQ
ENVA,"Enova International, Inc.",N
ENVB,"Enveric Biosciences, Inc.",NASDAQ
ENVX,Enovix Corporation,NASDAQ
EOCN,Eocene Ltd.,NASDAQ
EOG,"EOG Resources, Inc.",N
EOLS,"Evolus, Inc.",NASDAQ
EONR,EON Resources Inc.,A
EOSE,"Eos Energy Enterprises, Inc.",NASDAQ
EOT,Eaton Vance Municipal Income Trust EATON VANCE NATIONAL MUNICIPAL OPPORTUNITIES TRUST,N
EP,Empire Petroleum Corporation,A
EPAC,Enerpac Tool Group Corp.,N
EPAM,"EPAM Systems, Inc.",N
EPC,Edgewell Personal Care Company,N
EPD,Enterprise Products Partners L.P.,N
EPM,"Evolution Petroleum Corporation, Inc.",A
EPOW,E-Power Inc.,NASDAQ
EPR,EPR Properties,N
EPRT,"Essential Properties Realty Trust, Inc.",N
EPRX,Eupraxia Pharmaceuticals Inc.,NASDAQ
EPSM,Epsium Enterprise Limited,NASDAQ
EPSN,Epsilon Energy Ltd.,NASDAQ
EQ,"Equillium, Inc.",NASDAQ
EQBK,"Equity Bancshares, Inc.",N
EQH,"Equitable Holdings, Inc.",N
EQIX,"Equinix, Inc.",NASDAQ
EQNR,Equinor ASA,N
EQPT,EquipmentShare.com Inc,NASDAQ
EQS,"Equus Total Return, Inc.",N
EQT,EQT Corporation,N
EQX,Equinox Gold Corp.,A
ERAS,"Erasca, Inc.",NASDAQ
ERIC,Ericsson,NASDAQ
ERIE,Erie Indemnity Company,NASDAQ
ERII,"Energy Recovery, Inc.",NASDAQ
ERNA,Ernexa Therapeutics Inc.,NASDAQ
ERNAW,Ernexa Therapeutics Inc.,NASDAQ
ERO,Ero Copper Corp.,N
EROC,"ERock, Inc.",N
EROK,"EagleRock Land, LLC Class A shares representing limited liability company interests",N
ES,Eversource Energy (D/B/A),N
ESAB,ESAB Corporation,N
ESBA,"Empire State Realty OP, L.P. Series ES Operating Partnership Units Representing Limited Partnership Interests",P
ESCA,"Escalade, Incorporated",NASDAQ
ESE,ESCO Technologies Inc.,N
ESEA,Euroseas Ltd.,NASDAQ
ESI,Element Solutions Inc.,N
ESLA,"Estrella Immunopharma, Inc.",NASDAQ
ESLT,Elbit Systems Ltd.,NASDAQ
ESNT,Essent Group Ltd.,N
ESOA,Energy Services of America Corporation,NASDAQ
ESP,Espey Mfg. & Electronics Corp.,A
ESQ,"Esquire Financial Holdings, Inc.",NASDAQ
ESRT,"Empire State Realty Trust, Inc.",N
ESS,"Essex Property Trust, Inc.",N
ESTA,Establishment Labs Holdings Inc.,NASDAQ
ESTC,Elastic N.V.,N
ESYN,EnerSyn Global Inc.,NASDAQ
ET,Energy Transfer LP Common Units,N
ETD,Ethan Allen Interiors Inc.,N
ETN,"Eaton Corporation, PLC",N
ETO,Eaton Vance Tax-Advantage Global Dividend Opp,N
ETON,"Eton Pharmaceuticals, Inc.",NASDAQ
ETOR,eToro Group Ltd.,NASDAQ
ETR,Entergy Corporation,N
ETRA,"Electra Therapeutics, Inc.",NASDAQ
ETS,Elite Express Holding Inc.,NASDAQ
ETSS,Energy Transition Special Opportunities,N
ETSY,"Etsy, Inc.",N
ETX,Eaton Vance Municipal Income 2028 Term Trust Common Shares of Beneficial Interest,N
EU,enCore Energy Corp.,NASDAQ
EUDA,Euda Health Holdings Limited,NASDAQ
EURK,Eureka Acquisition Corp,NASDAQ
EVAC,EQV Ventures Acquisition Corp. II,N
EVAX,Evaxion A/S,NASDAQ
EVC,Entravision Communications Corporation,N
EVCM,EverCommerce Inc.,NASDAQ
EVER,"EverQuote, Inc.",NASDAQ
EVEX,"Eve Holding, Inc.",N
EVEX-W,"Eve Holding, Inc. Warrants, each exercisable for one share of Common Stock at an exercise price of $11.50 per share",N
EVF,Eaton Vance Senior Income Trust,N
EVGN,Evogene Ltd.,NASDAQ
EVGO,EVgo Inc.,NASDAQ
EVH,"Evolent Health, Inc",N
EVI,"EVI Industries, Inc.",A
EVLV,"Evolv Technologies Holdings, Inc.",NASDAQ
EVMN,"Evommune, Inc.",N
EVN,Eaton Vance Municipal Income Trust,N
EVO,Evotec SE,NASDAQ
EVOX,Evolution Global Acquisition Corp,NASDAQ
EVOXU,Evolution Global Acquisition Corp,NASDAQ
EVOXW,Evolution Global Acquisition Corp,NASDAQ
EVR,Evercore Inc.,N
EVRG,"Evergy, Inc.",NASDAQ
EVTC,"Evertec, Inc.",N
EVTL,Vertical Aerospace Ltd.,N
EW,Edwards Lifesciences Corporation,N
EWAV,East West Ave Acquisition Corp.,NASDAQ
EWAVR,East West Ave Acquisition Corp.,NASDAQ
EWAVU,East West Ave Acquisition Corp.,NASDAQ
EWBC,"East West Bancorp, Inc.",NASDAQ
EWTX,"Edgewise Therapeutics, Inc.",NASDAQ
EXC,Exelon Corporation,NASDAQ
EXE,Expand Energy Corporation,NASDAQ
EXEL,"Exelixis, Inc.",NASDAQ
EXFY,"Expensify, Inc.",NASDAQ
EXK,Endeavour Silver Corporation Ordinary Shares (Canada),N
EXLS,"ExlService Holdings, Inc.",NASDAQ
EXOD,"Exodus Movement, Inc.",A
EXOZ,eXoZymes Inc.,NASDAQ
EXP,Eagle Materials Inc,N
EXPD,"Expeditors International of Washington, Inc.",N
EXPE,"Expedia Group, Inc.",NASDAQ
EXPO,"Exponent, Inc.",NASDAQ
EXR,Extra Space Storage Inc,N
EXTR,"Extreme Networks, Inc.",NASDAQ
EXYN,"Exyn Technologies, Inc.",NASDAQ
EYE,"National Vision Holdings, Inc.",NASDAQ
EYPT,"EyePoint, Inc.",NASDAQ
EZGO,EZGO Technologies Ltd.,NASDAQ
EZPW,"EZCORP, Inc.",NASDAQ
EZRA,"Reliance Global Group, Inc.",NASDAQ
F,Ford Motor Company,N
FA,First Advantage Corporation,NASDAQ
FABC,"Fabric.AI, Inc.",NASDAQ
FAC,Factorial Energy Inc.,NASDAQ
FACT,FACT II Acquisition Corp.,NASDAQ
FAF,First American Corporation (New),N
FAMI,"Farmmi, Inc.",NASDAQ
FANG,"Diamondback Energy, Inc.",NASDAQ
FAST,Fastenal Company,NASDAQ
FATE,"Fate Therapeutics, Inc.",NASDAQ
FATN,"FatPipe, Inc.",NASDAQ
FBDT,First Breach Inc.,NASDAQ
FBGL,FBS Global Limited,NASDAQ
FBIN,"Fortune Brands Innovations, Inc.",N
FBIO,"Fortress Biotech, Inc.",NASDAQ
FBIZ,"First Business Financial Services, Inc.",NASDAQ
FBK,FB Financial Corporation,N
FBLA,"FB Bancorp, Inc.",NASDAQ
FBLG,"FibroBiologics, Inc.",NASDAQ
FBNC,First Bancorp,NASDAQ
FBP,First BanCorp. New,N
FBRT,"Franklin BSP Realty Trust, Inc.",N
FBYD,"Falcon's Beyond Global, Inc.",NASDAQ
FBYDW,"Falcon's Beyond Global, Inc.",NASDAQ
FC,Franklin Covey Company,N
FCAP,"First Capital, Inc.",NASDAQ
FCBC,"First Community Bankshares, Inc.",NASDAQ
FCBM,"First Carolina Financial Services, Inc.",N
FCCO,First Community Corporation,NASDAQ
FCEL,"FuelCell Energy, Inc.",NASDAQ
FCF,First Commonwealth Financial Corporation,N
FCFS,"FirstCash Holdings, Inc.",NASDAQ
FCHL,Fitness Champs Holdings Limited,NASDAQ
FCN,"FTI Consulting, Inc.",N
FCNCA,"First Citizens BancShares, Inc.",NASDAQ
FCPT,"Four Corners Property Trust, Inc.",N
FCRS,FutureCrest Acquisition Corp.,N
FCUV,Focus Universal Inc.,NASDAQ
FCX,"Freeport-McMoRan, Inc.",N
FDBC,"Fidelity D & D Bancorp, Inc.",NASDAQ
FDMM,Freedom Metals Acquisition Corp.,NASDAQ
FDMMU,Freedom Metals Acquisition Corp.,NASDAQ
FDMMW,Freedom Metals Acquisition Corp.,NASDAQ
FDMT,"4D Molecular Therapeutics, Inc.",NASDAQ
FDS,FactSet Research Systems Inc.,N
FDSB,"Fifth District Bancorp, Inc.",NASDAQ
FDX,FedEx Corporation,N
FDXF,"FedEx Freight Holding Company, Inc.",N
FE,FirstEnergy Corp.,N
FEAM,"5E Advanced Materials, Inc.",NASDAQ
FEBO,Fenbo Holdings Limited,NASDAQ
FEDU,"Four Seasons Education (Cayman) Inc. American Depositary Shares, each ADS representing 10 ordinary shares",N
FEIM,"Frequency Electronics, Inc.",NASDAQ
FELE,"Franklin Electric Co., Inc.",NASDAQ
FEMY,Femasys Inc.,NASDAQ
FENC,Fennec Pharmaceuticals Inc.,NASDAQ
FENG,"Phoenix New Media Limited American Depositary Shares, each representing 48 Class A ordinary shares.",N
FER,Ferrovial N.V.,NASDAQ
FERA,Fifth Era Acquisition Corp I,NASDAQ
FERAR,Fifth Era Acquisition Corp I,NASDAQ
FERAU,Fifth Era Acquisition Corp I,NASDAQ
FERG,Ferguson Enterprises Inc.,N
FET,"Forum Energy Technologies, Inc.",N
FF,FutureFuel Corp.  Common shares,N
FFAI,Faraday Future Intelligent Electric Inc.,NASDAQ
FFBC,First Financial Bancorp.,NASDAQ
FFIN,"First Financial Bankshares, Inc.",NASDAQ
FFIV,"F5, Inc.",NASDAQ
FG,"F&G Annuities & Life, Inc.",N
FGBI,"First Guaranty Bancshares, Inc.",NASDAQ
FGI,FGI Industries Ltd.,NASDAQ
FGII,FG Imperii Acquisition Corp.,NASDAQ
FGIIU,FG Imperii Acquisition Corp.,NASDAQ
FGIIW,FG Imperii Acquisition Corp.,NASDAQ
FGL,Founder Group Limited,NASDAQ
FGNX,FG Nexus Inc.,NASDAQ
FHB,"First Hawaiian, Inc.",NASDAQ
FHI,"Federated Hermes, Inc.",N
FHN,First Horizon Corporation,N
FHTX,Foghorn Therapeutics Inc.,NASDAQ
FIBK,"First Interstate BancSystem, Inc.",NASDAQ
FICO,Fair Isaac Corporation,N
FIEE,"FiEE, Inc",NASDAQ
FIG,"Figma, Inc.",N
FIGR,"Figure Technology Solutions, Inc.",NASDAQ
FIGS,"FIGS, Inc.",N
FIGX,FIGX Capital Acquisition Corp.,NASDAQ
FIGXU,FIGX Capital Acquisition Corp.,NASDAQ
FINS,Angel Oak Financial Strategies Income Term Trust Common Shares of Beneficial Interest,N
FINV,FinVolution Group,N
FINW,FinWise Bancorp,NASDAQ
FIP,FTAI Infrastructure Inc.,NASDAQ
FIRY,Firy Inc.,N
FIS,"Fidelity National Information Services, Inc.",N
FISI,"Financial Institutions, Inc.",NASDAQ
FISK,"Empire State Realty OP, L.P. Series 250 Operating Partnership Units Representing Limited Partnership Interests",P
FISN,"Deep Fission, Inc.",NASDAQ
FISV,"Fiserv, Inc.",NASDAQ
FITB,Fifth Third Bancorp,N
FIVE,"Five Below, Inc.",NASDAQ
FIVN,"Five9, Inc.",NASDAQ
FIX,"Comfort Systems USA, Inc.",N
FIZZ,National Beverage Corp.,NASDAQ
FJDIU,ARC Group Securities Acquisition I,NASDAQ
FJET,"Starfighters Space, Inc.",A
FKWL,Franklin Wireless Corp.,NASDAQ
FLD,"Fold Holdings, Inc.",NASDAQ
FLEX,Flex Ltd.,NASDAQ
FLG,"Flagstar Bank, N.A.",N
FLGT,"Fulgent Genetics, Inc.",NASDAQ
FLL,"Full House Resorts, Inc.",NASDAQ
FLNA,"Filana Therapeutics, Inc.",NASDAQ
FLNC,"Fluence Energy, Inc.",NASDAQ
FLNG,FLEX LNG Ltd.,N
FLNT,"Fluent, Inc.",NASDAQ
FLO,"Flowers Foods, Inc.",N
FLOC,Flowco Holdings Inc.,N
FLR,Fluor Corporation,N
FLS,Flowserve Corporation,N
FLUT,Flutter Entertainment plc,N
FLUX,"Flux Power Holdings, Inc.",NASDAQ
FLWS,"1-800-FLOWERS.COM, Inc.",NASDAQ
FLX,BingEx Limited,NASDAQ
FLXS,"Flexsteel Industries, Inc.",NASDAQ
FLY,Firefly Aerospace Inc.,NASDAQ
FLYE,"Fly-E Group, Inc.",NASDAQ
FLYW,Flywire Corporation,NASDAQ
FLYX,"flyExclusive, Inc.",A
FMAC,Future Money Acquisition Corporation,NASDAQ
FMACR,Future Money Acquisition Corporation,NASDAQ
FMACU,Future Money Acquisition Corporation,NASDAQ
FMAO,"Farmers & Merchants Bancorp, Inc.",NASDAQ
FMBH,"First Mid Bancshares, Inc.",NASDAQ
FMC,FMC Corporation,N
FMFC,Kandal M Venture Limited,NASDAQ
FMNB,Farmers National Banc Corp.,NASDAQ
FMS,Fresenius Medical Care AG American Depositary Shares (Each representing 1/2 of an Ordinary Share),N
FMST,Foremost Clean Energy Ltd.,NASDAQ
FMX,Fomento Economico Mexicano S.A.B. de C.V.,N
FN,Fabrinet,N
FNB,F.N.B. Corporation,N
FND,"Floor & Decor Holdings, Inc.",N
FNF,"Fidelity National Financial, Inc.",N
FNGD,"MicroSectors FANG  Index -3X Inverse Leveraged ETNs due January 8, 2038",P
FNGO,"MicroSectors FANG  Index 2X Leveraged ETNs due January 8, 2038",P
FNGR,"FingerMotion, Inc.",NASDAQ
FNKO,"Funko, Inc.",NASDAQ
FNLC,"First Bancorp, Inc (ME)",NASDAQ
FNRN,First Northern Community Bancorp,NASDAQ
FNUC,Frontier Nuclear and Minerals Inc.,NASDAQ
FNV,Franco-Nevada Corporation,N
FNWB,First Northwest Bancorp,NASDAQ
FNWD,Finward Bancorp,NASDAQ
FOA,Finance of America Companies Inc.,N
FOCL,EDAP TMS S.A.,NASDAQ
FOFO,"Hang Feng Technology Innovation Co., Ltd.",NASDAQ
FOIL,"Londian Wason New Energy Tech Inc. American Depositary Shares, each representing five",N
FOR,Forestar Group Inc,N
FORM,"FormFactor, Inc.",NASDAQ
FORR,"Forrester Research, Inc.",NASDAQ
FORTY,Formula Systems (1985) Ltd.,NASDAQ
FOSL,"Fossil Group, Inc.",NASDAQ
FOUR,"Shift4 Payments, Inc.",N
FOX,Fox Corporation,NASDAQ
FOXA,Fox Corporation,NASDAQ
FOXF,Fox Factory Holding Corp.,NASDAQ
FOXX,Foxx Development Holdings Inc.,NASDAQ
FPH,"Five Point Holdings, LLC",N
FPI,Farmland Partners Inc.,N
FPS,"Forgent Power Solutions, Inc.",N
FR,"First Industrial Realty Trust, Inc.",N
FRAF,Franklin Financial Services Corporation,NASDAQ
FRBA,First Bank,NASDAQ
FRBT,"Forbright, Inc.",NASDAQ
FRD,Friedman Industries Inc.,NASDAQ
FRGT,"Freight Technologies, Inc.",NASDAQ
FRHC,Freedom Holding Corp.,NASDAQ
FRME,First Merchants Corporation,NASDAQ
FRMI,Fermi Inc.,NASDAQ
FRMM,"Forum Markets, Incorporated",NASDAQ
FRNM,"Freenome, Inc.",NASDAQ
FRO,Frontline Plc,N
FROG,JFrog Ltd.,NASDAQ
FRPH,"FRP Holdings, Inc.",NASDAQ
FRPT,"Freshpet, Inc.",NASDAQ
FRSH,Freshworks Inc.,NASDAQ
FRST,Primis Financial Corp.,NASDAQ
FRSX,Foresight Autonomous Holdings Ltd.,NASDAQ
FRT,Federal Realty Investment Trust,N
FRTT,Fort Technology Inc.,NASDAQ
FRVO,Fervo Energy Company,NASDAQ
FSBC,Five Star Bancorp,NASDAQ
FSBW,"FS Bancorp, Inc.",NASDAQ
FSCO,FS Credit Opportunities Corp.,N
FSEA,"First Seacoast Bancorp, Inc.",NASDAQ
FSHP,Flag Ship Acquisition Corp.,NASDAQ
FSI,Flexible Solutions International Inc. Common Stock (CDA),A
FSK,FS KKR Capital Corp.,N
FSLR,"First Solar, Inc.",NASDAQ
FSLY,"Fastly, Inc.",NASDAQ
FSM,Fortuna Mining Corp.,N
FSP,Franklin Street Properties Corp.,A
FSS,Federal Signal Corporation,N
FSTR,L.B. Foster Company,NASDAQ
FSUN,FirstSun Capital Bancorp,NASDAQ
FSV,FirstService Corporation,NASDAQ
FT,Franklin Universal Trust,N
FTAI,FTAI Aviation Ltd.,NASDAQ
FTCI,"FTC Solar, Inc.",NASDAQ
FTDR,"Frontdoor, Inc.",NASDAQ
FTEK,"Fuel Tech, Inc.",NASDAQ
FTF,Franklin Limited Duration Income Trust Common Shares of Beneficial Interest,A
FTFT,Future FinTech Group Inc.,NASDAQ
FTH,"Faeth Therapeutics, Inc.",NASDAQ
FTHA,Forefront Tech Holdings Acquisition Corp,NASDAQ
FTHM,Fathom Holdings Inc.,NASDAQ
FTI,TechnipFMC plc Ordinary Share,N
FTK,"Flotek Industries, Inc.",N
FTLF,"FitLife Brands, Inc.",NASDAQ
FTNT,"Fortinet, Inc.",NASDAQ
FTRA,FutureCorp Space Acquisition 1,N
FTRE,Fortrea Holdings Inc.,NASDAQ
FTS,Fortis Inc.,N
FTV,Fortive Corporation,N
FTW,Presidio Production Company,N
FUBO,FuboTV Inc.,N
FUFU,BitFuFu Inc.,NASDAQ
FUL,H. B. Fuller Company,N
FULC,"Fulcrum Therapeutics, Inc.",NASDAQ
FULT,Fulton Financial Corporation,NASDAQ
FUN,Six Flags Entertainment Corporation Common Stock New,N
FUNC,First United Corporation,NASDAQ
FURY,Fury Gold Mines Limited,A
FUSB,"First US Bancshares, Inc.",NASDAQ
FUSE,Fusemachines Inc.,NASDAQ
FUSEW,Fusemachines Inc.,NASDAQ
FUTU,Futu Holdings Limited,NASDAQ
FVAV,Fortress Value Acquisition Corp. V,NASDAQ
FVCB,"FVCBankcorp, Inc.",NASDAQ
FVN,Future Vision II Acquisition Corporation,NASDAQ
FVNNU,Future Vision II Acquisition Corporation,NASDAQ
FVR,"FrontView REIT, Inc.",N
FVRR,"Fiverr International Ltd. Ordinary Shares, no par value",N
FWAC,Futurewave Acquisition Corporation,NASDAQ
FWACR,Futurewave Acquisition Corporation,NASDAQ
FWACU,Futurewave Acquisition Corporation,NASDAQ
FWACW,Futurewave Acquisition Corporation,NASDAQ
FWDI,"Forward Industries, Inc.",NASDAQ
FWONA,Liberty Media Corporation,NASDAQ
FWONK,Liberty Media Corporation,NASDAQ
FWRD,Forward Air Corporation,NASDAQ
FWRG,"First Watch Restaurant Group, Inc.",NASDAQ
FXAC,FortuneX Acquisition Corporation,NASDAQ
FXACU,FortuneX Acquisition Corporation,NASDAQ
FXHO,UTime Limited,NASDAQ
FXNC,First National Corporation,NASDAQ
G,Genpact Limited,N
GAB,"Gabelli Equity Trust, Inc. (The)",N
GABC,"German American Bancorp, Inc.",NASDAQ
GAIA,"Gaia, Inc.",NASDAQ
GAIN,Gladstone Investment Corporation,NASDAQ
GALT,Galectin Therapeutics Inc.,NASDAQ
GAM,"General American Investors, Inc.",N
GAME,"GameSquare Holdings, Inc.",NASDAQ
GANX,"Gain Therapeutics, Inc.",NASDAQ
GAP,"Gap, Inc. (The)",N
GASS,"StealthGas, Inc.",NASDAQ
GATX,GATX Corporation,N
GAU,Galiano Gold Inc.,A
GAUZ,Gauzy Ltd.,NASDAQ
GBCI,"Glacier Bancorp, Inc.",N
GBFH,GBank Financial Holdings Inc.,NASDAQ
GBLI,"Global Indemnity Group, LLC",NASDAQ
GBR,"New Concept Energy, Inc",A
GBTG,"Global Business Travel Group, Inc.",N
GBX,"Greenbrier Companies, Inc. (The)",N
GCBC,"Greene County Bancorp, Inc.",NASDAQ
GCDT,Green Circle Decarbonize Technology Limited,A
GCGR,General Catalyst Global Resilience Merger Corp.,NASDAQ
GCGRU,General Catalyst Global Resilience Merger Corp.,NASDAQ
GCGRW,General Catalyst Global Resilience Merger Corp.,NASDAQ
GCL,GCL Global Holdings Ltd,NASDAQ
GCLWW,GCL Global Holdings Ltd,NASDAQ
GCMG,GCM Grosvenor Inc.,NASDAQ
GCO,Genesco Inc.,N
GCT,GigaCloud Technology Inc,NASDAQ
GCTK,"GlucoTrack, Inc.",NASDAQ
GCTS,"GCT Semiconductor Holding, Inc.",N
GD,General Dynamics Corporation,N
GDC,GD Culture Group Limited,NASDAQ
GDDY,GoDaddy Inc.,N
GDEV,GDEV Inc.,NASDAQ
GDHG,Golden Heaven Group Holdings Ltd.,NASDAQ
GDOT,"Green Dot Corporation Class A Common Stock, $0.001 par value",N
GDRX,"GoodRx Holdings, Inc.",NASDAQ
GDS,GDS Holdings Limited,NASDAQ
GDTC,CytoMed Therapeutics Limited,NASDAQ
GDV,Gabelli Dividend & Income Trust Common Shares of Beneficial Interest,N
GDYN,"Grid Dynamics Holdings, Inc.",NASDAQ
GE,GE Aerospace,N
GEF,Greif Inc.,N
GEF-B,"Greif, Inc. Corporation",N
GEG,"Great Elm Group, Inc.",NASDAQ
GEHC,GE HealthCare Technologies Inc.,NASDAQ
GEL,"Genesis Energy, L.P. Common Units",N
GELS,Gelteq Limited,NASDAQ
GEMI,"Gemini Space Station, Inc.",NASDAQ
GEN,Gen Digital Inc.,NASDAQ
GENB,"Generate Biomedicines, Inc.",NASDAQ
GENC,"Gencor Industries, Inc.",A
GENI,Genius Sports Limited,N
GENK,"GEN Restaurant Group, Inc.",NASDAQ
GENVR,Gen Digital Inc.,NASDAQ
GEO,Geo Group Inc (The) REIT,N
GEOS,Geospace Technologies Corporation,NASDAQ
GERN,Geron Corporation,NASDAQ
GETY,"Getty Images Holdings, Inc.",N
GEV,GE Vernova Inc.,N
GEVO,"Gevo, Inc.",NASDAQ
GFAI,"Guardforce AI Co., Limited",NASDAQ
GFF,Griffon Corporation,N
GFI,Gold Fields Limited,N
GFL,"GFL Environmental Inc. Subordinate voting shares, no par value",N
GFR,Greenfire Resources Ltd.,N
GFS,GlobalFoundries Inc.,NASDAQ
GFUZ,General Fusion Group Ltd.,NASDAQ
GGAL,Grupo Financiero Galicia S.A.,NASDAQ
GGB,Gerdau S.A.,N
GGG,Graco Inc.,N
GGN,"GAMCO Global Gold, Natural Resources & Income Trust",A
GGR,Gogoro Inc.,NASDAQ
GGT,"Gabelli Multi-Media Trust, Inc. (The)",N
GGZ,Gabelli Global Small and Mid Cap Value Trust (The) Common Shares of Beneficial Interest,N
GH,"Guardant Health, Inc.",NASDAQ
GHC,Graham Holdings Company,N
GHG,"GreenTree Hospitality Group Ltd. American depositary shares, each representing one Class A ordinary share",N
GHM,Graham Corporation,N
GHRS,GH Research PLC,NASDAQ
GHXI,"Gores Holdings XI, Inc.",NASDAQ
GHXIU,"Gores Holdings XI, Inc.",NASDAQ
GIB,CGI Inc.,N
GIBO,GIBO Holdings Limited,NASDAQ
GIBOW,GIBO Holdings Limited,NASDAQ
GIC,Global Industrial Company,N
GIFT,"Giftify, Inc.",NASDAQ
GIGM,GigaMedia Limited,NASDAQ
GIII,"G-III Apparel Group, LTD.",NASDAQ
GIL,"Gildan Activewear, Inc. Class A Sub. Vot.",N
GILD,"Gilead Sciences, Inc.",NASDAQ
GILT,Gilat Satellite Networks Ltd.,NASDAQ
GIPR,Generation Income Properties Inc.,NASDAQ
GIS,"General Mills, Inc.",N
GITS,"Global Interactive Technologies, Inc.",NASDAQ
GIW,GigCapital8 Corp.,NASDAQ
GIWWR,GigCapital8 Corp.,NASDAQ
GIWWU,GigCapital8 Corp.,NASDAQ
GIX,GigCapital9 Corp.,NASDAQ
GIXI,Gix Internet Ltd.,NASDAQ
GIXXR,GigCapital9 Corp.,NASDAQ
GIXXU,GigCapital9 Corp.,NASDAQ
GJH,Synthetic Fixed-Income Securities Inc 6.375% (STRATS) Cl A-1,N
GJO,"Synthetic Fixed-Income Securities, Inc. on behalf of STRATS(SM) Trust for Wal-Mart Stores, Inc. Securities, Series 2004-5",N
GJP,"Synthetic Fixed-Income Securities, Inc. on behalf of STRATS (SM) Trust for Dominion Resources, Inc. Securities, Series 2005-6, Floating Rate Structured Repackaged Asset-Backed Trust Securities (STRATS) Certificates",N
GJR,"Synthetic Fixed-Income Securities, Inc. STRATS Trust for Procter&Gamble Securities, Series 2006-1",N
GJS,"Goldman Sachs Group Securities STRATS Trust for Goldman Sachs Group Securities, Series 2006-2",N
GJT,"Synthetic Fixed-Income Securities, Inc. Floating Rate Structured Repackaged Asset-Backed Trust Securities Certificates, Series 2006-3",N
GKOS,Glaukos Corporation,N
GL,Globe Life Inc.,N
GLAS,Glass House Brands Inc. Subordinate Voting Shares,N
GLBE,Global-E Online Ltd.,NASDAQ
GLBS,Globus Maritime Limited,NASDAQ
GLDG,GoldMining Inc.,A
GLE,Global Engine Group Holding Limited,NASDAQ
GLED,GalaxyEdge Acquisition Corporation,N
GLED-R,GalaxyEdge Acquisition Corporation Rights to receive one-fourth (1/4) of one ordinary share,N
GLIBA,Liberty Capital Corporation,NASDAQ
GLIBK,Liberty Capital Corporation,NASDAQ
GLND,Greenland Energy Company,NASDAQ
GLNG,Golar LNG Limited,NASDAQ
GLOB,Globant S.A.,N
GLOO,"Gloo Holdings, Inc.",NASDAQ
GLP,Global Partners LP Common Units representing Limited Partner Interests,N
GLPI,"Gaming and Leisure Properties, Inc.",NASDAQ
GLRE,"Greenlight Reinsurance, Ltd.",NASDAQ
GLSI,"Greenwich LifeSciences, Inc.",NASDAQ
GLU,Gabelli Global Utility Common Shares of Beneficial Ownership,A
GLUE,"Monte Rosa Therapeutics, Inc.",NASDAQ
GLW,Corning Incorporated,N
GLXG,Galaxy Payroll Group Limited,NASDAQ
GLXY,Galaxy Digital Inc.,NASDAQ
GM,General Motors Company,N
GMAB,Genmab A/S,NASDAQ
GME,GameStop Corporation,N
GME-W,GameStop Corporation Warrants to Purchase,N
GMED,"Globus Medical, Inc.",N
GMEX,GMEX ROBOTICS CORPORATION,NASDAQ
GMHS,Gamehaus Holdings Inc.,NASDAQ
GMM,Global Mofy AI Limited,NASDAQ
GMRS,GMR Solutions Inc.,N
GMTL,Guardian Metal Resources PLC ADS,A
GNE,Genie Energy Ltd. Class B Common Stock Stock,N
GNK,Genco Shipping & Trading Limited Ordinary Shares New (Marshall Islands),N
GNL,"Global Net Lease, Inc.",N
GNLN,"Greenlane Holdings, Inc.",NASDAQ
GNLX,Genelux Corporation,NASDAQ
GNPX,"Genprex, Inc.",NASDAQ
GNRC,Generac Holdlings Inc.,N
GNS,Genius Group Limited,A
GNSS,Genasys Inc.,NASDAQ
GNT,"GAMCO Natural Resources, Gold & Income Trust",N
GNTA,Genenta Science S.p.A.,NASDAQ
GNTX,Gentex Corporation,NASDAQ
GNW,Genworth Financial Inc,N
GO,Grocery Outlet Holding Corp.,NASDAQ
GOAI,Eva Live Inc.,NASDAQ
GOGO,Gogo Inc.,NASDAQ
GOLD,"Gold.com, Inc.",N
GOLF,Acushnet Holdings Corp.,N
GOOD,Gladstone Commercial Corporation,NASDAQ
GOOG,Alphabet Inc.,NASDAQ
GOOGL,Alphabet Inc.,NASDAQ
GOOS,Canada Goose Holdings Inc. Subordinate Voting Shares,N
GORO,Goldgroup Mining Inc.,A
GOSS,"Gossamer Bio, Inc.",NASDAQ
GOTU,Gaotu Techedu Inc.,N
GOVX,"GeoVax Labs, Inc.",NASDAQ
GP,GreenPower Motor Company Inc.,NASDAQ
GPAC,General Purpose Acquisition Corp.,NASDAQ
GPACU,General Purpose Acquisition Corp.,NASDAQ
GPAT,GP-Act III Acquisition Corp.,NASDAQ
GPATU,GP-Act III Acquisition Corp.,NASDAQ
GPATW,GP-Act III Acquisition Corp.,NASDAQ
GPC,Genuine Parts Company,N
GPCR,Structure Therapeutics Inc.,NASDAQ
GPGI,"GPGI, Inc.",N
GPI,"Group 1 Automotive, Inc.",N
GPK,Graphic Packaging Holding Company,N
GPMT,Granite Point Mortgage Trust Inc.,N
GPN,Global Payments Inc.,N
GPOR,Gulfport Energy Corporation,N
GPRE,"Green Plains, Inc.",NASDAQ
GPRK,Geopark Ltd,N
GPRO,"GoPro, Inc.",NASDAQ
GPUS,"Hyperscale Data, Inc.",A
GRAB,Grab Holdings Limited,NASDAQ
GRAL,"GRAIL, Inc.",NASDAQ
GRAN,Grande Group Limited,NASDAQ
GRBK,"Green Brick Partners, Inc.",N
GRC,Gorman-Rupp Company (The),N
GRCE,"Grace Therapeutics, Inc.",NASDAQ
GRDN,"Guardian Pharmacy Services, Inc.",N
GRDX,GridAI Technologies Corp.,NASDAQ
GRFS,"Grifols, S.A.",NASDAQ
GRI,"GRI Bio, Inc.",NASDAQ
GRML,Greenland Mines Ltd,NASDAQ
GRMLW,Greenland Mines Ltd,NASDAQ
GRMN,Garmin Ltd. Common Stock (Switzerland),N
GRND,Grindr Inc.,N
GRNQ,Greenpro Capital Corp.,NASDAQ
GRNT,"Granite Ridge Resources, Inc.",N
GRO,Brazil Potash Corp.,A
GROV,"Grove Collaborative Holdings, Inc.",N
GROW,"U.S. Global Investors, Inc.",NASDAQ
GROY,Gold Royalty Corp.,A
GROY-W,Gold Royalty Corp. Warrants,A
GRPN,"Groupon, Inc.",NASDAQ
GRRR,Gorilla Technology Group Inc.,NASDAQ
GRSD,Grandstand Limited,NASDAQ
GRVY,"GRAVITY Co., Ltd.",NASDAQ
GRWG,GrowGeneration Corp.,NASDAQ
GRX,The Gabelli Healthcare & Wellness Trust Common Shares of Beneficial Interest,N
GS,"Goldman Sachs Group, Inc. (The)",N
GSAT,"Globalstar, Inc.",NASDAQ
GSBC,"Great Southern Bancorp, Inc.",NASDAQ
GSBD,"Goldman Sachs BDC, Inc.",N
GSHD,"Goosehead Insurance, Inc.",NASDAQ
GSHR,Gesher Acquisition Corp. II,NASDAQ
GSHRU,Gesher Acquisition Corp. II,NASDAQ
GSHRW,Gesher Acquisition Corp. II,NASDAQ
GSIT,"GSI Technology, Inc.",NASDAQ
GSIW,Garden Stage Limited,NASDAQ
GSK,GSK plc American Depositary Shares (Each representing two Ordinary Shares),N
GSL,Global Ship Lease Inc New,N
GSM,Ferroglobe PLC,NASDAQ
GSRF,GSR IV Acquisition Corp.,NASDAQ
GSRFR,GSR IV Acquisition Corp.,NASDAQ
GSRFU,GSR IV Acquisition Corp.,NASDAQ
GSRV,GSR V Acquisition Corp.,NASDAQ
GSRVR,GSR V Acquisition Corp.,NASDAQ
GSRVU,GSR V Acquisition Corp.,NASDAQ
GSUN,Golden Sun Technology Group Limited,NASDAQ
GT,The Goodyear Tire & Rubber Company,NASDAQ
GTBP,"GT Biopharma, Inc.",NASDAQ
GTE,Gran Tierra Energy Inc.,A
GTEC,Greenland Technologies Holding Corporation,NASDAQ
GTEN,"Gores Holdings X, Inc.",NASDAQ
GTENU,"Gores Holdings X, Inc.",NASDAQ
GTENW,"Gores Holdings X, Inc.",NASDAQ
GTERA,Globa Terra Acquisition Corporation,NASDAQ
GTERR,Globa Terra Acquisition Corporation,NASDAQ
GTERU,Globa Terra Acquisition Corporation,NASDAQ
GTERW,Globa Terra Acquisition Corporation,NASDAQ
GTES,Gates Industrial Corporation Ltd.,N
GTIM,Good Times Restaurants Inc.,NASDAQ
GTLB,GitLab Inc.,NASDAQ
GTM,ZoomInfo Technologies Inc.,NASDAQ
GTN,"Gray Media, Inc.",N
GTN-A,"Gray Media, Inc.",N
GTX,Garrett Motion Inc.,NASDAQ
GTY,Getty Realty Corporation,N
GUAC,Berto Acquisition Corp. II,NASDAQ
GUACU,Berto Acquisition Corp. II,NASDAQ
GUACW,Berto Acquisition Corp. II,NASDAQ
GURE,"Gulf Resources, Inc.",NASDAQ
GUT,Gabelli Utility Trust (The),N
GUTS,"Fractyl Health, Inc.",NASDAQ
GVA,Granite Construction Incorporated,N
GVH,Globavend Holdings Limited,NASDAQ
GWAV,"Greenwave Technology Solutions, Inc.",NASDAQ
GWH,"ESS Tech, Inc.",N
GWRE,"Guidewire Software, Inc.",N
GWRS,"Global Water Resources, Inc.",NASDAQ
GWW,"W.W. Grainger, Inc.",N
GXAI,Gaxos.ai Inc.,NASDAQ
GXO,"GXO Logistics, Inc.",N
GYGY,"Game Your Game, Inc.",NASDAQ
GYRE,"Gyre Therapeutics, Inc.",NASDAQ
GYRO,"Gyrodyne , LLC",NASDAQ
H,Hyatt Hotels Corporation,N
HACQ,HCM IV Acquisition Corp.,NASDAQ
HACQW,HCM IV Acquisition Corp.,NASDAQ
HAE,Haemonetics Corporation,N
HAFC,Hanmi Financial Corporation,NASDAQ
HAFN,Hafnia Limited,N
HAIN,"The Hain Celestial Group, Inc.",NASDAQ
HAL,Halliburton Company,N
HALO,"Halozyme Therapeutics, Inc.",NASDAQ
HAO,Haoxi Health Technology Limited,NASDAQ
HAPN,"Happen, Inc.",NASDAQ
HAS,"Hasbro, Inc.",NASDAQ
HASI,"HA Sustainable Infrastructure Capital, Inc.",N
HAVA,Harvard Ave Acquisition Corporation,NASDAQ
HAVAR,Harvard Ave Acquisition Corporation,NASDAQ
HAWK,"HawkEye 360, Inc.",N
HAYW,"Hayward Holdings, Inc.",N
HBAN,Huntington Bancshares Incorporated,NASDAQ
HBB,Hamilton Beach Brands Holding Company,N
HBCP,"Home Bancorp, Inc.",NASDAQ
HBIO,"Harvard Bioscience, Inc.",NASDAQ
HBM,Hudbay Minerals Inc. Ordinary Shares (Canada),N
HBNB,Hotel101 Global Holdings Corp.,NASDAQ
HBNC,"Horizon Bancorp, Inc.",NASDAQ
HBT,"HBT Financial, Inc.",NASDAQ
HCA,"HCA Healthcare, Inc.",N
HCAC,Hall Chadwick Acquisition Corp.,NASDAQ
HCACR,Hall Chadwick Acquisition Corp.,NASDAQ
HCAI,"Huachen AI Parking Management Technology Holding Co., Ltd.",NASDAQ
HCAT,"Health Catalyst, Inc",NASDAQ
HCC,"Warrior Met Coal, Inc.",N
HCHL,Happy City Holdings Limited,NASDAQ
HCI,"HCI Group, Inc.",N
HCIC,Hennessy Capital Investment Corp. VIII,NASDAQ
HCICR,Hennessy Capital Investment Corp. VIII,NASDAQ
HCICU,Hennessy Capital Investment Corp. VIII,NASDAQ
HCKT,"The Hackett Group, Inc.",NASDAQ
HCM,HUTCHMED (China) Limited,NASDAQ
HCMA,HCM III Acquisition Corp.,NASDAQ
HCMAU,HCM III Acquisition Corp.,NASDAQ
HCMAW,HCM III Acquisition Corp.,NASDAQ
HCSG,"Healthcare Services Group, Inc.",NASDAQ
HCTI,"Healthcare Triangle, Inc.",NASDAQ
HCWB,HCW Biologics Inc.,NASDAQ
HD,"Home Depot, Inc. (The)",N
HDB,HDFC Bank Limited,N
HDL,SUPER HI INTERNATIONAL HOLDING LTD.,NASDAQ
HDRN,"Hadron Energy, Inc.",NASDAQ
HDSN,"Hudson Technologies, Inc.",NASDAQ
HE,"Hawaiian Electric Industries, Inc.",N
HEI,Heico Corporation,N
HEI-A,Heico Corporation,N
HELE,Helen of Troy Limited,NASDAQ
HELP,Cybin Inc.,NASDAQ
HEPS,D-Market Electronic Services & Trading,NASDAQ
HERE,Here Group Limited,NASDAQ
HESM,Hess Midstream LP Class A Representing Limited Partner Interests,N
HFBL,"Home Federal Bancorp, Inc. of Louisiana",NASDAQ
HFFG,HF Foods Group Inc.,NASDAQ
HFWA,Heritage Financial Corporation,NASDAQ
HG,"Hamilton Insurance Group, Ltd.",N
HGBL,Heritage Global Inc.,NASDAQ
HGTY,"Hagerty, Inc.",N
HGV,Hilton Grand Vacations Inc.,N
HHH,Howard Hughes Holdings Inc.,N
HHS,"Harte Hanks, Inc.",NASDAQ
HIFS,Hingham Institution for Savings,NASDAQ
HIG,"The Hartford Insurance Group, Inc.",N
HIHO,Highway Holdings Limited,NASDAQ
HII,"Huntington Ingalls Industries, Inc.",N
HIMS,"Hims & Hers Health, Inc.",N
HIMX,"Himax Technologies, Inc.",NASDAQ
HIND,"Vyome Holdings, Inc.",NASDAQ
HIPO,Hippo Holdings Inc.,N
HIT,"Health In Tech, Inc.",NASDAQ
HITI,High Tide Inc.,NASDAQ
HIVE,HIVE Digital Technologies Ltd,NASDAQ
HIW,"Highwoods Properties, Inc.",N
HKD,AMTD Digital Inc. American Depositary Shares (every five of which represent two Class A Ordinary Shares),N
HKIT,Hitek Global Inc.,NASDAQ
HKPD,"Cellyan Biotechnology Co., Ltd",NASDAQ
HL,Hecla Mining Company,N
HLF,Herbalife Ltd.,N
HLI,"Houlihan Lokey, Inc.",N
HLIO,"Helios Technologies, Inc.",N
HLIT,Harmonic Inc.,NASDAQ
HLLY,Holley Inc.,N
HLMN,Hillman Solutions Corp.,NASDAQ
HLN,Haleon plc American Depositary Shares (Each representing two Ordinary Shares),N
HLNE,Hamilton Lane Incorporated,NASDAQ
HLP,Hongli Group Inc.,NASDAQ
HLSQ,Tessera Defense and Homeland Security Inc.,A
HLT,Hilton Worldwide Holdings Inc.,N
HLXC,Helix Acquisition Corp. III,NASDAQ
HMC,"Honda Motor Company, Ltd.",N
HMH,HMH Holding Inc.,NASDAQ
HMN,Horace Mann Educators Corporation,N
HMR,Heidmar Maritime Holdings Corp.,NASDAQ
HMY,Harmony Gold Mining Company Limited,N
HNGE,"Hinge Health, Inc.",N
HNI,HNI Corporation,N
HNNA,"Hennessy Advisors, Inc.",NASDAQ
HNRG,Hallador Energy Company,NASDAQ
HNST,"The Honest Company, Inc.",NASDAQ
HNVR,"Hanover Bancorp, Inc.",NASDAQ
HODO,House of Doge Inc.,NASDAQ
HOFT,Hooker Furnishings Corporation,NASDAQ
HOG,"Harley-Davidson, Inc.",N
HOLO,MicroCloud Hologram Inc.,NASDAQ
HOMB,"Home BancShares, Inc.",N
HON,Honeywell International Inc.,NASDAQ
HONA,Honeywell Aerospace Inc.,NASDAQ
HOOD,"Robinhood Markets, Inc.",NASDAQ
HOPE,"Hope Bancorp, Inc.",NASDAQ
HOS,"Hornbeck Offshore Services, Inc.",N
HOST,Host Digital Inc.,A
HOUR,"Hour Loop, Inc.",NASDAQ
HOV,"Hovnanian Enterprises, Inc.",N
HOVR,New Horizon Aircraft Ltd.,NASDAQ
HOWL,"Werewolf Therapeutics, Inc.",NASDAQ
HP,"Helmerich & Payne, Inc.",N
HPAI,Helport AI Limited,NASDAQ
HPAIW,Helport AI Limited,NASDAQ
HPE,Hewlett Packard Enterprise Company,N
HPK,"HighPeak Energy, Inc.",NASDAQ
HPP,"Hudson Pacific Properties, Inc.",N
HPQ,HP Inc.,N
HQ,Horizon Quantum Holdings Ltd.,NASDAQ
HQH,abrdn Healthcare Investors Shares of Beneficial Interest,N
HQI,"HireQuest, Inc.",NASDAQ
HQL,abrdn Life Sciences Investors Shares of Beneficial Interest,N
HQY,"HealthEquity, Inc.",NASDAQ
HR,Healthcare Realty Trust Incorporated,N
HRB,"H&R Block, Inc.",N
HRI,Herc Holdings Inc.,N
HRL,Hormel Foods Corporation,N
HRMY,"Harmony Biosciences Holdings, Inc.",NASDAQ
HROW,"Harrow, Inc.",NASDAQ
HRTG,"Heritage Insurance Holdings, Inc.",N
HRTX,"Heron Therapeutics, Inc.",NASDAQ
HRZN,Horizon Technology Finance Corporation,NASDAQ
HSAI,Hesai Group,NASDAQ
HSBC,"HSBC Holdings, plc.",N
HSCS,HeartSciences Inc.,NASDAQ
HSDT,Solana Company,NASDAQ
HSHP,Himalaya Shipping Ltd.,N
HSIC,"Henry Schein, Inc.",NASDAQ
HSLV,Highlander Silver Corp.,A
HST,"Host Hotels & Resorts, Inc.",NASDAQ
HSTM,"HealthStream, Inc.",NASDAQ
HSY,The Hershey Company,N
HTB,"HomeTrust Bancshares, Inc.",N
HTCO,High-Trend International Group,NASDAQ
HTCR,"Heartcore Enterprises, Inc.",NASDAQ
HTFL,"Heartflow, Inc.",NASDAQ
HTGC,"Hercules Capital, Inc.",N
HTH,Hilltop Holdings Inc.,N
HTHT,H World Group Limited,NASDAQ
HTLD,"Heartland Express, Inc.",NASDAQ
HTLM,HomesToLife Ltd,NASDAQ
HTO,H2O America,NASDAQ
HTOO,Fusion Fuel Green PLC,NASDAQ
HTT,"High Templar Tech Limited American depositary shares, each representing one Class A ordinary share",N
HTZ,"Hertz Global Holdings, Inc",NASDAQ
HUBB,Hubbell Inc,N
HUBC,Hub Cyber Security Ltd.,NASDAQ
HUBG,"Hub Group, Inc.",NASDAQ
HUBS,"HubSpot, Inc.",N
HUDI,"Huadi International Group Co., Ltd.",NASDAQ
HUHU,HUHUTECH International Group Inc.,NASDAQ
HUIZ,Huize Holding Limited,NASDAQ
HUM,Humana Inc.,N
HUMA,"Humacyte, Inc.",NASDAQ
HUN,Huntsman Corporation,N
HURA,"TuHURA Biosciences, Inc.",NASDAQ
HURC,"Hurco Companies, Inc.",NASDAQ
HURN,Huron Consulting Group Inc.,NASDAQ
HUT,Hut 8 Corp.,NASDAQ
HUYA,"HUYA Inc. American depositary shares, each  representing one Class A ordinary share",N
HVII,Hennessy Capital Investment Corp. VII,NASDAQ
HVIIR,Hennessy Capital Investment Corp. VII,NASDAQ
HVMC,Highview Merger Corp.,NASDAQ
HVMCU,Highview Merger Corp.,NASDAQ
HVMCW,Highview Merger Corp.,NASDAQ
HVT,"Haverty Furniture Companies, Inc.",N
HVT-A,"Haverty Furniture Companies, Inc.",N
HWBK,"Hawthorn Bancshares, Inc.",NASDAQ
HWC,Hancock Whitney Corporation,NASDAQ
HWKN,"Hawkins, Inc.",NASDAQ
HWM,Howmet Aerospace Inc.,N
HXHX,Haoxin Holdings Limited,NASDAQ
HXL,Hexcel Corporation,N
HY,"Hyster-Yale, Inc. Class A common stock",N
HYFM,"Hydrofarm Holdings Group, Inc.",NASDAQ
HYFT,MindWalk Holdings Corp.,NASDAQ
HYLN,Hyliion Holdings Corp.,A
HYMC,Hycroft Mining Holding Corporation,NASDAQ
HYNE,"Hoyne Bancorp, Inc.",NASDAQ
HYPD,"Hyperion DeFi, Inc.",NASDAQ
HYPR,"Hyperfine, Inc.",NASDAQ
HZO,"MarineMax, Inc.  (FL)",N
IA,"Innovative Solutions and Support, Inc.",NASDAQ
IACO,Idea Acquisition Corp.,NASDAQ
IACOU,Idea Acquisition Corp.,NASDAQ
IACOW,Idea Acquisition Corp.,NASDAQ
IACQ,Irenic Acquisition Corp.,NASDAQ
IACQW,Irenic Acquisition Corp.,NASDAQ
IAG,Iamgold Corporation,N
IART,Integra LifeSciences Holdings Corporation,NASDAQ
IAUX,i-80 Gold Corp.,A
IBAC,IB Acquisition Corp.,NASDAQ
IBCP,Independent Bank Corporation,NASDAQ
IBEX,IBEX Limited,NASDAQ
IBG,Innovation Beverage Group Limited,NASDAQ
IBIO,"iBio, Inc.",NASDAQ
IBKR,"Interactive Brokers Group, Inc.",NASDAQ
IBM,International Business Machines Corporation,N
IBN,ICICI Bank Limited,N
IBO,"Impact BioMedical, Inc.",A
IBOC,International Bancshares Corporation,NASDAQ
IBP,"Installed Building Products, Inc.",N
IBRX,"ImmunityBio, Inc.",NASDAQ
IBTA,"Ibotta, Inc.",N
ICCC,ImmuCell Corporation,NASDAQ
ICCM,IceCure Medical Ltd.,NASDAQ
ICE,Intercontinental Exchange Inc.,N
ICFI,"ICF International, Inc.",NASDAQ
ICG,Intchains Group Limited,NASDAQ
ICHR,Ichor Holdings,NASDAQ
ICL,ICL Group Ltd.,N
ICLR,ICON plc,NASDAQ
ICMB,"Investcorp Credit Management BDC, Inc.",NASDAQ
ICON,Icon Energy Corp.,NASDAQ
ICU,SeaStar Medical Holding Corporation,NASDAQ
ICUI,"ICU Medical, Inc.",NASDAQ
IDA,"IDACORP, Inc.",N
IDAC,Iron Dome Acquisition I Corp.,NASDAQ
IDACU,Iron Dome Acquisition I Corp.,NASDAQ
IDAI,T Stamp Inc.,NASDAQ
IDCC,"InterDigital, Inc.",NASDAQ
IDN,"Intellicheck, Inc.",NASDAQ
IDR,"Idaho Strategic Resources, Inc.",A
IDT,IDT Corporation,N
IDXX,"IDEXX Laboratories, Inc.",NASDAQ
IDYA,"IDEAYA Biosciences, Inc.",NASDAQ
IE,Ivanhoe Electric Inc.,A
IEAG,Infinite Eagle Acquisition Corp.,NASDAQ
IEAGR,Infinite Eagle Acquisition Corp.,NASDAQ
IEP,Icahn Enterprises L.P.,NASDAQ
IESC,"IES Holdings, Inc.",NASDAQ
IEX,IDEX Corporation,N
IFBD,"Infobird Co., Ltd",NASDAQ
IFF,"International Flavors & Fragrances, Inc.",N
IFRX,InflaRx N.V.,NASDAQ
IFS,Intercorp Financial Services Inc.,N
IGAC,Invest Green Acquisition Corporation,NASDAQ
IGACR,Invest Green Acquisition Corporation,NASDAQ
IGACU,Invest Green Acquisition Corporation,NASDAQ
IGC,"IGC Pharma, Inc.",A
IGI,Western Asset Investment Grade Opportunity Trust Inc.,N
IGIC,International General Insurance Holdings Ltd.,NASDAQ
IH,"iHuman Inc. American depositary shares, each representing five Class A ordinary shares",N
IHG,Intercontinental Hotels Group American Depositary Shares (Each representing one Ordinary Share),N
IHRT,"iHeartMedia, Inc.",NASDAQ
IHS,IHS Holding Limited,N
IHT,InnSuites Hospitality Trust Shares of Beneficial Interest,A
III,"Information Services Group, Inc.",NASDAQ
IIIN,"Insteel Industries, Inc.",N
IIIV,"i3 Verticals, Inc.",NASDAQ
IIM,Invesco Value Municipal Income Trust,N
IIPR,"Innovative Industrial Properties, Inc.",N
IKT,"Inhibikase Therapeutics, Inc.",NASDAQ
ILAG,Intelligent Living Application Group Inc.,NASDAQ
ILLR,Triller Group Inc.,NASDAQ
ILLU,Illumination Acquisition Corp I,NASDAQ
ILLUU,Illumination Acquisition Corp I,NASDAQ
ILMN,"Illumina, Inc.",NASDAQ
ILPT,Industrial Logistics Properties Trust,NASDAQ
IMA,"ImageneBio, Inc.",NASDAQ
IMAX,Imax Corporation,N
IMC,IMC Rare Earths Ltd,A
IMCC,IM Cannabis Corp.,NASDAQ
IMCR,Immunocore Holdings plc,NASDAQ
IMDX,Insight Molecular Diagnostics Inc.,NASDAQ
IMKTA,"Ingles Markets, Incorporated",NASDAQ
IMMP,Immutep Limited,NASDAQ
IMMR,Immersion Corporation,NASDAQ
IMMX,"Immix Biopharma, Inc.",NASDAQ
IMNM,"Immunome, Inc.",NASDAQ
IMNN,"Imunon, Inc.",NASDAQ
IMO,Imperial Oil Limited,A
IMOS,ChipMOS TECHNOLOGIES INC.,NASDAQ
IMPP,Imperial Petroleum Inc.,NASDAQ
IMRN,Immuron Limited,NASDAQ
IMRX,Immuneering Corporation,NASDAQ
IMSR,Terrestrial Energy Inc.,NASDAQ
IMTE,Integrated Media Technology Limited,NASDAQ
IMTX,Immatics N.V.,NASDAQ
IMUX,"Immunic, Inc.",NASDAQ
IMVT,"Immunovant, Inc.",NASDAQ
IMXI,"International Money Express, Inc.",NASDAQ
INAB,"IN8bio, Inc.",NASDAQ
INAC,Indigo Acquisition Corp.,NASDAQ
INBK,First Internet Bancorp,NASDAQ
INBS,Intelligent Bio Solutions Inc.,NASDAQ
INBX,"Inhibrx Biosciences, Inc.",NASDAQ
INCR,Intercure Ltd.,NASDAQ
INCY,Incyte Corporation,NASDAQ
INDB,Independent Bank Corp.,NASDAQ
INDI,"indie Semiconductor, Inc.",NASDAQ
INDO,Indonesia Energy Corporation Limited,A
INDP,"Indaptus Therapeutics, Inc.",NASDAQ
INDV,"Indivior Pharmaceuticals, Inc.",NASDAQ
INEO,INNEOVA Holdings Limited,NASDAQ
INFQ,"Infleqtion, Inc.",N
INFU,"InfuSystems Holdings, Inc.",A
INFY,Infosys Limited,N
ING,"ING Group, N.V.",N
INGM,Ingram Micro Holding Corporation,N
INGN,"Inogen, Inc",NASDAQ
INGR,Ingredion Incorporated,N
INHD,Inno Holdings Inc.,NASDAQ
INIO,INNIO N.V.,NASDAQ
INKT,"MiNK Therapeutics, Inc.",NASDAQ
INLF,INLIF LIMITED,NASDAQ
INLX,"Intellinetics, Inc.",A
INM,InMed Pharmaceuticals Inc.,NASDAQ
INMB,INmune Bio Inc.,NASDAQ
INMD,InMode Ltd.,NASDAQ
INN,"Summit Hotel Properties, Inc.",N
INNV,InnovAge Holding Corp.,NASDAQ
INO,"Inovio Pharmaceuticals, Inc.",NASDAQ
INOD,Innodata Inc.,NASDAQ
INR,"Infinity Natural Resources, Inc.",N
INSE,"Inspired Entertainment, Inc.",NASDAQ
INSG,Inseego Corp.,NASDAQ
INSM,Insmed Incorporated,NASDAQ
INSP,"Inspire Medical Systems, Inc.",N
INSW,"International Seaways, Inc.",N
INTA,"Intapp, Inc.",NASDAQ
INTC,Intel Corporation,NASDAQ
INTG,The Intergroup Corporation,NASDAQ
INTJ,Intelligent Group Limited,NASDAQ
INTR,Inter & Co. Inc.,NASDAQ
INTS,"Intensity Therapeutics, Inc.",NASDAQ
INTT,inTest Corporation,A
INTU,Intuit Inc.,NASDAQ
INTZ,Intrusion Inc.,NASDAQ
INUV,"Inuvo, Inc.",A
INV,"Innventure, Inc.",NASDAQ
INVA,"Innoviva, Inc.",NASDAQ
INVE,"Identiv, Inc.",NASDAQ
INVH,Invitation Homes Inc.,N
INVX,"Innovex International, Inc.",N
INVZ,Innoviz Technologies Ltd.,NASDAQ
IOND,Ionic Digital Inc.,NASDAQ
IONQ,"IonQ, Inc.",N
IONR,ioneer Ltd,NASDAQ
IONS,"Ionis Pharmaceuticals, Inc.",NASDAQ
IOR,"Income Opportunity Realty Investors, Inc.",A
IOSP,Innospec Inc.,NASDAQ
IOT,Samsara Inc.,N
IOTR,iOThree Limited,NASDAQ
IOVA,"Iovance Biotherapeutics, Inc.",NASDAQ
IP,International Paper Company,N
IPAR,"Interparfums, Inc.",NASDAQ
IPDN,"Professional Diversity Network, Inc.",NASDAQ
IPEX,Inflection Point Acquisition Corp.,NASDAQ
IPFX,Inflection Point Acquisition Corp. VI,NASDAQ
IPFXU,Inflection Point Acquisition Corp. VI,NASDAQ
IPGP,IPG Photonics Corporation,NASDAQ
IPHA,Innate Pharma S.A.,NASDAQ
IPI,"Intrepid Potash, Inc",N
IPM,Intelligent Protection Management Corp.,NASDAQ
IPSC,"Century Therapeutics, Inc.",NASDAQ
IPST,"IP Strategy Holdings, Inc.",NASDAQ
IPVV,"InterPrivate Investment Partners V, Inc.",NASDAQ
IPVVU,"InterPrivate Investment Partners V, Inc.",NASDAQ
IPVVW,"InterPrivate Investment Partners V, Inc.",NASDAQ
IPW,iPower Inc.,NASDAQ
IPWR,Ideal Power Inc.,NASDAQ
IPX,IperionX Limited,NASDAQ
IPXG,Inection Point Acquisition Corp. VII,NASDAQ
IQ,"iQIYI, Inc.",NASDAQ
IQI,Invesco Quality Municipal Income Trust,N
IQMX,IQM Quantum Computers Oyj,NASDAQ
IQMXW,IQM Quantum Computers Oyj,NASDAQ
IQST,iQSTEL Inc.,NASDAQ
IQV,"IQVIA Holdings, Inc.",N
IR,Ingersoll Rand Inc.,N
IRAB,Iris Acquisition Corp II,N
IRD,"Opus Genetics, Inc.",NASDAQ
IRDM,Iridium Communications Inc,NASDAQ
IREN,IREN Limited,NASDAQ
IRHO,Iron Horse Acquisitions II Corp.,NASDAQ
IRHOR,Iron Horse Acquisitions II Corp.,NASDAQ
IRHOU,Iron Horse Acquisitions II Corp.,NASDAQ
IRIX,IRIDEX Corporation,NASDAQ
IRM,Iron Mountain Incorporated (Delaware)Common Stock REIT,N
IRMD,iRadimed Corporation,NASDAQ
IRON,"Disc Medicine, Inc.",NASDAQ
IRS,IRSA Inversiones Y Representaciones S.A. Global Depositary Shares (Each representing ten shares of Common Stock),N
IRT,"Independence Realty Trust, Inc.",N
IRTC,"iRhythm Holdings, Inc.",NASDAQ
IRWD,"Ironwood Pharmaceuticals, Inc.",NASDAQ
ISBA,Isabella Bank Corporation,NASDAQ
ISNR,Snow Rothschild Acquisition Corp.,NASDAQ
ISNRU,Snow Rothschild Acquisition Corp.,NASDAQ
ISNRW,Snow Rothschild Acquisition Corp.,NASDAQ
ISOU,IsoEnergy Ltd.,A
ISPC,iSpecimen Inc.,NASDAQ
ISPR,Ispire Technology Inc.,NASDAQ
ISRG,"Intuitive Surgical, Inc.",NASDAQ
ISTR,Investar Holding Corporation,NASDAQ
IT,"Gartner, Inc.",N
ITG,"ITG, Inc.",NASDAQ
ITGR,Integer Holdings Corporation,N
ITHA,ITHAX Acquisition Corp III,NASDAQ
ITHAU,ITHAX Acquisition Corp III,NASDAQ
ITHAW,ITHAX Acquisition Corp III,NASDAQ
ITIC,Investors Title Company,NASDAQ
ITOC,iTonic Holdings Ltd,NASDAQ
ITP,"IT Tech Packaging, Inc.",A
ITRG,Integra Resources Corp.,A
ITRI,"Itron, Inc.",NASDAQ
ITRN,Ituran Location and Control Ltd.,NASDAQ
ITT,ITT Inc.,N
ITW,Illinois Tool Works Inc.,N
IVA,Inventiva S.A.,NASDAQ
IVDA,"Iveda Solutions, Inc.",NASDAQ
IVF,"INVO Fertility, Inc.",NASDAQ
IVR,INVESCO MORTGAGE CAPITAL INC,N
IVT,InvenTrust Properties Corp.,N
IVVD,"Invivyd, Inc.",NASDAQ
IVZ,Invesco Ltd,N
IX,ORIX Corporation,N
IXHL,Incannex Healthcare Inc.,NASDAQ
IZEA,"IZEA Worldwide, Inc.",NASDAQ
IZM,ICZOOM Group Inc.,NASDAQ
J,Jacobs Solutions Inc.,N
JACK,Jack In The Box Inc.,NASDAQ
JACS,Jackson Acquisition Company II,N
JAGU,Jaguar Uranium Corp.,A
JAGX,"Jaguar Health, Inc.",NASDAQ
JAKK,"JAKKS Pacific, Inc.",NASDAQ
JAN,"Janus Living, Inc. Class A-1",N
JANX,"Janux Therapeutics, Inc.",NASDAQ
JATT,JATT II Acquisition Corp,NASDAQ
JAZZ,Jazz Pharmaceuticals plc,NASDAQ
JBDI,JBDI Holdings Limited,NASDAQ
JBGS,JBG SMITH Properties,N
JBHT,"J.B. Hunt Transport Services, Inc.",NASDAQ
JBI,"Janus International Group, Inc.",N
JBIO,"Jade Biosciences, Inc.",NASDAQ
JBL,Jabil Inc.,N
JBLU,JetBlue Airways Corporation,NASDAQ
JBS,JBS N.V.,N
JBSS,"John B. Sanfilippo & Son, Inc.",NASDAQ
JBTM,JBT Marel Corporation,N
JCAP,"Jefferson Capital, Inc.",NASDAQ
JCI,Johnson Controls International plc Ordinary Share,N
JCSE,JE Cleantech Holdings Limited,NASDAQ
JCTC,Jewett-Cameron Trading Company,NASDAQ
JD,"JD.com, Inc.",NASDAQ
JDZG,JIADE LIMITED,NASDAQ
JEF,Jefferies Financial Group Inc.,N
JELD,"JELD-WEN Holding, Inc.",N
JEM,707 Cayman Holdings Limited,NASDAQ
JENA,Jena Acquisition Corporation II,N
JF,J and Friends Holdings Limited,NASDAQ
JFIN,Jiayin Group Inc.,NASDAQ
JFU,9F Inc.,NASDAQ
JG,Aurora Mobile Limited,NASDAQ
JHI,John Hancock Investors Trust,N
JHS,John Hancock Income Securities Trust,N
JHX,James Hardie Industries plc.,N
JILL,"J. Jill, Inc.",N
JJSF,J & J Snack Foods Corp.,NASDAQ
JKHY,"Jack Henry & Associates, Inc.",NASDAQ
JKS,JinkoSolar Holding Company Limited American Depositary Shares (each representing 4 Common Shares),N
JL,J-Long Group Limited,NASDAQ
JLHL,Julong Holding Limited,NASDAQ
JLL,Jones Lang LaSalle Incorporated,N
JMIA,"Jumia Technologies AG American Depositary Shares, each representing two",N
JMKE,Jersey Mike's Subs Inc.,N
JMSB,"John Marshall Bancorp, Inc.",NASDAQ
JNJ,Johnson & Johnson,N
JOB,GEE Group Inc.,A
JOBY,"Joby Aviation, Inc.",N
JOE,St. Joe Company (The),N
JONE,Jones Ventures INTL Acquisition1 Corp,NASDAQ
JONER,Jones Ventures INTL Acquisition1 Corp,NASDAQ
JONEU,Jones Ventures INTL Acquisition1 Corp,NASDAQ
JOUT,Johnson Outdoors Inc.,NASDAQ
JOYY,JOYY Inc.,NASDAQ
JPM,JP Morgan Chase & Co.,N
JRSH,"Jerash Holdings (US), Inc.",NASDAQ
JRVR,"James River Group Holdings, Inc.",NASDAQ
JSPR,"Jasper Therapeutics, Inc.",NASDAQ
JTAI,Jet.AI Inc.,NASDAQ
JTTT,JATT III Acquisition Corp,NASDAQ
JUNS,"Jupiter Neurosciences, Inc.",NASDAQ
JVA,"Coffee Holding Co., Inc.",NASDAQ
JWEL,Jowell Global Ltd.,NASDAQ
JXG,JX Luxventure Group Inc.,NASDAQ
JXN,Jackson Financial Inc.,N
JYD,Jayud Global Logistics Limited,NASDAQ
JYNT,The Joint Corp.,NASDAQ
JZ,Jianzhi Education Technology Group Company Limited,NASDAQ
JZXN,"Jiuzi Holdings, Inc.",NASDAQ
KAI,Kadant Inc,N
KALA,"KALA BIO, Inc.",NASDAQ
KALU,Kaiser Aluminum Corporation,NASDAQ
KAPA,"Kairos Pharma, Ltd.",A
KARD,"Kardigan, Inc.",NASDAQ
KARO,Karooooo Ltd.,NASDAQ
KAZR,Skyline Builders Group Holding Limited,NASDAQ
KB,KB Financial Group Inc,N
KBDC,"Kayne Anderson BDC, Inc.",N
KBH,KB Home,N
KBON,Karbon Capital Partners Corp.,NASDAQ
KBONU,Karbon Capital Partners Corp.,NASDAQ
KBR,"KBR, Inc.",N
KBSX,FST Corp.,NASDAQ
KC,Kingsoft Cloud Holdings Limited,NASDAQ
KCAC-W,"Kensington Capital Acquisition Corp. VI Class 1 redeemable warrants, each exercisable for one Class A ordinary share at an exercise price of $11.50",N
KCHV,Kochav Defense Acquisition Corp.,NASDAQ
KCHVU,Kochav Defense Acquisition Corp.,NASDAQ
KD,"Kyndryl Holdings, Inc.",N
KDK,"Kodiak AI, Inc.",NASDAQ
KDP,Keurig Dr Pepper Inc.,NASDAQ
KE,"Kimball Electronics, Inc.",NASDAQ
KEEL,Keel Infrastructure Corp.,NASDAQ
KELYA,"Kelly Services, Inc.",NASDAQ
KELYB,"Kelly Services, Inc.",NASDAQ
KEN,Kenon Holdings Ltd.,N
KEP,Korea Electric Power Corporation,N
KEQU,Kewaunee Scientific Corporation,NASDAQ
KEX,Kirby Corporation,N
KEY,KeyCorp,N
KEYS,Keysight Technologies Inc.,N
KEYY,Keystone Acquisition Corp.,NASDAQ
KEYYW,Keystone Acquisition Corp.,NASDAQ
KFFB,Kentucky First Federal Bancorp,NASDAQ
KFII,K&F Growth Acquisition Corp. II,NASDAQ
KFIIR,K&F Growth Acquisition Corp. II,NASDAQ
KFRC,"Kforce, Inc.",N
KFY,Korn Ferry,N
KG,"Kestrel Group, Ltd.",NASDAQ
KGC,Kinross Gold Corporation,N
KGEI,Kolibri Global Energy Inc.,NASDAQ
KGS,"Kodiak Gas Services, Inc.",N
KHC,The Kraft Heinz Company,N
KIDS,OrthoPediatrics Corp.,NASDAQ
KIDZ,KIDZ AI Inc.,NASDAQ
KIDZW,KIDZ AI Inc.,NASDAQ
KIM,Kimco Realty Corporation (HC),N
KINS,"Kingstone Companies, Inc",NASDAQ
KITT,"Nauticus Robotics, Inc.",NASDAQ
KKR,KKR & Co. Inc.,N
KLAC,KLA Corporation,NASDAQ
KLAR,Klarna Group plc,N
KLC,"KinderCare Learning Companies, Inc.",N
KLIC,"Kulicke and Soffa Industries, Inc.",NASDAQ
KLRA,"Kailera Therapeutics, Inc.",NASDAQ
KLRS,"Kalaris Therapeutics, Inc.",NASDAQ
KLTR,"Kaltura, Inc.",NASDAQ
KLXE,"KLX Energy Services Holdings, Inc.",NASDAQ
KLXER,"KLX Energy Services Holdings, Inc.",NASDAQ
KMB,Kimberly-Clark Corporation,NASDAQ
KMDA,Kamada Ltd.,NASDAQ
KMI,"Kinder Morgan, Inc.",N
KMPR,Kemper Corporation,N
KMRK,K-Tech Solutions Company Limited,NASDAQ
KMT,Kennametal Inc.,N
KMTS,"Kestra Medical Technologies, Ltd.",NASDAQ
KMX,CarMax Inc,N
KN,Knowles Corporation,N
KNDI,"Kandi Technologies Group, Inc.",NASDAQ
KNF,Knife Riv Holding Co.,N
KNOP,KNOT Offshore Partners LP Common Units representing Limited Partner Interests,N
KNRX,KNOREX LTD.,A
KNSA,"Kiniksa Pharmaceuticals International, plc",NASDAQ
KNSL,"Kinsale Capital Group, Inc.",N
KNTK,Kinetik Holdings Inc.,N
KNX,Knight-Swift Transportation Holdings Inc.,N
KO,Coca-Cola Company (The),N
KOD,Kodiak Sciences Inc,NASDAQ
KODK,Eastman Kodak Company Common New,N
KOP,Koppers Holdings Inc.,N
KOPN,Kopin Corporation,NASDAQ
KOS,Kosmos Energy Ltd. Common Shares (DE),N
KOSS,Koss Corporation,NASDAQ
KOYN,CSLM Digital Asset Acquisition Corp III,NASDAQ
KOYNU,CSLM Digital Asset Acquisition Corp III,NASDAQ
KOYNW,CSLM Digital Asset Acquisition Corp III,NASDAQ
KPET,KPET Ultra Paceline Corporation,N
KPLT,"Katapult Holdings, Inc.",NASDAQ
KPRX,"Kiora Pharmaceuticals, Inc.",NASDAQ
KPTI,Karyopharm Therapeutics Inc.,NASDAQ
KR,Kroger Company (The),N
KRAQ,KRAKacquisition Corp,NASDAQ
KRAQW,KRAKacquisition Corp,NASDAQ
KRC,Kilroy Realty Corporation,N
KREF,KKR Real Estate Finance Trust Inc.,N
KRG,Kite Realty Group Trust,N
KRKR,36Kr Holdings Inc.,NASDAQ
KRMD,"KORU Medical Systems, Inc.",NASDAQ
KRMN,Karman Holdings Inc.,N
KRNT,Kornit Digital Ltd.,NASDAQ
KRNY,Kearny Financial,NASDAQ
KRO,Kronos Worldwide Inc,N
KROS,"Keros Therapeutics, Inc.",NASDAQ
KRP,Kimbell Royalty Partners Common Units Representing Limited Partner Interests,N
KRRO,"Korro Bio, Inc.",NASDAQ
KRSA,"Korsana Biosciences, Inc.",NASDAQ
KRSP,Rice Acquisition Corporation 3,N
KRT,Karat Packaging Inc.,NASDAQ
KRUS,"Kura Sushi USA, Inc.",NASDAQ
KRYS,"Krystal Biotech, Inc.",NASDAQ
KSCP,"Knightscope, Inc.",NASDAQ
KSPI,Joint Stock Company Kaspi.kz,NASDAQ
KSS,Kohl's Corporation,N
KT,KT Corporation,N
KTB,"Kontoor Brands, Inc.",N
KTCC,Key Tronic Corporation,NASDAQ
KTF,DWS Municipal Income Trust,N
KTOS,"Kratos Defense & Security Solutions, Inc.",NASDAQ
KTTA,Pasithea Therapeutics Corp.,NASDAQ
KTWO,K2 Capital Acquisition Corporation,NASDAQ
KTWOR,K2 Capital Acquisition Corporation,NASDAQ
KTWOU,K2 Capital Acquisition Corporation,NASDAQ
KULR,"KULR Technology Group, Inc.",A
KURA,"Kura Oncology, Inc.",NASDAQ
KUST,"Kustom Entertainment, Inc.",NASDAQ
KVHI,"KVH Industries, Inc.",NASDAQ
KVUE,Kenvue Inc.,N
KVYO,"Klaviyo, Inc. Series A",N
KWR,Quaker Houghton,N
KWY,Kingsway Corporation,N
KXIN,Kaixin Holdings,NASDAQ
KYIV,Kyivstar Group Ltd.,NASDAQ
KYMR,"Kymera Therapeutics, Inc.",NASDAQ
KYNB,"Kyntra Bio, Inc.",NASDAQ
KYTX,"Kyverna Therapeutics, Inc.",NASDAQ
KZIA,Kazia Therapeutics Limited,NASDAQ
L,Loews Corporation,N
LAB,Standard BioTools Inc.,NASDAQ
LABT,Lakewood-Amedex Biotherapeutics Inc.,NASDAQ
LAC,Lithium Americas Corp.,N
LAD,"Lithia Motors, Inc.",N
LADR,Ladder Capital Corp,N
LAES,SEALSQ Corp,NASDAQ
LAFA,LaFayette Acquisition Corp.,NASDAQ
LAFAR,LaFayette Acquisition Corp.,NASDAQ
LAKE,"Lakeland Industries, Inc.",NASDAQ
LAMR,Lamar Advertising Company,NASDAQ
LAND,Gladstone Land Corporation,NASDAQ
LANV,Lanvin Group Holdings Limited,N
LAR,Lithium Argentina AG,N
LARK,Landmark Bancorp Inc.,NASDAQ
LASE,Laser Photonics Corporation,NASDAQ
LASR,"nLIGHT, Inc.",NASDAQ
LATA,Galata Acquisition Corp. II,NASDAQ
LATAU,Galata Acquisition Corp. II,NASDAQ
LAUR,"Laureate Education, Inc.",NASDAQ
LAW,"CS Disco, Inc.",N
LAWR,"Robot Consulting Co., Ltd.",NASDAQ
LAZ,"Lazard, Inc.",N
LB,LandBridge Company LLC Class A Shares Representing Limited Liability Company Interests,N
LBGJ,Li Bang International Corporation Inc.,NASDAQ
LBRT,Liberty Energy Inc. Class A common stock,N
LBRX,LB Pharmaceuticals Inc,NASDAQ
LBTYA,Liberty Global Ltd.,NASDAQ
LBTYB,Liberty Global Ltd.,NASDAQ
LBTYK,Liberty Global Ltd.,NASDAQ
LCCC,Lakeshore Acquisition III Corp.,NASDAQ
LCCCR,Lakeshore Acquisition III Corp.,NASDAQ
LCFY,Locafy Limited,NASDAQ
LCID,"Lucid Group, Inc.",NASDAQ
LCII,LCI Industries,N
LCLN,"Lincoln International, Inc.",N
LCNB,LCNB Corporation,NASDAQ
LCTX,"Lineage Cell Therapeutics, Inc.",A
LCUT,"Lifetime Brands, Inc.",NASDAQ
LDI,"loanDepot, Inc.",N
LDOS,"Leidos Holdings, Inc.",N
LE,"Lands' End, Inc.",NASDAQ
LEA,Lear Corporation,N
LECO,"Lincoln Electric Holdings, Inc.",NASDAQ
LEDRU,Leader's Advantage Acquisition Corp.,NASDAQ
LEDS,SemiLEDS Corporation,NASDAQ
LEE,"Lee Enterprises, Incorporated",NASDAQ
LEGH,Legacy Housing Corporation,NASDAQ
LEGN,Legend Biotech Corporation,NASDAQ
LEGO,Legato Merger Corp. IV,A
LEN,Lennar Corporation,N
LEN-B,Lennar Corporation,N
LENZ,"LENZ Therapeutics, Inc.",NASDAQ
LEO,"BNY Mellon Strategic Municipals, Inc.",N
LESL,"Leslie's, Inc.",NASDAQ
LEU,Centrus Energy Corp.,N
LEVI,Levi Strauss & Co,N
LEXX,Lexaria Bioscience Corp.,NASDAQ
LFAC,Leapfrog Acquisition Corporation,NASDAQ
LFACU,Leapfrog Acquisition Corporation,NASDAQ
LFACW,Leapfrog Acquisition Corporation,NASDAQ
LFCR,"Lifecore Biomedical, Inc.",NASDAQ
LFMD,"LifeMD, Inc.",NASDAQ
LFS,"LEIFRAS Co., Ltd.",NASDAQ
LFST,"LifeStance Health Group, Inc.",NASDAQ
LFT,"Lument Finance Trust, Inc.",N
LFTO,"Liftoff Mobile, Inc.",NASDAQ
LFUS,"Littelfuse, Inc.",NASDAQ
LFVN,Lifevantage Corporation,NASDAQ
LFWD,Lifeward Ltd.,NASDAQ
LGCL,Lucas GC Limited,NASDAQ
LGCY,Legacy Education Inc.,A
LGHL,Lion Group Holding Ltd.,NASDAQ
LGIH,"LGI Homes, Inc.",NASDAQ
LGL,"LGL Group, Inc. (The)",A
LGN,Legence Corp.,NASDAQ
LGND,Ligand Pharmaceuticals Incorporated,NASDAQ
LGO,Largo Inc.,NASDAQ
LGPS,LogProstyle Inc.,A
LGVN,Longeveron Inc.,NASDAQ
LH,Labcorp Holdings Inc.,N
LHAI,Linkhome Holdings Inc.,NASDAQ
LHSW,Lianhe Sowell International Group Ltd,NASDAQ
LHX,"L3Harris Technologies, Inc.",N
LI,Li Auto Inc.,NASDAQ
LICN,Lichen International Limited,NASDAQ
LIDR,"AEye, Inc.",NASDAQ
LIEN,"Chicago Atlantic BDC, Inc.",NASDAQ
LIF,"Life360, Inc.",NASDAQ
LIFE,Ethos Technologies Inc.,NASDAQ
LII,"Lennox International, Inc.",N
LILA,Liberty Latin America Ltd.,NASDAQ
LILAK,Liberty Latin America Ltd.,NASDAQ
LIME,"Neutron Holdings, Inc.",NASDAQ
LIMN,"Liminatus Pharma, Inc.",NASDAQ
LIMNW,"Liminatus Pharma, Inc.",NASDAQ
LIN,Linde plc,NASDAQ
LINC,Lincoln Educational Services Corporation,NASDAQ
LIND,Lindblad Expeditions Holdings Inc.,NASDAQ
LINE,"Lineage, Inc.",NASDAQ
LINK,"Interlink Electronics, Inc.",NASDAQ
LION,Lionsgate Studios Corp,N
LIQT,"LiqTech International, Inc.",NASDAQ
LITB,"LightInTheBox Holding Co., Ltd. American Depositary Shares, each representing twelve ordinary shares",N
LITE,Lumentum Holdings Inc.,NASDAQ
LITS,"Lite Strategy, Inc.",NASDAQ
LIVE,Live Ventures Incorporated,NASDAQ
LIVN,LivaNova PLC,NASDAQ
LKFN,Lakeland Financial Corporation,NASDAQ
LKFT,Lakefront Biotherapeutics,NASDAQ
LKQ,LKQ Corporation,NASDAQ
LKSP,Lake Superior Acquisition Corp.,NASDAQ
LKSPR,Lake Superior Acquisition Corp.,NASDAQ
LKSPU,Lake Superior Acquisition Corp.,NASDAQ
LLY,Eli Lilly and Company,N
LLYVA,"Liberty Live Holdings, Inc.",NASDAQ
LLYVK,"Liberty Live Holdings, Inc.",NASDAQ
LMAT,"LeMaitre Vascular, Inc.",NASDAQ
LMB,"Limbach Holdings, Inc.",NASDAQ
LMND,"Lemonade, Inc.",N
LMNR,Limoneira Co,NASDAQ
LMRI,"Lumexa Imaging Holdings, Inc.",NASDAQ
LMT,Lockheed Martin Corporation,N
LNAI,Lunai Bioworks Inc.,NASDAQ
LNC,Lincoln National Corporation,N
LND,Brasilagro Brazilian Agric Real Estate Co Sponsored ADR (Brazil),N
LNG,"Cheniere Energy, Inc.",N
LNKS,Linkers Industries Limited,NASDAQ
LNN,Lindsay Corporation,N
LNSR,"LENSAR, Inc.",NASDAQ
LNT,Alliant Energy Corporation,NASDAQ
LNTH,"Lantheus Holdings, Inc.",NASDAQ
LNZA,"LanzaTech Global, Inc.",NASDAQ
LOAN,"Manhattan Bridge Capital, Inc",NASDAQ
LOAR,Loar Holdings Inc.,N
LOB,"Live Oak Bancshares, Inc.",N
LOBO,LOBO TECHNOLOGIES LTD.,NASDAQ
LOCL,Local Bounti Corporation,N
LOCO,"El Pollo Loco Holdings, Inc.",NASDAQ
LODE,Comstock Inc.,A
LOGI,Logitech International S.A.,NASDAQ
LOMA,Loma Negra Compania Industrial Argentina Sociedad Anonima ADS,N
LONA,"LeonaBio, Inc.",NASDAQ
LOOP,"Loop Industries, Inc.",NASDAQ
LOPE,"Grand Canyon Education, Inc.",NASDAQ
LOT,Lotus Technology Inc.,NASDAQ
LOTWW,Lotus Technology Inc.,NASDAQ
LOVE,The Lovesac Company,NASDAQ
LOW,"Lowe's Companies, Inc.",N
LPA,Logistic Properties of the Americas,A
LPAA,Launch One Acquisition Corp.,NASDAQ
LPBB,Launch Two Acquisition Corp.,NASDAQ
LPCN,Lipocine Inc.,NASDAQ
LPCV,Launchpad Cadenza Acquisition Corp I,NASDAQ
LPG,Dorian LPG Ltd.,N
LPL,"LG Display Co, Ltd AMERICAN DEPOSITORY SHARES",N
LPLA,LPL Financial Holdings Inc.,NASDAQ
LPTH,"LightPath Technologies, Inc.",NASDAQ
LPX,Louisiana-Pacific Corporation,N
LQDA,Liquidia Corporation,NASDAQ
LQDT,"Liquidity Services, Inc.",NASDAQ
LRCX,Lam Research Corporation,NASDAQ
LRE,"Lead Real Estate Co., Ltd",NASDAQ
LRHC,La Rosa Holdings Corp.,NASDAQ
LRMR,"Larimar Therapeutics, Inc.",NASDAQ
LRN,"Stride, Inc.",N
LSAK,"Lesaka Technologies, Inc.",NASDAQ
LSBK,"Lake Shore Bancorp, Inc.",NASDAQ
LSCC,Lattice Semiconductor Corporation,NASDAQ
LSE,"Leishen Energy Holding Co., Ltd.",NASDAQ
LSF,"Laird Superfood, Inc.",A
LSPD,Lightspeed Commerce Inc. Subordinate Voting Shares,N
LSTA,"Lisata Therapeutics, Inc.",NASDAQ
LSTR,"Landstar System, Inc.",NASDAQ
LTBR,Lightbridge Corporation,NASDAQ
LTC,"LTC Properties, Inc.",N
LTGO,"Latigo Biotherapeutics, Inc.",NASDAQ
LTGR,Long Table Growth Corp.,NASDAQ
LTGRU,Long Table Growth Corp.,NASDAQ
LTGRW,Long Table Growth Corp.,NASDAQ
LTH,"Life Time Group Holdings, Inc.",N
LTM,"LATAM Airlines Group S.A. American Depositary Shares (each representing two thousand (2,000) shares of Common Stock)",N
LTRN,Lantern Pharma Inc.,NASDAQ
LTRX,"Lantronix, Inc.",NASDAQ
LU,"Lufax Holding Ltd American Depositary Shares, each representing two (2)",N
LUCD,Lucid Diagnostics Inc.,NASDAQ
LUCK,Lucky Strike Entertainment Corporation,N
LUCY,"Innovative Eyewear, Inc.",NASDAQ
LUCYW,"Innovative Eyewear, Inc.",NASDAQ
LUD,Luda Technology Group Limited,A
LULU,lululemon athletica inc.,NASDAQ
LUMN,"Lumen Technologies, Inc.",N
LUNG,Pulmonx Corporation,NASDAQ
LUNR,"Intuitive Machines, Inc.",NASDAQ
LUV,Southwest Airlines Company,N
LUXE,"LuxExperience B.V. American Depositary Shares, each representing one Ordinary Share",N
LVLU,"Lulu's Fashion Lounge Holdings, Inc.",NASDAQ
LVO,"LiveOne, Inc.",NASDAQ
LVS,Las Vegas Sands Corp.,N
LVWR,"LiveWire Group, Inc.",N
LVWR-W,"LiveWire Group, Inc. Warrants, each exercisable for one share of Common Stock at an exercise price of $11.50 per share",N
LW,"Lamb Weston Holdings, Inc.",N
LWAC,LightWave Acquisition Corp.,NASDAQ
LWACU,LightWave Acquisition Corp.,NASDAQ
LWACW,LightWave Acquisition Corp.,NASDAQ
LWAY,"Lifeway Foods, Inc.",NASDAQ
LWLG,"Lightwave Logic, Inc.",NASDAQ
LX,LexinFintech Holdings Ltd.,NASDAQ
LXEH,"Lixiang Education Holding Co., Ltd.",NASDAQ
LXEO,"Lexeo Therapeutics, Inc.",NASDAQ
LXFR,Luxfer Holdings PLC,N
LXP,LXP Industrial Trust Common Stock (Maryland REIT),N
LXRX,"Lexicon Pharmaceuticals, Inc.",NASDAQ
LXU,"LSB Industries, Inc.",N
LYB,LyondellBasell Industries NV Ordinary Shares Class A (Netherlands),N
LYEL,"Lyell Immunopharma, Inc.",NASDAQ
LYFT,"Lyft, Inc.",NASDAQ
LYG,Lloyds Banking Group Plc,N
LYNX,Lyntris Inc.,N
LYTS,LSI Industries Inc.,NASDAQ
LYV,"Live Nation Entertainment, Inc.",N
LZ,"LegalZoom.com, Inc.",NASDAQ
LZB,La-Z-Boy Incorporated,N
LZM,Lifezone Metals Limited,N
LZM-W,Lifezone Metals Limited Warrants,N
LZMH,LZ Technology Holdings Limited,NASDAQ
M,Macy's Inc,N
MA,Mastercard Incorporated,N
MAA,"Mid-America Apartment Communities, Inc.",N
MAAS,Maase Inc.,NASDAQ
MAC,Macerich Company (The),N
MACI,Melar Acquisition Corp. I,NASDAQ
MAGH,Magnitude International Ltd,NASDAQ
MAGN,Magnera Corporation,N
MAIA,"MAIA Biotechnology, Inc.",A
MAIN,Main Street Capital Corporation,N
MAIR,Madison Air Solutions Corporation,N
MAKO,Mako Mining Corp,NASDAQ
MAMA,"Mama's Creations, Inc.",NASDAQ
MAMK,MaxsMaking Inc.,NASDAQ
MAMO,Massimo Group,NASDAQ
MAN,ManpowerGroup,N
MANE,"Veradermics, Incorporated",N
MANH,"Manhattan Associates, Inc.",NASDAQ
MANU,Manchester United Ltd.,N
MAR,Marriott International,NASDAQ
MARA,"MARA Holdings, Inc.",NASDAQ
MARPS,Marine Petroleum Trust,NASDAQ
MAS,Masco Corporation,N
MASK,3 E Network Technology Group Ltd,NASDAQ
MASS,908 Devices Inc.,NASDAQ
MAT,"Mattel, Inc.",NASDAQ
MATH,Metalpha Technology Holding Limited,NASDAQ
MATV,"Mativ Holdings, Inc.",N
MATW,Matthews International Corporation,NASDAQ
MATX,"Matson, Inc.",N
MAX,"MediaAlpha, Inc.",N
MAYS,"J. W. Mays, Inc.",NASDAQ
MAZE,"Maze Therapeutics, Inc.",NASDAQ
MB,MasterBeef Group,NASDAQ
MBAI,MBody AI Ltd.,NASDAQ
MBBC,"Marathon Bancorp, Inc.",NASDAQ
MBC,"MasterBrand, Inc.",N
MBGL,Mobility Global Inc.,N
MBI,MBIA Inc.,N
MBIN,Merchants Bancorp,NASDAQ
MBIO,"Mustang Bio, Inc.",NASDAQ
MBLY,Mobileye Global Inc.,NASDAQ
MBOT,Microbot Medical Inc.,NASDAQ
MBRX,"Moleculin Biotech, Inc.",NASDAQ
MBUU,"Malibu Boats, Inc.",NASDAQ
MBVI,M3-Brigade Acquisition VI Corp.,NASDAQ
MBVIU,M3-Brigade Acquisition VI Corp.,NASDAQ
MBWM,Mercantile Bank Corporation,NASDAQ
MBX,"MBX Biosciences, Inc.",NASDAQ
MC,Moelis & Company,N
MCAH,Mountain Crest Acquisition 6 Corp.,NASDAQ
MCAHR,Mountain Crest Acquisition 6 Corp.,NASDAQ
MCAHU,Mountain Crest Acquisition 6 Corp.,NASDAQ
MCB,Metropolitan Bank Holding Corp.,N
MCBS,"MetroCity Bankshares, Inc.",NASDAQ
MCD,McDonald's Corporation,N
MCFT,"MasterCraft Boat Holdings, Inc.",NASDAQ
MCGA,Yorkville Acquisition Corp.,NASDAQ
MCHB,Mechanics Bancorp,NASDAQ
MCHP,Microchip Technology Incorporated,NASDAQ
MCHX,"Marchex, Inc.",NASDAQ
MCI,Barings Corporate Investors,N
MCK,McKesson Corporation,N
MCO,Moody's Corporation,N
MCRB,"Seres Therapeutics, Inc.",NASDAQ
MCRI,"Monarch Casino & Resort, Inc.",NASDAQ
MCRP,Micropolis AI Robotics,A
MCS,Marcus Corporation (The),N
MCTA,Charming Medical Limited,NASDAQ
MCY,Mercury General Corporation,N
MD,"Pediatrix Medical Group, Inc.",N
MDA,MDA Space Ltd.,N
MDAI,"Spectral AI, Inc.",NASDAQ
MDAIW,"Spectral AI, Inc.",NASDAQ
MDB,"MongoDB, Inc.",NASDAQ
MDBH,"MDB Capital Holdings, LLC",NASDAQ
MDCX,Medicus Pharma Ltd.,NASDAQ
MDGL,"Madrigal Pharmaceuticals, Inc.",NASDAQ
MDIA,Mediaco Holding Inc.,NASDAQ
MDLN,Medline Inc.,NASDAQ
MDLZ,"Mondelez International, Inc.",NASDAQ
MDRR,"Medalist Diversified, Inc.",NASDAQ
MDT,Medtronic plc.,N
MDU,"MDU Resources Group, Inc. Common Stock (Holding Company)",N
MDWD,MediWound Ltd.,NASDAQ
MDXG,"MiMedx Group, Inc",NASDAQ
MDXH,MDxHealth SA,NASDAQ
MEC,"Mayville Engineering Company, Inc.",N
MED,MEDIFAST INC,N
MEDP,"Medpace Holdings, Inc.",NASDAQ
MEDS,"DataMeds AI, Inc.",NASDAQ
MEGL,Magic Empire Global Limited,NASDAQ
MEI,"Methode Electronics, Inc.",N
MELI,"MercadoLibre, Inc.",NASDAQ
MENS,Jyong Biotech Ltd.,NASDAQ
MEOH,Methanex Corporation,NASDAQ
MERC,Mercer International Inc.,NASDAQ
MESH,Meshflow Acquisition Corp.,NASDAQ
MESHU,Meshflow Acquisition Corp.,NASDAQ
MESHW,Meshflow Acquisition Corp.,NASDAQ
MESO,Mesoblast Limited,NASDAQ
MET,"MetLife, Inc.",N
META,"Meta Platforms, Inc.",NASDAQ
METC,"Ramaco Resources, Inc.",NASDAQ
METCB,"Ramaco Resources, Inc.",NASDAQ
MEVO,M Evo Global Acquisition Corp II,NASDAQ
MEVOU,M Evo Global Acquisition Corp II,NASDAQ
MEVOW,M Evo Global Acquisition Corp II,NASDAQ
MF,MindForge Inc.,NASDAQ
MFA,"MFA Financial, Inc.",N
MFC,Manulife Financial Corporation,N
MFG,"Mizuho Financial Group, Inc. Sponosred ADR (Japan)",N
MFI,mF International Limited,NASDAQ
MFIN,Medallion Financial Corp.,NASDAQ
MFP,"Midera Food Processing, Inc.",NASDAQ
MG,Mistras Group Inc,N
MGA,"Magna International, Inc.",N
MGEE,MGE Energy Inc.,NASDAQ
MGIH,Millennium Group International Holdings Limited,NASDAQ
MGLD,"The Marygold Companies, Inc.",A
MGM,MGM Resorts International,N
MGN,Megan Holdings Limited,NASDAQ
MGNI,"Magnite, Inc.",NASDAQ
MGNX,"MacroGenics, Inc.",NASDAQ
MGPI,"MGP Ingredients, Inc.",NASDAQ
MGRC,McGrath RentCorp,NASDAQ
MGRT,Mega Fortune Company Limited,NASDAQ
MGRX,"Mangoceuticals, Inc.",NASDAQ
MGTX,MeiraGTx Holdings plc,NASDAQ
MGX,"Metagenomi Therapeutics, Inc.",NASDAQ
MGY,Magnolia Oil & Gas Corporation,N
MGYR,"Magyar Bancorp, Inc.",NASDAQ
MH,"McGraw Hill, Inc.",N
MHH,"Mastech Digital, Inc",A
MHK,"Mohawk Industries, Inc.",N
MHO,"M/I Homes, Inc.",N
MI,NFT Limited Class A Ordinary Share,A
MIAC,Meridian3 Industrials Acquisition Corp,NASDAQ
MIACU,Meridian3 Industrials Acquisition Corp,NASDAQ
MIAX,"Miami International Holdings, Inc.",N
MICC,The Magnum Ice Cream Company N.V.,N
MIDD,The Middleby Corporation,NASDAQ
MIMI,Mint Incorporation Limited,NASDAQ
MIND,"MIND Technology, Inc.",NASDAQ
MINE,Mayfair Gold Corp.,A
MIR,"Mirion Technologies, Inc.",N
MIRA,"MIRA Pharmaceuticals, Inc.",NASDAQ
MIRM,"Mirum Pharmaceuticals, Inc.",NASDAQ
MIST,Milestone Pharmaceuticals Inc.,NASDAQ
MITK,"Mitek Systems, Inc.",NASDAQ
MITQ,"Moving iMage Technologies, Inc.",A
MITT,"TPG Mortgage Investment Trust, Inc.",N
MKC,"McCormick & Company, Incorporated",N
MKC-V,"McCormick & Company, Incorporated",N
MKDW,MKDWELL Tech Inc.,NASDAQ
MKDWW,MKDWELL Tech Inc.,NASDAQ
MKL,Markel Group Inc.,N
MKLY,McKinley Acquisition Corporation,NASDAQ
MKLYR,McKinley Acquisition Corporation,NASDAQ
MKLYU,McKinley Acquisition Corporation,NASDAQ
MKSI,MKS Inc.,NASDAQ
MKTW,"MarketWise, Inc.",NASDAQ
MKTX,"MarketAxess Holdings, Inc.",NASDAQ
MKZR,"MacKenzie Realty Capital, Inc.",NASDAQ
MLAA,Mountain Lake Acquisition Corp. II,NASDAQ
MLAAU,Mountain Lake Acquisition Corp. II,NASDAQ
MLAAW,Mountain Lake Acquisition Corp. II,NASDAQ
MLAB,"Mesa Laboratories, Inc.",NASDAQ
MLCI,Mount Logan Capital Inc.,NASDAQ
MLCO,Melco Resorts & Entertainment Limited,NASDAQ
MLEC,Moolec Science SA,NASDAQ
MLGO,"MicroAlgo, Inc.",NASDAQ
MLI,"Mueller Industries, Inc.",N
MLKN,"MillerKnoll, Inc.",NASDAQ
MLM,"Martin Marietta Materials, Inc.",N
MLP,"Maui Land & Pineapple Company, Inc.",N
MLR,"Miller Industries, Inc.",N
MLSS,"Milestone Scientific, Inc.",A
MLTX,MoonLake Immunotherapeutics,NASDAQ
MLYS,"Mineralys Therapeutics, Inc.",NASDAQ
MMA,Mixed Martial Arts Group Limited,A
MMED,"MiniMed Group, Inc.",NASDAQ
MMI,"Marcus & Millichap, Inc.",N
MMLP,Martin Midstream Partners L.P.,NASDAQ
MMM,3M Company,N
MMS,"Maximus, Inc.",N
MMSI,"Merit Medical Systems, Inc.",NASDAQ
MMTX,Miluna Acquisition Corp,NASDAQ
MMTXU,Miluna Acquisition Corp,NASDAQ
MMYT,MakeMyTrip Limited,NASDAQ
MNDO,MIND C.T.I. Ltd.,NASDAQ
MNDR,Mobile-health Network Solutions,NASDAQ
MNDY,monday.com Ltd.,NASDAQ
MNKD,MannKind Corporation,NASDAQ
MNOV,"MediciNova, Inc.",NASDAQ
MNPR,Monopar Therapeutics Inc.,NASDAQ
MNR,Mach Natural Resources LP Common Units representing Limited Partner Interests,N
MNRO,"Monro, Inc.",NASDAQ
MNSB,"MainStreet Bancshares, Inc.",NASDAQ
MNSBP,"MainStreet Bancshares, Inc.",NASDAQ
MNSO,"MINISO Group Holding Limited American Depositary Shares, each representing four",N
MNST,Monster Beverage Corporation,NASDAQ
MNTK,"Montauk Renewables, Inc.",NASDAQ
MNTN,"MNTN, Inc.",N
MNTS,Momentus Inc.,NASDAQ
MNY,MoneyHero Limited,NASDAQ
MNYWW,MoneyHero Limited,NASDAQ
MO,"Altria Group, Inc.",N
MOB,Mobilicom Limited,NASDAQ
MOBBW,Mobilicom Limited,NASDAQ
MOBI,"Mobia Medical, Inc.",NASDAQ
MOBX,"Mobix Labs, Inc.",NASDAQ
MOBXW,"Mobix Labs, Inc.",NASDAQ
MOD,Modine Manufacturing Company,N
MODD,"Modular Medical, Inc.",NASDAQ
MOG-A,Moog Inc.,N
MOG-B,Moog Inc.,N
MOGU,MOGU Inc. American Depositary Shares (each  representing 25 Class A Ordinary Shares),N
MOH,Molina Healthcare Inc,N
MOLN,Molecular Partners AG,NASDAQ
MOMO,Hello Group Inc.,NASDAQ
MORN,"Morningstar, Inc.",NASDAQ
MOS,Mosaic Company (The),N
MOV,Movado Group Inc.,N
MOVE,"Corvex, Inc.",NASDAQ
MP,MP Materials Corp.,N
MPAA,"Motorcar Parts of America, Inc.",NASDAQ
MPB,Mid Penn Bancorp,NASDAQ
MPC,Marathon Petroleum Corporation,N
MPLT,"MapLight Therapeutics, Inc.",NASDAQ
MPLX,MPLX LP Common Units Representing Limited Partner Interests,N
MPT,"Medical Properties Trust, Inc. common stock",N
MPTI,"M-tron Industries, Inc.",A
MPU,Mega Matrix Inc.,A
MPV,Barings Participation Investors,N
MPWR,"Monolithic Power Systems, Inc.",NASDAQ
MQ,"Marqeta, Inc.",NASDAQ
MRAM,"Everspin Technologies, Inc.",NASDAQ
MRBK,Meridian Corporation,NASDAQ
MRCO,Mercator Acquisition Corp.,NASDAQ
MRCOU,Mercator Acquisition Corp.,NASDAQ
MRCY,Mercury Systems Inc,NASDAQ
MRDN,Meridian Holdings Inc.,NASDAQ
MREO,Mereo BioPharma Group plc,NASDAQ
MRK,"Merck & Company, Inc. Common Stock (new)",N
MRKR,"Marker Therapeutics, Inc.",NASDAQ
MRLN,"Merlin, Inc.",NASDAQ
MRM,MEDIROM Healthcare Technologies Inc.,NASDAQ
MRNA,"Moderna, Inc.",NASDAQ
MRNO,Murano Global Investments PLC,NASDAQ
MRNOW,Murano Global Investments PLC,NASDAQ
MRP,"Millrose Properties, Inc.",N
MRSH,Marsh,N
MRT,"Marti Technologies, Inc.",A
MRTN,"Marten Transport, Ltd.",NASDAQ
MRVI,"Maravai LifeSciences Holdings, Inc.",NASDAQ
MRVL,"Marvell Technology, Inc.",NASDAQ
MRX,Marex Group Limited,NASDAQ
MS,Morgan Stanley,N
MSA,MSA Safety Incorporated,N
MSAI,"MultiSensor AI Holdings, Inc.",NASDAQ
MSAIW,"MultiSensor AI Holdings, Inc.",NASDAQ
MSB,Mesabi Trust,N
MSBI,"Midland States Bancorp, Inc.",NASDAQ
MSC,"Studio City International Holdings Limited American depositary shares, each representing four  Class A ordinary shares",N
MSCI,MSCI Inc.,N
MSEX,Middlesex Water Company,NASDAQ
MSFT,Microsoft Corporation,NASDAQ
MSGE,Madison Square Garden Entertainment Corp.,N
MSGM,Motorsport Games Inc.,NASDAQ
MSGS,Madison Square Garden Sports Corp. Class A Common Stock (New),N
MSGY,Masonglory Limited,NASDAQ
MSI,"Motorola Solutions, Inc.",N
MSLE,Satellos Bioscience Inc.,NASDAQ
MSM,"MSC Industrial Direct Company, Inc.",N
MSN,Emerson Radio Corporation,A
MSS,Maison Solutions Inc.,NASDAQ
MSTR,Strategy Inc,NASDAQ
MT,Arcelor Mittal NY Registry Shares NEW,N
MTA,Metalla Royalty & Streaming Ltd.,A
MTAK,Market Technology Acquisition Corp,NASDAQ
MTAKW,Market Technology Acquisition Corp,NASDAQ
MTAL,Metals Acquisition Corp. II,N
MTB,M&T Bank Corporation,N
MTC,"MMTec, Inc.",NASDAQ
MTCH,"Match Group, Inc.",NASDAQ
MTD,"Mettler-Toledo International, Inc.",N
MTDR,Matador Resources Company,N
MTEK,Maris-Tech Ltd.,NASDAQ
MTEKW,Maris-Tech Ltd.,NASDAQ
MTEN,Mingteng International Corporation Inc.,NASDAQ
MTEX,"Mannatech, Incorporated",NASDAQ
MTG,MGIC Investment Corporation,N
MTH,Meritage Homes Corporation,N
MTLS,Materialise NV,NASDAQ
MTN,"Vail Resorts, Inc.",N
MTNB,"Matinas Biopharma Holdings, Inc.",A
MTNE,CH4 Natural Solutions Corporation,N
MTR,Mesa Royalty Trust,N
MTRN,Materion Corporation,N
MTRX,Matrix Service Company,NASDAQ
MTSI,"MACOM Technology Solutions Holdings, Inc.",NASDAQ
MTUS,Metallus Inc.,N
MTVA,MetaVia Inc.,NASDAQ
MTW,"Manitowoc Company, Inc. (The)",N
MTX,Minerals Technologies Inc.,N
MTZ,"MasTec, Inc.",N
MU,"Micron Technology, Inc.",NASDAQ
MUFG,"Mitsubishi UFJ Financial Group, Inc.",N
MUR,Murphy Oil Corporation,N
MUSA,Murphy USA Inc.,N
MUX,McEwen Inc.,N
MUZE,Muzero Acquisition Corp,NASDAQ
MVBF,MVB Financial Corp.,NASDAQ
MVIS,"MicroVision, Inc.",NASDAQ
MVST,"Microvast Holdings, Inc.",NASDAQ
MWA,MUELLER WATER PRODUCTS,N
MWC,"Micware Co., Ltd.",NASDAQ
MWG,Multi Ways Holdings Limited,A
MWH,"SOLV Energy, Inc.",NASDAQ
MWYN,"Marwynn Holdings, Inc.",NASDAQ
MX,Magnachip Semiconductor Corporation,N
MXC,Mexco Energy Corporation,A
MXCT,"MaxCyte, Inc.",NASDAQ
MXL,"MaxLinear, Inc",NASDAQ
MYE,"Myers Industries, Inc.",N
MYFW,"First Western Financial, Inc.",NASDAQ
MYGN,"Myriad Genetics, Inc.",NASDAQ
MYND,"Mynd.ai, Inc.",A
MYO,Myomo Inc.,A
MYPS,"PLAYSTUDIOS, Inc.",NASDAQ
MYRG,"MYR Group, Inc.",NASDAQ
MYSE,"Myseum.AI, Inc.",NASDAQ
MYSZ,"My Size, Inc.",NASDAQ
MYX,Maywood Acquisition Corp. 2,NASDAQ
MYXXR,Maywood Acquisition Corp. 2,NASDAQ
MYXXU,Maywood Acquisition Corp. 2,NASDAQ
MYXXW,Maywood Acquisition Corp. 2,NASDAQ
MZTI,The Marzetti Company,NASDAQ
MZYX,MOZAYYX Acquisition Corp.,N
NA,Nano Labs Ltd,NASDAQ
NAAS,NaaS Technology Inc.,NASDAQ
NABL,"N-able, Inc.",N
NAGE,"Niagen Bioscience, Inc.",NASDAQ
NAII,"Natural Alternatives International, Inc.",NASDAQ
NAK,"Northern Dynasty Minerals, Ltd.",A
NAKA,Nakamoto Inc.,NASDAQ
NAMI,Jinxin Technology Holding Company,NASDAQ
NAMM,Namib Minerals,NASDAQ
NAMMW,Namib Minerals,NASDAQ
NAMS,NewAmsterdam Pharma Company N.V.,NASDAQ
NAT,Nordic American Tankers Limited,N
NATH,"Nathan's Famous, Inc.",NASDAQ
NATL,NCR Atleos Corporation,N
NATR,"Nature's Sunshine Products, Inc.",NASDAQ
NAUT,"Nautilus Biotechnology, Inc.",NASDAQ
NAVI,Navient Corporation,NASDAQ
NAVN,"Navan, Inc.",NASDAQ
NB,NioCorp Developments Ltd.,NASDAQ
NBBK,"NB Bancorp, Inc.",NASDAQ
NBHC,National Bank Holdings Corporation,N
NBIS,Nebius Group N.V.,NASDAQ
NBIX,"Neurocrine Biosciences, Inc.",NASDAQ
NBN,Northeast Bank,NASDAQ
NBP,NovaBridge Biosciences,NASDAQ
NBR,Nabors Industries Ltd.,N
NBRG,Newbridge Acquisition Limited,NASDAQ
NBRGR,Newbridge Acquisition Limited,NASDAQ
NBTB,NBT Bancorp Inc.,NASDAQ
NBTX,Nanobiotix S.A.,NASDAQ
NC,"NACCO Industries, Inc.",N
NCDL,Nuveen Churchill Direct Lending Corp.,N
NCEL,NewcelX Ltd.,NASDAQ
NCEW,New Century Logistics (BVI) Limited,NASDAQ
NCI,Neo-Concept International Group Holdings Limited,NASDAQ
NCLH,Norwegian Cruise Line Holdings Ltd.,N
NCMI,"National CineMedia, Inc.",NASDAQ
NCNA,NuCana plc,NASDAQ
NCNO,"nCino, Inc.",NASDAQ
NCO,Southern Cross Acquisition I Corp.,NASDAQ
NCOOR,Southern Cross Acquisition I Corp.,NASDAQ
NCOOU,Southern Cross Acquisition I Corp.,NASDAQ
NCOOW,Southern Cross Acquisition I Corp.,NASDAQ
NCPL,Netcapital Inc.,NASDAQ
NCPLW,Netcapital Inc.,NASDAQ
NCRA,"Nocera, Inc.",NASDAQ
NCT,Intercont (Cayman) Limited,NASDAQ
NCTY,The9 Limited,NASDAQ
NDAQ,"Nasdaq, Inc.",NASDAQ
NDLS,Noodles & Company,NASDAQ
NDRA,ENDRA Life Sciences Inc.,NASDAQ
NDSN,Nordson Corporation,NASDAQ
NE,Noble Corporation plc A,N
NE-A,Noble Corporation plc Tranche 2 Warrants,N
NE-W,Noble Corporation plc Tranche 1 Warrants,N
NECB,"NorthEast Community Bancorp, Inc.",NASDAQ
NEE,"NextEra Energy, Inc.",N
NEGG,"Newegg Commerce, Inc.",NASDAQ
NEM,Newmont Corporation,N
NEN,New England Realty Associates Limited Partnership Class A Depositary Receipts Evidencing Units of Limited Partnership,A
NEO,"NeoGenomics, Inc.",NASDAQ
NEOG,Neogen Corporation,NASDAQ
NEON,Neonode Inc.,NASDAQ
NEOV,NeoVolta Inc.,NASDAQ
NEPH,"Nephros, Inc.",NASDAQ
NERV,"Minerva Neurosciences, Inc",NASDAQ
NESR,National Energy Services Reunited Corp,NASDAQ
NET,"Cloudflare, Inc.",N
NEU,NewMarket Corp,N
NEUP,Neuphoria Therapeutics Inc.,NASDAQ
NEWP,New Pacific Metals Corp.,A
NEWT,"NewtekOne, Inc.",NASDAQ
NEXA,Nexa Resources S.A.,N
NEXM,NexMetals Mining Corp.,NASDAQ
NEXN,Nexxen International Ltd.,NASDAQ
NEXR,Nexera Technologies Ltd,NASDAQ
NEXT,NextDecade Corporation,NASDAQ
NFE,New Fortress Energy Inc.,NASDAQ
NFG,National Fuel Gas Company,N
NFGC,New Found Gold Corp,A
NFLX,"Netflix, Inc.",NASDAQ
NG,Novagold Resources Inc.,A
NGEN,NervGen Pharma Corp.,NASDAQ
NGG,"National Grid Transco, PLC National Grid PLC (NEW)",N
NGL,NGL ENERGY PARTNERS LP Common Units representing Limited Partner Interests,N
NGNE,Neurogene Inc.,NASDAQ
NGS,"Natural Gas Services Group, Inc.",N
NGVC,"Natural Grocers by Vitamin Cottage, Inc.",N
NGVT,Ingevity Corporation,N
NHC,National HealthCare Corporation,A
NHI,"National Health Investors, Inc.",N
NHIV,NewHold Investment Corp IV,NASDAQ
NHIVU,NewHold Investment Corp IV,NASDAQ
NHIVW,NewHold Investment Corp IV,NASDAQ
NHP,"National Healthcare Properties, Inc.",NASDAQ
NHTC,Natural Health Trends Corp.,NASDAQ
NI,NiSource Inc,N
NIC,Nicolet Bankshares Inc.,N
NICE,NICE Ltd,NASDAQ
NICM,Nicola Mining Inc.,NASDAQ
NIKI,"Niki BioSolutions, Inc.",NASDAQ
NINE,"Nine Energy Service, Inc.",A
NIO,"NIO Inc. American depositary shares, each  representing one Class A ordinary share",N
NIPG,NIP Group Inc.,NASDAQ
NIQ,NIQ Global Intelligence plc,N
NIU,Niu Technologies,NASDAQ
NIVF,NewGenIvf Group Limited,NASDAQ
NIVFW,NewGenIvf Group Limited,NASDAQ
NIXX,"Nixxy, Inc.",NASDAQ
NJR,NewJersey Resources Corporation,N
NKE,"Nike, Inc.",N
NKLR,Terra Innovatum Global N.V.,NASDAQ
NKSH,"National Bankshares, Inc.",NASDAQ
NKTR,Nektar Therapeutics,NASDAQ
NKTX,"Nkarta, Inc.",NASDAQ
NL,"NLI Holdings, Inc.",N
NLOP,Net Lease Office Properties Common Shares of Beneficial Interest,N
NLY,Annaly Capital Management Inc.,N
NMAD,"Nomad Power Solutions, Inc.",NASDAQ
NMAX,"Newsmax, Inc.",N
NMFC,New Mountain Finance Corporation,NASDAQ
NMG,Nouveau Monde Graphite Inc.,N
NMIH,NMI Holdings Inc,NASDAQ
NMM,Navios Maritime Partners LP Common Units Representing Limited Partner Interests,N
NMP,NMP Acquisition Corp.,NASDAQ
NMPAU,NMP Acquisition Corp.,NASDAQ
NMR,Nomura Holdings Inc ADR,N
NMRA,"Neumora Therapeutics, Inc.",NASDAQ
NMRK,"Newmark Group, Inc.",NASDAQ
NMTC,NeuroOne Medical Technologies Corporation,NASDAQ
NN,NextNav Inc.,NASDAQ
NNBR,"NN, Inc.",NASDAQ
NNDM,Nano Dimension Ltd.,NASDAQ
NNE,Nano Nuclear Energy Inc.,NASDAQ
NNI,"Nelnet, Inc.",N
NNN,"NNN REIT, Inc.",N
NNNN,Anbio Biotechnology,NASDAQ
NNOX,NANO-X IMAGING LTD,NASDAQ
NNVC,"NanoViricides, Inc.",A
NOA,North American Construction Group Ltd. Common Shares (no par),N
NOAH,Noah Holdings Limited,N
NOC,Northrop Grumman Corporation,N
NODK,"NI Holdings, Inc.",NASDAQ
NOEM,CO2 Energy Transition Corp.,NASDAQ
NOG,"Northern Oil and Gas, Inc.",N
NOK,Nokia Corporation Sponsored,N
NOMA,NOMADAR Corp.,NASDAQ
NOMD,Nomad Foods Limited,N
NOV,NOV Inc.,N
NOVT,Novanta Inc.,NASDAQ
NOVTU,Novanta Inc.,NASDAQ
NOW,"ServiceNow, Inc.",N
NP,Neptune Insurance Holdings Inc.,N
NPAC,New Providence Acquisition Corp. III,NASDAQ
NPACU,New Providence Acquisition Corp. III,NASDAQ
NPACW,New Providence Acquisition Corp. III,NASDAQ
NPB,"Northpointe Bancshares, Inc.",N
NPCE,"Neuropace, Inc.",NASDAQ
NPK,"National Presto Industries, Inc.",N
NPKI,NPK International Inc.,N
NPO,Enpro Inc.,N
NPT,Texxon Holding Limited,NASDAQ
NPWR,NET Power Inc.,N
NRC,NRC Health,NASDAQ
NRDS,"NerdWallet, Inc.",NASDAQ
NRDY,Nerdy Inc.,N
NREF,"NexPoint Real Estate Finance, Inc.",N
NRG,"NRG Energy, Inc.",N
NRGV,"Energy Vault Holdings, Inc.",N
NRIM,Northrim BanCorp Inc,NASDAQ
NRIX,"Nurix Therapeutics, Inc.",NASDAQ
NRP,Natural Resource Partners LP Limited Partnership,N
NRSN,NeuroSense Therapeutics Ltd.,NASDAQ
NRT,North European Oil Royality Trust,N
NRXP,"NRX Pharmaceuticals, Inc.",NASDAQ
NRXS,"Neuraxis, Inc.",A
NSAI,NorthStrive Acquisition Corp I.,NASDAQ
NSAIR,NorthStrive Acquisition Corp I.,NASDAQ
NSAIU,NorthStrive Acquisition Corp I.,NASDAQ
NSAIW,NorthStrive Acquisition Corp I.,NASDAQ
NSC,Norfolk Southern Corporation,N
NSIT,"Insight Enterprises, Inc.",NASDAQ
NSP,"Insperity, Inc.",N
NSPR,InspireMD Inc.,NASDAQ
NSRX,Nasus Pharma Ltd.,A
NSSC,"NAPCO Security Technologies, Inc.",NASDAQ
NSTS,"NSTS Bancorp, Inc.",NASDAQ
NSYS,Nortech Systems Incorporated,NASDAQ
NTAP,"NetApp, Inc.",NASDAQ
NTB,Bank of N.T. Butterfield & Son Limited (The) Voting,N
NTCL,NETCLASS TECHNOLOGY INC,NASDAQ
NTCT,"NetScout Systems, Inc.",NASDAQ
NTES,"NetEase, Inc.",NASDAQ
NTGR,"NETGEAR, Inc.",NASDAQ
NTHI,"NeOnc Technologies Holdings, Inc.",NASDAQ
NTIC,Northern Technologies International Corporation,NASDAQ
NTIP,"Network-1 Technologies, Inc.",A
NTLA,"Intellia Therapeutics, Inc.",NASDAQ
NTNX,"Nutanix, Inc.",NASDAQ
NTR,Nutrien Ltd.,N
NTRA,"Natera, Inc.",NASDAQ
NTRB,Nutriband Inc.,NASDAQ
NTRP,"NextTrip, Inc.",NASDAQ
NTRS,Northern Trust Corporation,NASDAQ
NTSK,"Netskope, Inc.",NASDAQ
NTST,NetSTREIT Corp.,N
NTWK,NETSOL Technologies Inc.,NASDAQ
NTWO,Newbury Street II Acquisition Corp,NASDAQ
NU,Nu Holdings Ltd.,N
NUAI,"New Era Energy & Digital, Inc.",NASDAQ
NUAIW,"New Era Energy & Digital, Inc.",NASDAQ
NUCL,Eagle Nuclear Energy Corp.,NASDAQ
NUCLW,Eagle Nuclear Energy Corp.,NASDAQ
NUE,Nucor Corporation,N
NUR,Nuran Wireless Inc.,NASDAQ
NUS,"Nu Skin Enterprises, Inc.",N
NUTX,Nutex Health Inc.,NASDAQ
NUVB,Nuvation Bio Inc.,N
NUWE,"Nuwellis, Inc.",NASDAQ
NVA,Nova Minerals Corp,A
NVA-W,Nova Minerals Corp Warrants to Purchase,A
NVAX,"Novavax, Inc.",NASDAQ
NVCR,NovoCure Limited,NASDAQ
NVCT,"Nuvectis Pharma, Inc.",NASDAQ
NVDA,NVIDIA Corporation,NASDAQ
NVEC,NVE Corporation,NASDAQ
NVGS,Navigator Holdings Ltd. Ordinary Shares (Marshall Islands),N
NVMI,Nova Ltd.,NASDAQ
NVNI,Nvni Group Limited,NASDAQ
NVNIW,Nvni Group Limited,NASDAQ
NVNO,enVVeno Medical Corporation,NASDAQ
NVO,Novo Nordisk A/S,N
NVR,"NVR, Inc.",N
NVRI,Enviri Corporation,N
NVS,Novartis AG,N
NVST,Envista Holdings Corporation,N
NVT,nVent Electric plc,N
NVTS,Navitas Semiconductor Corporation,NASDAQ
NVX,NOVONIX Limited,NASDAQ
NWAX,New America Acquisition I Corp.,N
NWBI,"Northwest Bancshares, Inc.",NASDAQ
NWE,"NorthWestern Energy Group, Inc.",NASDAQ
NWFL,Norwood Financial Corp.,NASDAQ
NWG,"NatWest Group plc American Depositary Shares, (each representing two (2) Ordinary Shares)",N
NWGL,CL Workshop Group Limited,NASDAQ
NWL,Newell Brands Inc.,NASDAQ
NWN,Northwest Natural Holding Company,N
NWPX,"NWPX Infrastructure, Inc.",NASDAQ
NWS,News Corporation,NASDAQ
NWSA,News Corporation,NASDAQ
NWTG,"Newton Golf Company, Inc.",NASDAQ
NX,Quanex Building Products Corporation,N
NXAT,Nexus Advanced Technologies Inc.,NASDAQ
NXB,NextBoat Inc. Common Stcok,A
NXDR,"Nextdoor Holdings, Inc.",N
NXDT,NexPoint Diversified Real Estate Trust,N
NXE,Nexgen Energy Ltd.,N
NXGL,"NexGel, Inc",NASDAQ
NXH,"Neighborhood Intelligence, Inc.",NASDAQ
NXL,"Nexalin Technology, Inc.",NASDAQ
NXP,Nuveen Select Tax Free Income Portfolio,N
NXPI,NXP Semiconductors N.V.,NASDAQ
NXPL,NextPlat Corp,NASDAQ
NXRT,"NexPoint Residential Trust, Inc.",N
NXST,"Nexstar Media Group, Inc.",NASDAQ
NXT,Nextpower Inc.,NASDAQ
NXTC,"NextCure, Inc.",NASDAQ
NXTS,Nexentis Technologies Inc.,NASDAQ
NXTT,Next Technology Holding Inc.,NASDAQ
NXXT,"NextNRG, Inc.",NASDAQ
NYAX,Nayax Ltd.,NASDAQ
NYC,American Strategic Investment Co.,N
NYT,New York Times Company (The),N
NYXH,Nyxoah SA,NASDAQ
O,Realty Income Corporation,N
OABI,"OmniAb, Inc.",NASDAQ
OACC,Oaktree Acquisition Corp. III Life Sciences,NASDAQ
OBA,Oxley Bridge Acquisition Limited,NASDAQ
OBAWW,Oxley Bridge Acquisition Limited,NASDAQ
OBDC,Blue Owl Capital Corporation,N
OBE,Obsidian Energy Ltd.,A
OBIO,"Orchestra BioMed Holdings, Inc.",NASDAQ
OBK,"Origin Bancorp, Inc.",N
OBT,"Orange County Bancorp, Inc.",NASDAQ
OBX,"Obsidian Therapeutics, Inc.",NASDAQ
OC,Owens Corning Inc Common Stock New,N
OCAC,Ocean Capital Acquisition Corporation,N
OCAC-R,"Ocean Capital Acquisition Corporation Rights, each entitling the holder to receive one ordinary share",N
OCAC-W,"Ocean Capital Acquisition Corporation Warrants, each exercisable for one ordinary share",N
OCC,Optical Cable Corporation,NASDAQ
OCFC,OceanFirst Financial Corp.,NASDAQ
OCG,Oriental Culture Holding LTD,NASDAQ
OCGN,"Ocugen, Inc.",NASDAQ
OCLT,OceanLight Acquisition Corporation,NASDAQ
OCLTR,OceanLight Acquisition Corporation,NASDAQ
OCLTU,OceanLight Acquisition Corporation,NASDAQ
OCLTW,OceanLight Acquisition Corporation,NASDAQ
OCS,Oculis Holding AG,NASDAQ
OCSAW,Oculis Holding AG,NASDAQ
OCTV,Octave Intelligence plc,NASDAQ
OCUL,"Ocular Therapeutix, Inc.",NASDAQ
ODC,Oil-Dri Corporation Of America,N
ODD,ODDITY Tech Ltd.,NASDAQ
ODFL,"Old Dominion Freight Line, Inc.",NASDAQ
ODTX,"Odyssey Therapeutics, Inc.",NASDAQ
ODYS,Odysight.ai Inc.,NASDAQ
OEC,Orion S.A.,N
OESX,"Orion Energy Systems, Inc.",NASDAQ
OFAL,OFA Group,NASDAQ
OFG,OFG Bancorp,N
OFIX,Orthofix Medical Inc.,NASDAQ
OFLX,"Omega Flex, Inc.",NASDAQ
OFRM,"Once Upon a Farm, PBC",N
OGC,OceanaGold Corporation,N
OGCP,"Empire State Realty OP, L.P. Series 60 Operating Partnership Units Representing Limited Partnership Interests",P
OGE,OGE Energy Corp,N
OGEN,Oragenics Inc.,A
OGG,Osisko Gold Group Inc.,N
OGI,Organigram Global Inc.,NASDAQ
OGN,Organon & Co.,N
OGS,"ONE Gas, Inc.",N
OHAC,Oceanhawk Acquisition Corp.,NASDAQ
OHACR,Oceanhawk Acquisition Corp.,NASDAQ
OHACU,Oceanhawk Acquisition Corp.,NASDAQ
OHI,"Omega Healthcare Investors, Inc.",N
OI,"O-I Glass, Inc.",N
OIA,Invesco Municipal Income Opportunities Trust,N
OIG,Orion180 Insurance Group Inc.,NASDAQ
OII,"Oceaneering International, Inc.",N
OIM,OneIM Acquisition Corp.,NASDAQ
OIMAU,OneIM Acquisition Corp.,NASDAQ
OIO,OIO Group,NASDAQ
OIOWW,OIO Group,NASDAQ
OIS,"Oil States International, Inc.",N
OKE,"ONEOK, Inc.",N
OKLO,Oklo Inc. Class A common stock,N
OKTA,"Okta, Inc.",NASDAQ
OKUR,"OnKure Therapeutics, Inc.",NASDAQ
OKYO,OKYO Pharma Limited,NASDAQ
OLB,"The OLB Group, Inc.",NASDAQ
OLED,Universal Display Corporation,NASDAQ
OLLI,"Ollie's Bargain Outlet Holdings, Inc.",NASDAQ
OLMA,"Olema Pharmaceuticals, Inc.",NASDAQ
OLN,Olin Corporation,N
OLOX,Olenox Industries Inc.,NASDAQ
OLP,"One Liberty Properties, Inc.",N
OM,"Outset Medical, Inc.",NASDAQ
OMAB,Grupo Aeroportuario del Centro Norte S.A.B. de C.V.,NASDAQ
OMC,Omnicom Group Inc.,N
OMCL,"Omnicell, Inc.",NASDAQ
OMDA,"Omada Health, Inc.",NASDAQ
OMER,Omeros Corporation,NASDAQ
OMEX,"Odyssey Marine Exploration, Inc.",NASDAQ
OMF,"OneMain Holdings, Inc.",N
OMH,Ohmyhome Limited,NASDAQ
OMSE,OMS Energy Technologies Inc.,NASDAQ
ON,ON Semiconductor Corporation,NASDAQ
ONB,Old National Bancorp,NASDAQ
ONC,BeOne Medicines Ltd.,NASDAQ
ONCH,1RT Acquisition Corp.,NASDAQ
ONCHU,1RT Acquisition Corp.,NASDAQ
ONCO,"Onconetix, Inc.",NASDAQ
ONCY,Oncolytics Biotech Inc.,NASDAQ
ONDS,Ondas Inc,NASDAQ
ONEG,OneConstruction Group Limited,NASDAQ
ONEW,OneWater Marine Inc.,NASDAQ
ONFO,Onfolio Holdings Inc.,NASDAQ
ONIT,Onity Group Inc.,N
ONL,Orion Properties Inc.,N
ONMD,OneMedNet Corp,NASDAQ
ONON,On Holding AG,N
ONT,"Onterris, Inc.",N
ONTO,Onto Innovation Inc.,N
OOMA,"Ooma, Inc.",N
OPAD,Offerpad Solutions Inc.,NASDAQ
OPAL,OPAL Fuels Inc.,NASDAQ
OPBK,OP Bancorp,NASDAQ
OPCH,"Option Care Health, Inc.",NASDAQ
OPEN,Opendoor Technologies Inc,NASDAQ
OPFI,OppFi Inc.,N
OPHC,"OptimumBank Holdings, Inc.",A
OPI,Office Properties Income Trust,NASDAQ
OPK,"Opko Health, Inc.",NASDAQ
OPLN,"OPENLANE, Inc.",N
OPRA,Opera Limited,NASDAQ
OPRT,Oportun Financial Corporation,NASDAQ
OPRX,OptimizeRx Corporation,NASDAQ
OPTH,Optimi Health Corp.,NASDAQ
OPTT,"Ocean Power Technologies, Inc.",A
OPTU,"Optimum Communications, Inc. Class A common stock",N
OPTX,"Syntec Optics Holdings, Inc.",NASDAQ
OPXS,"Optex Systems Holdings, Inc.",NASDAQ
OPY,"Oppenheimer Holdings, Inc. Class A Common Stock (DE)",N
OR,OR Royalties Inc.,N
ORA,"Ormat Technologies, Inc.",N
ORBS,Eightco Holdings Inc.,NASDAQ
ORC,"Orchid Island Capital, Inc.",N
ORCL,Oracle Corporation,N
ORGO,Organogenesis Holdings Inc.,NASDAQ
ORI,Old Republic International Corporation,N
ORIC,"Oric Pharmaceuticals, Inc.",NASDAQ
ORIO,Orion Digital Corp.,NASDAQ
ORIQ,Origin Investment Corp I,NASDAQ
ORIQU,Origin Investment Corp I,NASDAQ
ORKA,"Oruka Therapeutics, Inc.",NASDAQ
ORKT,Orangekloud Technology Inc.,NASDAQ
ORLY,"O'Reilly Automotive, Inc.",NASDAQ
ORMP,Oramed Pharmaceuticals Inc.,NASDAQ
ORN,"Orion Group Holdings, Inc. Common",N
ORRF,"Orrstown Financial Services, Inc.",NASDAQ
OSBC,"Old Second Bancorp, Inc.",NASDAQ
OSCR,"Oscar Health, Inc.",N
OSG,"Octave Specialty Group, Inc.",N
OSIS,"OSI Systems, Inc.",NASDAQ
OSK,Oshkosh Corporation (Holding Company),N
OSPN,OneSpan Inc.,NASDAQ
OSPR,Osprey Acquisition Corp. III,NASDAQ
OSPRU,Osprey Acquisition Corp. III,NASDAQ
OSPRW,Osprey Acquisition Corp. III,NASDAQ
OSS,"One Stop Systems, Inc.",NASDAQ
OST,"Ostin Technology Group Co., Ltd.",NASDAQ
OSTX,OS Therapies Incorporated,A
OSUR,"OraSure Technologies, Inc.",NASDAQ
OSW,OneSpaWorld Holdings Limited,NASDAQ
OTAI,Starlink AI Acquisition Corporation,N
OTAI-R,"Starlink AI Acquisition Corporation Rights, each entitling the holder to receive one-fourth (1/4) of one ordinary share",N
OTEX,Open Text Corporation,NASDAQ
OTF,Blue Owl Technology Finance Corp.,N
OTGA,OTG Acquisition Corp. I,NASDAQ
OTGAW,OTG Acquisition Corp. I,NASDAQ
OTIS,Otis Worldwide Corporation,N
OTLK,"Outlook Therapeutics, Inc.",NASDAQ
OTLY,Oatly Group AB,NASDAQ
OTTR,Otter Tail Corporation,NASDAQ
OUST,"Ouster, Inc.",NASDAQ
OUT,OUTFRONT Media Inc.,N
OVBC,Ohio Valley Banc Corp.,NASDAQ
OVID,Ovid Therapeutics Inc.,NASDAQ
OVLY,Oak Valley Bancorp (CA),NASDAQ
OVV,Ovintiv Inc. (DE),N
OWL,Blue Owl Capital Inc.,N
OWLS,OBOOK Holdings Inc.,NASDAQ
OWLT,"Owlet, Inc.",N
OXBR,Oxbridge Re Holdings Limited,NASDAQ
OXM,"Oxford Industries, Inc.",N
OXY,Occidental Petroleum Corporation,N
OXY-W,Occidental Petroleum Corporation Warrants,N
OYSE,Oyster Enterprises II Acquisition Corp,NASDAQ
OYSER,Oyster Enterprises II Acquisition Corp,NASDAQ
OYSEU,Oyster Enterprises II Acquisition Corp,NASDAQ
OZ,"Belpointe PREP, LLC Class A Units",A
OZK,Bank OZK,NASDAQ
P,"Everpure, Inc. Class A common stock",N
PAA,"Plains All American Pipeline, L.P.",NASDAQ
PAAC,Proem Acquisition Corp I,NASDAQ
PAACU,Proem Acquisition Corp I,NASDAQ
PAACW,Proem Acquisition Corp I,NASDAQ
PAAI,"Paradium.AI, Inc.",A
PAAS,Pan American Silver Corp.,N
PAC,"Grupo Aeroportuario Del Pacifico, S.A. B. de C.V. Grupo Aeroportuario Del Pacifico, S.A. de C.V. (each representing 10 Series B shares)",N
PACB,"Pacific Biosciences of California, Inc.",NASDAQ
PACH,Pioneer Acquisition I Corp,NASDAQ
PACHU,Pioneer Acquisition I Corp,NASDAQ
PACHW,Pioneer Acquisition I Corp,NASDAQ
PACK,Ranpak Holdings Corp,N
PACS,"PACS Group, Inc.",N
PAG,"Penske Automotive Group, Inc.",N
PAGP,"Plains GP Holdings, L.P.",NASDAQ
PAGS,PagSeguro Digital Ltd.,N
PAHC,Phibro Animal Health Corporation,NASDAQ
PAII,Pyrophyte Acquisition Corp. II,N
PAL,"Proficient Auto Logistics, Inc.",NASDAQ
PALI,"Palisade Bio, Inc.",NASDAQ
PALO,Paloma Acquisition Corp I,NASDAQ
PALOU,Paloma Acquisition Corp I,NASDAQ
PALOW,Paloma Acquisition Corp I,NASDAQ
PAM,Pampa Energia S.A.,N
PAMT,PAMT CORP,NASDAQ
PANL,Pangaea Logistics Solutions Ltd.,NASDAQ
PANW,"Palo Alto Networks, Inc.",NASDAQ
PAPL,Pineapple Financial Inc.,A
PAR,PAR Technology Corporation,N
PARA,"Banzai International, Inc.",NASDAQ
PARK,"Park Dental Partners, Inc.",NASDAQ
PARR,"Par Pacific Holdings, Inc.",N
PASG,"Passage Bio, Inc.",NASDAQ
PASW,"Ping An Biomedical Co., Ltd.",NASDAQ
PATH,"UiPath, Inc.",N
PATK,"Patrick Industries, Inc.",NASDAQ
PAVM,PAVmed Inc.,NASDAQ
PAVS,Paranovus Entertainment Technology Ltd.,NASDAQ
PAX,Patria Investments Limited,NASDAQ
PAY,"Paymentus Holdings, Inc.",N
PAYC,"Paycom Software, Inc.",N
PAYO,Payoneer Global Inc.,NASDAQ
PAYP,PayPay Corporation,NASDAQ
PAYS,"Paysign, Inc.",NASDAQ
PAYX,"Paychex, Inc.",NASDAQ
PB,"Prosperity Bancshares, Inc.",N
PBA,Pembina Pipeline Corp. Ordinary Shares (Canada),N
PBAM,"Private Bancorp of America, Inc.",NASDAQ
PBF,PBF Energy Inc.,N
PBFS,"Pioneer Bancorp, Inc.",NASDAQ
PBH,Prestige Consumer Healthcare Inc.,N
PBHC,"Pathfinder Bancorp, Inc.",NASDAQ
PBI,Pitney Bowes Inc.,N
PBK,PowerBank Corporation,NASDAQ
PBLS,"Parabilis Medicines, Inc.",NASDAQ
PBM,Psyence Biomedical Ltd.,NASDAQ
PBR,Petroleo Brasileiro S.A. Petrobras ADS,N
PBT,Permian Basin Royalty Trust,N
PBYI,Puma Biotechnology Inc,NASDAQ
PC,Premium Catering (Holdings) Limited,NASDAQ
PCAP,ProCap Acquisition Corp,NASDAQ
PCAR,PACCAR Inc.,NASDAQ
PCB,PCB Bancorp,NASDAQ
PCG,Pacific Gas & Electric Co.,N
PCLA,PicoCELA Inc.,NASDAQ
PCOR,"Procore Technologies, Inc.",N
PCRX,"Pacira BioSciences, Inc.",NASDAQ
PCSA,"Processa Pharmaceuticals, Inc.",NASDAQ
PCT,"PureCycle Technologies, Inc.",NASDAQ
PCTY,Paylocity Holding Corporation,NASDAQ
PCVX,"Vaxcyte, Inc.",NASDAQ
PCYO,Pure Cycle Corporation,NASDAQ
PD,"PagerDuty, Inc.",N
PDC,Perpetuals.com Ltd,NASDAQ
PDCC,Pearl Diver Credit Company Inc.,N
PDD,PDD Holdings Inc.,NASDAQ
PDEX,"Pro-Dex, Inc.",NASDAQ
PDFS,"PDF Solutions, Inc.",NASDAQ
PDLB,"Ponce Financial Group, Inc.",NASDAQ
PDM,"Piedmont Realty Trust, Inc.",N
PDS,Precision Drilling Corporation,N
PDSB,PDS Biotechnology Corporation,NASDAQ
PDYN,Palladyne AI Corp.,NASDAQ
PEB,Pebblebrook Hotel Trust Common Shares of Beneficial Interest,N
PEBK,"Peoples Bancorp of North Carolina, Inc.",NASDAQ
PEBO,Peoples Bancorp Inc.,NASDAQ
PECE,Peace Acquisition Corp,NASDAQ
PECEU,Peace Acquisition Corp,NASDAQ
PECO,"Phillips Edison & Company, Inc.",NASDAQ
PED,Pedevco Corp.,A
PEG,Public Service Enterprise Group Incorporated,N
PEGA,Pegasystems Inc.,NASDAQ
PEN,"Penumbra, Inc.",N
PENG,"Penguin Solutions, Inc.",NASDAQ
PENN,"PENN Entertainment, Inc.",NASDAQ
PEP,"PepsiCo, Inc.",NASDAQ
PEPG,PepGen Inc.,NASDAQ
PERF,Perfect Corp. Class A Ordinary Share,N
PERI,Perion Network Ltd,NASDAQ
PESI,"Perma-Fix Environmental Services, Inc.",NASDAQ
PETS,"PetMed Express, Inc.",NASDAQ
PETZ,"TDH Holdings, Inc.",NASDAQ
PEW,GrabAGun Digital Holdings Inc.,N
PFAI,Pinnacle Food Group Limited,NASDAQ
PFE,"Pfizer, Inc.",N
PFG,Principal Financial Group Inc,NASDAQ
PFGC,Performance Food Group Company,N
PFIS,Peoples Financial Services Corp.,NASDAQ
PFLT,PennantPark Floating Rate Capital Ltd.,N
PFS,"Provident Financial Services, Inc",N
PFSA,"Profusa, Inc.",NASDAQ
PFSI,"PennyMac Financial Services, Inc.",N
PFX,PhenixFIN Corporation,NASDAQ
PG,Procter & Gamble Company (The),N
PGAC,Pantages Capital Acquisition Corporation,NASDAQ
PGC,Peapack-Gladstone Financial Corporation,NASDAQ
PGEN,"Precigen, Inc.",NASDAQ
PGNY,"Progyny, Inc.",NASDAQ
PGR,Progressive Corporation (The),N
PGY,Pagaya Technologies Ltd.,NASDAQ
PGYWW,Pagaya Technologies Ltd.,NASDAQ
PH,Parker-Hannifin Corporation,N
PHAR,Pharming Group N.V.,NASDAQ
PHAT,"Phathom Pharmaceuticals, Inc.",NASDAQ
PHG,Koninklijke Philips N.V. NY Registry Shares,N
PHI,PLDT Inc. Sponsored ADR,N
PHIN,PHINIA Inc.,N
PHIO,Phio Pharmaceuticals Corp.,NASDAQ
PHM,"PulteGroup, Inc.",N
PHOE,Phoenix Asia Holdings Limited,NASDAQ
PHOS,First Phosphate Corp.,NASDAQ
PHR,"Phreesia, Inc.",N
PHUN,"Phunware, Inc.",NASDAQ
PHVS,Pharvaris N.V.,NASDAQ
PI,"Impinj, Inc.",NASDAQ
PICS,PicS N.V.,NASDAQ
PII,Polaris Inc.,N
PIII,P3 Health Partners Inc.,NASDAQ
PIM,Franklin Master Intermediate Income Trust Shares of Beneficial Interest,N
PINE,"Alpine Income Property Trust, Inc.",N
PINS,"Pinterest, Inc.",N
PIPR,Piper Sandler Companies,N
PJT,PJT Partners Inc.,N
PK,Park Hotels & Resorts Inc.,N
PKBK,"Parke Bancorp, Inc.",NASDAQ
PKE,Park Aerospace Corp.,N
PKG,Packaging Corporation of America,N
PKOH,Park-Ohio Holdings Corp.,NASDAQ
PKX,POSCO HOLDINGS INC. American Depositary Shares (Each representing 1/4th of a share of Common Stock),N
PL,Planet Labs PBC,N
PLAB,"Photronics, Inc.",NASDAQ
PLAG,Planet Green Holdings Corp.,A
PLAY,"Dave & Buster's Entertainment, Inc.",NASDAQ
PLBC,Plumas Bancorp,NASDAQ
PLBL,Polibeli Group Ltd,NASDAQ
PLBY,"Playboy, Inc.",NASDAQ
PLCE,"Children's Place, Inc. (The)",NASDAQ
PLCI,Pelican Acquisition II Corporation,NASDAQ
PLD,"Prologis, Inc.",N
PLG,Platinum Group Metals Ltd. Ordinary Shares (Canada),A
PLGO,Pelagos Insurance Capital Limited,N
PLMK,Plum Acquisition Corp. IV,NASDAQ
PLMKW,Plum Acquisition Corp. IV,NASDAQ
PLMR,"Palomar Holdings, Inc.",NASDAQ
PLNT,"Planet Fitness, Inc.",N
PLOW,"Douglas Dynamics, Inc.",N
PLPC,Preformed Line Products Company,NASDAQ
PLRX,"Pliant Therapeutics, Inc.",NASDAQ
PLRZ,Polyrizon Ltd.,NASDAQ
PLSE,"Pulse Biosciences, Inc",NASDAQ
PLSM,Pulsenmore Ltd.,NASDAQ
PLTK,Playtika Holding Corp.,NASDAQ
PLTR,Palantir Technologies Inc.,NASDAQ
PLTS,Platinum Analytics Cayman Limited,NASDAQ
PLUG,"Plug Power, Inc.",NASDAQ
PLUN,Plutonian Acquisition Corp II,N
PLUN-R,"Plutonian Acquisition Corp II Rights, each entitling the holder to receive one-fourth of one Class A Ordinary Share",N
PLUR,Pluri Inc.,NASDAQ
PLUS,ePlus inc.,NASDAQ
PLUT,Plutus Financial Group Limited,NASDAQ
PLX,"Protalix BioTherapeutics, Inc. (DE)",A
PLXS,Plexus Corp.,NASDAQ
PLYX,"Polaryx Therapeutics, Inc.",NASDAQ
PM,Philip Morris International Inc,N
PMA,PMA Graphene Technology Group Inc.,NASDAQ
PMAX,Powell Max Limited,NASDAQ
PMCB,"PharmaCyte  Biotech, Inc.",NASDAQ
PMEC,Primech Holdings Ltd.,NASDAQ
PMI,"Picard Medical, Inc.",A
PMM,Franklin Managed Municipal Income Trust Shares of Beneficial Interest,N
PMN,ProMIS Neurosciences Inc.,NASDAQ
PMO,Franklin Municipal Opportunities Trust Shares of Beneficial Interest,N
PMT,PennyMac Mortgage Investment Trust Common Shares of Beneficial Interest,N
PMTR,Perimeter Acquisition Corp. I,NASDAQ
PMTS,CPI Card Group Inc.,NASDAQ
PMVP,"PMV Pharmaceuticals, Inc.",NASDAQ
PN,PN Smart Energy Limited,NASDAQ
PNBK,Patriot National Bancorp Inc.,NASDAQ
PNC,"PNC Financial Services Group, Inc. (The)",N
PNFP,"Pinnacle Financial Partners, Inc. Common stock",N
PNNT,PennantPark Investment Corporation,N
PNR,Pentair plc. Ordinary Share,N
PNRG,PrimeEnergy Resources Corporation,NASDAQ
PNTG,"The Pennant Group, Inc.",NASDAQ
PNW,Pinnacle West Capital Corporation,N
POAS,Phaos Technology Holdings (Cayman) Limited,A
POCI,"Precision Optics Corporation, Inc.",NASDAQ
PODC,"PodcastOne, Inc.",NASDAQ
PODD,Insulet Corporation,NASDAQ
POET,POET Technologies Inc.,NASDAQ
POLA,"Polar Power, Inc.",NASDAQ
POLE,Andretti Acquisition Corp. II,NASDAQ
POM,POMDOCTOR LIMITED,NASDAQ
PONO,"Pono Capital Four, Inc.",NASDAQ
PONOR,"Pono Capital Four, Inc.",NASDAQ
PONOU,"Pono Capital Four, Inc.",NASDAQ
PONY,Pony AI Inc.,NASDAQ
POOL,Pool Corporation,NASDAQ
POR,Portland General Electric Co,N
POST,"Post Holdings, Inc.",N
POWI,"Power Integrations, Inc.",NASDAQ
POWL,"Powell Industries, Inc.",NASDAQ
POWW,Outdoor Holding Company,NASDAQ
PPBT,Purple Biotech Ltd.,NASDAQ
PPC,Pilgrim's Pride Corporation,NASDAQ
PPCB,"Propanc Biopharma, Inc.",NASDAQ
PPG,"PPG Industries, Inc.",N
PPHC,"Public Policy Holding Company, Inc.",NASDAQ
PPIH,"Perma-Pipe International Holdings, Inc.",NASDAQ
PPL,PPL Corporation,N
PPLC,PPL Corporation Corporate Units,N
PPLI,People Incorporated,NASDAQ
PPSI,"Pioneer Power Solutions, Inc.",NASDAQ
PPT,Franklin Premier Income Trust Shares of Beneficial Interest,N
PPTA,Perpetua Resources Corp.,NASDAQ
PR,Permian Resources Corporation,N
PRAA,"PRA Group, Inc.",NASDAQ
PRAX,"Praxis Precision Medicines, Inc.",NASDAQ
PRCH,"Porch Group, Inc.",NASDAQ
PRCT,PROCEPT BioRobotics Corporation,NASDAQ
PRDO,Perdoceo Education Corporation,NASDAQ
PRE,Prenetics Global Limited,NASDAQ
PRFX,PRF Technologies Ltd.,NASDAQ
PRG,"PROG Holdings, Inc.",N
PRGO,Perrigo Company plc,N
PRGS,Progress Software Corporation,NASDAQ
PRHI,"Presurance Holdings, Inc.",NASDAQ
PRI,"Primerica, Inc.",N
PRIM,Primoris Services Corporation,N
PRK,Park National Corporation,A
PRKS,United Parks & Resorts Inc.,N
PRLB,"Proto Labs, Inc. Common stock",N
PRLD,Prelude Therapeutics Incorporated,NASDAQ
PRM,"Perimeter Solutions, SA",N
PRMB,Primo Brands Corporation,N
PRME,"Prime Medicine, Inc.",NASDAQ
PROF,Profound Medical Corp.,NASDAQ
PROK,ProKidney Corp.,NASDAQ
PROP,Prairie Operating Co.,NASDAQ
PROV,"Provident Financial Holdings, Inc.",NASDAQ
PRPL,"Purple Innovation, Inc.",NASDAQ
PRPO,"Precipio, Inc.",NASDAQ
PRQR,ProQR Therapeutics N.V.,NASDAQ
PRSO,Peraso Inc.,NASDAQ
PRSU,"Pursuit Attractions and Hospitality, Inc.",N
PRT,PermRock Royalty Trust Units of Beneficial Interest,N
PRTA,Prothena Corporation plc,NASDAQ
PRTH,"Priority Technology Holdings, Inc.",NASDAQ
PRTS,"CarParts.com, Inc.",NASDAQ
PRU,"Prudential Financial, Inc.",N
PRVA,"Privia Health Group, Inc.",NASDAQ
PRZO,ParaZero Technologies Ltd.,NASDAQ
PS,Pershing Square Inc.,N
PSA,Public Storage,N
PSBD,Palmer Square Capital BDC Inc.,N
PSFE,Paysafe Limited,N
PSHG,Performance Shipping Inc.,NASDAQ
PSIG,PS International Group Ltd.,NASDAQ
PSIX,"Power Solutions International, Inc.",NASDAQ
PSKY,Paramount Skydance Corporation,NASDAQ
PSMT,"PriceSmart, Inc.",NASDAQ
PSN,Parsons Corporation,N
PSNL,"Personalis, Inc.",NASDAQ
PSNY,Polestar Automotive Holding UK Limited,NASDAQ
PSNYW,Polestar Automotive Holding UK Limited,NASDAQ
PSO,"Pearson, Plc",N
PSQH,"PSQ Holdings, Inc.",N
PSQH-W,"PSQ Holdings, Inc. Warrants, each exercisable for one share of Class A common stock at an exercise price of $11.50 per share",N
PSQL,Pasqal Holding SA,NASDAQ
PSTL,"Postal Realty Trust, Inc.",N
PSUS,"Pershing Square USA, Ltd.",N
PSX,Phillips 66,N
PTAC,Patriot Acquisition Corp.,NASDAQ
PTACU,Patriot Acquisition Corp.,NASDAQ
PTACW,Patriot Acquisition Corp.,NASDAQ
PTC,PTC Inc.,NASDAQ
PTCT,"PTC Therapeutics, Inc.",NASDAQ
PTEN,"Patterson-UTI Energy, Inc.",NASDAQ
PTGX,"Protagonist Therapeutics, Inc.",NASDAQ
PTHS,Pelthos Therapeutics Inc.,A
PTLE,PTL LTD,NASDAQ
PTLO,Portillo's Inc.,NASDAQ
PTN,"Palatin Technologies, Inc.",NASDAQ
PTON,"Peloton Interactive, Inc.",NASDAQ
PTOR,Praetorian Acquisition Corp.,NASDAQ
PTORU,Praetorian Acquisition Corp.,NASDAQ
PTRN,Pattern Group Inc.,NASDAQ
PUBM,"PubMatic, Inc.",NASDAQ
PUK,Prudential Public Limited Company,N
PULM,"Pulmatrix, Inc.",NASDAQ
PUMP,ProPetro Holding Corp.,N
PURR,Hyperliquid Strategies Inc,NASDAQ
PUSA,Aureus Greenway Holdings Inc.,NASDAQ
PVH,PVH Corp.,N
PVL,Permianville Royalty Trust Units of Beneficial Interest,N
PVLA,"Palvella Therapeutics, Inc.",NASDAQ
PW,Power REIT (MD),A
PWCM,"PowerCompute, Inc.",NASDAQ
PWP,Perella Weinberg Partners,NASDAQ
PWR,"Quanta Services, Inc.",N
PWRL,Powerlaw Corp.,NASDAQ
PXED,"Phoenix Education Partners, Inc.",N
PXLW,"Pixelworks, Inc.",NASDAQ
PXS,Pyxis Tankers Inc.,NASDAQ
PYPD,PolyPid Ltd.,NASDAQ
PYPL,"PayPal Holdings, Inc.",NASDAQ
PYT,PPlus Tr GSC-2 Tr Ctf Fltg Rate,N
PYXS,"Pyxis Oncology, Inc.",NASDAQ
PZG,Paramount Gold Nevada Corp.,A
PZZA,"Papa John's International, Inc.",NASDAQ
Q,"Qnity Electronics, Inc.",N
QADR,QDRO Acquisition Corp.,NASDAQ
QADRU,QDRO Acquisition Corp.,NASDAQ
QBTS,D-Wave Quantum Inc.,NASDAQ
QCLS,"Q/C Technologies, Inc.",NASDAQ
QCOM,QUALCOMM Incorporated,NASDAQ
QCRH,"QCR Holdings, Inc.",NASDAQ
QDEL,QuidelOrtho Corporation,NASDAQ
QETA,Quetta Acquisition Corporation,NASDAQ
QFIN,"Qfin Holdings, Inc.",NASDAQ
QGEN,Qiagen N.V.,N
QH,Quhuo Limited,NASDAQ
QLEP,Quantum Leap Acquisition Corp,N
QLYS,"Qualys, Inc.",NASDAQ
QMCO,Quantum Corporation,NASDAQ
QMLS,"QumulusAI, Inc.",NASDAQ
QNBC,QNB Corp.,NASDAQ
QNC,Quantum eMotion Corp.,A
QNCX,"Quince Therapeutics, Inc.",NASDAQ
QNME,"Quanome Technologies, Inc.",NASDAQ
QNRX,"Quoin Pharmaceuticals, Ltd.",NASDAQ
QNST,"QuinStreet, Inc.",NASDAQ
QNT,Quantinuum Inc.,NASDAQ
QNTM,Quantum Biopharma Ltd.,NASDAQ
QRED,QuasarEdge Acquisition Corporation,N
QRED-R,QuasarEdge Acquisition Corporation Rights to receive one-fourth (1/4) of one Ordinary Share,N
QRHC,Quest Resource Holding Corporation,NASDAQ
QRVO,"Qorvo, Inc.",NASDAQ
QS,QuantumScape Corporation,NASDAQ
QSEA,Quartzsea Acquisition Corporation,NASDAQ
QSEAR,Quartzsea Acquisition Corporation,NASDAQ
QSEAU,Quartzsea Acquisition Corporation,NASDAQ
QSI,Quantum-Si Incorporated,NASDAQ
QSR,Restaurant Brands International Inc.,N
QTEX,QTREX Quantum Ltd.,NASDAQ
QTI,"QT Imaging Holdings, Inc.",NASDAQ
QTRX,Quanterix Corporation,NASDAQ
QTTB,Q32 Bio Inc.,NASDAQ
QTWO,"Q2 Holdings, Inc.",N
QUAD,"Quad Graphics, Inc",N
QUBT,Quantum Computing Inc.,NASDAQ
QUCY,Quantum Cyber N.V.,NASDAQ
QUIK,QuickLogic Corporation,NASDAQ
QUMS,Quantumsphere Acquisition Corp.,NASDAQ
QUMSR,Quantumsphere Acquisition Corp.,NASDAQ
QUMSU,Quantumsphere Acquisition Corp.,NASDAQ
QURE,uniQure N.V.,NASDAQ
QVCG,"QVC Group, Inc.",NASDAQ
QXL,Quantum X Labs Inc.,NASDAQ
QXO,"QXO, Inc.",N
R,"Ryder System, Inc.",N
RAC,Rithm Acquisition Corp.,N
RACC,Research Alliance Corporation III,NASDAQ
RACD,Research Alliance Corporation IV,NASDAQ
RACE,Ferrari N.V.,N
RADX,Radiopharm Theranostics Limited,NASDAQ
RAIL,"Freightcar America, Inc.",NASDAQ
RAIN,"Rain Enhancement Technologies Holdco, Inc.",NASDAQ
RAINW,"Rain Enhancement Technologies Holdco, Inc.",NASDAQ
RAL,Ralliant Corporation,N
RAMP,"LiveRamp Holdings, Inc.",N
RANG,Range Capital Acquisition Corp.,NASDAQ
RANGR,Range Capital Acquisition Corp.,NASDAQ
RANGU,Range Capital Acquisition Corp.,NASDAQ
RANI,"Rani Therapeutics Holdings, Inc.",NASDAQ
RAPP,"Rapport Therapeutics, Inc.",NASDAQ
RARE,Ultragenyx Pharmaceutical Inc.,NASDAQ
RAVE,"Rave Restaurant Group, Inc.",NASDAQ
RAYA,Erayak Power Solution Group Inc.,NASDAQ
RBA,"RB Global, Inc.",N
RBB,RBB Bancorp,NASDAQ
RBBN,Ribbon Communications Inc.,NASDAQ
RBC,RBC Bearings Incorporated,N
RBCAA,"Republic Bancorp, Inc.",NASDAQ
RBKB,"Rhinebeck Bancorp, Inc.",NASDAQ
RBLX,Roblox Corporation,N
RBNE,Robin Energy Ltd.,NASDAQ
RBRK,"Rubrik, Inc.",N
RC,Ready Capital Corporation,N
RCAT,"Red Cat Holdings, Inc.",NASDAQ
RCBC,River City Bank,NASDAQ
RCEL,"Avita Medical, Inc.",NASDAQ
RCI,"Rogers Communication, Inc.",N
RCKT,"Rocket Pharmaceuticals, Inc.",NASDAQ
RCKY,"Rocky Brands, Inc.",NASDAQ
RCL,Royal Caribbean Cruises Ltd.,N
RCMT,"RCM Technologies, Inc.",NASDAQ
RCON,"Recon Technology, Ltd.",NASDAQ
RCT,RedCloud Holdings plc,NASDAQ
RCUS,"Arcus Biosciences, Inc.",N
RDAC,Rising Dragon Acquisition Corp.,NASDAQ
RDACR,Rising Dragon Acquisition Corp.,NASDAQ
RDAG,Republic Digital Acquisition Company,NASDAQ
RDAGW,Republic Digital Acquisition Company,NASDAQ
RDCM,Radcom Ltd.,NASDAQ
RDDT,"Reddit, Inc.",N
RDGT,"Ridgetech, Inc.",NASDAQ
RDHL,Redhill Biopharma Ltd.,NASDAQ
RDI,Reading International Inc,NASDAQ
RDIB,Reading International Inc,NASDAQ
RDN,Radian Group Inc.,N
RDNT,"RadNet, Inc.",NASDAQ
RDNW,"RideNow Group, Inc.",NASDAQ
RDVT,"Red Violet, Inc.",NASDAQ
RDW,Redwire Corporation,N
RDWR,Radware Ltd.,NASDAQ
RDY,Dr. Reddy's Laboratories Ltd,N
RDZN,"Roadzen, Inc.",NASDAQ
RDZNW,"Roadzen, Inc.",NASDAQ
REA,"Rare Earths Americas, Inc.",A
REAL,"The RealReal, Inc.",NASDAQ
REAX,Real REMAX Group Inc.,NASDAQ
REBN,"Reborn Coffee, Inc.",NASDAQ
RECT,Rectitude Holdings Ltd,NASDAQ
REED,"Reed's, Inc.",A
REF,Reformation Inc.,N
REFI,"Chicago Atlantic Real Estate Finance, Inc.",NASDAQ
REFR,Research Frontiers Incorporated,NASDAQ
REG,Regency Centers Corporation,NASDAQ
REGN,"Regeneron Pharmaceuticals, Inc.",NASDAQ
REI,"Ring Energy, Inc.",A
REKR,"Rekor Systems, Inc.",NASDAQ
RELL,"Richardson Electronics, Ltd.",NASDAQ
RELX,RELX PLC PLC American Depositary Shares (Each representing One Ordinary Share),N
RELY,"Remitly Global, Inc.",NASDAQ
RENT,"Rent the Runway, Inc.",NASDAQ
RENX,RenX Enterprises Corp.,NASDAQ
REPL,"Replimune Group, Inc.",NASDAQ
REPX,"Riley Exploration Permian, Inc.",A
RERE,ATRenew Inc. American Depositary Shares (every three of which representing two Class A ordinary shares),N
RES,"RPC, Inc.",N
RETO,"ReTo Eco-Solutions, Inc.",NASDAQ
REVB,"Revelation Biosciences, Inc.",NASDAQ
REX,REX American Resources Corporation,N
REXR,"Rexford Industrial Realty, Inc.",N
REYN,Reynolds Consumer Products Inc.,NASDAQ
REZI,"Resideo Technologies, Inc.",N
RF,Regions Financial Corporation,N
RFAI,RF Acquisition Corp II,NASDAQ
RFAM,RF Acquisition Corp III,NASDAQ
RFAMR,RF Acquisition Corp III,NASDAQ
RFAMU,RF Acquisition Corp III,NASDAQ
RFIL,"RF Industries, Ltd.",NASDAQ
RFL,"Rafael Holdings, Inc.",N
RGA,"Reinsurance Group of America, Incorporated",N
RGC,Regencell Bioscience Holdings Limited,NASDAQ
RGCO,RGC Resources Inc.,NASDAQ
RGEN,Repligen Corporation,NASDAQ
RGLD,"Royal Gold, Inc.",NASDAQ
RGNT,Regentis Biomaterials Ltd.,A
RGNX,REGENXBIO Inc.,NASDAQ
RGP,"Resources Connection, Inc.",NASDAQ
RGR,"Sturm, Ruger & Company, Inc.",N
RGS,Regis Corporation,NASDAQ
RGT,"Royce Global Trust, Inc.",N
RGTI,"Rigetti Computing, Inc.",NASDAQ
RH,RH,N
RHI,Robert Half Inc.,N
RHLD,Resolute Holdings Management,N
RHP,"Ryman Hospitality Properties, Inc. (REIT)",N
RIBB,Ribbon Acquisition Corp,NASDAQ
RIBBR,Ribbon Acquisition Corp,NASDAQ
RICK,"RCI Hospitality Holdings, Inc.",NASDAQ
RIG,Transocean Ltd (Switzerland),N
RIGL,"Rigel Pharmaceuticals, Inc.",NASDAQ
RILY,"BRC Group Holdings, Inc.",NASDAQ
RIME,"Algorhythm Holdings, Inc.",NASDAQ
RIO,Rio Tinto Plc,N
RIOT,"Riot Platforms, Inc.",NASDAQ
RITM,Rithm Capital Corp.,N
RIVN,"Rivian Automotive, Inc.",NASDAQ
RJET,Republic Airways Holdings Inc.,NASDAQ
RJF,"Raymond James Financial, Inc.",N
RKDA,"Arcadia Biosciences, Inc.",NASDAQ
RKLB,Rocket Lab Corporation,NASDAQ
RKT,"Rocket Companies, Inc.",N
RKTO,Rocket One Inc.,NASDAQ
RL,Ralph Lauren Corporation,N
RLAY,"Relay Therapeutics, Inc.",NASDAQ
RLGT,"Radiant Logistics, Inc.",A
RLI,RLI Corp. Common Stock (DE),N
RLJ,RLJ Lodging Trust Common Shares of Beneficial Interest $0.01 par value,N
RLMD,"Relmada Therapeutics, Inc.",NASDAQ
RLYB,Rallybio Corporation,NASDAQ
RM,Regional Management Corp.,N
RMBI,"Richmond Mutual Bancorporation, Inc.",NASDAQ
RMBS,"Rambus, Inc.",NASDAQ
RMCF,"Rocky Mountain Chocolate Factory, Inc.",NASDAQ
RMCO,Royalty Management Holding Corporation,NASDAQ
RMD,ResMed Inc.,N
RMIX,"Suncrete, Inc.",NASDAQ
RML,Resolution Minerals Ltd,NASDAQ
RMNI,"Rimini Street, Inc.",NASDAQ
RMR,The RMR Group Inc.,NASDAQ
RMSG,Real Messenger Corporation,NASDAQ
RMSGW,Real Messenger Corporation,NASDAQ
RMT,"Royce Micro-Cap Trust, Inc.",N
RMTI,"Rockwell Medical, Inc.",NASDAQ
RNA,"Atrium Therapeutics, Inc.",NASDAQ
RNAC,"Cartesian Therapeutics, Inc.",NASDAQ
RNAQ,Rainier Acquisition Corporation,NASDAQ
RNAQU,Rainier Acquisition Corporation,NASDAQ
RNAQW,Rainier Acquisition Corporation,NASDAQ
RNAZ,"TransCode Therapeutics, Inc.",NASDAQ
RNG,"RingCentral, Inc.",N
RNGR,"Ranger Energy Services, Inc.",N
RNGT,Range Capital Acquisition Corp II,NASDAQ
RNGTU,Range Capital Acquisition Corp II,NASDAQ
RNGTW,Range Capital Acquisition Corp II,NASDAQ
RNR,RenaissanceRe Holdings Ltd.,N
RNST,Renasant Corporation,N
RNTX,"Rein Therapeutics, Inc.",NASDAQ
RNW,ReNew Energy Global plc,NASDAQ
RNXT,"RenovoRx, Inc.",NASDAQ
ROAD,"Construction Partners, Inc.",NASDAQ
ROC,Rank One Computing Corporation,NASDAQ
ROCK,"Gibraltar Industries, Inc.",NASDAQ
ROG,Rogers Corporation,N
ROIV,Roivant Sciences Ltd.,NASDAQ
ROK,"Rockwell Automation, Inc.",N
ROKU,"Roku, Inc.",NASDAQ
ROL,"Rollins, Inc.",N
ROLR,"High Roller Technologies, Inc.",A
ROMA,Roma Green Finance Limited,NASDAQ
ROOT,"Root, Inc.",NASDAQ
ROP,"Roper Technologies, Inc.",NASDAQ
ROST,"Ross Stores, Inc.",NASDAQ
RPAY,Repay Holdings Corporation,NASDAQ
RPC,"Ridgepost Capital, Inc.",N
RPD,"Rapid7, Inc.",NASDAQ
RPGL,Republic Power Group Limited,NASDAQ
RPID,"Rapid Micro Biosystems, Inc.",NASDAQ
RPM,RPM International Inc.,N
RPRX,Royalty Pharma plc,NASDAQ
RPT,Rithm Property Trust Inc. Common stock,N
RR,Richtech Robotics Inc.,NASDAQ
RRBI,"Red River Bancshares, Inc.",NASDAQ
RRC,Range Resources Corporation,N
RREV,RRE Ventures Acquisition Corp.,NASDAQ
RREVU,RRE Ventures Acquisition Corp.,NASDAQ
RREVW,RRE Ventures Acquisition Corp.,NASDAQ
RRGB,"Red Robin Gourmet Burgers, Inc.",NASDAQ
RRR,"Red Rock Resorts, Inc.",NASDAQ
RRX,Regal Rexnord Corporation,N
RS,"Reliance, Inc.",N
RSG,"Republic Services, Inc.",N
RSI,"Rush Street Interactive, Inc.",N
RSKD,Riskified Ltd.,N
RSSS,"Research Solutions, Inc",NASDAQ
RSVR,"Reservoir Media, Inc..",NASDAQ
RTAC,Renatus Tactical Acquisition Corp I,NASDAQ
RTB,"RTB Digital, Inc.",NASDAQ
RTO,Rentokil Initial plc American Depositary Shares (each representing five (5) Ordinary Shares),N
RTX,RTX Corporation,N
RUBI,Rubico Inc.,NASDAQ
RUM,RUM Group Inc.,NASDAQ
RUN,Sunrun Inc.,NASDAQ
RUSHA,"Rush Enterprises, Inc.",NASDAQ
RUSHB,"Rush Enterprises, Inc.",NASDAQ
RVLV,"Revolve Group, Inc.",N
RVMD,"Revolution Medicines, Inc.",NASDAQ
RVP,"Retractable Technologies, Inc.",A
RVSB,Riverview Bancorp Inc,NASDAQ
RVSN,Rail Vision Ltd.,NASDAQ
RVT,"Royce Small-Cap Trust, Inc.",N
RVTY,"Revvity, Inc.",N
RWAY,Runway Growth Finance Corp.,NASDAQ
RWT,"Redwood Trust, Inc.",N
RXO,"RXO, Inc.",N
RXRX,"Recursion Pharmaceuticals, Inc.",NASDAQ
RXST,"RxSight, Inc.",NASDAQ
RXT,"Rackspace Technology, Inc.",NASDAQ
RY,Royal Bank Of Canada,N
RYAAY,Ryanair Holdings plc,NASDAQ
RYAM,Rayonier Advanced Materials Inc.,N
RYAN,"Ryan Specialty Holdings, Inc.",N
RYDE,Ryde Group Ltd.,A
RYET,Ruanyun Edai Technology Inc.,NASDAQ
RYM,"RYTHM, Inc.",NASDAQ
RYN,Rayonier Inc. REIT,N
RYOJ,"rYojbaba Co., Ltd.",NASDAQ
RYTM,"Rhythm Pharmaceuticals, Inc.",NASDAQ
RYZ,Ryerson Holding Corporation,N
RZLT,"Rezolute, Inc.",NASDAQ
RZLV,Rezolve AI PLC,NASDAQ
RZLVW,Rezolve AI PLC,NASDAQ
S,"SentinelOne, Inc.",N
SA,"Seabridge Gold, Inc. Common Shares New",N
SAAQ,Space Asset Acquisition Corp.,NASDAQ
SAAQU,Space Asset Acquisition Corp.,NASDAQ
SAAQW,Space Asset Acquisition Corp.,NASDAQ
SABR,Sabre Corporation,NASDAQ
SABS,"SAB Biotherapeutics, Inc.",NASDAQ
SAC,Safeguard Acquisition Corp.,N
SACH,Sachem Capital Corp.,A
SAFE,Safehold Inc. New,N
SAFT,"Safety Insurance Group, Inc.",NASDAQ
SAFX,"XCF Global, Inc.",NASDAQ
SAGT,SAGTEC GLOBAL LIMITED,NASDAQ
SAGU,Shreya Acquisition Group,N
SAGU-R,"Shreya Acquisition Group Rights, each entitling the holder to receive one-fourth of one Class A Ordinary Share",N
SAGU-W,"Shreya Acquisition Group Redeemable warrants, entitling the holder to purchase one Class A Ordinary Share at $11.50 per share",N
SAH,"Sonic Automotive, Inc.",N
SAIA,"Saia, Inc.",NASDAQ
SAIC,Science Applications International Corporation,NASDAQ
SAIH,SAIHEAT Limited,NASDAQ
SAIL,"SailPoint, Inc.",NASDAQ
SAM,"Boston Beer Company, Inc. (The)",N
SAMG,Silvercrest Asset Management Group Inc.,NASDAQ
SAMO,Samos Energy Acquisition Corporation,N
SAN,"Banco Santander, S.A. Sponsored ADR (Spain)",N
SANA,"Sana Biotechnology, Inc.",NASDAQ
SANG,Sangoma Technologies Corporation,NASDAQ
SANM,Sanmina Corporation,NASDAQ
SAP,SAP  SE ADS,N
SAR,Saratoga Investment Corp New,N
SARO,"StandardAero, Inc.",N
SATL,Satellogic Inc.,NASDAQ
SB,"Safe Bulkers, Inc Common Stock ($0.001 par value)",N
SBAC,SBA Communications Corporation,NASDAQ
SBC,SBC Medical Group Holdings Incorporated,NASDAQ
SBCF,Seacoast Banking Corporation of Florida,NASDAQ
SBCWW,SBC Medical Group Holdings Incorporated,NASDAQ
SBET,"Sharplink, Inc.",NASDAQ
SBFG,"SB Financial Group, Inc.",NASDAQ
SBFM,Sunshine Biopharma Inc.,NASDAQ
SBGI,"Sinclair, Inc.",NASDAQ
SBH,"Sally Beauty Holdings, Inc. (Name to be changed from Sally Holdings, Inc.)",N
SBLK,Star Bulk Carriers Corp.,NASDAQ
SBMT,Silver Bow Mining Corp.,A
SBR,Sabine Royalty Trust,N
SBRA,"Sabra Health Care REIT, Inc.",NASDAQ
SBS,Companhia de saneamento Basico Do Estado De Sao Paulo,N
SBSI,"Southside Bancshares, Inc.",N
SBSW,D/B/A Sibanye-Stillwater Limited ADS,N
SBUX,Starbucks Corporation,NASDAQ
SBXD,SilverBox Corp IV,N
SBXE,SilverBox Corp V,N
SCAG,Scage Future,NASDAQ
SCAGW,Scage Future,NASDAQ
SCATU,Southern Cross Acquisition II Corp.,NASDAQ
SCCO,Southern Copper Corporation,N
SCHL,Scholastic Corporation,NASDAQ
SCHW,Charles Schwab Corporation (The),N
SCI,Service Corporation International,N
SCII,SC II Acquisition Corp.,NASDAQ
SCIIR,SC II Acquisition Corp.,NASDAQ
SCIIU,SC II Acquisition Corp.,NASDAQ
SCKT,"Socket Mobile, Inc.",NASDAQ
SCL,Stepan Company,N
SCLX,Scilex Holding Company,NASDAQ
SCM,Stellus Capital Investment Corporation,N
SCNI,Scinai Immunotherapeutics Ltd.,NASDAQ
SCNX,"Scienture Holdings, Inc.",NASDAQ
SCOR,"comScore, Inc.",NASDAQ
SCPQ,Social Commerce Partners Corporation,NASDAQ
SCSC,"ScanSource, Inc.",NASDAQ
SCTX,Scribe Therapeutics Inc.,NASDAQ
SCWO,374Water Inc.,NASDAQ
SCYX,"SCYNEXIS, Inc.",NASDAQ
SCZM,Santacruz Silver Mining Ltd.,NASDAQ
SD,"SandRidge Energy, Inc.",N
SDA,SunCar Technology Group Inc.,NASDAQ
SDEV,Stablecoin Development Corporation,A
SDGR,"Schrodinger, Inc.",NASDAQ
SDHC,Smith Douglas Homes Corp.,N
SDHI,Siddhi Acquisition Corp,NASDAQ
SDOT,Sadot Group Inc.,NASDAQ
SDRL,Seadrill Limited,N
SDST,Stardust Power Inc.,NASDAQ
SE,"Sea Limited American Depositary Shares, each representing one Class A Ordinary Share",N
SEAT,Vivid Seats Inc.,NASDAQ
SEB,Seaboard Corporation,A
SECZ,Securitize Corp.,N
SEDG,"SolarEdge Technologies, Inc.",NASDAQ
SEED,Origin Agritech Limited,NASDAQ
SEER,"Seer, Inc.",NASDAQ
SEG,Seaport Entertainment Group Inc.,N
SEGG,Sports Entertainment Gaming Global Corporation,NASDAQ
SEI,"Solaris Energy Infrastructure, Inc.",N
SEIC,SEI Investments Company,NASDAQ
SELF,"Global Self Storage, Inc.",NASDAQ
SENEA,Seneca Foods Corp.,NASDAQ
SENEB,Seneca Foods Corp.,NASDAQ
SENS,"Senseonics Holdings, Inc.",NASDAQ
SEPN,"Septerna, Inc.",NASDAQ
SER,"Serina Therapeutics, Inc.",A
SERA,"Sera Prognostics, Inc.",NASDAQ
SERV,Serve Robotics Inc.,NASDAQ
SES,SES AI Corporation,N
SEV,Aptera Motors Corp.,NASDAQ
SEVN,Seven Hills Realty Trust,NASDAQ
SEZL,Sezzle Inc.,NASDAQ
SF,Stifel Financial Corporation,N
SFBC,"Sound Financial Bancorp, Inc.",NASDAQ
SFBS,"ServisFirst Bancshares, Inc.",N
SFD,"Smithfield Foods, Inc.",NASDAQ
SFHG,Samfine Creation Holdings Group Limited,NASDAQ
SFIX,"Stitch Fix, Inc.",NASDAQ
SFL,SFL Corporation Ltd,N
SFM,"Sprouts Farmers Market, Inc.",NASDAQ
SFNC,Simmons First National Corporation,NASDAQ
SFST,"Southern First Bancshares, Inc.",NASDAQ
SFWL,Shengfeng Development Limited,NASDAQ
SG,"Sweetgreen, Inc.",N
SGA,"Saga Communications, Inc.",NASDAQ
SGC,"Superior Group of Companies, Inc.",NASDAQ
SGHC,Super Group (SGHC) Limited,N
SGHT,"Sight Sciences, Inc.",NASDAQ
SGI,Somnigroup International Inc.,N
SGLD,Scorpio Gold Corporation,NASDAQ
SGLY,Singularity Future Technology Ltd.,NASDAQ
SGML,Sigma Lithium Corporation,NASDAQ
SGMT,Sagimet Biosciences Inc.,NASDAQ
SGP,"SpyGlass Pharma, Inc.",NASDAQ
SGRX,SANGRIX INC.,NASDAQ
SGRY,"Surgery Partners, Inc.",NASDAQ
SGU,Star Group L.P.,N
SHAK,"Shake Shack, Inc.",N
SHAZ,"SharonAI Holdings, Inc.",NASDAQ
SHBI,"Shore Bancshares, Inc.",NASDAQ
SHC,Sotera Health Company,NASDAQ
SHEL,Shell PLC American Depositary Shares (each representing two (2) Ordinary Shares),N
SHEN,Shenandoah Telecommunications Co,NASDAQ
SHFS,"SHF Holdings, Inc.",NASDAQ
SHFSW,"SHF Holdings, Inc.",NASDAQ
SHG,Shinhan Financial Group Co Ltd,N
SHIM,Shimmick Corporation,NASDAQ
SHIP,Seanergy Maritime Holdings Corp.,NASDAQ
SHLS,"Shoals Technologies Group, Inc.",NASDAQ
SHMD,SCHMID Group N.V.,NASDAQ
SHMDW,SCHMID Group N.V.,NASDAQ
SHO,"Sunstone Hotel Investors, Inc. Sunstone Hotel Investors, Inc.",N
SHOE,"Shoe Station Group, Inc.",NASDAQ
SHOO,"Steven Madden, Ltd.",NASDAQ
SHOP,Shopify Inc.,NASDAQ
SHOT,RMG ML Sports Holdings,NASDAQ
SHOTR,RMG ML Sports Holdings,NASDAQ
SHPH,"Shuttle Pharmaceuticals Holdings, Inc.",NASDAQ
SHW,Sherwin-Williams Company (The),N
SI,"Shoulder Innovations, Inc.",N
SIBN,"SI-BONE, Inc.",NASDAQ
SID,Companhia Siderurgica Nacional S.A.,N
SIDU,"Sidus Space, Inc.",NASDAQ
SIEB,Siebert Financial Corp.,NASDAQ
SIF,"SIFCO Industries, Inc.",A
SIFY,Sify Technologies Limited,NASDAQ
SIG,Signet Jewelers Limited,N
SIGA,SIGA Technologies Inc.,NASDAQ
SIGI,"Selective Insurance Group, Inc.",NASDAQ
SII,Sprott Inc.,N
SILC,Silicom Ltd,NASDAQ
SILO,"Silo Pharma, Inc.",NASDAQ
SIM,"Grupo Simec, S.A.B. de C.V.",A
SIMA,SIM Acquisition Corp. I,NASDAQ
SIMO,Silicon Motion Technology Corporation,NASDAQ
SIND,Sinda Ltd.,N
SINT,"SiNtx Technologies, Inc.",NASDAQ
SION,"Sionna Therapeutics, Inc.",NASDAQ
SIRI,SiriusXM Holdings Inc.,NASDAQ
SITC,SITE Centers Corp.,N
SITE,"SiteOne Landscape Supply, Inc.",N
SITM,SiTime Corporation,NASDAQ
SJ,Scienjoy Holding Corporation,NASDAQ
SJM,The J.M. Smucker Company,N
SJT,San Juan Basin Royalty Trust,N
SKE,Skeena Resources Limited,N
SKHY,SK hynix Inc.,NASDAQ
SKIL,Skillsoft Corp.,N
SKIN,SkinHealth Systems Inc.,NASDAQ
SKK,SKK Holdings Limited,NASDAQ
SKM,"SK Telecom Co., Ltd.",N
SKT,Tanger Inc.,N
SKWD,"Skyward Specialty Insurance Group, Inc.",NASDAQ
SKY,"Champion Homes, Inc.",N
SKYA,"SkyAI, Inc.",NASDAQ
SKYE,"Skye Bioscience, Inc.",NASDAQ
SKYH,Sky Harbour Group Corporation,N
SKYQ,Sky Quarry Inc.,NASDAQ
SKYW,"SkyWest, Inc.",NASDAQ
SKYX,SKYX Platforms Corp.,NASDAQ
SLAB,"Silicon Laboratories, Inc.",NASDAQ
SLB,SLB Limited,N
SLBT,SL Science Holding Limited,NASDAQ
SLDB,Solid Biosciences Inc.,NASDAQ
SLDE,"Slide Insurance Holdings, Inc.",NASDAQ
SLDP,"Solid Power, Inc.",NASDAQ
SLE,"Super League Enterprise, Inc.",NASDAQ
SLF,Sun Life Financial Inc.,N
SLG,SL Green Realty Corp,N
SLGB,Smart Logistics Global Limited,NASDAQ
SLGL,Sol-Gel Technologies Ltd.,NASDAQ
SLGN,Silgan Holdings Inc.,N
SLI,Standard Lithium Ltd.,A
SLM,SLM Corporation,NASDAQ
SLMT,Brera Holdings PLC,NASDAQ
SLN,Silence Therapeutics Plc,NASDAQ
SLND,"Southland Holdings, Inc.",A
SLND-W,"Southland Holdings, Inc. Warrants",A
SLNG,"Stabilis Solutions, Inc.",NASDAQ
SLNH,"Soluna Holdings, Inc.",NASDAQ
SLP,"Simulations Plus, Inc.",NASDAQ
SLQT,"SelectQuote, Inc.",N
SLS,"SELLAS Life Sciences Group, Inc.",NASDAQ
SLSN,"Solesence, Inc.",NASDAQ
SLSR,Solaris Resources Inc.,A
SLVM,Sylvamo Corporation,N
SLXN,Silexion Therapeutics Corp,NASDAQ
SM,SM Energy Company,N
SMA,"SmartStop Self Storage REIT, Inc.",N
SMBC,"Southern Missouri Bancorp, Inc.",NASDAQ
SMBK,"SmartFinancial, Inc.",N
SMC,Summit Midstream Corporation,N
SMCI,"Super Micro Computer, Inc.",NASDAQ
SMFG,Sumitomo Mitsui Financial Group Inc Unsponsored American Depositary Shares (Japan),N
SMG,Scotts Miracle-Gro Company (The),N
SMHI,SEACOR Marine Holdings Inc.,N
SMID,Smith-Midland Corporation,NASDAQ
SMJF,SMJ International Holdings Inc.,A
SMMT,Summit Therapeutics Inc.,NASDAQ
SMP,"Standard Motor Products, Inc.",N
SMPL,The Simply Good Foods Company,NASDAQ
SMR,NuScale Power Corporation,N
SMRT,"SmartRent, Inc.",N
SMSI,"Smith Micro Software, Inc.",NASDAQ
SMTC,Semtech Corporation,NASDAQ
SMTI,Sanara MedTech Inc.,NASDAQ
SMTK,"SmartKem, Inc.",NASDAQ
SMWB,Similarweb Ltd.,N
SMX,SMX (Security Matters) Public Limited Company,NASDAQ
SMXT,Solarmax Technology Inc.,NASDAQ
SN,"SharkNinja, Inc.",N
SNA,Snap-On Incorporated,N
SNAL,"Snail, Inc.",NASDAQ
SNAP,Snap Inc.,N
SND,"Smart Sand, Inc.",NASDAQ
SNDA,"Sonida Senior Living, Inc.",N
SNDK,Sandisk Corporation,NASDAQ
SNDL,SNDL Inc.,NASDAQ
SNDR,"Schneider National, Inc.",N
SNDX,"Syndax Pharmaceuticals, Inc.",NASDAQ
SNES,"SenesTech, Inc.",NASDAQ
SNEX,StoneX Group Inc.,NASDAQ
SNFCA,Security National Financial Corporation,NASDAQ
SNGX,"Soligenix, Inc.",NASDAQ
SNN,"Smith & Nephew SNATS, Inc.",N
SNOA,"Sonoma Pharmaceuticals, Inc.",NASDAQ
SNOW,Snowflake Inc.,N
SNPS,"Synopsys, Inc.",NASDAQ
SNSC,SunScout Holding Limited,A
SNT,Senstar Technologies Corporation,NASDAQ
SNTG,Sentage Holdings Inc.,NASDAQ
SNTI,"Senti Biosciences Holdings, Inc.",NASDAQ
SNWV,"SANUWAVE Health, Inc.",NASDAQ
SNX,TD SYNNEX Corporation,N
SNY,Sanofi,NASDAQ
SO,Southern Company (The),N
SOAR,"Volato Group, Inc.",A
SOBO,South Bow Corporation,N
SOC,Sable Offshore Corp.,N
SOCA,Solarius Capital Acquisition Corp.,NASDAQ
SOCAU,Solarius Capital Acquisition Corp.,NASDAQ
SOFI,"SoFi Technologies, Inc.",NASDAQ
SOGP,Sound Group Inc.,NASDAQ
SOHU,Sohu.com Limited,NASDAQ
SOLS,Solstice Advanced Materials Inc.,NASDAQ
SOLV,Solventum Corporation,N
SOMN,Southern Company (The) 2025 Series A Corporate Units,N
SON,Sonoco Products Company,N
SONM,"DNA X, Inc.",NASDAQ
SONO,"Sonos, Inc.",NASDAQ
SONY,Sony Group Corporation,N
SOPH,SOPHiA GENETICS SA,NASDAQ
SOR,"Source Capital, Inc. Cmn Shs of BI",N
SORA,AsiaStrategy,NASDAQ
SORN,Soren Acquisition Corp.,NASDAQ
SOS,SOS Limited,N
SOTK,Sono-Tek Corporation,NASDAQ
SOUL,Soulpower Acquisition Corporation,N
SOUN,"SoundHound AI, Inc.",NASDAQ
SOWG,Sow Good Inc.,NASDAQ
SPAI,Safe Pro Group Inc.,NASDAQ
SPB,"Spectrum Brands Holdings, Inc.",N
SPCB,"SuperCom, Ltd.",NASDAQ
SPCE,"Virgin Galactic Holdings, Inc.",N
SPCX,Space Exploration Technologies Corp.,NASDAQ
SPEG,Silver Pegasus Acquisition Corp,NASDAQ
SPEGR,Silver Pegasus Acquisition Corp,NASDAQ
SPFI,"South Plains Financial, Inc.",NASDAQ
SPG,"Simon Property Group, Inc.",N
SPGI,S&P Global Inc.,N
SPH,"Suburban Propane Partners, L.P.",N
SPHL,Springview Holdings Ltd,NASDAQ
SPHR,Sphere Entertainment Co.,N
SPIR,"Spire Global, Inc.",N
SPKL,Spark I Acquisition Corp.,NASDAQ
SPMC,"Sound Point Meridian Capital, Inc.",N
SPNT,SiriusPoint Ltd.,N
SPOK,"Spok Holdings, Inc.",NASDAQ
SPOT,Spotify Technology S.A.,N
SPPL,SIMPPLE LTD.,NASDAQ
SPRB,"Spruce Biosciences, Inc.",NASDAQ
SPRC,SciSparc Ltd.,NASDAQ
SPRO,"Spero Therapeutics, Inc.",NASDAQ
SPRU,Spruce Power Holding Corporation,N
SPRY,"ARS Pharmaceuticals, Inc.",NASDAQ
SPSC,"SPS Commerce, Inc.",NASDAQ
SPT,"Sprout Social, Inc",NASDAQ
SPTX,"Seaport Therapeutics, Inc.",NASDAQ
SPWH,"Sportsman's Warehouse Holdings, Inc.",NASDAQ
SPWR,SunPower Inc.,NASDAQ
SPXC,"SPX Technologies, Inc.",N
SQFT,"Presidio Property Trust, Inc.",NASDAQ
SQFTW,"Presidio Property Trust, Inc.",NASDAQ
SQM,Sociedad Quimica y Minera S.A.,N
SQNS,Sequans Communications S.A. American Depositary Shares (each representing one hundred (100) Ordinary Shares),N
SR,Spire Inc.,N
SRAD,Sportradar Group AG,NASDAQ
SRBK,"SR Bancorp, Inc.",NASDAQ
SRCE,1st Source Corporation,NASDAQ
SRE,DBA Sempra,N
SRFM,Surf Air Mobility Inc.,N
SRG,Seritage Growth Properties,N
SRI,"Stoneridge, Inc.",N
SRL,Scully Royalty Ltd.,N
SRPT,"Sarepta Therapeutics, Inc.",NASDAQ
SRRK,Scholar Rock Holding Corporation,NASDAQ
SRTA,"Strata Critical Medical, Inc.",NASDAQ
SRTS,"Sensus Healthcare, Inc.",NASDAQ
SRXH,SRX Global Inc.,A
SRZN,"Surrozen, Inc.",NASDAQ
SSAC,SPACSphere Acquisition Corp.,NASDAQ
SSACR,SPACSphere Acquisition Corp.,NASDAQ
SSB,SouthState Bank Corporation,N
SSBI,Summit State Bank,NASDAQ
SSD,"Simpson Manufacturing Company, Inc.",N
SSEA,Starry Sea Acquisition Corp,NASDAQ
SSEAR,Starry Sea Acquisition Corp,NASDAQ
SSII,SS Innovations International Inc.,NASDAQ
SSL,Sasol Ltd.,N
SSM,Sono Group N.V.,NASDAQ
SSMR,Sunshine Silver Mining & Refining Company,N
SSNC,"SS&C Technologies Holdings, Inc.",NASDAQ
SSP,E.W. Scripps Company (The),NASDAQ
SSRM,SSR Mining Inc.,NASDAQ
SST,"System1, Inc.",N
SSTI,"SoundThinking, Inc.",NASDAQ
SSTK,"Shutterstock, Inc.",N
SSYS,"Stratasys, Ltd.",NASDAQ
ST,Sensata Technologies Holding plc,N
STAA,STAAR Surgical Company,NASDAQ
STAG,"Stag Industrial, Inc.",N
STAK,STAK Inc.,NASDAQ
STBA,"S&T Bancorp, Inc.",NASDAQ
STC,Stewart Information Services Corporation,N
STDN,"Standard Nuclear, Inc.",N
STE,STERIS plc (Ireland),N
STEM,"Stem, Inc.",N
STEP,StepStone Group Inc.,NASDAQ
STEX,Streamex Corp.,NASDAQ
STFS,Star Fashion Culture Holdings Limited,NASDAQ
STG,"Sunlands Technology Group American Depositary Shares, representing Class A ordinary shares",N
STGW,Stagwell Inc.,NASDAQ
STHO,Star Holdings,NASDAQ
STI,"Solidion Technology, Inc.",NASDAQ
STIM,"Neuronetics, Inc.",NASDAQ
STKE,Sol Strategies Inc.,NASDAQ
STKH,Steakholder Foods Ltd.,NASDAQ
STKS,"The ONE Group Hospitality, Inc.",NASDAQ
STLA,Stellantis N.V.,N
STLD,"Steel Dynamics, Inc.",NASDAQ
STLN,"Starling Oncology, Inc.",NASDAQ
STM,STMicroelectronics N.V.,N
STN,Stantec Inc,N
STNE,StoneCo Ltd.,NASDAQ
STNG,Scorpio Tankers Inc.,N
STOK,"Stoke Therapeutics, Inc.",NASDAQ
STRA,"Strategic Education, Inc.",NASDAQ
STRL,"Sterling Infrastructure, Inc.",NASDAQ
STRO,"Sutro Biopharma, Inc.",NASDAQ
STRR,"Star Equity Holdings, Inc.",NASDAQ
STRT,STRATTEC SECURITY CORPORATION,NASDAQ
STRW,"Strawberry Fields REIT, Inc.",A
STRZ,Starz Entertainment Corp.,NASDAQ
STT,State Street Corporation,N
STTK,"Shattuck Labs, Inc.",NASDAQ
STUB,"StubHub Holdings, Inc.",N
STVN,Stevanato Group S.p.A.,N
STWD,"STARWOOD PROPERTY TRUST, INC. Starwood Property Trust Inc.",N
STX,Seagate Technology Holdings PLC,NASDAQ
STXS,"Stereotaxis, Inc.",A
STZ,"Constellation Brands, Inc.",N
SU,Suncor Energy  Inc.,N
SUGP,SU Group Holdings Limited,NASDAQ
SUI,"Sun Communities, Inc.",N
SUIG,Sui Group Holdings Limited,NASDAQ
SUJA,"Suja Life, Inc.",NASDAQ
SUMA,SUMA Acquisition Corporation,NASDAQ
SUMAR,SUMA Acquisition Corporation,NASDAQ
SUMAU,SUMA Acquisition Corporation,NASDAQ
SUN,Sunoco LP Common Units representing limited partner interests,N
SUNB,"Sunbelt Rentals Holdings, Inc.",N
SUNC,"SunocoCorp LLC Common Units, representing limited liability company interests",N
SUNE,"SUNation Energy, Inc.",NASDAQ
SUNS,"Sunrise Realty Trust, Inc.",NASDAQ
SUPN,"Supernus Pharmaceuticals, Inc.",NASDAQ
SUPV,Grupo Supervielle S.A. American Depositary Shares each Representing five Class B shares,N
SUPX,SuperX AI Technology Limited,NASDAQ
SURG,"SurgePays, Inc.",NASDAQ
SUZ,Suzano S.A. American Depositary Shares (each representing One Ordinary Share),N
SVA,"Sinovac Biotech, Ltd.",NASDAQ
SVAQ,Silicon Valley Acquisition Corp.,NASDAQ
SVAQU,Silicon Valley Acquisition Corp.,NASDAQ
SVAQW,Silicon Valley Acquisition Corp.,NASDAQ
SVC,Service Properties Trust,NASDAQ
SVCC,Stellar V Capital Corp.,NASDAQ
SVCO,"Silvaco Group, Inc.",NASDAQ
SVIA,"Silvia, Inc.",NASDAQ
SVIV,Spring Valley Acquisition Corp. IV,NASDAQ
SVIVU,Spring Valley Acquisition Corp. IV,NASDAQ
SVIVW,Spring Valley Acquisition Corp. IV,NASDAQ
SVM,Silvercorp Metals Inc.,A
SVRA,"Savara, Inc.",NASDAQ
SVRE,SaverOne 2014 Ltd.,NASDAQ
SVRN,"SVRN, Inc.",NASDAQ
SVV,"Savers Value Village, Inc.",N
SW,Smurfit WestRock plc,N
SWAG,"Stran & Company, Inc.",NASDAQ
SWBI,"Smith & Wesson Brands, Inc.",NASDAQ
SWIM,"Latham Group, Inc.",NASDAQ
SWK,"Stanley Black & Decker, Inc.",N
SWKS,"Skyworks Solutions, Inc.",NASDAQ
SWMR,"Swarmer, Inc",NASDAQ
SWRD,Stewards Inc,NASDAQ
SWVL,Swvl Holdings Corp,NASDAQ
SWX,"Southwest Gas Holdings, Inc. Common Stock (DE)",N
SXC,"SunCoke Energy, Inc.",N
SXI,Standex International Corporation,N
SXT,Sensient Technologies Corporation,N
SXTC,"China SXT Pharmaceuticals, Inc.",NASDAQ
SXTP,"60 Degrees Pharmaceuticals, Inc.",NASDAQ
SY,So-Young International Inc.,NASDAQ
SYBT,"Stock Yards Bancorp, Inc.",NASDAQ
SYF,Synchrony Financial,N
SYK,Stryker Corporation,N
SYM,Symbotic Inc.,NASDAQ
SYNA,Synaptics Incorporated,NASDAQ
SYNX,Silynxcom Ltd.,A
SYPR,"Sypris Solutions, Inc.",NASDAQ
SYRE,"Spyre Therapeutics, Inc.",NASDAQ
SYY,Sysco Corporation,N
SZZL,Sizzle Acquisition Corp. II,NASDAQ
T,AT&T Inc.,N
TAC,TransAlta Corporation,N
TACH,Titan Acquisition Corp.,NASDAQ
TACHU,Titan Acquisition Corp.,NASDAQ
TACHW,Titan Acquisition Corp.,NASDAQ
TACO,Berto Acquisition Corp.,NASDAQ
TACT,TransAct Technologies Incorporated,NASDAQ
TAK,Takeda Pharmaceutical Company Limited American Depositary Shares (each representing 1/2 of a share of Common Stock),N
TAL,TAL Education Group,N
TALO,"Talos Energy, Inc.",N
TANH,Tantech Holdings Ltd.,NASDAQ
TAOP,Taoping Inc.,NASDAQ
TAOX,Tao Synergies Inc.,NASDAQ
TAP,Molson Coors Beverage Company,N
TAP-A,Molson Coors Beverage Company,N
TARA,"Protara Therapeutics, Inc.",NASDAQ
TARS,"Tarsus Pharmaceuticals, Inc.",NASDAQ
TASK,"TaskUs, Inc.",NASDAQ
TATT,TAT Technologies Ltd.,NASDAQ
TAVI,Tavia Acquisition Corp.,NASDAQ
TAYD,"Taylor Devices, Inc.",NASDAQ
TBBB,BBB Foods Inc.,N
TBBK,"The Bancorp, Inc.",NASDAQ
TBCH,Turtle Beach Corporation,NASDAQ
TBCVU,"Thunder Bridge Capital Partners V, Ltd.",NASDAQ
TBI,"TrueBlue, Inc.",N
TBLA,Taboola.com Ltd.,NASDAQ
TBN,Tamboran Resources Corporation Common stock,N
TBPH,"Theravance Biopharma, Inc.",NASDAQ
TC,Token Cat Limited,NASDAQ
TCBI,"Texas Capital Bancshares, Inc.",NASDAQ
TCBK,TriCo Bancshares,NASDAQ
TCBS,"Texas Community Bancshares, Inc.",NASDAQ
TCBX,"Third Coast Bancshares, Inc.",N
TCGX,TCGX Acquisition Corp.,NASDAQ
TCI,"Transcontinental Realty Investors, Inc.",N
TCMD,"Tactile Systems Technology, Inc.",NASDAQ
TCOM,Trip.com Group Limited,NASDAQ
TCRT,"Alaunos Therapeutics, Inc.",NASDAQ
TCRX,"TScan Therapeutics, Inc.",NASDAQ
TCX,Tucows Inc.,NASDAQ
TD,Toronto Dominion Bank (The),N
TDAC,Translational Development Acquisition Corp.,NASDAQ
TDACU,Translational Development Acquisition Corp.,NASDAQ
TDACW,Translational Development Acquisition Corp.,NASDAQ
TDAY,"USA TODAY Co., Inc.",N
TDC,Teradata Corporation,N
TDG,Transdigm Group Incorporated,N
TDIC,Dreamland Limited,NASDAQ
TDOC,"Teladoc Health, Inc.",N
TDS,"Telephone and Data Systems, Inc.",N
TDTH,Trident Digital Tech Holdings Ltd,NASDAQ
TDUP,ThredUp Inc.,NASDAQ
TDW,Tidewater Inc.,N
TDWD,Tailwind 2.0 Acquisition Corp.,NASDAQ
TDWDR,Tailwind 2.0 Acquisition Corp.,NASDAQ
TDY,Teledyne Technologies Incorporated,N
TE,T1 Energy Inc.,N
TEAD,Teads Holding Co.,NASDAQ
TEAM,Atlassian Corporation,NASDAQ
TECH,Bio-Techne Corp,NASDAQ
TECK,Teck Resources Ltd,N
TECX,"Tectonic Therapeutic, Inc.",NASDAQ
TEL,TE Connectivity plc,N
TELA,"TELA Bio, Inc.",NASDAQ
TELO,"Telomir Pharmaceuticals, Inc.",NASDAQ
TEM,"Tempus AI, Inc.",NASDAQ
TEN,Tsakos Energy Navigation Ltd,N
TENB,"Tenable Holdings, Inc.",NASDAQ
TENX,"Tenax Therapeutics, Inc.",NASDAQ
TEO,Telecom Argentina SA,N
TER,"Teradyne, Inc.",NASDAQ
TEVA,Teva Pharmaceutical Industries Limited,N
TEX,Terex Corporation,N
TFC,Truist Financial Corporation,N
TFII,TFI International Inc.,N
TFIN,"Triumph Financial, Inc.",N
TFPM,Triple Flag Precious Metals Corp.,N
TFSL,TFS Financial Corporation,NASDAQ
TFX,Teleflex Incorporated,N
TG,Tredegar Corporation,N
TGB,Trekor Metals Limited,A
TGE,The Generation Essentials Group,N
TGEN,Tecogen Inc.,A
TGHL,The GrowHub Limited,NASDAQ
TGL,Treasure Global Inc.,NASDAQ
TGLS,Tecnoglass Holdings Inc.,N
TGS,Transportadora de Gas del Sur SA TGS,N
TGT,Target Corporation,N
TGTX,"TG Therapeutics, Inc.",NASDAQ
TH,Target Hospitality Corp.,NASDAQ
THC,Tenet Healthcare Corporation,N
THCH,TH International Limited,NASDAQ
THEO,BOA Acquisition Corp. II,NASDAQ
THEOR,BOA Acquisition Corp. II,NASDAQ
THEOU,BOA Acquisition Corp. II,NASDAQ
THFF,First Financial Corporation,NASDAQ
THG,Hanover Insurance Group Inc,N
THH,TryHard Holdings Limited,NASDAQ
THM,"International Tower Hill Mines, Ltd. Ordinary Shares (Canada)",A
THO,"Thor Industries, Inc.",N
THRM,Gentherm Inc,NASDAQ
THRY,"Thryv Holdings, Inc.",NASDAQ
TIC,"TIC Solutions, Inc.",N
TIGO,Millicom International Cellular S.A.,NASDAQ
TIGR,UP Fintech Holding Limited,NASDAQ
TII,Titan Mining Corporation,A
TIL,"Instil Bio, Inc.",NASDAQ
TILE,"Interface, Inc.",NASDAQ
TIMB,TIM S.A. American Depositary Shares (Each representing 5 Common Shares),N
TIPT,Tiptree Inc.,NASDAQ
TISI,"Team, Inc.",N
TITN,Titan Machinery Inc.,NASDAQ
TJGC,TJGC Group Limited,NASDAQ
TJX,"TJX Companies, Inc. (The)",N
TK,Teekay Corporation Ltd.,N
TKC,Turkcell Iletisim Hizmetleri AS,N
TKLF,"Tokyo Lifestyle Co., Ltd.",NASDAQ
TKNO,"Alpha Teknova, Inc.",NASDAQ
TKO,"TKO Group Holdings, Inc.",N
TKR,Timken Company (The),N
TLAC,Three Lions Acquisition Corp.,NASDAQ
TLACU,Three Lions Acquisition Corp.,NASDAQ
TLACW,Three Lions Acquisition Corp.,NASDAQ
TLF,"Tandy Leather Factory, Inc.",NASDAQ
TLIH,Ten-League International Holdings Limited,NASDAQ
TLK,"PT Telekomunikasi Indonesia, Tbk",N
TLN,Talen Energy Corporation,NASDAQ
TLNC,Talon Capital Corp.,NASDAQ
TLNCU,Talon Capital Corp.,NASDAQ
TLNCW,Talon Capital Corp.,NASDAQ
TLPH,"Talphera, Inc.",NASDAQ
TLRY,"Tilray Brands, Inc.",NASDAQ
TLS,Telos Corporation,NASDAQ
TLSA,Tiziana Life Sciences Ltd,NASDAQ
TLSI,"TriSalus Life Sciences, Inc.",NASDAQ
TLX,Telix Pharmaceuticals Limited,NASDAQ
TLYS,"Tilly's, Inc.",N
TM,Toyota Motor Corporation,N
TMC,TMC the metals company Inc.,NASDAQ
TMCI,"Treace Medical Concepts, Inc.",NASDAQ
TMCR,The Metals Royalty Company Inc.,NASDAQ
TMDE,TMD Energy Limited,A
TMDX,"TransMedics Group, Inc.",NASDAQ
TME,"Tencent Music Entertainment Group American Depositary Shares, each representing two",N
TMO,Thermo Fisher Scientific Inc,N
TMP,Tompkins Financial Corporation,A
TMQ,Trilogy Metals Inc.,A
TMS,Teamshares Inc.,NASDAQ
TMSWW,Teamshares Inc.,NASDAQ
TMTS,Spartacus Acquisition Corp. II,NASDAQ
TMTSW,Spartacus Acquisition Corp. II,NASDAQ
TMUS,"T-Mobile US, Inc.",NASDAQ
TNC,Tennant Company,N
TNDM,"Tandem Diabetes Care, Inc.",NASDAQ
TNET,"TriNet Group, Inc.",N
TNGX,"Tango Therapeutics, Inc.",NASDAQ
TNK,Teekay Tankers Ltd.,N
TNL,Travel   Leisure Co. Common  Stock,N
TNMG,TNL Mediagene,NASDAQ
TNON,"Tenon Medical, Inc.",NASDAQ
TNXP,Tonix Pharmaceuticals Holding Corp.,NASDAQ
TNYA,"Tenaya Therapeutics, Inc.",NASDAQ
TOL,"Toll Brothers, Inc.",N
TOMZ,"TOMI Environmental Solutions, Inc.",NASDAQ
TONT,Graf Global Corp. Class A ordinary shares,A
TONX,TON Strategy Company,NASDAQ
TOON,"Kartoon Studios, Inc.",A
TOP,TOP Financial Group Limited,NASDAQ
TOPP,Toppoint Holdings Inc.,A
TOPS,"TOP Ships, Inc.",A
TORO,Toro Corp.,NASDAQ
TOST,"Toast, Inc.",N
TOUR,Tuniu Corporation,NASDAQ
TOVX,"Theriva Biologics, Inc.",A
TOWN,Towne Bank,NASDAQ
TOYO,"TOYO Co., Ltd",NASDAQ
TP,Ticketplus Ltd.,A
TPB,"Turning Point Brands, Inc.",N
TPC,Tutor Perini Corporation,N
TPCS,TechPrecision Corporation,NASDAQ
TPET,Trio Petroleum Corp.,A
TPG,TPG Inc.,NASDAQ
TPL,Texas Pacific Land Corporation,N
TPR,"Tapestry, Inc.",N
TPST,"Tempest Therapeutics, Inc.",NASDAQ
TPVG,TriplePoint Venture Growth BDC Corp.,N
TR,"Tootsie Roll Industries, Inc.",N
TRAD,APEX Tech Acquisition Inc.,N
TRAD-R,"APEX Tech Acquisition Inc. Rights, each entitling the holder to receive one-fourth (1/4) of one ordinary share",N
TRAK,"ReposiTrak, Inc.",N
TRAW,"Traws Pharma, Inc.",NASDAQ
TRAX,"First Tracks Biotherapeutics, Inc.",NASDAQ
TRBG,TurboGen Ltd.,NASDAQ
TRC,Tejon Ranch Co,N
TRDA,"Entrada Therapeutics, Inc.",NASDAQ
TREE,"LendingTree, Inc.",NASDAQ
TREO,Tactical Resources Corp.,NASDAQ
TREX,"Trex Company, Inc.",N
TRGP,"Targa Resources, Inc.",N
TRGS,TRG Latin America Acquisitions Corp.,NASDAQ
TRGSR,TRG Latin America Acquisitions Corp.,NASDAQ
TRGSU,TRG Latin America Acquisitions Corp.,NASDAQ
TRI,Thomson Reuters Corp,NASDAQ
TRIB,Trinity Biotech plc,NASDAQ
TRIN,Trinity Capital Inc.,N
TRIP,"TripAdvisor, Inc.",NASDAQ
TRLV,Trulieve Cannabis Corp. Subordinate Voting Shares,N
TRMB,Trimble Inc.,NASDAQ
TRMD,TORM plc,NASDAQ
TRMK,Trustmark Corporation,NASDAQ
TRN,"Trinity Industries, Inc.",N
TRNO,Terreno Realty Corporation,N
TRNR,Interactive Strength Inc.,NASDAQ
TRNS,"Transcat, Inc.",NASDAQ
TRON,Tron Inc.,NASDAQ
TROO,"TROOPS, Inc.",NASDAQ
TROW,"T. Rowe Price Group, Inc.",NASDAQ
TROX,Tronox Holdings plc Ordinary Shares (UK),N
TRP,TC Energy Corporation,N
TRS,TriMas Corporation,NASDAQ
TRSG,Tungray Technologies Inc,NASDAQ
TRST,TrustCo Bank Corp NY,NASDAQ
TRT,Trio-Tech International,NASDAQ
TRTX,"TPG RE Finance Trust, Inc.",N
TRU,TransUnion,N
TRUG,"TruGolf Holdings, Inc.",NASDAQ
TRUP,"Trupanion, Inc.",NASDAQ
TRV,"The Travelers Companies, Inc.",N
TRVG,trivago N.V.,NASDAQ
TRVI,"Trevi Therapeutics, Inc.",NASDAQ
TRX,TRX Gold Corporation,A
TS,Tenaris S.A.,N
TSAT,Telesat Corporation,NASDAQ
TSBK,"Timberland Bancorp, Inc.",NASDAQ
TSCO,Tractor Supply Company,NASDAQ
TSEM,Tower Semiconductor Ltd.,NASDAQ
TSHA,"Taysha Gene Therapies, Inc.",NASDAQ
TSLA,"Tesla, Inc.",NASDAQ
TSLX,"Sixth Street Specialty Lending, Inc.",N
TSM,Taiwan Semiconductor Manufacturing Company Ltd.,N
TSN,"Tyson Foods, Inc.",N
TSQ,"Townsquare Media, Inc.",N
TSSI,"TSS, Inc.",NASDAQ
TT,Trane Technologies plc,N
TTAM,Titan America SA,N
TTAN,"ServiceTitan, Inc.",NASDAQ
TTC,Toro Company (The),N
TTD,"The Trade Desk, Inc.",NASDAQ
TTE,TotalEnergies SE,N
TTEC,"TTEC Holdings, Inc.",NASDAQ
TTEK,"Tetra Tech, Inc.",NASDAQ
TTGT,"TechTarget, Inc.",NASDAQ
TTI,"Tetra Technologies, Inc.",N
TTMI,"TTM Technologies, Inc.",NASDAQ
TTRX,Turn Therapeutics Inc.,NASDAQ
TTWO,"Take-Two Interactive Software, Inc.",NASDAQ
TU,Telus Corporation,N
TULP,"Bloomia Holdings, Inc.",NASDAQ
TURB,"Turbo Energy, S.A.",NASDAQ
TUSK,"Mammoth Energy Services, Inc.",NASDAQ
TUYA,"Tuya Inc. American Depositary Shares, each representing one Class A Ordinary Share",N
TV,Grupo Televisa S.A.B.,N
TVA,Texas Ventures Acquisition III Corp,NASDAQ
TVACW,Texas Ventures Acquisition III Corp,NASDAQ
TVAI,Thayer Ventures Acquisition Corporation II,NASDAQ
TVAIR,Thayer Ventures Acquisition Corporation II,NASDAQ
TVC,Tennessee Valley Authority,N
TVE,Tennessee Valley Authority,N
TVGN,Tevogen Inc.,NASDAQ
TVIV,Texas Ventures Acquisition IV Corp,NASDAQ
TVIVU,Texas Ventures Acquisition IV Corp,NASDAQ
TVRD,"Tvardi Therapeutics, Inc.",NASDAQ
TVTX,"Travere Therapeutics, Inc.",NASDAQ
TW,Tradeweb Markets Inc.,NASDAQ
TWAV,"TaoWeave, Inc.",NASDAQ
TWFG,"TWFG, Inc.",NASDAQ
TWG,Top Wealth Group Holding Limited,NASDAQ
TWI,"Titan International, Inc. (DE)",N
TWIN,"Twin Disc, Incorporated",NASDAQ
TWLO,Twilio Inc.,N
TWLV,Twelve Seas Investment Company III,NASDAQ
TWLVR,Twelve Seas Investment Company III,NASDAQ
TWLVU,Twelve Seas Investment Company III,NASDAQ
TWST,Twist Bioscience Corporation,NASDAQ
TX,"Ternium S.A. Ternium S.A. American Depositary Shares (each representing ten shares, USD1.00 par value)",N
TXG,"10x Genomics, Inc.",NASDAQ
TXMD,"TherapeuticsMD, Inc.",NASDAQ
TXN,Texas Instruments Incorporated,NASDAQ
TXNM,"TXNM Energy, Inc.",N
TXO,"TXO Partners, L.P. Common Units Representing Limited Partner Interests",N
TXRH,"Texas Roadhouse, Inc.",NASDAQ
TXT,Textron Inc.,N
TY,Tri Continental Corporation,N
TYG,Tortoise Energy Infrastructure Corporation,N
TYGO,"Tigo Energy, Inc.",NASDAQ
TYL,"Tyler Technologies, Inc.",N
TYRA,"Tyra Biosciences, Inc.",NASDAQ
TZOO,Travelzoo,NASDAQ
U,Unity Software Inc.,N
UA,"Under Armour, Inc. Class C",N
UAA,"Under Armour, Inc.",N
UAC,United Acquisition Corp. I,A
UAL,"United Airlines Holdings, Inc.",NASDAQ
UAMY,United States Antimony Corporation,N
UAN,"CVR Partners, LP Common Units representing Limited Partner Interests",N
UAVS,"AgEagle Aerial Systems, Inc.",A
UBCP,"United Bancorp, Inc.",NASDAQ
UBER,"Uber Technologies, Inc.",N
UBS,UBS Group AG Registered,N
UBSI,"United Bankshares, Inc.",NASDAQ
UCAR,U Power Limited,NASDAQ
UCB,"United Community Banks, Inc.",N
UCFI,CN Healthy Food Tech Group Corp.,NASDAQ
UCL,uCloudlink Group Inc.,NASDAQ
UCTT,"Ultra Clean Holdings, Inc.",NASDAQ
UDR,"UDR, Inc.",N
UE,Urban Edge Properties Common Shares of Beneficial Interest,N
UEC,Uranium Energy Corp.,A
UEIC,Universal Electronics Inc.,NASDAQ
UFCS,"United Fire Group, Inc",NASDAQ
UFG,Uni-Fuels Holdings Limited,NASDAQ
UFI,"Unifi, Inc. New",N
UFPI,"UFP Industries, Inc.",NASDAQ
UFPT,"UFP Technologies, Inc.",NASDAQ
UG,"United-Guardian, Inc.",NASDAQ
UGI,UGI Corporation,N
UGP,Ultrapar Participacoes S.A. (New) American Depositary Shares (Each representing one Common Share),N
UHAL,U-Haul Holding Company,N
UHAL-B,U-Haul Holding Company Series N Non-Voting,N
UHS,"Universal Health Services, Inc.",N
UHT,Universal Health Realty Income Trust,N
UI,Ubiquiti Inc.,N
UIS,Unisys Corporation New,N
UK,Ucommune International Ltd,NASDAQ
UL,Unilever PLC American Depositary Shares (each representing One Ordinary Share),N
ULBI,Ultralife Corporation,NASDAQ
ULCC,"Frontier Group Holdings, Inc.",NASDAQ
ULH,"Universal Logistics Holdings, Inc.",NASDAQ
ULS,UL Solutions Inc.,N
ULTA,"Ulta Beauty, Inc.",NASDAQ
UMAC,"Unusual Machines, Inc.",A
UMBF,UMB Financial Corporation,NASDAQ
UMC,United Microelectronics Corporation (NEW),N
UMH,"UMH Properties, Inc.",N
UNB,"Union Bankshares, Inc.",NASDAQ
UNCY,"Unicycive Therapeutics, Inc.",NASDAQ
UNF,Unifirst Corporation,N
UNFI,"United Natural Foods, Inc.",N
UNH,UnitedHealth Group Incorporated Common Stock (DE),N
UNIT,Uniti Group Inc.,NASDAQ
UNM,Unum Group,N
UNP,Union Pacific Corporation,N
UNTY,"Unity Bancorp, Inc.",NASDAQ
UONE,"Urban One, Inc.",NASDAQ
UONEK,"Urban One, Inc.",NASDAQ
UP,Wheels Up Experience Inc.,N
UPB,"Upstream Bio, Inc.",NASDAQ
UPBD,"Upbound Group, Inc.",NASDAQ
UPC,Universe Pharmaceuticals Inc,NASDAQ
UPLD,"Upland Software, Inc.",NASDAQ
UPS,"United Parcel Service, Inc.",N
UPST,"Upstart Holdings, Inc.",NASDAQ
UPWK,Upwork Inc.,NASDAQ
UPXI,"Upexi, Inc.",NASDAQ
URBN,"Urban Outfitters, Inc.",NASDAQ
URG,Ur Energy Inc Common Shares (Canada),A
URGN,UroGen Pharma Ltd.,NASDAQ
URI,"United Rentals, Inc.",N
UROY,Uranium Royalty Corp.,NASDAQ
USAC,"USA Compression Partners, LP Common Units Representing Limited Partner Interests",N
USAR,"USA Rare Earth, Inc.",NASDAQ
USAS,"Americas Gold and Silver Corporation Common Shares, no par value",A
USAU,U.S. Gold Corp.,NASDAQ
USB,U.S. Bancorp,N
USBC,"USBC, Inc.",A
USCB,"USCB Financial Holdings, Inc.",NASDAQ
USDE,StablecoinX Inc.,NASDAQ
USDEW,StablecoinX Inc.,NASDAQ
USEA,United Maritime Corporation,NASDAQ
USFD,US Foods Holding Corp.,N
USGO,U.S. GoldMining Inc.,NASDAQ
USIO,"Usio, Inc.",NASDAQ
USLM,"United States Lime & Minerals, Inc.",NASDAQ
USNA,"USANA Health Sciences, Inc.",N
USPH,"U.S. Physical Therapy, Inc.",N
UTHR,United Therapeutics Corporation,NASDAQ
UTI,Universal Technical Institute Inc,N
UTL,UNITIL Corporation,N
UTMD,"Utah Medical Products, Inc.",NASDAQ
UTSI,UTStarcom Holdings Corp,NASDAQ
UTZ,Utz Brands Inc,N
UUU,"Universal Safety Products, Inc.",A
UUUU,Energy Fuels Inc Ordinary Shares (Canada),A
UVE,UNIVERSAL INSURANCE HOLDINGS INC,N
UVSP,Univest Financial Corporation,NASDAQ
UVV,Universal Corporation,N
UWMC,UWM Holdings Corporation,N
UXIN,Uxin Limited,NASDAQ
UYSC,UY Scuti Acquisition Corp.,NASDAQ
UYSCR,UY Scuti Acquisition Corp.,NASDAQ
UYSCU,UY Scuti Acquisition Corp.,NASDAQ
UZX,Linkage Global Inc,NASDAQ
V,Visa Inc.,N
VABK,Virginia National Bankshares Corporation,NASDAQ
VAC,Marriott Vacations Worldwide Corporation,N
VACI,Viking Acquisition Corp. I,N
VACI-W,Viking Acquisition Corp. I Warrants to purchase one Class A Ordinary Share,N
VAI,Valor Energy Incorporated,NASDAQ
VAL,Valaris Limited,N
VAL-W,Valaris Limited Warrants,N
VALE,VALE S.A.  American Depositary Shares Each Representing one common share,N
VALN,Valneva SE,NASDAQ
VALU,"Value Line, Inc.",NASDAQ
VANI,"Vivani Medical, Inc.",NASDAQ
VATE,INNOVATE Corp.,N
VBIO,"Valion Bio, Inc.",NASDAQ
VBNK,VersaBank,NASDAQ
VC,Visteon Corporation,NASDAQ
VCEL,Vericel Corporation,NASDAQ
VCIG,VCI Global Limited,NASDAQ
VCRE,Vicore Pharma Holding AB,NASDAQ
VCTR,"Victory Capital Holdings, Inc.",NASDAQ
VCV,Invesco California Value Municipal Income Trust,N
VCYT,"Veracyte, Inc.",NASDAQ
VECA,Vernal Capital Acquisition Corp.,N
VECO,Veeco Instruments Inc.,NASDAQ
VEEA,Veea Inc.,NASDAQ
VEEE,Twin Vee PowerCats Co.,NASDAQ
VEEV,Veeva Systems Inc.,N
VEL,"Velocity Financial, Inc.",N
VELO,"Velo3D, Inc.",NASDAQ
VENU,Venu Holding Corporation,A
VEON,VEON Ltd.,NASDAQ
VERA,"Vera Therapeutics, Inc.",NASDAQ
VERI,"Veritone, Inc.",NASDAQ
VERU,Veru Inc.,NASDAQ
VERX,"Vertex, Inc.",NASDAQ
VET,Vermilion Energy Inc. Common (Canada),N
VFC,V.F. Corporation,N
VFF,"Village Farms International, Inc.",NASDAQ
VFS,VinFast Auto Ltd.,NASDAQ
VG,"Venture Global, Inc. Class A common stock",N
VGAS,"Verde Clean Fuels, Inc.",NASDAQ
VGM,Invesco Trust for Investment Grade Municipals Common Stock (DE),N
VGNT,Versigent PLC,N
VGZ,Vista Gold Corp,A
VHC,VirnetX Holding Corp,NASDAQ
VHCP,Vine Hill Capital Investment Corp. II,NASDAQ
VHCPU,Vine Hill Capital Investment Corp. II,NASDAQ
VHCPW,Vine Hill Capital Investment Corp. II,NASDAQ
VHI,"Valhi, Inc.",N
VHUB,"VenHub Global, Inc.",NASDAQ
VIA,"Via Transportation, Inc.",N
VIAV,Viavi Solutions Inc.,NASDAQ
VICI,VICI Properties Inc.,N
VICR,Vicor Corporation,NASDAQ
VIDA,VIDA Global Inc.,A
VII,Viking Acquisition Corp. II,N
VII-W,Viking Acquisition Corp. II Warrants to purchase one Class A Ordinary Share,N
VIK,Viking Holdings Ltd,N
VINP,Vinci Compass Investments Ltd.,NASDAQ
VIOT,"Viomi Technology Co., Ltd",NASDAQ
VIP,Vulcan Infrastructure and Power Inc.,NASDAQ
VIPS,"Vipshop Holdings Limited American Depositary Shares, each representing two ordinary shares",N
VIR,"Vir Biotechnology, Inc.",NASDAQ
VIRC,Virco Manufacturing Corporation,NASDAQ
VIRT,"Virtu Financial, Inc.",N
VISN,"Vistance Networks, Inc.",NASDAQ
VIST,"Vista Energy S.A.B. de C.V. American Depositary Shares, each representing one series A share, with no par value",N
VITL,"Vital Farms, Inc.",NASDAQ
VIV,Telefonica Brasil S.A. American Depositary Shares (Each representing One Common Share),N
VIVK,"Vivakor, Inc.",NASDAQ
VIVO,VivoPower PLC,NASDAQ
VIVS,"VivoSim Labs, Inc.",NASDAQ
VKI,Invesco Advantage Municipal Income Trust II Common Shares of Beneficial Interest (DE),A
VKQ,Invesco Municipal Trust,N
VKTX,"Viking Therapeutics, Inc.",NASDAQ
VLGEA,"Village Super Market, Inc.",NASDAQ
VLN,Valens Semiconductor Ltd.,N
VLO,Valero Energy Corporation,N
VLOS,Velos Acquisition I Corp.,NASDAQ
VLOSU,Velos Acquisition I Corp.,NASDAQ
VLRS,"Controladora Vuela Compania de Aviacion, S.A.B. de C.V. American Depositary Shares, each representing ten (10) Ordinary Participation Certificates",N
VLT,Invesco High Income Trust II,N
VLTO,Veralto Corp,N
VLY,Valley National Bancorp,NASDAQ
VMAR,Vision Marine Technologies Inc.,NASDAQ
VMC,Vulcan Materials Company (Holding Company),N
VMD,"Viemed Healthcare, Inc.",NASDAQ
VMET,Versamet Royalties Corporation,NASDAQ
VMI,"Valmont Industries, Inc.",N
VMO,Invesco Municipal Opportunity Trust,N
VMRK,Vivmark Residential Common Shares of Beneficial Interest,N
VNCE,Vince Holding Corp.,NASDAQ
VNDA,Vanda Pharmaceuticals Inc.,NASDAQ
VNET,"VNET Group, Inc.",NASDAQ
VNME,Vendome Acquisition Corporation I,NASDAQ
VNO,Vornado Realty Trust,N
VNOM,"Viper Energy, Inc.",NASDAQ
VNRX,VolitionRX Limited,A
VNT,Vontier Corporation,N
VNTG,Vantage Corp,A
VOC,VOC Energy Trust Units of Beneficial Interest,N
VOD,Vodafone Group Plc,NASDAQ
VOGX,Vogenx Inc,NASDAQ
VOR,Vor Biopharma Inc.,NASDAQ
VOXR,Vox Royalty Corp.,NASDAQ
VOYA,"Voya Financial, Inc.",N
VOYG,"Voyager Technologies, Inc.",N
VPG,"Vishay Precision Group, Inc.",N
VPV,Invesco Pennsylvania Value Municipal Income Trust Common Stock (DE),N
VRA,"Vera Bradley, Inc.",NASDAQ
VRAX,Virax Biolabs Group Limited,NASDAQ
VRCA,Verrica Pharmaceuticals Inc.,NASDAQ
VRDN,"Viridian Therapeutics, Inc.",NASDAQ
VREX,Varex Imaging Corporation,NASDAQ
VRM,"Vroom, Inc.",NASDAQ
VRME,"VerifyMe, Inc.",NASDAQ
VRNS,"Varonis Systems, Inc.",NASDAQ
VRRM,Verra Mobility Corporation,NASDAQ
VRSK,"Verisk Analytics, Inc.",NASDAQ
VRSN,"VeriSign, Inc.",NASDAQ
VRT,"Vertiv Holdings, LLC",N
VRTS,"Virtus Investment Partners, Inc.",N
VRTX,Vertex Pharmaceuticals Incorporated,NASDAQ
VRXA,Veraxa Biotech AG,NASDAQ
VRXAW,Veraxa Biotech AG,NASDAQ
VS,Versus Systems Inc.,NASDAQ
VSA,VisionSys AI Inc.,NASDAQ
VSAT,"ViaSat, Inc.",NASDAQ
VSEC,VSE Corporation,NASDAQ
VSECU,VSE Corporation,NASDAQ
VSH,"Vishay Intertechnology, Inc.",N
VSME,VS Media Holdings Limited,NASDAQ
VSNT,"Versant Media Group, Inc.",NASDAQ
VST,Vistra Corp.,N
VSTM,"Verastem, Inc.",NASDAQ
VSTS,Vestis Corporation,N
VSXY,Victorias Secret & Co.,N
VTAK,"Catheter Precision, Inc.",A
VTEX,VTEX,N
VTGN,"Vistagen Therapeutics, Inc.",NASDAQ
VTIX,Virtuix Holdings Inc.,NASDAQ
VTMX,"Corporacion Inmobiliaria Vesta, S.A.B de C.V. American Depositary Shares, each representing ten (10)",N
VTN,Invesco Trust for Investment Grade New York Municipals,N
VTOL,"Bristow Group, Inc.",N
VTR,"Ventas, Inc.",N
VTRS,Viatris Inc.,NASDAQ
VTS,"Vitesse Energy, Inc.",N
VTSI,"VirTra, Inc.",NASDAQ
VTVT,vTv Therapeutics Inc.,NASDAQ
VUZI,Vuzix Corporation,NASDAQ
VVOS,"Vivos Therapeutics, Inc.",NASDAQ
VVR,Invesco Senior Income Trust Common Stock (DE),N
VVV,Valvoline Inc.,N
VVX,"V2X, Inc.",N
VWAV,"VisionWave Holdings, Inc.",NASDAQ
VYGR,"Voyager Therapeutics, Inc.",NASDAQ
VYX,NCR Voyix Corporation,N
VZ,Verizon Communications Inc.,N
VZLA,Vizsla Silver Corp.,A
W,Wayfair Inc.,N
WAB,Westinghouse Air Brake Technologies Corporation,N
WABC,Westamerica Bancorporation,NASDAQ
WAFD,"WaFd, Inc.",NASDAQ
WAFDP,"WaFd, Inc.",NASDAQ
WAFU,Wah Fu Education Group Limited,NASDAQ
WAL,Western Alliance Bancorporation Common Stock (DE),N
WALD,Waldencast plc,NASDAQ
WASH,"Washington Trust Bancorp, Inc.",NASDAQ
WAT,Waters Corporation,N
WATR,Air Water Ventures Limited,NASDAQ
WATT,Energous Corporation,NASDAQ
WAVE,Eco Wave Power Global AB (publ),NASDAQ
WAY,Waystar Holding Corp.,NASDAQ
WB,Weibo Corporation,NASDAQ
WBD,"Warner Bros. Discovery, Inc.",NASDAQ
WBI,WaterBridge Infrastructure LLC Class A Shares Representing Limited Liability Company Interests,N
WBTN,WEBTOON Entertainment Inc.,NASDAQ
WBUY,WEBUY GLOBAL LTD.,NASDAQ
WBX,Wallbox N.V.,N
WCC,"WESCO International, Inc.",N
WCCB,West Coast Community Bancorp,NASDAQ
WCN,"Waste Connections, Inc.",N
WCT,Wellchange Holdings Company Limited,NASDAQ
WD,"Walker & Dunlop, Inc",N
WDAY,"Workday, Inc.",NASDAQ
WDC,Western Digital Corporation,NASDAQ
WDFC,WD-40 Company,NASDAQ
WDS,"Woodside Energy Group Limited American Depositary Shares, each representing one Ordinary Share",N
WEAV,"Weave Communications, Inc.",N
WEC,"WEC Energy Group, Inc.",N
WELL,Welltower Inc.,N
WEN,Wendy's Company (The),NASDAQ
WENC,West Enclave Merger Corp.,N
WENN,Wen Acquisition Corp,NASDAQ
WERN,"Werner Enterprises, Inc.",NASDAQ
WES,"Western Midstream Partners, LP Common Units Representing Limited Partner Interests",N
WEST,Westrock Coffee Company,NASDAQ
WETH,Wetouch Technology Inc.,NASDAQ
WETO,Wetour Robotics Limited,NASDAQ
WEX,WEX Inc. common stock,N
WEYS,"Weyco Group, Inc.",NASDAQ
WF,Woori Financial Group Inc. American Depositary Shares (each representing three (3) shares of Common Stock),N
WFC,Wells Fargo & Company,N
WFCF,"Where Food Comes From, Inc.",NASDAQ
WFF,WF Holding Limited,NASDAQ
WFG,West Fraser Timber Co. Ltd Common stock,N
WFRD,Weatherford International plc,NASDAQ
WGO,"Winnebago Industries, Inc.",N
WGS,GeneDx Holdings Corp.,NASDAQ
WH,"Wyndham Hotels & Resorts, Inc.",N
WHD,"Cactus, Inc.",N
WHG,Westwood Holdings Group Inc,N
WHK,WhiteHawk Minerals Corp,N
WHLR,"Wheeler Real Estate Investment Trust, Inc.",NASDAQ
WHR,Whirlpool Corporation,N
WHWK,"Whitehawk Therapeutics, Inc.",NASDAQ
WIMI,WiMi Hologram Cloud Inc.,NASDAQ
WINA,Winmark Corporation,NASDAQ
WING,Wingstop Inc.,NASDAQ
WIT,Wipro Limited,N
WIX,Wix.com Ltd.,NASDAQ
WK,Workiva Inc.,N
WKC,World Kinect Corporation,N
WKEY,WISeKey International Holding Ltd,NASDAQ
WKHS,"Workhorse Group, Inc.",NASDAQ
WKSP,"Worksport, Ltd.",NASDAQ
WLCO,Wilco 63 Corporation,NASDAQ
WLCOU,Wilco 63 Corporation,NASDAQ
WLDN,"Willdan Group, Inc.",NASDAQ
WLDS,Wearable Devices Ltd.,NASDAQ
WLFC,Willis Lease Finance Corporation,NASDAQ
WLII,Willow Lane Acquisition Corp. II,NASDAQ
WLIIW,Willow Lane Acquisition Corp. II,NASDAQ
WLK,Westlake Corporation,N
WLKP,Westlake Chemical Partners LP Common Units representing limited partner interests,N
WLTH,Wealthfront Corporation,NASDAQ
WLY,"John Wiley & Sons, Inc.",N
WLYB,"John Wiley & Sons, Inc.",N
WM,"Waste Management, Inc.",N
WMB,"Williams Companies, Inc. (The)",N
WMG,Warner Music Group Corp.,NASDAQ
WMK,"Weis Markets, Inc.",N
WMS,"Advanced Drainage Systems, Inc.",N
WMT,Walmart Inc.,NASDAQ
WNC,Wabash National Corporation,N
WNEB,"Western New England Bancorp, Inc.",NASDAQ
WNW,Meiwu Technology Company Limited,NASDAQ
WOK,WORK Medical Technology Group LTD,NASDAQ
WOLF,"Wolfspeed, Inc. Common Stock New",N
WOOF,"Petco Health and Wellness Company, Inc.",NASDAQ
WOR,"Worthington Enterprises, Inc.",N
WPAC,White Pearl Acquisition Corp.,N
WPC,W. P. Carey Inc. REIT,N
WPM,Wheaton Precious Metals Corp Common Shares (Canada),N
WPP,WPP plc,N
WPRT,Westport Fuel Systems Inc,NASDAQ
WRAP,"Wrap Technologies, Inc.",NASDAQ
WRB,W.R. Berkley Corporation,N
WRBY,Warby Parker Inc.,N
WRD,WeRide Inc.,NASDAQ
WRLD,World Acceptance Corporation,NASDAQ
WRN,Western Copper and Gold Corporation,A
WS,"Worthington Steel, Inc.",N
WSBC,"WesBanco, Inc.",NASDAQ
WSBF,"Waterstone Financial, Inc.",NASDAQ
WSBK,"Winchester Bancorp, Inc.",NASDAQ
WSC,WillScot Holdings Corporation,NASDAQ
WSE,Wise Group plc,NASDAQ
WSFS,WSFS Financial Corporation,NASDAQ
WSHP,WeShop Holdings Limited,NASDAQ
WSM,"Williams-Sonoma, Inc. Common Stock (DE)",N
WSO,"Watsco, Inc.",N
WSO-B,"Watsco, Inc.",N
WST,"West Pharmaceutical Services, Inc.",N
WSTN,Westin Acquisition Corp,NASDAQ
WSTNU,Westin Acquisition Corp,NASDAQ
WT,"WisdomTree, Inc.",N
WTBA,West Bancorporation,NASDAQ
WTF,Waton Financial Limited,NASDAQ
WTFC,Wintrust Financial Corporation,NASDAQ
WTG,Wintergreen Acquisition Corp.,NASDAQ
WTGUR,Wintergreen Acquisition Corp.,NASDAQ
WTI,"W&T Offshore, Inc.",N
WTM,"White Mountains Insurance Group, Ltd.",N
WTRG,"Essential Utilities, Inc.",N
WTS,"Watts Water Technologies, Inc.",N
WTTR,"Select Water Solutions, Inc. Class A common stock",N
WTW,Willis Towers Watson Public Limited Company,NASDAQ
WU,Western Union Company (The),N
WULF,TeraWulf Inc.,NASDAQ
WVE,"Wave Life Sciences, Inc.",NASDAQ
WVVI,"Willamette Valley Vineyards, Inc.",NASDAQ
WW,"WW International, Inc.",NASDAQ
WWD,"Woodward, Inc.",NASDAQ
WWR,"Westwater Resources, Inc.",A
WWW,"Wolverine World Wide, Inc.",N
WXM,WF International Limited,NASDAQ
WY,Weyerhaeuser Company,N
WYFI,"WhiteFiber, Inc.",NASDAQ
WYHG,Wing Yip Food Holdings Group Limited,NASDAQ
WYNN,"Wynn Resorts, Limited",NASDAQ
WYY,WidePoint Corporation,A
XAIR,"Beyond Air, Inc.",NASDAQ
XBIO,"Xenetic Biosciences, Inc.",NASDAQ
XBIT,XBiotech Inc.,NASDAQ
XBP,"XBP Global Holdings, Inc.",NASDAQ
XCBE,X3 Acquisition Corp. Ltd.,NASDAQ
XCH,XCHG Limited,NASDAQ
XCUR,"Exicure, Inc.",NASDAQ
XE,"X-Energy, Inc.",NASDAQ
XEL,Xcel Energy Inc.,NASDAQ
XELB,"Xcel Brands, Inc",NASDAQ
XENE,Xenon Pharmaceuticals Inc.,NASDAQ
XERS,"Xeris Biopharma Holdings, Inc.",NASDAQ
XFLH,XFLH Capital Corporation,N
XFLH-R,XFLH Capital Corporation Rights to receive one-seventh (1/7) of one Ordinary Share,N
XFLT,XAI Floating Rate & Alternative Income Trust Common Shares of Beneficial Interest,N
XFOR,"X4 Pharmaceuticals, Inc.",NASDAQ
XGN,Exagen Inc.,NASDAQ
XHG,XChange TEC.INC,NASDAQ
XHLD,"TEN Holdings, Inc.",NASDAQ
XHR,"Xenia Hotels & Resorts, Inc.",N
XIFR,"XPLR Infrastructure, LP Common Units representing limited partner interests",N
XIII,Churchill Capital Corp XIII,NASDAQ
XIIIU,Churchill Capital Corp XIII,NASDAQ
XIIIW,Churchill Capital Corp XIII,NASDAQ
XLAB,Exascale Labs Holdings Inc.,NASDAQ
XLO,"Xilio Therapeutics, Inc.",NASDAQ
XMAX,"XMAX, Inc.",NASDAQ
XMTR,"Xometry, Inc.",NASDAQ
XNCR,"Xencor, Inc.",NASDAQ
XNDU,Xanadu Quantum Technologies Limited,NASDAQ
XNET,Xunlei Limited,NASDAQ
XOM,ExxonMobil Holdings Corporation,N
XOS,"Xos, Inc.",NASDAQ
XP,XP Inc.,NASDAQ
XPEL,"XPEL, Inc.",NASDAQ
XPER,Xperi Inc.,N
XPEV,"XPeng Inc. American depositary shares, each representing two Class A ordinary shares",N
XPL,Solitario Resources Corp.,A
XPO,"XPO, Inc.",N
XPOF,"Xponential Fitness, Inc.",N
XPON,"Expion Energy, Inc.",NASDAQ
XPRO,Expro Ltd,N
XRAY,DENTSPLY SIRONA Inc.,NASDAQ
XRN,Chiron Real Estate Inc.,N
XRPN,Armada Acquisition Corp. II,NASDAQ
XRPNU,Armada Acquisition Corp. II,NASDAQ
XRTX,XORTX Therapeutics Inc.,NASDAQ
XRX,Xerox Holdings Corporation,NASDAQ
XRXDW,Xerox Holdings Corporation,NASDAQ
XSLL,Xsolla SPAC 1,NASDAQ
XSLLU,Xsolla SPAC 1,NASDAQ
XSLLW,Xsolla SPAC 1,NASDAQ
XTER,Karman Line Acquisition Corp.,NASDAQ
XTERU,Karman Line Acquisition Corp.,NASDAQ
XTERW,Karman Line Acquisition Corp.,NASDAQ
XTIA,"XTI Aerospace, Inc.",NASDAQ
XTLB,XTL Biopharmaceuticals Ltd.,NASDAQ
XTND,"Xtend AI Robotics, Inc.",N
XTNT,"Xtant Medical Holdings, Inc.",A
XWEL,"XWELL, Inc.",NASDAQ
XXI,"Twenty One Capital, Inc.",N
XXII,"22nd Century Group, Inc",NASDAQ
XYF,"X Financial American Depositary Shares, each representing six",N
XYL,Xylem Inc. Common Stock New,N
XYZ,"Block, Inc. Class A Common Stock",N
XZO,"Exzeo Group, Inc.",N
YAAS,Youxin Technology Ltd,NASDAQ
YALA,"Yalla Group Limited American Depositary Shares, each representing one Class A Ordinary Share",N
YARW,"Yarrow Bioscience, Inc.",NASDAQ
YB,Yuanbao Inc.,NASDAQ
YCBD,"cbdMD, Inc.",A
YCY,AA Mission Acquisition Corp. II,N
YDDL,One and One Green Technologies. INC,NASDAQ
YDES,YD Bio Limited,NASDAQ
YDESW,YD Bio Limited,NASDAQ
YDKG,Yueda Digital Holding,NASDAQ
YELP,Yelp Inc.,N
YETI,"YETI Holdings, Inc.",N
YEXT,"Yext, Inc.",N
YFOR,YYForce Inc.,NASDAQ
YHC,LQR House Inc.,NASDAQ
YHGJ,Yunhong Green CTI Ltd.,NASDAQ
YHNA,YHN Acquisition I Limited,NASDAQ
YI,"111, Inc.",NASDAQ
YIBO,Planet Image International Limited,NASDAQ
YICC,Yorkville International Capital Corp.,NASDAQ
YICCU,Yorkville International Capital Corp.,NASDAQ
YICCW,Yorkville International Capital Corp.,NASDAQ
YJ,Yunji Inc.,NASDAQ
YMAT,"J-Star Holding Co., Ltd.",NASDAQ
YMM,Full Truck Alliance Co. Ltd. American Depositary Shares (each representing 20 Class A Ordinary Shares),N
YMT,Yimutian Inc.,NASDAQ
YORW,The York Water Company,NASDAQ
YOU,"Clear Secure, Inc.",N
YOUL,Youlife Group Inc.,NASDAQ
YPF,YPF Sociedad Anonima,N
YQ,17 Education & Technology Group Inc.,NASDAQ
YRD,"Yiren Digital Ltd. American Depositary Shares, each representing two ordinary shares",N
YSG,"Yatsen Holding Limited American Depositary Shares, each representing twenty (20)",N
YSS,York Space Systems Inc.,N
YSWY,"Yesway, Inc.",NASDAQ
YSXT,"YSX Tech. Co., Ltd",NASDAQ
YTRA,"Yatra Online, Inc.",NASDAQ
YUM,"Yum! Brands, Inc.",N
YUMC,"Yum China Holdings, Inc.",N
YXT,YXT.COM GROUP HOLDING LIMITED,NASDAQ
YYAI,AiRWA Inc.,NASDAQ
Z,"Zillow Group, Inc.",NASDAQ
ZBAO,Zhibao Technology Inc.,NASDAQ
ZBH,"Zimmer Biomet Holdings, Inc.",N
ZBIO,"Zenas BioPharma, Inc.",NASDAQ
ZBRA,Zebra Technologies Corporation,NASDAQ
ZCMD,Zhongchao Inc.,NASDAQ
ZD,"Ziff Davis, Inc.",NASDAQ
ZDAI,"DirectBooking Technology Co., Ltd.",NASDAQ
ZDGE,"Zedge, Inc.",A
ZENA,"ZenaTech, Inc.",NASDAQ
ZEO,Zeo Energy Corporation,NASDAQ
ZEOWW,Zeo Energy Corporation,NASDAQ
ZEPP,"Zepp Health Corporation American depositary shares, each representing sixteen Class A ordinary shares",N
ZETA,Zeta Global Holdings Corp.,N
ZG,"Zillow Group, Inc.",NASDAQ
ZGN,Ermenegildo Zegna N.V.,N
ZH,"Zhihu Inc. American Depositary Shares, each representing three (3)",N
ZIM,ZIM Integrated Shipping Services Ltd.,N
ZION,Zions Bancorporation N.A.,NASDAQ
ZIP,"ZipRecruiter, Inc.",N
ZJK,"ZJK Industrial Co., Ltd.",NASDAQ
ZJYL,JIN MEDICAL INTERNATIONAL LTD.,NASDAQ
ZKH,"ZKH Group Limited American Depositary Shares, each representing thirty-five (35)",N
ZKIN,"ZK International Group Co., Ltd",NASDAQ
ZKP,Lafayette Digital Acquisition Corp. I,NASDAQ
ZLAB,Zai Lab Limited,NASDAQ
ZM,"Zoom Communications, Inc.",NASDAQ
ZNB,Zeta Network Group,NASDAQ
ZNTL,"Zentalis Pharmaceuticals, Inc.",NASDAQ
ZONE,Zone Frontier Inc.,A
ZOOZ,ZOOZ Strategy Ltd.,NASDAQ
ZS,"Zscaler, Inc.",NASDAQ
ZSQR,Z Squared Inc.,NASDAQ
ZSTK,ZeroStack Corp.,NASDAQ
ZTG,Zenta Group Company Limited,NASDAQ
ZTO,"ZTO Express (Cayman) Inc. American Depositary Shares, each representing one Class A ordinary share.",N
ZTS,Zoetis Inc.,N
ZUMZ,Zumiez Inc.,NASDAQ
ZURA,Zura Bio Limited,NASDAQ
ZVIA,Zevia PBC,N
ZVRA,"Zevra Therapeutics, Inc.",NASDAQ
ZWS,Zurn Elkay Water Solutions Corporation,N
ZYBT,Zhengye Biotechnology Holding Limited,NASDAQ
ZYME,Zymeworks Inc.,NASDAQ
