theme,category,ticker,name,weight
5G・通信インフラ,通信,AAPL,Apple Inc.,3.83
5G・通信インフラ,通信,ANET,"Arista Networks, Inc.",1.88
5G・通信インフラ,通信,ARM,Arm Holdings plc,2.76
5G・通信インフラ,通信,ASTS,"AST SpaceMobile, Inc.",3.48
5G・通信インフラ,通信,ATEN,"A10 Networks, Inc.",1.52
5G・通信インフラ,通信,AVGO,Broadcom Inc.,3.82
5G・通信インフラ,通信,CEVA,"CEVA, Inc.",2.02
5G・通信インフラ,通信,CRDO,Credo Technology Group Holding Ltd,2.22
5G・通信インフラ,通信,CSCO,"Cisco Systems, Inc.",3.35
5G・通信インフラ,通信,DDOG,"Datadog, Inc.",2.09
5G・通信インフラ,通信,DOCN,"DigitalOcean Holdings, Inc.",1.98
5G・通信インフラ,通信,ECHO,EchoStar Corporation,1.69
5G・通信インフラ,通信,EXTR,"Extreme Networks, Inc.",1.9
5G・通信インフラ,通信,MRVL,"Marvell Technology, Inc.",3.8
5G・通信インフラ,通信,MTSI,"MACOM Technology Solutions Holdings, Inc.",1.54
5G・通信インフラ,通信,MXL,"MaxLinear, Inc.",6.47
5G・通信インフラ,通信,NAN,"Mount Vernon Liquid Assets Portfolio, LLC",19.53
5G・通信インフラ,通信,NOK,Nokia Oyj,1.83
5G・通信インフラ,通信,NVDA,NVIDIA Corporation,3.71
5G・通信インフラ,通信,ORCL,Oracle Corporation,2.03
5G・通信インフラ,通信,PL,Planet Labs PBC,1.68
5G・通信インフラ,通信,QCOM,QUALCOMM Incorporated,2.0
5G・通信インフラ,通信,RKLB,Rocket Lab Corporation,4.88
5G・通信インフラ,通信,SPCX,Space Exploration Technologies Corp.,5.24
5G・通信インフラ,通信,VSAT,"Viasat, Inc.",1.69
AI・ロボティクス,ロボット・FA・機械,AI,"C3.ai, Inc.",1.43
AI・ロボティクス,ロボット・FA・機械,APPN,Appian Corporation,2.33
AI・ロボティクス,ロボット・FA・機械,CCC,CCC Intelligent Solutions Holdings Inc.,2.01
AI・ロボティクス,ロボット・FA・機械,CRM,"Salesforce, Inc.",1.82
AI・ロボティクス,ロボット・FA・機械,DT,"Dynatrace, Inc.",1.88
AI・ロボティクス,ロボット・FA・機械,ILMN,"Illumina, Inc.",2.15
AI・ロボティクス,ロボット・FA・機械,META,"Meta Platforms, Inc.",1.54
AI・ロボティクス,ロボット・FA・機械,NET,"Cloudflare, Inc.",1.98
AI・ロボティクス,ロボット・FA・機械,NOW,"ServiceNow, Inc.",1.59
AI・ロボティクス,ロボット・FA・機械,NSY-DE,NICE Ltd ADR,1.63
AI・ロボティクス,ロボット・FA・機械,OII,"Oceaneering International, Inc.",1.73
AI・ロボティクス,ロボット・FA・機械,PANW,"Palo Alto Networks, Inc.",1.91
AI・ロボティクス,ロボット・FA・機械,PATH,"UiPath, Inc.",1.68
AI・ロボティクス,ロボット・FA・機械,PEGA,Pegasystems Inc.,1.44
AI・ロボティクス,ロボット・FA・機械,PLTR,Palantir Technologies Inc.,1.61
AI・ロボティクス,ロボット・FA・機械,RXRX,"Recursion Pharmaceuticals, Inc.",1.41
AI・ロボティクス,ロボット・FA・機械,S,"SentinelOne, Inc.",2.01
AI・ロボティクス,ロボット・FA・機械,TEM,"Tempus AI, Inc.",2.28
AI・ロボティクス,ロボット・FA・機械,WDAY,"Workday, Inc.",1.95
EV・自動運転,モビリティ,ALB,Albemarle Corporation,3.45
EV・自動運転,モビリティ,ALV,"Autoliv, Inc.",3.47
EV・自動運転,モビリティ,AUR,"Aurora Innovation, Inc.",3.23
EV・自動運転,モビリティ,GNTX,Gentex Corporation,1.87
EV・自動運転,モビリティ,LEA,Lear Corporation,2.39
EV・自動運転,モビリティ,RIVN,"Rivian Automotive, Inc.",4.43
EV・自動運転,モビリティ,TSLA,"Tesla, Inc.",4.5
EV・自動運転,モビリティ,XTSLA,BLK CSH FND TREASURY SL AGENCY,10.93
Eコマース,消費・小売・インバウンド,ABNB,"Airbnb, Inc.",2.86
Eコマース,消費・小売・インバウンド,AFRM,"Affirm Holdings, Inc.",2.58
Eコマース,消費・小売・インバウンド,AMZN,"Amazon.com, Inc.",2.2
Eコマース,消費・小売・インバウンド,BKNG,Booking Holdings Inc.,2.44
Eコマース,消費・小売・インバウンド,CART,Maplebear Inc.,2.72
Eコマース,消費・小売・インバウンド,CHWY,"Chewy, Inc.",2.05
Eコマース,消費・小売・インバウンド,CPRT,"Copart, Inc.",2.14
Eコマース,消費・小売・インバウンド,CVNA,Carvana Co.,2.04
Eコマース,消費・小売・インバウンド,DASH,"DoorDash, Inc.",2.79
Eコマース,消費・小売・インバウンド,EBAY,eBay Inc.,2.51
Eコマース,消費・小売・インバウンド,ETSY,"Etsy, Inc.",2.68
Eコマース,消費・小売・インバウンド,EXPE,"Expedia Group, Inc.",2.78
Eコマース,消費・小売・インバウンド,FIGS,"FIGS, Inc.",2.17
Eコマース,消費・小売・インバウンド,HIMS,"Hims & Hers Health, Inc.",2.5
Eコマース,消費・小売・インバウンド,LQDT,"Liquidity Services, Inc.",2.79
Eコマース,消費・小売・インバウンド,LYFT,"Lyft, Inc.",2.62
Eコマース,消費・小売・インバウンド,MSM,"MSC Industrial Direct Co., Inc.",2.79
Eコマース,消費・小売・インバウンド,NAN,OTHER ASSETS AND LIABILITIES,2.78
Eコマース,消費・小売・インバウンド,PTON,"Peloton Interactive, Inc.",2.27
Eコマース,消費・小売・インバウンド,PYPL,"PayPal Holdings, Inc.",2.75
Eコマース,消費・小売・インバウンド,RVLV,"Revolve Group, Inc.",2.49
Eコマース,消費・小売・インバウンド,SPOT,Spotify Technology S.A.,2.99
Eコマース,消費・小売・インバウンド,UBER,"Uber Technologies, Inc.",2.16
Eコマース,消費・小売・インバウンド,UPWK,Upwork Inc.,2.03
Eコマース,消費・小売・インバウンド,W,Wayfair Inc.,3.74
IoT,半導体・電子,ADI,"Analog Devices, Inc.",1.84
IoT,半導体・電子,ADT,ADT Inc.,1.75
IoT,半導体・電子,BDC,Belden Inc.,1.43
IoT,半導体・電子,CSCO,"Cisco Systems, Inc.",2.22
IoT,半導体・電子,DXCM,"DexCom, Inc.",6.14
IoT,半導体・電子,EMR,Emerson Electric Co.,1.71
IoT,半導体・電子,GRMN,Garmin Ltd.,5.54
IoT,半導体・電子,IBM,International Business Machines Corporation,1.45
IoT,半導体・電子,IOT,Samsara Inc.,4.7
IoT,半導体・電子,ITRI,"Itron, Inc.",1.35
IoT,半導体・電子,JCI,Johnson Controls International plc,1.69
IoT,半導体・電子,LSCC,Lattice Semiconductor Corporation,5.04
IoT,半導体・電子,NXPI,NXP Semiconductors N.V.,1.32
IoT,半導体・電子,PI,"Impinj, Inc.",1.82
IoT,半導体・電子,QCOM,QUALCOMM Incorporated,2.1
IoT,半導体・電子,RMBS,Rambus Inc.,3.13
IoT,半導体・電子,SLAB,Silicon Laboratories Inc.,2.41
IoT,半導体・電子,ST,Sensata Technologies Holding plc,2.03
IoT,半導体・電子,SWKS,"Skyworks Solutions, Inc.",4.43
アグリビジネス,素材・資源,ADM,Archer-Daniels-Midland Company,5.36
アグリビジネス,素材・資源,AGCO,AGCO Corporation,1.76
アグリビジネス,素材・資源,BG,Bunge Global SA,3.45
アグリビジネス,素材・資源,CF,"CF Industries Holdings, Inc.",4.96
アグリビジネス,素材・資源,CNH,CNH Industrial N.V.,2.85
アグリビジネス,素材・資源,CTVA,"Corteva, Inc.",7.88
アグリビジネス,素材・資源,DAR,Darling Ingredients Inc.,2.72
アグリビジネス,素材・資源,DE,Deere & Company,8.81
アグリビジネス,素材・資源,ELAN,Elanco Animal Health Incorporated,1.27
アグリビジネス,素材・資源,MOS,The Mosaic Company,1.83
アグリビジネス,素材・資源,TSN,"Tyson Foods, Inc.",3.65
アグリビジネス,素材・資源,TTC,The Toro Company,2.12
アグリビジネス,素材・資源,ZTS,Zoetis Inc.,4.85
オンライン賭博,消費・小売・インバウンド,AUD,AUSTRALIAN DOLLAR,0.04
オンライン賭博,消費・小売・インバウンド,CDRO,"Codere Online Luxembourg, S.A.",0.11
オンライン賭博,消費・小売・インバウンド,EVO-SS,Evolution AB,17.58
オンライン賭博,消費・小売・インバウンド,GENI,Genius Sports Limited,1.59
オンライン賭博,消費・小売・インバウンド,JPY,Lazard Japanese Equity ETF,0.0
オンライン賭博,消費・小売・インバウンド,LNW-AU,Light & Wonder Inc,6.77
オンライン賭博,消費・小売・インバウンド,RSI,"Rush Street Interactive, Inc.",5.65
オンライン賭博,消費・小売・インバウンド,SGHC,Super Group (SGHC) Limited,7.03
オンライン賭博,消費・小売・インバウンド,SRAD,Sportradar Group AG,4.05
オンライン賭博,消費・小売・インバウンド,TAH-AU,Tabcorp Holdings Ltd,1.49
クラウド,AI・ソフト・データ,AMZN,"Amazon.com, Inc.",2.98
クラウド,AI・ソフト・データ,ANET,"Arista Networks, Inc.",4.02
クラウド,AI・ソフト・データ,CRM,"Salesforce, Inc.",2.04
クラウド,AI・ソフト・データ,CRWV,"CoreWeave, Inc.",1.95
クラウド,AI・ソフト・データ,CSCO,"Cisco Systems, Inc.",1.96
クラウド,AI・ソフト・データ,DELL,Dell Technologies Inc.,2.24
クラウド,AI・ソフト・データ,DOCN,"DigitalOcean Holdings, Inc.",2.74
クラウド,AI・ソフト・データ,FSLY,"Fastly, Inc.",2.04
クラウド,AI・ソフト・データ,GOOGL,Alphabet Inc.,2.93
クラウド,AI・ソフト・データ,GTLB,GitLab Inc.,2.6
クラウド,AI・ソフト・データ,HPE,Hewlett Packard Enterprise Company,2.28
クラウド,AI・ソフト・データ,IBM,International Business Machines Corporation,2.56
クラウド,AI・ソフト・データ,MDB,"MongoDB, Inc.",3.14
クラウド,AI・ソフト・データ,MSFT,Microsoft Corporation,3.55
クラウド,AI・ソフト・データ,NET,"Cloudflare, Inc.",2.96
クラウド,AI・ソフト・データ,NTAP,"NetApp, Inc.",1.81
クラウド,AI・ソフト・データ,NTNX,"Nutanix, Inc.",4.31
クラウド,AI・ソフト・データ,NTSK,"Netskope, Inc.",1.93
クラウド,AI・ソフト・データ,ORCL,Oracle Corporation,2.14
クラウド,AI・ソフト・データ,P,"Everpure, Inc.",4.2
クラウド,AI・ソフト・データ,RBRK,"Rubrik, Inc.",2.2
クラウド,AI・ソフト・データ,RNG,"RingCentral, Inc.",2.25
クラウド,AI・ソフト・データ,TEAM,Atlassian Corporation,2.87
クラウド,AI・ソフト・データ,TWLO,Twilio Inc.,2.07
クラウド,AI・ソフト・データ,WK,Workiva Inc.,2.14
クリーンエネルギー,エネルギー,ACA,ARCOSA INC,4.002097
クリーンエネルギー,エネルギー,AES,AES CORP,3.409525
クリーンエネルギー,エネルギー,AMRC,AMERESCO INC CL A,3.140602
クリーンエネルギー,エネルギー,AMSC,AMERICAN SUPERCONDUCTOR CORP,2.194278
クリーンエネルギー,エネルギー,ARRY,ARRAY TECHNOLOGIES INC,2.001841
クリーンエネルギー,エネルギー,AVA,AVISTA CORP,2.86348
クリーンエネルギー,エネルギー,BE,BLOOM ENERGY CORP  A,3.918715
クリーンエネルギー,エネルギー,BLDP,BALLARD POWER SYSTEMS INC,1.709032
クリーンエネルギー,エネルギー,CEG,CONSTELLATION ENERGY,3.636288
クリーンエネルギー,エネルギー,CIG,CIA ENERGETICA DE SPON ADR,3.527355
クリーンエネルギー,エネルギー,CSIQ,CANADIAN SOLAR INC,2.596908
クリーンエネルギー,エネルギー,DQ,DAQO NEW ENERGY CORP ADR,2.790399
クリーンエネルギー,エネルギー,ENIC,ENEL CHILE SA ADR,0.89348
クリーンエネルギー,エネルギー,ENLT,ENLIGHT RENEWABLE ENERGY LTD,2.816377
クリーンエネルギー,エネルギー,ENPH,ENPHASE ENERGY INC,2.311714
クリーンエネルギー,エネルギー,EOSE,EOS ENERGY ENTERPRISES INC,2.260841
クリーンエネルギー,エネルギー,FCEL,FUELCELL ENERGY INC,3.726589
クリーンエネルギー,エネルギー,FLNC,FLUENCE ENERGY INC,0.911962
クリーンエネルギー,エネルギー,FSLR,FIRST SOLAR INC,2.698874
クリーンエネルギー,エネルギー,GEV,GE VERNOVA INC,3.678833
クリーンエネルギー,エネルギー,GLW,CORNING INC,2.511325
クリーンエネルギー,エネルギー,GNRC,GENERAC HOLDINGS INC,2.879305
クリーンエネルギー,エネルギー,HY,HYSTER YALE INC,0.927434
クリーンエネルギー,エネルギー,JKS,JINKOSOLAR HOLDING CO ADR,2.032994
クリーンエネルギー,エネルギー,NEE,NEXTERA ENERGY INC,3.147653
クリーンエネルギー,エネルギー,NRGV,ENERGY VAULT HOLDINGS INC,3.66003
クリーンエネルギー,エネルギー,NXT,NEXTPOWER INC,2.506109
クリーンエネルギー,エネルギー,ORA,ORMAT TECHNOLOGIES INC,2.373942
クリーンエネルギー,エネルギー,PLUG,PLUG POWER INC,2.464104
クリーンエネルギー,エネルギー,RNW,RENEW ENERGY GLOBAL PLC A,1.691282
クリーンエネルギー,エネルギー,RUN,SUNRUN INC,2.483431
クリーンエネルギー,エネルギー,SEDG,SOLAREDGE TECHNOLOGIES INC,2.201818
クリーンエネルギー,エネルギー,SHLS,SHOALS TECHNOLOGIES GROUP  A,2.84827
クリーンエネルギー,エネルギー,TAC,TRANSALTA CORP,3.34444
クリーンエネルギー,エネルギー,TE,T1 ENERGY INC,1.941099
クリーンエネルギー,エネルギー,TS,TENARIS SA ADR,2.430282
クリーンエネルギー,エネルギー,TSLA,TESLA INC,2.618275
クリーンエネルギー,エネルギー,TYGO,TIGO ENERGY INC,0.246674
クリーンエネルギー,エネルギー,VMI,VALMONT INDUSTRIES,2.438641
ゲノム・バイオ革命,ヘルスケア・バイオ,ABSI,ABSCI CORP,4.81
ゲノム・バイオ革命,ヘルスケア・バイオ,ADPT,ADAPTIVE BIOTECHNOLOGIES,2.35
ゲノム・バイオ革命,ヘルスケア・バイオ,ALMR,ALAMAR BIOSCIENCES INC,1.6
ゲノム・バイオ革命,ヘルスケア・バイオ,BEAM,BEAM THERAPEUTICS INC,3.06
ゲノム・バイオ革命,ヘルスケア・バイオ,BFLY,BUTTERFLY NETWORK INC,1.85
ゲノム・バイオ革命,ヘルスケア・バイオ,CDNA,CAREDX INC,3.78
ゲノム・バイオ革命,ヘルスケア・バイオ,CERS,CERUS CORP,0.91
ゲノム・バイオ革命,ヘルスケア・バイオ,CMPS,COMPASS PATHWAYS PLC,3.19
ゲノム・バイオ革命,ヘルスケア・バイオ,CRSP,CRISPR THERAPEUTICS AG,5.76
ゲノム・バイオ革命,ヘルスケア・バイオ,FRNM,FREENOME INC,0.57
ゲノム・バイオ革命,ヘルスケア・バイオ,GENB,GENERATE BIOMEDICINES INC,1.26
ゲノム・バイオ革命,ヘルスケア・バイオ,GH,GUARDANT HEALTH INC,4.69
ゲノム・バイオ革命,ヘルスケア・バイオ,ILMN,ILLUMINA INC,4.09
ゲノム・バイオ革命,ヘルスケア・バイオ,IONS,IONIS PHARMACEUTICALS INC,1.81
ゲノム・バイオ革命,ヘルスケア・バイオ,LLY,ELI LILLY & CO,3.52
ゲノム・バイオ革命,ヘルスケア・バイオ,MASS,908 DEVICES INC,0.99
ゲノム・バイオ革命,ヘルスケア・バイオ,NRIX,NURIX THERAPEUTICS INC,2.03
ゲノム・バイオ革命,ヘルスケア・バイオ,NTLA,INTELLIA THERAPEUTICS INC,1.49
ゲノム・バイオ革命,ヘルスケア・バイオ,NTRA,NATERA INC,4.24
ゲノム・バイオ革命,ヘルスケア・バイオ,PACB,PACIFIC BIOSCIENCES OF CALIF,0.69
ゲノム・バイオ革命,ヘルスケア・バイオ,PRME,PRIME MEDICINE INC,1.14
ゲノム・バイオ革命,ヘルスケア・バイオ,PSNL,PERSONALIS INC,5.08
ゲノム・バイオ革命,ヘルスケア・バイオ,QSI,QUANTUM-SI INC,0.24
ゲノム・バイオ革命,ヘルスケア・バイオ,RXRX,RECURSION PHARMACEUTICALS-A,2.58
ゲノム・バイオ革命,ヘルスケア・バイオ,SCTX,SCRIBE THERAPEUTICS INC,0.61
ゲノム・バイオ革命,ヘルスケア・バイオ,SDGR,SCHRODINGER INC,3.14
ゲノム・バイオ革命,ヘルスケア・バイオ,TEM,TEMPUS AI INC-CL A,8.87
ゲノム・バイオ革命,ヘルスケア・バイオ,TWST,TWIST BIOSCIENCE CORP,9.4
ゲノム・バイオ革命,ヘルスケア・バイオ,TXG,10X GENOMICS INC-CLASS A,9.51
ゲノム・バイオ革命,ヘルスケア・バイオ,VCYT,VERACYTE INC,1.97
ゲノム・バイオ革命,ヘルスケア・バイオ,WGS,GENEDX HOLDINGS CORP,2.33
ゲノム医療,ヘルスケア・バイオ,ABCL,AbCellera Biologics Inc.,2.73
ゲノム医療,ヘルスケア・バイオ,BNTX,BioNTech SE,3.2
ゲノム医療,ヘルスケア・バイオ,CAI,"Caris Life Sciences, Inc.",3.39
ゲノム医療,ヘルスケア・バイオ,CRSP,CRISPR Therapeutics AG,1.5
ゲノム医療,ヘルスケア・バイオ,EXEL,"Exelixis, Inc.",3.25
ゲノム医療,ヘルスケア・バイオ,IBRX,"ImmunityBio, Inc.",2.94
ゲノム医療,ヘルスケア・バイオ,IDYA,"IDEAYA Biosciences, Inc.",2.94
ゲノム医療,ヘルスケア・バイオ,INCY,Incyte Corporation,3.6
ゲノム医療,ヘルスケア・バイオ,IOVA,"Iovance Biotherapeutics, Inc.",3.67
ゲノム医療,ヘルスケア・バイオ,MRK,"Merck & Co., Inc.",3.57
ゲノム医療,ヘルスケア・バイオ,MRNA,"Moderna, Inc.",9.54
ゲノム医療,ヘルスケア・バイオ,NVAX,"Novavax, Inc.",1.46
ゲノム医療,ヘルスケア・バイオ,RCUS,"Arcus Biosciences, Inc.",1.95
ゲノム医療,ヘルスケア・バイオ,REGN,"Regeneron Pharmaceuticals, Inc.",3.63
ゲノム医療,ヘルスケア・バイオ,RVMD,"Revolution Medicines, Inc.",3.76
ゲノム医療,ヘルスケア・バイオ,TWST,Twist Bioscience Corporation,7.09
ゲノム医療,ヘルスケア・バイオ,VRTX,Vertex Pharmaceuticals Incorporated,3.34
ゲーム・eスポーツ,消費・小売・インバウンド,GME,GameStop Corp.,4.37
ゲーム・eスポーツ,消費・小売・インバウンド,NAN,Us Dollar,0.24
ゲーム・eスポーツ,消費・小売・インバウンド,NTES,"NetEase, Inc.",7.1
ゲーム・eスポーツ,消費・小売・インバウンド,RBLX,Roblox Corporation,6.02
ゲーム・eスポーツ,消費・小売・インバウンド,TTWO,"Take-Two Interactive Software, Inc.",5.74
ゲーム・eスポーツ,消費・小売・インバウンド,U,Unity Software Inc.,6.75
サイバーセキュリティ,AI・ソフト・データ,ACN,Accenture plc,1.79
サイバーセキュリティ,AI・ソフト・データ,AKAM,"Akamai Technologies, Inc.",2.27
サイバーセキュリティ,AI・ソフト・データ,ANET,"Arista Networks, Inc.",2.2
サイバーセキュリティ,AI・ソフト・データ,AVGO,Broadcom Inc.,5.46
サイバーセキュリティ,AI・ソフト・データ,CHKP,Check Point Software Technologies Ltd.,1.97
サイバーセキュリティ,AI・ソフト・データ,CRWD,"CrowdStrike Holdings, Inc.",9.45
サイバーセキュリティ,AI・ソフト・データ,CSCO,"Cisco Systems, Inc.",6.43
サイバーセキュリティ,AI・ソフト・データ,DDOG,"Datadog, Inc.",1.68
サイバーセキュリティ,AI・ソフト・データ,DT,"Dynatrace, Inc.",2.3
サイバーセキュリティ,AI・ソフト・データ,FFIV,"F5, Inc.",3.15
サイバーセキュリティ,AI・ソフト・データ,FROG,JFrog Ltd.,2.0
サイバーセキュリティ,AI・ソフト・データ,FTNT,"Fortinet, Inc.",8.79
サイバーセキュリティ,AI・ソフト・データ,GEN,Gen Digital Inc.,2.29
サイバーセキュリティ,AI・ソフト・データ,GOOGL,Alphabet Inc.,1.6
サイバーセキュリティ,AI・ソフト・データ,IBM,International Business Machines Corporation,1.4
サイバーセキュリティ,AI・ソフト・データ,INFY,Infosys Limited,1.54
サイバーセキュリティ,AI・ソフト・データ,LDOS,"Leidos Holdings, Inc.",1.8
サイバーセキュリティ,AI・ソフト・データ,MSFT,Microsoft Corporation,1.94
サイバーセキュリティ,AI・ソフト・データ,NET,"Cloudflare, Inc.",4.85
サイバーセキュリティ,AI・ソフト・データ,NTAP,"NetApp, Inc.",1.98
サイバーセキュリティ,AI・ソフト・データ,OKTA,"Okta, Inc.",4.33
サイバーセキュリティ,AI・ソフト・データ,PANW,"Palo Alto Networks, Inc.",9.36
サイバーセキュリティ,AI・ソフト・データ,RBRK,"Rubrik, Inc.",3.17
サイバーセキュリティ,AI・ソフト・データ,ZS,"Zscaler, Inc.",3.76
スマートインフラ,産業・インフラ,ADIG,ADI GLOBAL DISTRIB,0.948499
スマートインフラ,産業・インフラ,ADT,ADT INC,2.689381
スマートインフラ,産業・インフラ,ALLE,ALLEGION PLC,1.875633
スマートインフラ,産業・インフラ,ALRM,ALARM.COM HOLDINGS INC,3.133882
スマートインフラ,産業・インフラ,AME,AMETEK INC,1.743017
スマートインフラ,産業・インフラ,AMRC,AMERESCO INC CL A,2.541502
スマートインフラ,産業・インフラ,ARLO,ARLO TECHNOLOGIES INC,2.945043
スマートインフラ,産業・インフラ,AYI,ACUITY INC,1.751307
スマートインフラ,産業・インフラ,BCE,BCE INC,1.426256
スマートインフラ,産業・インフラ,BE,BLOOM ENERGY CORP  A,3.172135
スマートインフラ,産業・インフラ,BIDU,BAIDU INC   SPON ADR,1.25838
スマートインフラ,産業・インフラ,BMI,BADGER METER INC,2.786385
スマートインフラ,産業・インフラ,BP,BP PLC SPONS ADR,1.610284
スマートインフラ,産業・インフラ,CARR,CARRIER GLOBAL CORP,1.2878
スマートインフラ,産業・インフラ,CEVA,CEVA INC,1.25825
スマートインフラ,産業・インフラ,CHPT,CHARGEPOINT HOLDINGS INC,1.170661
スマートインフラ,産業・インフラ,CNM,CORE + MAIN INC CLASS A,1.395634
スマートインフラ,産業・インフラ,CWCO,CONSOLIDATED WATER CO ORD SH,1.226644
スマートインフラ,産業・インフラ,CWEN,CLEARWAY ENERGY INC C,1.32375
スマートインフラ,産業・インフラ,DD,DUPONT DE NEMOURS INC,1.538756
スマートインフラ,産業・インフラ,ENPH,ENPHASE ENERGY INC,1.10163
スマートインフラ,産業・インフラ,ERII,ENERGY RECOVERY INC,2.416087
スマートインフラ,産業・インフラ,EVGO,EVGO INC,1.875128
スマートインフラ,産業・インフラ,FCEL,FUELCELL ENERGY INC,1.775649
スマートインフラ,産業・インフラ,FLNC,FLUENCE ENERGY INC,0.545403
スマートインフラ,産業・インフラ,GNRC,GENERAC HOLDINGS INC,2.332554
スマートインフラ,産業・インフラ,GNTX,GENTEX CORP,1.43992
スマートインフラ,産業・インフラ,HIMX,HIMAX TECHNOLOGIES INC ADR,1.442665
スマートインフラ,産業・インフラ,HON,HONEYWELL INTERNATIONAL INC,0.800057
スマートインフラ,産業・インフラ,HONA,HONEYWELL AEROSPACE INC,0.654948
スマートインフラ,産業・インフラ,HWKN,HAWKINS INC,2.219955
スマートインフラ,産業・インフラ,ITRI,ITRON INC,3.156834
スマートインフラ,産業・インフラ,JCI,JOHNSON CONTROLS INTERNATION,2.835672
スマートインフラ,産業・インフラ,MWA,MUELLER WATER PRODUCTS INC A,1.370076
スマートインフラ,産業・インフラ,NRG,NRG ENERGY INC,1.371698
スマートインフラ,産業・インフラ,NSSC,NAPCO SECURITY TECHNOLOGIES,1.629293
スマートインフラ,産業・インフラ,ON,ON SEMICONDUCTOR,1.043423
スマートインフラ,産業・インフラ,PNR,PENTAIR PLC,2.126669
スマートインフラ,産業・インフラ,PSN,PARSONS CORP,1.286385
スマートインフラ,産業・インフラ,REZI,RESIDEO TECHNOLOGIES INC,1.705667
スマートインフラ,産業・インフラ,ROKU,ROKU INC,2.115527
スマートインフラ,産業・インフラ,ROP,ROPER TECHNOLOGIES INC,1.754206
スマートインフラ,産業・インフラ,SHEL,SHELL PLC ADR,1.736525
スマートインフラ,産業・インフラ,SHLS,SHOALS TECHNOLOGIES GROUP  A,2.305536
スマートインフラ,産業・インフラ,SLAB,SILICON LABORATORIES INC,2.758521
スマートインフラ,産業・インフラ,SMRT,SMARTRENT INC,0.397965
スマートインフラ,産業・インフラ,SU,SUNCOR ENERGY INC,1.735279
スマートインフラ,産業・インフラ,TEL,TE CONNECTIVITY PLC,1.665853
スマートインフラ,産業・インフラ,TSLA,TESLA INC,2.675162
スマートインフラ,産業・インフラ,TTEK,TETRA TECH INC,3.605203
スマートインフラ,産業・インフラ,VLTO,VERALTO CORP,3.135943
スマートインフラ,産業・インフラ,WTTR,SELECT WATER SOLUTIONS INC,3.047205
スマートインフラ,産業・インフラ,XYL,XYLEM INC,2.724448
スマートモビリティ・自動運転,モビリティ,AEVA,AEVA TECHNOLOGIES INC,1.05768
スマートモビリティ・自動運転,モビリティ,AIOT,POWERFLEET INC,0.758598
スマートモビリティ・自動運転,モビリティ,ALGM,ALLEGRO MICROSYSTEMS INC,1.251894
スマートモビリティ・自動運転,モビリティ,ALSN,ALLISON TRANSMISSION HOLDING,1.634426
スマートモビリティ・自動運転,モビリティ,AMBA,AMBARELLA INC,1.720739
スマートモビリティ・自動運転,モビリティ,APTV,APTIV PLC,0.683145
スマートモビリティ・自動運転,モビリティ,ASPN,ASPEN AEROGELS INC,1.493047
スマートモビリティ・自動運転,モビリティ,AUR,AURORA INNOVATION INC,1.684294
スマートモビリティ・自動運転,モビリティ,BIDU,BAIDU INC   SPON ADR,0.802203
スマートモビリティ・自動運転,モビリティ,BLBD,BLUE BIRD CORP,0.872207
スマートモビリティ・自動運転,モビリティ,BLDP,BALLARD POWER SYSTEMS INC,0.793419
スマートモビリティ・自動運転,モビリティ,BWA,BORGWARNER INC,1.390004
スマートモビリティ・自動運転,モビリティ,CAR,AVIS BUDGET GROUP INC,0.983515
スマートモビリティ・自動運転,モビリティ,CMI,CUMMINS INC,1.327178
スマートモビリティ・自動運転,モビリティ,DAN,DANA INC,1.323913
スマートモビリティ・自動運転,モビリティ,DCH,DAUCH CORPORATION,1.531456
スマートモビリティ・自動運転,モビリティ,E,ENI SPA SPONSORED ADR,1.006306
スマートモビリティ・自動運転,モビリティ,ECX,ECARX HOLDINGS INC CL A,0.91404
スマートモビリティ・自動運転,モビリティ,EH,EHANG HOLDINGS LTD SPS ADR,1.085597
スマートモビリティ・自動運転,モビリティ,ELVA,ELECTROVAYA INC,0.754686
スマートモビリティ・自動運転,モビリティ,EMBJ,EMBRAER SA SPON ADR,1.456144
スマートモビリティ・自動運転,モビリティ,ENPH,ENPHASE ENERGY INC,0.702497
スマートモビリティ・自動運転,モビリティ,F,FORD MOTOR CO,0.941136
スマートモビリティ・自動運転,モビリティ,GM,GENERAL MOTORS CO,1.65523
スマートモビリティ・自動運転,モビリティ,GOOG,ALPHABET INC CL C,1.01493
スマートモビリティ・自動運転,モビリティ,GRAB,GRAB HOLDINGS LTD   CL A,0.90928
スマートモビリティ・自動運転,モビリティ,GTX,GARRETT MOTION INC,0.843629
スマートモビリティ・自動運転,モビリティ,HEI,HEICO CORP,0.964534
スマートモビリティ・自動運転,モビリティ,HII,HUNTINGTON INGALLS INDUSTRIE,0.975623
スマートモビリティ・自動運転,モビリティ,HMC,HONDA MOTOR CO LTD SPONS ADR,1.950544
スマートモビリティ・自動運転,モビリティ,HSAI,HESAI GROUP,1.550732
スマートモビリティ・自動運転,モビリティ,HY,HYSTER YALE INC,0.847977
スマートモビリティ・自動運転,モビリティ,INDI,INDIE SEMICONDUCTOR INC A,1.279697
スマートモビリティ・自動運転,モビリティ,IOT,SAMSARA INC CL A,1.186104
スマートモビリティ・自動運転,モビリティ,IRDM,IRIDIUM COMMUNICATIONS INC,1.079966
スマートモビリティ・自動運転,モビリティ,ITRN,ITURAN LOCATION AND CONTROL,1.297814
スマートモビリティ・自動運転,モビリティ,JOBY,JOBY AVIATION INC,1.132444
スマートモビリティ・自動運転,モビリティ,KARO,KAROOOOO LTD,1.393667
スマートモビリティ・自動運転,モビリティ,KDK,KODIAK AI INC,0.883881
スマートモビリティ・自動運転,モビリティ,KULR,KULR TECHNOLOGY GROUP INC,0.702676
スマートモビリティ・自動運転,モビリティ,LCID,LUCID GROUP INC,1.436779
スマートモビリティ・自動運転,モビリティ,LEA,LEAR CORP,0.874643
スマートモビリティ・自動運転,モビリティ,LI,LI AUTO INC   ADR,1.317389
スマートモビリティ・自動運転,モビリティ,LTRX,LANTRONIX INC,0.979135
スマートモビリティ・自動運転,モビリティ,LYFT,LYFT INC A,1.78521
スマートモビリティ・自動運転,モビリティ,MBLY,MOBILEYE GLOBAL INC A,1.368682
スマートモビリティ・自動運転,モビリティ,MGA,MAGNA INTERNATIONAL INC,1.005555
スマートモビリティ・自動運転,モビリティ,MOD,MODINE MANUFACTURING CO,0.782753
スマートモビリティ・自動運転,モビリティ,MT,ARCELORMITTAL NY REGISTERED,1.156449
スマートモビリティ・自動運転,モビリティ,MVST,MICROVAST HOLDINGS INC,0.903248
スマートモビリティ・自動運転,モビリティ,NBIS,NEBIUS GROUP NV,1.119782
スマートモビリティ・自動運転,モビリティ,NIO,NIO INC ADR,1.109098
スマートモビリティ・自動運転,モビリティ,NIU,NIU TECHNOLOGIES SPONS ADR,0.338759
スマートモビリティ・自動運転,モビリティ,NVDA,NVIDIA CORP,1.777592
スマートモビリティ・自動運転,モビリティ,NXPI,NXP SEMICONDUCTORS NV,0.827607
スマートモビリティ・自動運転,モビリティ,ON,ON SEMICONDUCTOR,1.01843
スマートモビリティ・自動運転,モビリティ,ONDS,ONDAS INC,0.80999
スマートモビリティ・自動運転,モビリティ,OSK,OSHKOSH CORP,1.153895
スマートモビリティ・自動運転,モビリティ,OUST,OUSTER INC,1.011401
スマートモビリティ・自動運転,モビリティ,PCAR,PACCAR INC,1.028291
スマートモビリティ・自動運転,モビリティ,PLUG,PLUG POWER INC,1.143961
スマートモビリティ・自動運転,モビリティ,PONY,PONY AI INC,1.32109
スマートモビリティ・自動運転,モビリティ,PSNY,POLESTAR AUTOMOTIVE CL A ADS,0.302073
スマートモビリティ・自動運転,モビリティ,QCOM,QUALCOMM INC,1.589728
スマートモビリティ・自動運転,モビリティ,RCAT,RED CAT HOLDINGS INC,1.002021
スマートモビリティ・自動運転,モビリティ,RIVN,RIVIAN AUTOMOTIVE INC A,1.628865
スマートモビリティ・自動運転,モビリティ,SEDG,SOLAREDGE TECHNOLOGIES INC,0.667782
スマートモビリティ・自動運転,モビリティ,SERV,SERVE ROBOTICS INC,0.650332
スマートモビリティ・自動運転,モビリティ,SES,SES AI CORP,0.841759
スマートモビリティ・自動運転,モビリティ,SLDP,SOLID POWER INC,1.401502
スマートモビリティ・自動運転,モビリティ,ST,SENSATA TECHNOLOGIES HOLDPLC,0.909305
スマートモビリティ・自動運転,モビリティ,STLA,STELLANTIS NV,0.748322
スマートモビリティ・自動運転,モビリティ,STM,STMICROELECTRONICS NV NY SHS,1.142981
スマートモビリティ・自動運転,モビリティ,THRM,GENTHERM INC,1.05719
スマートモビリティ・自動運転,モビリティ,TM,TOYOTA MOTOR CORP  SPON ADR,1.143183
スマートモビリティ・自動運転,モビリティ,TRMB,TRIMBLE INC,1.166173
スマートモビリティ・自動運転,モビリティ,TSLA,TESLA INC,1.54204
スマートモビリティ・自動運転,モビリティ,TXT,TEXTRON INC,0.888355
スマートモビリティ・自動運転,モビリティ,UBER,UBER TECHNOLOGIES INC,1.616014
スマートモビリティ・自動運転,モビリティ,UMAC,UNUSUAL MACHINES INC /US,1.661179
スマートモビリティ・自動運転,モビリティ,VC,VISTEON CORP,0.797909
スマートモビリティ・自動運転,モビリティ,VFS,VINFAST AUTO LTD,0.939853
スマートモビリティ・自動運転,モビリティ,VIA,VIA TRANSPORTATION INC CL A,2.904074
スマートモビリティ・自動運転,モビリティ,VLN,VALENS SEMICONDUCTOR LTD,0.861407
スマートモビリティ・自動運転,モビリティ,VNT,VONTIER CORP,1.126997
スマートモビリティ・自動運転,モビリティ,WRD,WERIDE INC ADR,1.478102
スマートモビリティ・自動運転,モビリティ,XPEV,XPENG INC  ADR,1.103245
ソフトウェア,AI・ソフト・データ,ACIW,ACI WORLDWIDE INC,0.703312
ソフトウェア,AI・ソフト・データ,ACN,ACCENTURE PLC CL A,0.780172
ソフトウェア,AI・ソフト・データ,ADBE,ADOBE INC,0.721503
ソフトウェア,AI・ソフト・データ,ADEA,ADEIA INC,0.70227
ソフトウェア,AI・ソフト・データ,ADSK,AUTODESK INC,0.780528
ソフトウェア,AI・ソフト・データ,AGYS,AGILYSYS INC,0.696289
ソフトウェア,AI・ソフト・データ,AI,C3.AI INC A,0.769586
ソフトウェア,AI・ソフト・データ,AIP,ARTERIS INC,0.785366
ソフトウェア,AI・ソフト・データ,ALKT,ALKAMI TECHNOLOGY INC,0.731398
ソフトウェア,AI・ソフト・データ,ALRM,ALARM.COM HOLDINGS INC,0.712141
ソフトウェア,AI・ソフト・データ,AMPL,AMPLITUDE INC CLASS A,0.798784
ソフトウェア,AI・ソフト・データ,APPF,APPFOLIO INC   A,0.751963
ソフトウェア,AI・ソフト・データ,APPN,APPIAN CORP A,0.831195
ソフトウェア,AI・ソフト・データ,APPS,DIGITAL TURBINE INC,0.802891
ソフトウェア,AI・ソフト・データ,ASAN,ASANA INC   CL A,0.852155
ソフトウェア,AI・ソフト・データ,ATEN,A10 NETWORKS INC,0.800841
ソフトウェア,AI・ソフト・データ,AUR,AURORA INNOVATION INC,0.738062
ソフトウェア,AI・ソフト・データ,AVPT,AVEPOINT INC,0.759672
ソフトウェア,AI・ソフト・データ,BBAI,BIGBEAR.AI HOLDINGS INC,0.755156
ソフトウェア,AI・ソフト・データ,BILL,BILL HOLDINGS INC,0.723399
ソフトウェア,AI・ソフト・データ,BL,BLACKLINE INC,0.714422
ソフトウェア,AI・ソフト・データ,BLKB,BLACKBAUD INC,0.719702
ソフトウェア,AI・ソフト・データ,BMNR,BITMINE IMMERSION TECHNOLOGI,0.8599
ソフトウェア,AI・ソフト・データ,BOX,BOX INC   CLASS A,0.718124
ソフトウェア,AI・ソフト・データ,BRZE,BRAZE INC A,0.788956
ソフトウェア,AI・ソフト・データ,BSY,BENTLEY SYSTEMS INC CLASS B,0.734164
ソフトウェア,AI・ソフト・データ,BTBT,BIT DIGITAL INC,0.807957
ソフトウェア,AI・ソフト・データ,CCC,CCC INTELLIGENT SOLUTIONS HO,0.705454
ソフトウェア,AI・ソフト・データ,CCSI,CONSENSUS CLOUD SOLUTION,0.720722
ソフトウェア,AI・ソフト・データ,CDNS,CADENCE DESIGN SYS INC,0.763613
ソフトウェア,AI・ソフト・データ,CIFR,CIPHER DIGITAL INC,0.824139
ソフトウェア,AI・ソフト・データ,CLSK,CLEANSPARK INC,0.819054
ソフトウェア,AI・ソフト・データ,CORZ,CORE SCIENTIFIC INC,0.747928
ソフトウェア,AI・ソフト・データ,CRCL,CIRCLE INTERNET GROUP INC,0.748815
ソフトウェア,AI・ソフト・データ,CRM,SALESFORCE INC,0.713545
ソフトウェア,AI・ソフト・データ,CRNC,CERENCE INC,0.725357
ソフトウェア,AI・ソフト・データ,CRWD,CROWDSTRIKE HOLDINGS INC   A,0.884326
ソフトウェア,AI・ソフト・データ,CTSH,COGNIZANT TECH SOLUTIONS A,0.75187
ソフトウェア,AI・ソフト・データ,CVLT,COMMVAULT SYSTEMS INC,0.81563
ソフトウェア,AI・ソフト・データ,CXM,SPRINKLR INC A,0.746625
ソフトウェア,AI・ソフト・データ,DBX,DROPBOX INC CLASS A,0.767181
ソフトウェア,AI・ソフト・データ,DDOG,DATADOG INC   CLASS A,0.80162
ソフトウェア,AI・ソフト・データ,DJCO,DAILY JOURNAL CORP,0.773074
ソフトウェア,AI・ソフト・データ,DLB,DOLBY LABORATORIES INC CL A,0.683183
ソフトウェア,AI・ソフト・データ,DOCU,DOCUSIGN INC,0.78404
ソフトウェア,AI・ソフト・データ,DT,DYNATRACE INC,0.821388
ソフトウェア,AI・ソフト・データ,DXC,DXC TECHNOLOGY CO,0.73289
ソフトウェア,AI・ソフト・データ,EFOR,EVERFORTH INC,0.792081
ソフトウェア,AI・ソフト・データ,EPAM,EPAM SYSTEMS INC,0.726954
ソフトウェア,AI・ソフト・データ,ESTC,ELASTIC NV,0.763553
ソフトウェア,AI・ソフト・データ,FFIV,F5 INC,0.819686
ソフトウェア,AI・ソフト・データ,FICO,FAIR ISAAC CORP,0.692917
ソフトウェア,AI・ソフト・データ,FIVN,FIVE9 INC,0.898049
ソフトウェア,AI・ソフト・データ,FRSH,FRESHWORKS INC CL A,0.769048
ソフトウェア,AI・ソフト・データ,FTNT,FORTINET INC,0.821368
ソフトウェア,AI・ソフト・データ,GDYN,GRID DYNAMICS HOLDINGS INC,0.722846
ソフトウェア,AI・ソフト・データ,GEN,GEN DIGITAL INC,0.721824
ソフトウェア,AI・ソフト・データ,GTLB,GITLAB INC CL A,0.791958
ソフトウェア,AI・ソフト・データ,GWRE,GUIDEWIRE SOFTWARE INC,0.773933
ソフトウェア,AI・ソフト・データ,HUBS,HUBSPOT INC,0.684619
ソフトウェア,AI・ソフト・データ,HUT,HUT 8 CORP,0.794551
ソフトウェア,AI・ソフト・データ,IBM,INTL BUSINESS MACHINES CORP,0.712332
ソフトウェア,AI・ソフト・データ,IDCC,INTERDIGITAL INC,0.709442
ソフトウェア,AI・ソフト・データ,INTA,INTAPP INC,0.699929
ソフトウェア,AI・ソフト・データ,INTU,INTUIT INC,0.713874
ソフトウェア,AI・ソフト・データ,IOT,SAMSARA INC CL A,0.725487
ソフトウェア,AI・ソフト・データ,IT,GARTNER INC,0.796101
ソフトウェア,AI・ソフト・データ,KD,KYNDRYL HOLDINGS INC,0.691047
ソフトウェア,AI・ソフト・データ,KEEL,KEEL INFRASTRUCTURE CORP,0.808436
ソフトウェア,AI・ソフト・データ,KVYO,KLAVIYO INC A,0.716545
ソフトウェア,AI・ソフト・データ,LIF,LIFE360 INC,0.719069
ソフトウェア,AI・ソフト・データ,MANH,MANHATTAN ASSOCIATES INC,0.748551
ソフトウェア,AI・ソフト・データ,MARA,MARA HOLDINGS INC,0.821009
ソフトウェア,AI・ソフト・データ,MITK,MITEK SYSTEMS INC,0.731802
ソフトウェア,AI・ソフト・データ,MSFT,MICROSOFT CORP,0.751902
ソフトウェア,AI・ソフト・データ,MSTR,STRATEGY INC,0.935737
ソフトウェア,AI・ソフト・データ,NCNO,NCINO INC,0.69284
ソフトウェア,AI・ソフト・データ,NN,NEXTNAV INC,0.747913
ソフトウェア,AI・ソフト・データ,NOW,SERVICENOW INC,0.773868
ソフトウェア,AI・ソフト・データ,NTNX,NUTANIX INC   A,0.771055
ソフトウェア,AI・ソフト・データ,NTSK,NETSKOPE INC CL A,0.937724
ソフトウェア,AI・ソフト・データ,OOMA,OOMA INC,0.7408
ソフトウェア,AI・ソフト・データ,ORCL,ORACLE CORP,0.677348
ソフトウェア,AI・ソフト・データ,OSPN,ONESPAN INC,0.805584
ソフトウェア,AI・ソフト・データ,PANW,PALO ALTO NETWORKS INC,0.817584
ソフトウェア,AI・ソフト・データ,PAR,PAR TECHNOLOGY CORP/DEL,0.633025
ソフトウェア,AI・ソフト・データ,PATH,UIPATH INC   CLASS A,0.738012
ソフトウェア,AI・ソフト・データ,PCOR,PROCORE TECHNOLOGIES INC,0.70126
ソフトウェア,AI・ソフト・データ,PD,PAGERDUTY INC,0.78468
ソフトウェア,AI・ソフト・データ,PEGA,PEGASYSTEMS INC,0.735562
ソフトウェア,AI・ソフト・データ,PLTR,PALANTIR TECHNOLOGIES INC A,0.795862
ソフトウェア,AI・ソフト・データ,PRGS,PROGRESS SOFTWARE CORP,0.729705
ソフトウェア,AI・ソフト・データ,PTC,PTC INC,0.77346
ソフトウェア,AI・ソフト・データ,QBTS,D WAVE QUANTUM INC,0.761893
ソフトウェア,AI・ソフト・データ,QLYS,QUALYS INC,0.783972
ソフトウェア,AI・ソフト・データ,QTWO,Q2 HOLDINGS INC,0.714012
ソフトウェア,AI・ソフト・データ,RAMP,LIVERAMP HOLDINGS INC,0.734003
ソフトウェア,AI・ソフト・データ,RBLX,ROBLOX CORP  CLASS A,0.848322
ソフトウェア,AI・ソフト・データ,RBRK,RUBRIK INC A,0.937227
ソフトウェア,AI・ソフト・データ,RDVT,RED VIOLET INC,0.747821
ソフトウェア,AI・ソフト・データ,RIOT,RIOT PLATFORMS INC,0.80738
ソフトウェア,AI・ソフト・データ,RNG,RINGCENTRAL INC CLASS A,0.817991
ソフトウェア,AI・ソフト・データ,ROP,ROPER TECHNOLOGIES INC,0.689861
ソフトウェア,AI・ソフト・データ,RPD,RAPID7 INC,0.870216
ソフトウェア,AI・ソフト・データ,S,SENTINELONE INC  CLASS A,0.902208
ソフトウェア,AI・ソフト・データ,SAIL,SAILPOINT INC,0.851785
ソフトウェア,AI・ソフト・データ,SNPS,SYNOPSYS INC,0.753114
ソフトウェア,AI・ソフト・データ,SOUN,SOUNDHOUND AI INC A,0.701674
ソフトウェア,AI・ソフト・データ,SPSC,SPS COMMERCE INC,0.768838
ソフトウェア,AI・ソフト・データ,SPT,SPROUT SOCIAL INC   CLASS A,0.751477
ソフトウェア,AI・ソフト・データ,TDC,TERADATA CORP,0.776608
ソフトウェア,AI・ソフト・データ,TEAM,ATLASSIAN CORP CL A,0.811232
ソフトウェア,AI・ソフト・データ,TENB,TENABLE HOLDINGS INC,0.792304
ソフトウェア,AI・ソフト・データ,TRMB,TRIMBLE INC,0.741418
ソフトウェア,AI・ソフト・データ,TTAN,SERVICETITAN INC A,0.729321
ソフトウェア,AI・ソフト・データ,TTWO,TAKE TWO INTERACTIVE SOFTWRE,0.732697
ソフトウェア,AI・ソフト・データ,TYL,TYLER TECHNOLOGIES INC,0.714981
ソフトウェア,AI・ソフト・データ,U,UNITY SOFTWARE INC,0.748539
ソフトウェア,AI・ソフト・データ,VERX,VERTEX INC   CLASS A,0.71965
ソフトウェア,AI・ソフト・データ,VIA,VIA TRANSPORTATION INC CL A,0.775818
ソフトウェア,AI・ソフト・データ,VRNS,VARONIS SYSTEMS INC,0.774748
ソフトウェア,AI・ソフト・データ,VYX,NCR VOYIX CORP,0.642608
ソフトウェア,AI・ソフト・データ,WDAY,WORKDAY INC CLASS A,0.760161
ソフトウェア,AI・ソフト・データ,WEAV,WEAVE COMMUNICATIONS INC,0.738947
ソフトウェア,AI・ソフト・データ,WK,WORKIVA INC,0.737737
ソフトウェア,AI・ソフト・データ,WULF,TERAWULF INC,0.750693
ソフトウェア,AI・ソフト・データ,YEXT,YEXT INC,0.737438
ソフトウェア,AI・ソフト・データ,YOU,CLEAR SECURE INC  CLASS A,0.670182
ソフトウェア,AI・ソフト・データ,ZETA,ZETA GLOBAL HOLDINGS CORP A,0.754612
ソフトウェア,AI・ソフト・データ,ZM,ZOOM COMMUNICATIONS INC,0.696475
ソフトウェア,AI・ソフト・データ,ZS,ZSCALER INC,0.918998
ソーラー,エネルギー,ARRY,"Array Technologies, Inc.",1.62
ソーラー,エネルギー,CSIQ,Canadian Solar Inc.,1.52
ソーラー,エネルギー,CWEN,"Clearway Energy, Inc.",3.67
ソーラー,エネルギー,DQ,Daqo New Energy Corp.,1.67
ソーラー,エネルギー,ENPH,"Enphase Energy, Inc.",6.66
ソーラー,エネルギー,FSLR,"First Solar, Inc.",10.13
ソーラー,エネルギー,HASI,"HA Sustainable Infrastructure Capital, Inc.",4.47
ソーラー,エネルギー,NXT,Nextpower Inc.,9.2
ソーラー,エネルギー,RNW,ReNew Energy Global Plc,1.46
ソーラー,エネルギー,RUN,Sunrun Inc.,3.97
ソーラー,エネルギー,SEDG,"SolarEdge Technologies, Inc.",4.03
ソーラー,エネルギー,SHLS,"Shoals Technologies Group, Inc.",2.88
ソーラー,エネルギー,TE,T1 Energy Inc.,2.08
テクノロジー総合,AI・ソフト・データ,AAPL,APPLE INC,2.541656
テクノロジー総合,AI・ソフト・データ,ADBE,ADOBE INC,1.460732
テクノロジー総合,AI・ソフト・データ,AMAT,APPLIED MATERIALS INC,3.738145
テクノロジー総合,AI・ソフト・データ,AMD,ADVANCED MICRO DEVICES,6.095507
テクノロジー総合,AI・ソフト・データ,AMZN,AMAZON.COM INC,2.38484
テクノロジー総合,AI・ソフト・データ,ANET,ARISTA NETWORKS INC,3.436311
テクノロジー総合,AI・ソフト・データ,APH,AMPHENOL CORP CL A,2.602904
テクノロジー総合,AI・ソフト・データ,APP,APPLOVIN CORP CLASS A,1.027793
テクノロジー総合,AI・ソフト・データ,ASML,ASML HOLDING NV NY REG SHS,3.30485
テクノロジー総合,AI・ソフト・データ,AVGO,BROADCOM INC,2.102578
テクノロジー総合,AI・ソフト・データ,BABA,ALIBABA GROUP HOLDING SP ADR,1.551625
テクノロジー総合,AI・ソフト・データ,BKNG,BOOKING HOLDINGS INC,1.658691
テクノロジー総合,AI・ソフト・データ,CRM,SALESFORCE INC,1.881524
テクノロジー総合,AI・ソフト・データ,CRWD,CROWDSTRIKE HOLDINGS INC   A,4.122295
テクノロジー総合,AI・ソフト・データ,CSCO,CISCO SYSTEMS INC,2.990225
テクノロジー総合,AI・ソフト・データ,GOOGL,ALPHABET INC CL A,2.39551
テクノロジー総合,AI・ソフト・データ,IBM,INTL BUSINESS MACHINES CORP,1.565422
テクノロジー総合,AI・ソフト・データ,INTC,INTEL CORP,6.721501
テクノロジー総合,AI・ソフト・データ,INTU,INTUIT INC,0.946188
テクノロジー総合,AI・ソフト・データ,LRCX,LAM RESEARCH CORP,3.930202
テクノロジー総合,AI・ソフト・データ,META,META PLATFORMS INC CLASS A,2.401295
テクノロジー総合,AI・ソフト・データ,MRVL,MARVELL TECHNOLOGY INC,6.362356
テクノロジー総合,AI・ソフト・データ,MSFT,MICROSOFT CORP,2.187701
テクノロジー総合,AI・ソフト・データ,MU,MICRON TECHNOLOGY INC,9.032823
テクノロジー総合,AI・ソフト・データ,NFLX,NETFLIX INC,1.608324
テクノロジー総合,AI・ソフト・データ,NOW,SERVICENOW INC,1.660673
テクノロジー総合,AI・ソフト・データ,NVDA,NVIDIA CORP,2.710845
テクノロジー総合,AI・ソフト・データ,ORCL,ORACLE CORP,1.632033
テクノロジー総合,AI・ソフト・データ,PLTR,PALANTIR TECHNOLOGIES INC A,2.081369
テクノロジー総合,AI・ソフト・データ,QCOM,QUALCOMM INC,2.273071
テクノロジー総合,AI・ソフト・データ,SHOP,SHOPIFY INC   CLASS A,1.752722
テクノロジー総合,AI・ソフト・データ,TSLA,TESLA INC,1.706508
テクノロジー総合,AI・ソフト・データ,TSM,TAIWAN SEMICONDUCTOR SP ADR,3.181337
テクノロジー総合,AI・ソフト・データ,TXN,TEXAS INSTRUMENTS INC,3.151284
テクノロジー総合,AI・ソフト・データ,UBER,UBER TECHNOLOGIES INC,1.737067
デジタル決済,金融・不動産,ACIW,"ACI Worldwide, Inc.",2.28
デジタル決済,金融・不動産,AFRM,"Affirm Holdings, Inc.",4.42
デジタル決済,金融・不動産,AXP,American Express Company,5.98
デジタル決済,金融・不動産,COF,Capital One Financial Corporation,5.99
デジタル決済,金融・不動産,COIN,"Coinbase Global, Inc.",4.52
デジタル決済,金融・不動産,CPAY,"Corpay, Inc.",4.7
デジタル決済,金融・不動産,EEFT,"Euronet Worldwide, Inc.",1.18
デジタル決済,金融・不動産,FIS,"Fidelity National Information Services, Inc.",4.27
デジタル決済,金融・不動産,FISV,"Fiserv, Inc.",4.54
デジタル決済,金融・不動産,FLYW,Flywire Corporation,1.15
デジタル決済,金融・不動産,FOUR,"Shift4 Payments, Inc.",1.22
デジタル決済,金融・不動産,GPN,Global Payments Inc.,4.43
デジタル決済,金融・不動産,MA,Mastercard Incorporated,6.3
デジタル決済,金融・不動産,PYPL,"PayPal Holdings, Inc.",5.56
デジタル決済,金融・不動産,QTWO,"Q2 Holdings, Inc.",1.59
デジタル決済,金融・不動産,RELY,"Remitly Global, Inc.",2.11
デジタル決済,金融・不動産,TOST,"Toast, Inc.",4.05
デジタル決済,金融・不動産,V,Visa Inc.,6.44
デジタル決済,金融・不動産,WEX,WEX Inc.,3.47
デジタル決済,金融・不動産,WSE,Wise Group plc,4.4
デジタル決済,金融・不動産,XYZ,"Block, Inc.",4.51
バイオテック,ヘルスケア・バイオ,ABBV,ABBVIE INC,1.508923
バイオテック,ヘルスケア・バイオ,ABSI,ABSCI CORP,0.470577
バイオテック,ヘルスケア・バイオ,ABUS,ARBUTUS BIOPHARMA CORP,0.135285
バイオテック,ヘルスケア・バイオ,ACAD,ACADIA PHARMACEUTICALS INC,0.632244
バイオテック,ヘルスケア・バイオ,ACHV,ACHIEVE LIFE SCIENCES INC,0.16343
バイオテック,ヘルスケア・バイオ,ADMA,ADMA BIOLOGICS INC,0.417516
バイオテック,ヘルスケア・バイオ,AGIO,AGIOS PHARMACEUTICALS INC,0.560297
バイオテック,ヘルスケア・バイオ,AKTS,AKTIS ONCOLOGY INC,0.105861
バイオテック,ヘルスケア・バイオ,ALKS,ALKERMES PLC,1.392905
バイオテック,ヘルスケア・バイオ,ALLO,ALLOGENE THERAPEUTICS INC,0.151573
バイオテック,ヘルスケア・バイオ,ALNY,ALNYLAM PHARMACEUTICALS INC,1.355395
バイオテック,ヘルスケア・バイオ,ALT,ALTIMMUNE INC,0.14099
バイオテック,ヘルスケア・バイオ,AMGN,AMGEN INC,1.438416
バイオテック,ヘルスケア・バイオ,ANAB,ANAPTYSBIO INC,0.340693
バイオテック,ヘルスケア・バイオ,ANNX,ANNEXON INC,0.239067
バイオテック,ヘルスケア・バイオ,ARDX,ARDELYX INC,0.246598
バイオテック,ヘルスケア・バイオ,ARQT,ARCUTIS BIOTHERAPEUTICS INC,0.759577
バイオテック,ヘルスケア・バイオ,ARWR,ARROWHEAD PHARMACEUTICALS IN,1.191648
バイオテック,ヘルスケア・バイオ,ASMB,ASSEMBLY BIOSCIENCES INC,0.074364
バイオテック,ヘルスケア・バイオ,AURA,AURA BIOSCIENCES INC,0.057803
バイオテック,ヘルスケア・バイオ,AVBP,ARRIVENT BIOPHARMA INC,0.264659
バイオテック,ヘルスケア・バイオ,AVTX,AVALO THERAPEUTICS INC,0.230374
バイオテック,ヘルスケア・バイオ,BBIO,BRIDGEBIO PHARMA INC,1.252641
バイオテック,ヘルスケア・バイオ,BBOT,BRIDGEBIO ONCOLOGY THERAPEUT,0.029726
バイオテック,ヘルスケア・バイオ,BCAX,BICARA THERAPEUTICS INC,0.232878
バイオテック,ヘルスケア・バイオ,BCRX,BIOCRYST PHARMACEUTICALS INC,0.584811
バイオテック,ヘルスケア・バイオ,BEAM,BEAM THERAPEUTICS INC,0.842055
バイオテック,ヘルスケア・バイオ,BHVN,BIOHAVEN LTD,0.509622
バイオテック,ヘルスケア・バイオ,BIIB,BIOGEN INC,1.488031
バイオテック,ヘルスケア・バイオ,BMRN,BIOMARIN PHARMACEUTICAL INC,1.42357
バイオテック,ヘルスケア・バイオ,CABA,CABALETTA BIO INC,0.11783
バイオテック,ヘルスケア・バイオ,CADL,CANDEL THERAPEUTICS INC,0.236692
バイオテック,ヘルスケア・バイオ,CAPR,CAPRICOR THERAPEUTICS INC,0.153438
バイオテック,ヘルスケア・バイオ,CBIO,CRESCENT BIOPHARMA INC,0.052344
バイオテック,ヘルスケア・バイオ,CDNA,CAREDX INC,0.695412
バイオテック,ヘルスケア・バイオ,CELC,CELCUITY INC,0.974114
バイオテック,ヘルスケア・バイオ,CGEM,CULLINAN THERAPEUTICS INC,0.253647
バイオテック,ヘルスケア・バイオ,CGON,CG ONCOLOGY INC,1.168556
バイオテック,ヘルスケア・バイオ,CLDX,CELLDEX THERAPEUTICS INC,0.58848
バイオテック,ヘルスケア・バイオ,CLYM,CLIMB BIO INC,0.142211
バイオテック,ヘルスケア・バイオ,CMPX,COMPASS THERAPEUTICS INC,0.084775
バイオテック,ヘルスケア・バイオ,COAG,HEMAB THERAPEUTICS HOLDINGS,0.189388
バイオテック,ヘルスケア・バイオ,COGT,COGENT BIOSCIENCES INC,1.209169
バイオテック,ヘルスケア・バイオ,CRSP,CRISPR THERAPEUTICS AG,1.534813
バイオテック,ヘルスケア・バイオ,CRVS,CORVUS PHARMACEUTICALS INC,0.217981
バイオテック,ヘルスケア・バイオ,CTMX,CYTOMX THERAPEUTICS INC,0.135745
バイオテック,ヘルスケア・バイオ,CYTK,CYTOKINETICS INC,1.304911
バイオテック,ヘルスケア・バイオ,DMRA,DAMORA THERAPEUTICS INC,0.1602
バイオテック,ヘルスケア・バイオ,DNLI,DENALI THERAPEUTICS INC,0.605899
バイオテック,ヘルスケア・バイオ,DNTH,DIANTHUS THERAPEUTICS INC,1.290036
バイオテック,ヘルスケア・バイオ,DSGN,DESIGN THERAPEUTICS INC,0.113632
バイオテック,ヘルスケア・バイオ,DYN,DYNE THERAPEUTICS INC,0.721422
バイオテック,ヘルスケア・バイオ,EBS,EMERGENT BIOSOLUTIONS INC,0.102521
バイオテック,ヘルスケア・バイオ,EDIT,EDITAS MEDICINE INC,0.115956
バイオテック,ヘルスケア・バイオ,ERAS,ERASCA INC,1.221016
バイオテック,ヘルスケア・バイオ,EXEL,EXELIXIS INC,1.404127
バイオテック,ヘルスケア・バイオ,FDMT,4D MOLECULAR THERAPEUTICS IN,0.173461
バイオテック,ヘルスケア・バイオ,FTH,FAETH THERAPEUTICS INC,0.069138
バイオテック,ヘルスケア・バイオ,GERN,GERON CORP,0.227397
バイオテック,ヘルスケア・バイオ,GILD,GILEAD SCIENCES INC,1.479677
バイオテック,ヘルスケア・バイオ,GLUE,MONTE ROSA THERAPEUTICS INC,0.250079
バイオテック,ヘルスケア・バイオ,GRAL,GRAIL INC,1.024427
バイオテック,ヘルスケア・バイオ,HALO,HALOZYME THERAPEUTICS INC,1.485443
バイオテック,ヘルスケア・バイオ,IBRX,IMMUNITYBIO INC,0.957847
バイオテック,ヘルスケア・バイオ,IDYA,IDEAYA BIOSCIENCES INC,0.597297
バイオテック,ヘルスケア・バイオ,IMMX,IMMIX BIOPHARMA INC,0.24854
バイオテック,ヘルスケア・バイオ,IMNM,IMMUNOME INC,0.473913
バイオテック,ヘルスケア・バイオ,IMVT,IMMUNOVANT INC,0.759004
バイオテック,ヘルスケア・バイオ,INBX,INHIBRX BIOSCIENCES INC,0.352547
バイオテック,ヘルスケア・バイオ,INCY,INCYTE CORP,1.415855
バイオテック,ヘルスケア・バイオ,INSM,INSMED INC,1.344718
バイオテック,ヘルスケア・バイオ,IONS,IONIS PHARMACEUTICALS INC,1.147283
バイオテック,ヘルスケア・バイオ,IOVA,IOVANCE BIOTHERAPEUTICS INC,1.110539
バイオテック,ヘルスケア・バイオ,IRON,DISC MEDICINE INC,0.477581
バイオテック,ヘルスケア・バイオ,IRWD,IRONWOOD PHARMACEUTICALS INC,0.141879
バイオテック,ヘルスケア・バイオ,JANX,JANUX THERAPEUTICS INC,0.186931
バイオテック,ヘルスケア・バイオ,JBIO,JADE BIOSCIENCES INC,0.278078
バイオテック,ヘルスケア・バイオ,KLRA,KAILERA THERAPEUTICS INC,0.141929
バイオテック,ヘルスケア・バイオ,KOD,KODIAK SCIENCES INC,0.402622
バイオテック,ヘルスケア・バイオ,KRYS,KRYSTAL BIOTECH INC,1.372931
バイオテック,ヘルスケア・バイオ,KURA,KURA ONCOLOGY INC,0.285603
バイオテック,ヘルスケア・バイオ,KYMR,KYMERA THERAPEUTICS INC,1.219713
バイオテック,ヘルスケア・バイオ,LXEO,LEXEO THERAPEUTICS INC,0.062532
バイオテック,ヘルスケア・バイオ,MDGL,MADRIGAL PHARMACEUTICALS INC,1.366772
バイオテック,ヘルスケア・バイオ,MDXG,MIMEDX GROUP INC,0.083851
バイオテック,ヘルスケア・バイオ,MIRM,MIRUM PHARMACEUTICALS INC,1.095261
バイオテック,ヘルスケア・バイオ,MLYS,MINERALYS THERAPEUTICS INC,0.402809
バイオテック,ヘルスケア・バイオ,MNKD,MANNKIND CORP,0.24298
バイオテック,ヘルスケア・バイオ,MNPR,MONOPAR THERAPEUTICS INC,0.127305
バイオテック,ヘルスケア・バイオ,MRNA,MODERNA INC,1.825437
バイオテック,ヘルスケア・バイオ,MYGN,MYRIAD GENETICS INC,0.110048
バイオテック,ヘルスケア・バイオ,NBIX,NEUROCRINE BIOSCIENCES INC,1.32821
バイオテック,ヘルスケア・バイオ,NGNE,NEUROGENE INC,0.08426
バイオテック,ヘルスケア・バイオ,NKTR,NEKTAR THERAPEUTICS,0.631484
バイオテック,ヘルスケア・バイオ,NRIX,NURIX THERAPEUTICS INC,0.53972
バイオテック,ヘルスケア・バイオ,NTLA,INTELLIA THERAPEUTICS INC,0.507441
バイオテック,ヘルスケア・バイオ,NTRA,NATERA INC,1.606171
バイオテック,ヘルスケア・バイオ,NVAX,NOVAVAX INC,0.46428
バイオテック,ヘルスケア・バイオ,OCGN,OCUGEN INC,0.108066
バイオテック,ヘルスケア・バイオ,OLMA,OLEMA PHARMACEUTICALS INC,0.200125
バイオテック,ヘルスケア・バイオ,ORIC,ORIC PHARMACEUTICALS INC,0.296752
バイオテック,ヘルスケア・バイオ,ORKA,ORUKA THERAPEUTICS INC,1.460781
バイオテック,ヘルスケア・バイオ,OVID,OVID THERAPEUTICS INC,0.072871
バイオテック,ヘルスケア・バイオ,PCVX,VAXCYTE INC,1.135973
バイオテック,ヘルスケア・バイオ,PGEN,PRECIGEN INC,0.423258
バイオテック,ヘルスケア・バイオ,PRAX,PRAXIS PRECISION MEDICINES I,1.238915
バイオテック,ヘルスケア・バイオ,PRME,PRIME MEDICINE INC,0.111815
バイオテック,ヘルスケア・バイオ,PRTA,PROTHENA CORP PLC,0.074544
バイオテック,ヘルスケア・バイオ,PTCT,PTC THERAPEUTICS INC,1.382459
バイオテック,ヘルスケア・バイオ,PTGX,PROTAGONIST THERAPEUTICS INC,1.423326
バイオテック,ヘルスケア・バイオ,PURR,HYPERLIQUID STRATEGIES,0.786598
バイオテック,ヘルスケア・バイオ,PVLA,PALVELLA THERAPEUTICS INC,0.538423
バイオテック,ヘルスケア・バイオ,QURE,UNIQURE NV,0.872038
バイオテック,ヘルスケア・バイオ,RARE,ULTRAGENYX PHARMACEUTICAL IN,0.723254
バイオテック,ヘルスケア・バイオ,RCUS,ARCUS BIOSCIENCES INC,0.520646
バイオテック,ヘルスケア・バイオ,REGN,REGENERON PHARMACEUTICALS,1.414496
バイオテック,ヘルスケア・バイオ,REPL,REPLIMUNE GROUP INC,0.310205
バイオテック,ヘルスケア・バイオ,RGNX,REGENXBIO INC,0.151241
バイオテック,ヘルスケア・バイオ,RIGL,RIGEL PHARMACEUTICALS INC,0.216138
バイオテック,ヘルスケア・バイオ,RLAY,RELAY THERAPEUTICS INC,0.856879
バイオテック,ヘルスケア・バイオ,ROIV,ROIVANT SCIENCES LTD,1.334851
バイオテック,ヘルスケア・バイオ,RVMD,REVOLUTION MEDICINES INC,1.328683
バイオテック,ヘルスケア・バイオ,RXRX,RECURSION PHARMACEUTICALS A,0.63886
バイオテック,ヘルスケア・バイオ,RYTM,RHYTHM PHARMACEUTICALS INC,1.13382
バイオテック,ヘルスケア・バイオ,SANA,SANA BIOTECHNOLOGY INC,0.164036
バイオテック,ヘルスケア・バイオ,SGMT,SAGIMET BIOSCIENCES INC A,0.132171
バイオテック,ヘルスケア・バイオ,SLDB,SOLID BIOSCIENCES INC,0.144781
バイオテック,ヘルスケア・バイオ,SLS,SELLAS LIFE SCIENCES GROUP I,0.624111
バイオテック,ヘルスケア・バイオ,SMMT,SUMMIT THERAPEUTICS INC,0.595144
バイオテック,ヘルスケア・バイオ,SNDX,SYNDAX PHARMACEUTICALS INC,0.445926
バイオテック,ヘルスケア・バイオ,SPRY,ARS PHARMACEUTICALS INC,0.091691
バイオテック,ヘルスケア・バイオ,SRPT,SAREPTA THERAPEUTICS INC,0.577488
バイオテック,ヘルスケア・バイオ,SRRK,SCHOLAR ROCK HOLDING CORP,0.850571
バイオテック,ヘルスケア・バイオ,STOK,STOKE THERAPEUTICS INC,0.356424
バイオテック,ヘルスケア・バイオ,STTK,SHATTUCK LABS INC,0.108463
バイオテック,ヘルスケア・バイオ,SVRA,SAVARA INC,0.168085
バイオテック,ヘルスケア・バイオ,SYRE,SPYRE THERAPEUTICS INC,1.515291
バイオテック,ヘルスケア・バイオ,TGTX,TG THERAPEUTICS INC,1.497115
バイオテック,ヘルスケア・バイオ,TNGX,TANGO THERAPEUTICS INC,0.879326
バイオテック,ヘルスケア・バイオ,TRAX,FIRST TRACKS BIOTHERAPEU W/I,0.33019
バイオテック,ヘルスケア・バイオ,TSHA,TAYSHA GENE THERAPIES INC,0.250913
バイオテック,ヘルスケア・バイオ,TVTX,TRAVERE THERAPEUTICS INC,1.358743
バイオテック,ヘルスケア・バイオ,TWST,TWIST BIOSCIENCE CORP,1.891058
バイオテック,ヘルスケア・バイオ,TYRA,TYRA BIOSCIENCES INC,0.286968
バイオテック,ヘルスケア・バイオ,UTHR,UNITED THERAPEUTICS CORP,1.3928
バイオテック,ヘルスケア・バイオ,VCEL,VERICEL CORP,0.422802
バイオテック,ヘルスケア・バイオ,VCYT,VERACYTE INC,0.937937
バイオテック,ヘルスケア・バイオ,VERA,VERA THERAPEUTICS INC,0.608681
バイオテック,ヘルスケア・バイオ,VIR,VIR BIOTECHNOLOGY INC,0.268365
バイオテック,ヘルスケア・バイオ,VKTX,VIKING THERAPEUTICS INC,1.004749
バイオテック,ヘルスケア・バイオ,VNDA,VANDA PHARMACEUTICALS INC,0.089331
バイオテック,ヘルスケア・バイオ,VOR,VOR BIOPHARMA INC,0.2315
バイオテック,ヘルスケア・バイオ,VRDN,VIRIDIAN THERAPEUTICS INC,0.521713
バイオテック,ヘルスケア・バイオ,VRTX,VERTEX PHARMACEUTICALS INC,1.402985
バイオテック,ヘルスケア・バイオ,VSTM,VERASTEM INC,0.173938
バイオテック,ヘルスケア・バイオ,XNCR,XENCOR INC,0.31619
バイオテック,ヘルスケア・バイオ,ZBIO,ZENAS BIOPHARMA INC,0.327212
フィンテック,金融・不動産,ABNB,AIRBNB INC-CLASS A,1.68
フィンテック,金融・不動産,ADYEN,ADYEN NV,2.58
フィンテック,金融・不動産,AMD,ADVANCED MICRO DEVICES,2.36
フィンテック,金融・不動産,AMZN,AMAZON.COM INC,2.31
フィンテック,金融・不動産,BABA,ALIBABA GROUP HOLDING-SP ADR,1.14
フィンテック,金融・不動産,BLSH,BULLISH,1.75
フィンテック,金融・不動産,BMNR,BITMINE IMMERSION TECHNOLOGI,2.31
フィンテック,金融・不動産,COIN,COINBASE GLOBAL INC -CLASS A,5.67
フィンテック,金融・不動産,CRCL,CIRCLE INTERNET GROUP INC,3.36
フィンテック,金融・不動産,CRWD,CROWDSTRIKE HOLDINGS INC - A,1.23
フィンテック,金融・不動産,DASH,DOORDASH INC - A,1.56
フィンテック,金融・不動産,DSY,DISCOVERY LTD,1.4
フィンテック,金融・不動産,ETOR,ETORO GROUP LTD-A,1.06
フィンテック,金融・不動産,FUTU,FUTU HOLDINGS LTD-ADR,1.58
フィンテック,金融・不動産,GLBE,GLOBAL-E ONLINE LTD,1.3
フィンテック,金融・不動産,HOOD,ROBINHOOD MARKETS INC - A,5.05
フィンテック,金融・不動産,ICE,INTERCONTINENTAL EXCHANGE IN,0.79
フィンテック,金融・不動産,INTU,INTUIT INC,0.87
フィンテック,金融・不動産,KLAR,KLARNA GROUP PLC,1.93
フィンテック,金融・不動産,KSPI,JSC KASPI.KZ ADR,0.95
フィンテック,金融・不動産,MELI,MERCADOLIBRE INC,2.85
フィンテック,金融・不動産,META,META PLATFORMS INC-CLASS A,2.46
フィンテック,金融・不動産,NVDA,NVIDIA CORP,1.51
フィンテック,金融・不動産,PINS,PINTEREST INC- CLASS A,2.06
フィンテック,金融・不動産,PLTR,PALANTIR TECHNOLOGIES INC-A,4.53
フィンテック,金融・不動産,PYPL,PAYPAL HOLDINGS INC,0.8
フィンテック,金融・不動産,RBLX,ROBLOX CORP -CLASS A,2.86
フィンテック,金融・不動産,ROKU,ROKU INC,3.44
フィンテック,金融・不動産,SE,SEA LTD-ADR,1.71
フィンテック,金融・不動産,SHOP,SHOPIFY INC - CLASS A,9.65
フィンテック,金融・不動産,SLMT,BRERA HOLDINGS PLC-CL B,0.17
フィンテック,金融・不動産,SOFI,SOFI TECHNOLOGIES INC,3.53
フィンテック,金融・不動産,SPOT,SPOTIFY TECHNOLOGY SA,1.53
フィンテック,金融・不動産,TOST,TOAST INC-CLASS A,4.34
フィンテック,金融・不動産,XYZ,BLOCK INC,3.85
フィンテック,金融・不動産,Z,ZILLOW GROUP INC - C,1.52
ブロックチェーン・暗号資産,金融・不動産,AMD,"Advanced Micro Devices, Inc.",3.13
ブロックチェーン・暗号資産,金融・不動産,APLD,Applied Digital Corporation,2.27
ブロックチェーン・暗号資産,金融・不動産,ARKB,ARK 21Shares Bitcoin ETF,1.76
ブロックチェーン・暗号資産,金融・不動産,BLK,"BlackRock, Inc.",2.15
ブロックチェーン・暗号資産,金融・不動産,BTC,Grayscale Bitcoin Mini Trust ETF,1.75
ブロックチェーン・暗号資産,金融・不動産,CIFR,Cipher Digital Inc.,3.56
ブロックチェーン・暗号資産,金融・不動産,CLSK,"CleanSpark, Inc.",2.84
ブロックチェーン・暗号資産,金融・不動産,COIN,"Coinbase Global, Inc.",2.57
ブロックチェーン・暗号資産,金融・不動産,CORZ,"Core Scientific, Inc.",2.23
ブロックチェーン・暗号資産,金融・不動産,CUBI,"Customers Bancorp, Inc.",1.87
ブロックチェーン・暗号資産,金融・不動産,DELL,Dell Technologies Inc.,3.1
ブロックチェーン・暗号資産,金融・不動産,FIGR,"Figure Technology Solutions, Inc.",4.13
ブロックチェーン・暗号資産,金融・不動産,GLXY,Galaxy Digital Inc.,3.28
ブロックチェーン・暗号資産,金融・不動産,HODL,VanEck Bitcoin ETF,1.86
ブロックチェーン・暗号資産,金融・不動産,HOOD,"Robinhood Markets, Inc.",3.91
ブロックチェーン・暗号資産,金融・不動産,HUT,Hut 8 Corp.,3.41
ブロックチェーン・暗号資産,金融・不動産,IBM,International Business Machines Corporation,2.34
ブロックチェーン・暗号資産,金融・不動産,NAN,OTHER ASSETS AND LIABILITIES,6.39
ブロックチェーン・暗号資産,金融・不動産,NU,Nu Holdings Ltd.,2.6
ブロックチェーン・暗号資産,金融・不動産,NXH,"Neighborhood Intelligence, Inc.",1.98
ブロックチェーン・暗号資産,金融・不動産,OPRA,Opera Limited,3.03
ブロックチェーン・暗号資産,金融・不動産,PYPL,"PayPal Holdings, Inc.",1.8
ブロックチェーン・暗号資産,金融・不動産,WULF,TeraWulf Inc.,3.37
ブロックチェーン・暗号資産,金融・不動産,XYZ,"Block, Inc.",2.24
ヘルスケアサービス,ヘルスケア・バイオ,ACHC,ACADIA HEALTHCARE CO INC,1.763152
ヘルスケアサービス,ヘルスケア・バイオ,ADUS,ADDUS HOMECARE CORP,1.695056
ヘルスケアサービス,ヘルスケア・バイオ,AGL,AGILON HEALTH INC,1.647899
ヘルスケアサービス,ヘルスケア・バイオ,AHCO,ADAPTHEALTH CORP,1.364237
ヘルスケアサービス,ヘルスケア・バイオ,ALHC,ALIGNMENT HEALTHCARE INC,1.121495
ヘルスケアサービス,ヘルスケア・バイオ,AMN,AMN HEALTHCARE SERVICES INC,1.745843
ヘルスケアサービス,ヘルスケア・バイオ,ASTH,ASTRANA HEALTH INC,1.546407
ヘルスケアサービス,ヘルスケア・バイオ,AVAH,AVEANNA HEALTHCARE HOLDINGS,1.679488
ヘルスケアサービス,ヘルスケア・バイオ,BKD,BROOKDALE SENIOR LIVING INC,1.644456
ヘルスケアサービス,ヘルスケア・バイオ,BLLN,BILLIONTOONE INC CL A,1.834987
ヘルスケアサービス,ヘルスケア・バイオ,BTSG,BRIGHTSPRING HEALTH SERVICES,1.58079
ヘルスケアサービス,ヘルスケア・バイオ,CAH,CARDINAL HEALTH INC,1.650108
ヘルスケアサービス,ヘルスケア・バイオ,CHE,CHEMED CORP,1.688131
ヘルスケアサービス,ヘルスケア・バイオ,CI,THE CIGNA GROUP,1.728567
ヘルスケアサービス,ヘルスケア・バイオ,CLOV,CLOVER HEALTH INVESTMENTS CO,1.832721
ヘルスケアサービス,ヘルスケア・バイオ,CNC,CENTENE CORP,1.777439
ヘルスケアサービス,ヘルスケア・バイオ,CON,CONCENTRA GROUP HOLDINGS PAR,1.782245
ヘルスケアサービス,ヘルスケア・バイオ,COR,CENCORA INC,1.716975
ヘルスケアサービス,ヘルスケア・バイオ,CRVL,CORVEL CORP,1.794313
ヘルスケアサービス,ヘルスケア・バイオ,CSTL,CASTLE BIOSCIENCES INC,1.378
ヘルスケアサービス,ヘルスケア・バイオ,CVS,CVS HEALTH CORP,1.611188
ヘルスケアサービス,ヘルスケア・バイオ,CYH,COMMUNITY HEALTH SYSTEMS INC,0.549908
ヘルスケアサービス,ヘルスケア・バイオ,DGX,QUEST DIAGNOSTICS INC,1.822095
ヘルスケアサービス,ヘルスケア・バイオ,DVA,DAVITA INC,1.745578
ヘルスケアサービス,ヘルスケア・バイオ,EHC,ENCOMPASS HEALTH CORP,1.752511
ヘルスケアサービス,ヘルスケア・バイオ,ELV,ELEVANCE HEALTH INC,1.806826
ヘルスケアサービス,ヘルスケア・バイオ,ENSG,ENSIGN GROUP INC/THE,1.779544
ヘルスケアサービス,ヘルスケア・バイオ,FLGT,FULGENT GENETICS INC,0.796513
ヘルスケアサービス,ヘルスケア・バイオ,GH,GUARDANT HEALTH INC,1.871363
ヘルスケアサービス,ヘルスケア・バイオ,GRDN,GUARDIAN PHRMCY SERVICES A,1.783071
ヘルスケアサービス,ヘルスケア・バイオ,HCA,HCA HEALTHCARE INC,1.76906
ヘルスケアサービス,ヘルスケア・バイオ,HIMS,HIMS + HERS HEALTH INC,1.843029
ヘルスケアサービス,ヘルスケア・バイオ,HNGE,HINGE HEALTH INC A,1.81222
ヘルスケアサービス,ヘルスケア・バイオ,HQY,HEALTHEQUITY INC,1.787151
ヘルスケアサービス,ヘルスケア・バイオ,HSIC,HENRY SCHEIN INC,1.696783
ヘルスケアサービス,ヘルスケア・バイオ,HUM,HUMANA INC,1.65795
ヘルスケアサービス,ヘルスケア・バイオ,LFST,LIFESTANCE HEALTH GROUP INC,1.758915
ヘルスケアサービス,ヘルスケア・バイオ,LH,LABCORP HOLDINGS INC,1.751322
ヘルスケアサービス,ヘルスケア・バイオ,MCK,MCKESSON CORP,1.744148
ヘルスケアサービス,ヘルスケア・バイオ,MD,PEDIATRIX MEDICAL GROUP INC,1.666591
ヘルスケアサービス,ヘルスケア・バイオ,MOH,MOLINA HEALTHCARE INC,1.785048
ヘルスケアサービス,ヘルスケア・バイオ,NEO,NEOGENOMICS INC,1.925647
ヘルスケアサービス,ヘルスケア・バイオ,NHC,NATIONAL HEALTHCARE CORP,1.721529
ヘルスケアサービス,ヘルスケア・バイオ,NUTX,NUTEX HEALTH INC,1.785654
ヘルスケアサービス,ヘルスケア・バイオ,OMDA,OMADA HEALTH INC,1.669336
ヘルスケアサービス,ヘルスケア・バイオ,OPCH,OPTION CARE HEALTH INC,1.774947
ヘルスケアサービス,ヘルスケア・バイオ,OPK,OPKO HEALTH INC,0.588314
ヘルスケアサービス,ヘルスケア・バイオ,PACS,PACS GROUP INC,1.654353
ヘルスケアサービス,ヘルスケア・バイオ,PGNY,PROGYNY INC,1.735183
ヘルスケアサービス,ヘルスケア・バイオ,PNTG,PENNANT GROUP INC/THE,1.358354
ヘルスケアサービス,ヘルスケア・バイオ,PRVA,PRIVIA HEALTH GROUP INC,1.676459
ヘルスケアサービス,ヘルスケア・バイオ,RDNT,RADNET INC,1.7965
ヘルスケアサービス,ヘルスケア・バイオ,SGRY,SURGERY PARTNERS INC,1.697129
ヘルスケアサービス,ヘルスケア・バイオ,SNDA,SONIDA SENIOR LIVING INC,1.687762
ヘルスケアサービス,ヘルスケア・バイオ,SRTA,STRATA CRITICAL MEDICAL INC,0.866061
ヘルスケアサービス,ヘルスケア・バイオ,STLN,STARLING ONCOLOGY INC,1.280277
ヘルスケアサービス,ヘルスケア・バイオ,THC,TENET HEALTHCARE CORP,1.699046
ヘルスケアサービス,ヘルスケア・バイオ,UHS,UNIVERSAL HEALTH SERVICES B,1.741583
ヘルスケアサービス,ヘルスケア・バイオ,UNH,UNITEDHEALTH GROUP INC,1.682697
ヘルスケアサービス,ヘルスケア・バイオ,USPH,U.S. PHYSICAL THERAPY INC,1.855055
ヘルスケアサービス,ヘルスケア・バイオ,WGS,GENEDX HOLDINGS CORP,1.982008
メタバース,AI・ソフト・データ,AAPL,Apple Inc.,6.91
メタバース,AI・ソフト・データ,AMD,"Advanced Micro Devices, Inc.",2.0
メタバース,AI・ソフト・データ,AMZN,"Amazon.com, Inc.",2.58
メタバース,AI・ソフト・データ,ARM,Arm Holdings plc,2.03
メタバース,AI・ソフト・データ,BIDU,"Baidu, Inc.",2.04
メタバース,AI・ソフト・データ,COIN,"Coinbase Global, Inc.",2.66
メタバース,AI・ソフト・データ,DIS,The Walt Disney Company,2.31
メタバース,AI・ソフト・データ,GOOGL,Alphabet Inc.,4.23
メタバース,AI・ソフト・データ,INTC,Intel Corporation,1.97
メタバース,AI・ソフト・データ,META,"Meta Platforms, Inc.",3.9
メタバース,AI・ソフト・データ,MSFT,Microsoft Corporation,3.75
メタバース,AI・ソフト・データ,NVDA,NVIDIA Corporation,4.77
メタバース,AI・ソフト・データ,QCOM,QUALCOMM Incorporated,2.86
メタバース,AI・ソフト・データ,RBLX,Roblox Corporation,7.47
メタバース,AI・ソフト・データ,SE,Sea Limited,2.7
メタバース,AI・ソフト・データ,SNAP,Snap Inc.,1.5
メタバース,AI・ソフト・データ,TSM,Taiwan Semiconductor Manufacturing Company Limited,2.5
メタバース,AI・ソフト・データ,TTWO,"Take-Two Interactive Software, Inc.",2.57
メタバース,AI・ソフト・データ,U,Unity Software Inc.,3.34
リチウム・車載電池,素材・資源,ALB,Albemarle Corporation,4.24
リチウム・車載電池,素材・資源,ENS,EnerSys,2.1
リチウム・車載電池,素材・資源,RIO,Rio Tinto Group,22.9
リチウム・車載電池,素材・資源,SQM,Sociedad Química y Minera de Chile S.A.,3.13
リチウム・車載電池,素材・資源,TSLA,"Tesla, Inc.",4.37
レアアース・戦略金属,素材・資源,ALB,Albemarle Corporation,7.61
レアアース・戦略金属,素材・資源,ALM,Almonty Industries Inc.,5.06
レアアース・戦略金属,素材・資源,ELVR,Elevra Lithium Limited,1.63
レアアース・戦略金属,素材・資源,LAC,Lithium Americas Corp.,2.03
レアアース・戦略金属,素材・資源,LAR,Lithium Argentina AG,1.63
レアアース・戦略金属,素材・資源,MP,MP Materials Corp.,6.75
レアアース・戦略金属,素材・資源,SQM,Sociedad Química y Minera de Chile S.A.,6.26
レアアース・戦略金属,素材・資源,UAMY,United States Antimony Corporation,1.19
住宅建設,消費・小売・インバウンド,ALLE,ALLEGION PLC,3.232119
住宅建設,消費・小売・インバウンド,BLDR,BUILDERS FIRSTSOURCE INC,3.088481
住宅建設,消費・小売・インバウンド,BZH,BEAZER HOMES USA INC,1.218047
住宅建設,消費・小売・インバウンド,CARR,CARRIER GLOBAL CORP,3.053755
住宅建設,消費・小売・インバウンド,CCS,CENTURY COMMUNITIES INC,1.805472
住宅建設,消費・小売・インバウンド,CSL,CARLISLE COS INC,3.051085
住宅建設,消費・小売・インバウンド,CVCO,CAVCO INDUSTRIES INC,3.271309
住宅建設,消費・小売・インバウンド,DFH,DREAM FINDERS HOMES INC   A,0.518201
住宅建設,消費・小売・インバウンド,DHI,DR HORTON INC,3.247453
住宅建設,消費・小売・インバウンド,GRBK,GREEN BRICK PARTNERS INC,1.585629
住宅建設,消費・小売・インバウンド,HD,HOME DEPOT INC,3.101656
住宅建設,消費・小売・インバウンド,HOV,HOVNANIAN ENTERPRISES A,0.838032
住宅建設,消費・小売・インバウンド,IBP,INSTALLED BUILDING PRODUCTS,3.115952
住宅建設,消費・小売・インバウンド,JCI,JOHNSON CONTROLS INTERNATION,3.245835
住宅建設,消費・小売・インバウンド,KBH,KB HOME,3.118133
住宅建設,消費・小売・インバウンド,LEN,LENNAR CORP A,3.132434
住宅建設,消費・小売・インバウンド,LGIH,LGI HOMES INC,1.595897
住宅建設,消費・小売・インバウンド,LII,LENNOX INTERNATIONAL INC,3.138994
住宅建設,消費・小売・インバウンド,LOW,LOWE S COS INC,3.115637
住宅建設,消費・小売・インバウンド,MAS,MASCO CORP,3.163418
住宅建設,消費・小売・インバウンド,MHO,M/I HOMES INC,3.114539
住宅建設,消費・小売・インバウンド,MOD,MODINE MANUFACTURING CO,3.442985
住宅建設,消費・小売・インバウンド,MTH,MERITAGE HOMES CORP,3.266913
住宅建設,消費・小売・インバウンド,NVR,NVR INC,3.239951
住宅建設,消費・小売・インバウンド,OC,OWENS CORNING,3.061717
住宅建設,消費・小売・インバウンド,PHM,PULTEGROUP INC,3.241107
住宅建設,消費・小売・インバウンド,SGI,SOMNIGROUP INTERNATIONAL INC,3.008691
住宅建設,消費・小売・インバウンド,SKY,CHAMPION HOMES INC,3.36411
住宅建設,消費・小売・インバウンド,SN,SHARKNINJA INC,3.20552
住宅建設,消費・小売・インバウンド,SSD,SIMPSON MANUFACTURING CO INC,3.188253
住宅建設,消費・小売・インバウンド,TOL,TOLL BROTHERS INC,3.250802
住宅建設,消費・小売・インバウンド,TT,TRANE TECHNOLOGIES PLC,3.164401
住宅建設,消費・小売・インバウンド,W,WAYFAIR INC  CLASS A,3.396345
住宅建設,消費・小売・インバウンド,WMS,ADVANCED DRAINAGE SYSTEMS IN,3.123183
住宅建設,消費・小売・インバウンド,WSM,WILLIAMS SONOMA INC,3.234883
保険,金融・不動産,ACGL,ARCH CAPITAL GROUP LTD,1.860761
保険,金融・不動産,AFG,AMERICAN FINANCIAL GROUP INC,1.877248
保険,金融・不動産,AFL,AFLAC INC,1.874372
保険,金融・不動産,AGO,ASSURED GUARANTY LTD,1.83766
保険,金融・不動産,AIG,AMERICAN INTERNATIONAL GROUP,1.854951
保険,金融・不動産,AIZ,ASSURANT INC,1.846982
保険,金融・不動産,AJG,ARTHUR J GALLAGHER + CO,1.808436
保険,金融・不動産,ALL,ALLSTATE CORP,1.788407
保険,金融・不動産,AON,AON PLC CLASS A,1.782296
保険,金融・不動産,AXS,AXIS CAPITAL HOLDINGS LTD,1.859468
保険,金融・不動産,BHF,BRIGHTHOUSE FINANCIAL INC,1.819355
保険,金融・不動産,BRO,BROWN + BROWN INC,1.804563
保険,金融・不動産,BWIN,BALDWIN INSURANCE GROUP INC/,2.109286
保険,金融・不動産,CB,CHUBB LTD,1.86494
保険,金融・不動産,CINF,CINCINNATI FINANCIAL CORP,1.841321
保険,金融・不動産,CNO,CNO FINANCIAL GROUP INC,1.853552
保険,金融・不動産,EG,EVEREST GROUP LTD,1.874748
保険,金融・不動産,ERIE,ERIE INDEMNITY COMPANY CL A,1.806867
保険,金融・不動産,FAF,FIRST AMERICAN FINANCIAL,1.809403
保険,金融・不動産,FNF,FIDELITY NATIONAL FINANCIAL,1.782377
保険,金融・不動産,GL,GLOBE LIFE INC,1.892978
保険,金融・不動産,GNW,GENWORTH FINANCIAL INC,1.785297
保険,金融・不動産,HIG,HARTFORD INSURANCE GROUP INC,1.787365
保険,金融・不動産,HMN,HORACE MANN EDUCATORS,1.820332
保険,金融・不動産,KMPR,KEMPER CORP,1.820561
保険,金融・不動産,KNSL,KINSALE CAPITAL GROUP INC,1.859905
保険,金融・不動産,L,LOEWS CORP,1.834039
保険,金融・不動産,LMND,LEMONADE INC,1.8156
保険,金融・不動産,LNC,LINCOLN NATIONAL CORP,1.787396
保険,金融・不動産,MCY,MERCURY GENERAL CORP,1.853879
保険,金融・不動産,MET,METLIFE INC,1.885708
保険,金融・不動産,MKL,MARKEL GROUP INC,1.856823
保険,金融・不動産,MRSH,MARSH + MCLENNAN COS,1.823534
保険,金融・不動産,ORI,OLD REPUBLIC INTL CORP,1.793535
保険,金融・不動産,OSCR,OSCAR HEALTH INC   CLASS A,1.839517
保険,金融・不動産,PFG,PRINCIPAL FINANCIAL GROUP,1.907311
保険,金融・不動産,PGR,PROGRESSIVE CORP,1.839122
保険,金融・不動産,PLMR,PALOMAR HOLDINGS INC,1.880885
保険,金融・不動産,PRI,PRIMERICA INC,1.851065
保険,金融・不動産,PRU,PRUDENTIAL FINANCIAL INC,1.882091
保険,金融・不動産,RGA,REINSURANCE GROUP OF AMERICA,1.868048
保険,金融・不動産,RLI,RLI CORP,1.802226
保険,金融・不動産,RNR,RENAISSANCERE HOLDINGS LTD,1.888638
保険,金融・不動産,RYAN,RYAN SPECIALTY HOLDINGS INC,1.896046
保険,金融・不動産,SIGI,SELECTIVE INSURANCE GROUP,1.818733
保険,金融・不動産,SKWD,SKYWARD SPECIALTY INSURANCE,1.865375
保険,金融・不動産,SPNT,SIRIUSPOINT LTD,1.93723
保険,金融・不動産,STC,STEWART INFORMATION SERVICES,1.740478
保険,金融・不動産,THG,HANOVER INSURANCE GROUP INC/,1.861634
保険,金融・不動産,TRV,TRAVELERS COS INC/THE,1.888825
保険,金融・不動産,UNM,UNUM GROUP,1.876984
保険,金融・不動産,WRB,WR BERKLEY CORP,1.837267
保険,金融・不動産,WTM,WHITE MOUNTAINS INSURANCE GP,1.872958
保険,金融・不動産,WTW,WILLIS TOWERS WATSON PLC,1.82583
医療機器,ヘルスケア・バイオ,ABT,ABBOTT LABORATORIES,1.542602
医療機器,ヘルスケア・バイオ,ALGN,ALIGN TECHNOLOGY INC,1.514081
医療機器,ヘルスケア・バイオ,ANGO,ANGIODYNAMICS INC,0.702651
医療機器,ヘルスケア・バイオ,AORT,ARTIVION INC,1.476959
医療機器,ヘルスケア・バイオ,ASST,STRIVE INC A,1.791324
医療機器,ヘルスケア・バイオ,ATEC,ALPHATEC HOLDINGS INC,1.784243
医療機器,ヘルスケア・バイオ,ATRC,ATRICURE INC,1.733581
医療機器,ヘルスケア・バイオ,AVR,ANTERIS TECHNOLOGIES GLOBAL,1.359788
医療機器,ヘルスケア・バイオ,AXGN,AXOGEN INC,1.531655
医療機器,ヘルスケア・バイオ,BAX,BAXTER INTERNATIONAL INC,1.481979
医療機器,ヘルスケア・バイオ,BBNX,BETA BIONICS INC,1.994409
医療機器,ヘルスケア・バイオ,BDX,BECTON DICKINSON AND CO,1.584223
医療機器,ヘルスケア・バイオ,BFLY,BUTTERFLY NETWORK INC,1.720034
医療機器,ヘルスケア・バイオ,BSX,BOSTON SCIENTIFIC CORP,1.53286
医療機器,ヘルスケア・バイオ,BVS,BIOVENTUS INC   A,1.075605
医療機器,ヘルスケア・バイオ,CBLL,CERIBELL INC,0.912826
医療機器,ヘルスケア・バイオ,CERS,CERUS CORP,1.018739
医療機器,ヘルスケア・バイオ,CLPT,CLEARPOINT NEURO INC,1.050351
医療機器,ヘルスケア・バイオ,CNMD,CONMED CORP,1.501104
医療機器,ヘルスケア・バイオ,COO,COOPER COS INC/THE,1.343903
医療機器,ヘルスケア・バイオ,DCTH,DELCATH SYSTEMS INC,0.897644
医療機器,ヘルスケア・バイオ,DXCM,DEXCOM INC,1.675732
医療機器,ヘルスケア・バイオ,ENOV,ENOVIS CORP,1.494338
医療機器,ヘルスケア・バイオ,EW,EDWARDS LIFESCIENCES CORP,1.615845
医療機器,ヘルスケア・バイオ,GEHC,GE HEALTHCARE TECHNOLOGY,1.567647
医療機器,ヘルスケア・バイオ,GKOS,GLAUKOS CORP,1.41624
医療機器,ヘルスケア・バイオ,GMED,GLOBUS MEDICAL INC   A,1.571453
医療機器,ヘルスケア・バイオ,HAE,HAEMONETICS CORP/MASS,1.661453
医療機器,ヘルスケア・バイオ,IART,INTEGRA LIFESCIENCES HOLDING,1.512322
医療機器,ヘルスケア・バイオ,ICUI,ICU MEDICAL INC,1.519753
医療機器,ヘルスケア・バイオ,IDXX,IDEXX LABORATORIES INC,1.576883
医療機器,ヘルスケア・バイオ,INSP,INSPIRE MEDICAL SYSTEMS INC,1.795452
医療機器,ヘルスケア・バイオ,IRMD,IRADIMED CORP,1.555582
医療機器,ヘルスケア・バイオ,IRTC,IRHYTHM HOLDINGS INC,1.455187
医療機器,ヘルスケア・バイオ,ISRG,INTUITIVE SURGICAL INC,1.792429
医療機器,ヘルスケア・バイオ,ITGR,INTEGER HOLDINGS CORP,1.582836
医療機器,ヘルスケア・バイオ,KIDS,ORTHOPEDIATRICS CORP,0.465099
医療機器,ヘルスケア・バイオ,KMTS,KESTRA MEDICAL TECHNOLOGIES,1.055562
医療機器,ヘルスケア・バイオ,LIVN,LIVANOVA PLC,1.561169
医療機器,ヘルスケア・バイオ,LMAT,LEMAITRE VASCULAR INC,1.570966
医療機器,ヘルスケア・バイオ,LNTH,LANTHEUS HOLDINGS INC,1.569793
医療機器,ヘルスケア・バイオ,MDLN,MEDLINE INC CL A,1.47959
医療機器,ヘルスケア・バイオ,MDT,MEDTRONIC PLC,1.573929
医療機器,ヘルスケア・バイオ,MMED,MINIMED GROUP INC,1.19309
医療機器,ヘルスケア・バイオ,MMSI,MERIT MEDICAL SYSTEMS INC,1.54561
医療機器,ヘルスケア・バイオ,NEOG,NEOGEN CORP,1.799833
医療機器,ヘルスケア・バイオ,NPCE,NEUROPACE INC,0.382168
医療機器,ヘルスケア・バイオ,NVCR,NOVOCURE LTD,1.667114
医療機器,ヘルスケア・バイオ,NVST,ENVISTA HOLDINGS CORP,1.397939
医療機器,ヘルスケア・バイオ,OFIX,ORTHOFIX MEDICAL INC,0.495126
医療機器,ヘルスケア・バイオ,OMCL,OMNICELL INC,1.519646
医療機器,ヘルスケア・バイオ,PEN,PENUMBRA INC,1.572572
医療機器,ヘルスケア・バイオ,PLSE,PULSE BIOSCIENCES INC,1.520985
医療機器,ヘルスケア・バイオ,PODD,INSULET CORP,1.606186
医療機器,ヘルスケア・バイオ,PRCT,PROCEPT BIOROBOTICS CORP,1.406851
医療機器,ヘルスケア・バイオ,QDEL,QUIDELORTHO CORP,1.35436
医療機器,ヘルスケア・バイオ,RMD,RESMED INC,1.602556
医療機器,ヘルスケア・バイオ,SENS,SENSEONICS HOLDINGS INC,0.599589
医療機器,ヘルスケア・バイオ,SIBN,SI BONE INC,1.125983
医療機器,ヘルスケア・バイオ,SOLV,SOLVENTUM CORP,1.555503
医療機器,ヘルスケア・バイオ,STAA,STAAR SURGICAL CO,1.321229
医療機器,ヘルスケア・バイオ,STE,STERIS PLC,1.516787
医療機器,ヘルスケア・バイオ,SYK,STRYKER CORP,1.569469
医療機器,ヘルスケア・バイオ,TCMD,TACTILE SYSTEMS TECHNOLOGY I,0.897343
医療機器,ヘルスケア・バイオ,TFX,TELEFLEX INC,1.449486
医療機器,ヘルスケア・バイオ,TMDX,TRANSMEDICS GROUP INC,1.592591
医療機器,ヘルスケア・バイオ,TNDM,TANDEM DIABETES CARE INC,1.453437
医療機器,ヘルスケア・バイオ,UFPT,UFP TECHNOLOGIES INC,1.593821
医療機器,ヘルスケア・バイオ,VREX,VAREX IMAGING CORP,0.60196
医療機器,ヘルスケア・バイオ,XRAY,DENTSPLY SIRONA INC,1.388122
医療機器,ヘルスケア・バイオ,ZBH,ZIMMER BIOMET HOLDINGS INC,1.571507
半導体,半導体・電子,ADI,ANALOG DEVICES INC,2.444316
半導体,半導体・電子,ALAB,ASTERA LABS INC,2.641439
半導体,半導体・電子,ALGM,ALLEGRO MICROSYSTEMS INC,2.307758
半導体,半導体・電子,AMBA,AMBARELLA INC,2.331516
半導体,半導体・電子,AMBQ,AMBIQ MICRO INC,1.214417
半導体,半導体・電子,AMD,ADVANCED MICRO DEVICES,2.752238
半導体,半導体・電子,AOSL,ALPHA + OMEGA SEMICONDUCTOR,0.534782
半導体,半導体・電子,AVGO,BROADCOM INC,2.319064
半導体,半導体・電子,CBRS,CEREBRAS SYSTEMS INC   A,2.475722
半導体,半導体・電子,CEVA,CEVA INC,0.741943
半導体,半導体・電子,CRDO,CREDO TECHNOLOGY GROUP HOLDI,2.59836
半導体,半導体・電子,CRUS,CIRRUS LOGIC INC,2.524961
半導体,半導体・電子,DIOD,DIODES INC,2.34712
半導体,半導体・電子,FSLR,FIRST SOLAR INC,2.292831
半導体,半導体・電子,INDI,INDIE SEMICONDUCTOR INC A,0.672551
半導体,半導体・電子,INTC,INTEL CORP,2.670649
半導体,半導体・電子,IONQ,IONQ INC,2.4747
半導体,半導体・電子,KOPN,KOPIN CORP,0.797525
半導体,半導体・電子,LSCC,LATTICE SEMICONDUCTOR CORP,2.366145
半導体,半導体・電子,MCHP,MICROCHIP TECHNOLOGY INC,2.386335
半導体,半導体・電子,MPWR,MONOLITHIC POWER SYSTEMS INC,2.473119
半導体,半導体・電子,MRAM,EVERSPIN TECHNOLOGIES INC,0.293178
半導体,半導体・電子,MRVL,MARVELL TECHNOLOGY INC,2.551909
半導体,半導体・電子,MTSI,MACOM TECHNOLOGY SOLUTIONS H,2.272399
半導体,半導体・電子,MU,MICRON TECHNOLOGY INC,2.367018
半導体,半導体・電子,MXL,MAXLINEAR INC,2.801395
半導体,半導体・電子,NVDA,NVIDIA CORP,2.368922
半導体,半導体・電子,NVEC,NVE CORP,0.431247
半導体,半導体・電子,NVTS,NAVITAS SEMICONDUCTOR CORP,2.442396
半導体,半導体・電子,NXPI,NXP SEMICONDUCTORS NV,2.4247
半導体,半導体・電子,OLED,UNIVERSAL DISPLAY CORP,2.273555
半導体,半導体・電子,ON,ON SEMICONDUCTOR,2.354149
半導体,半導体・電子,PENG,PENGUIN SOLUTIONS INC,2.295827
半導体,半導体・電子,PI,IMPINJ INC,2.603714
半導体,半導体・電子,POWI,POWER INTEGRATIONS INC,2.320484
半導体,半導体・電子,QCOM,QUALCOMM INC,2.565271
半導体,半導体・電子,QRVO,QORVO INC,2.594797
半導体,半導体・電子,RGTI,RIGETTI COMPUTING INC,2.527137
半導体,半導体・電子,RMBS,RAMBUS INC,2.57734
半導体,半導体・電子,SITM,SITIME CORP,2.521424
半導体,半導体・電子,SLAB,SILICON LABORATORIES INC,2.341051
半導体,半導体・電子,SMTC,SEMTECH CORP,2.520489
半導体,半導体・電子,SWKS,SKYWORKS SOLUTIONS INC,2.70122
半導体,半導体・電子,SYNA,SYNAPTICS INC,2.365278
半導体,半導体・電子,TE,T1 ENERGY INC,0.746131
半導体,半導体・電子,TXN,TEXAS INSTRUMENTS INC,2.412677
半導体,半導体・電子,WOLF,WOLFSPEED INC,0.822673
原子力・ウラン,エネルギー,CCO-NE,CAMECO CORP,22.2
原子力・ウラン,エネルギー,EFR-NE,ENERGY FUELS INC,2.92
原子力・ウラン,エネルギー,LEU,Centrus Energy Corp.,2.68
原子力・ウラン,エネルギー,OKLO,Oklo Inc.,5.63
原子力・ウラン,エネルギー,SMR,NuScale Power Corporation,2.81
原子力・ウラン,エネルギー,UEC,Uranium Energy Corp.,4.64
原子力・ウラン,エネルギー,XE,"X-Energy, Inc.",2.77
原子力・ウラン,エネルギー,YCA-L,YELLOW CAKE PLC,1.92
地方銀行,金融・不動産,ABCB,AMERIS BANCORP,1.111017
地方銀行,金融・不動産,ACNB,ACNB CORP,0.12987
地方銀行,金融・不動産,AMAL,AMALGAMATED FINANCIAL CORP,0.25838
地方銀行,金融・不動産,AMTB,AMERANT BANCORP INC,0.318143
地方銀行,金融・不動産,AROW,ARROW FINANCIAL CORP,0.116738
地方銀行,金融・不動産,ASB,ASSOCIATED BANC CORP,1.092814
地方銀行,金融・不動産,AUB,ATLANTIC UNION BANKSHARES CO,1.106704
地方銀行,金融・不動産,AX,AXOS FINANCIAL INC,1.092757
地方銀行,金融・不動産,BANC,BANC OF CALIFORNIA INC,1.118462
地方銀行,金融・不動産,BANF,BANCFIRST CORP,0.552781
地方銀行,金融・不動産,BANR,BANNER CORPORATION,0.698326
地方銀行,金融・不動産,BBT,BEACON FINANCIAL CORP,0.767596
地方銀行,金融・不動産,BCAL,CALIFORNIA BANCORP,0.133536
地方銀行,金融・不動産,BFC,BANK FIRST CORP,0.461362
地方銀行,金融・不動産,BFST,BUSINESS FIRST BANCSHARES,0.248334
地方銀行,金融・不動産,BHB,BAR HARBOR BANKSHARES,0.137091
地方銀行,金融・不動産,BHRB,BURKE + HERBERT FINANCIAL SE,0.357333
地方銀行,金融・不動産,BKU,BANKUNITED INC,1.106505
地方銀行,金融・不動産,BMRC,BANK OF MARIN BANCORP/CA,0.143906
地方銀行,金融・不動産,BOH,BANK OF HAWAII CORP,0.966745
地方銀行,金融・不動産,BOKF,BOK FINANCIAL CORPORATION,1.113593
地方銀行,金融・不動産,BPOP,POPULAR INC,1.109423
地方銀行,金融・不動産,BUSE,FIRST BUSEY CORP,0.83737
地方銀行,金融・不動産,BY,BYLINE BANCORP INC,0.376012
地方銀行,金融・不動産,CAC,CAMDEN NATIONAL CORP,0.17895
地方銀行,金融・不動産,CARE,CARTER BANKSHARES INC,0.385237
地方銀行,金融・不動産,CASH,PATHWARD FINANCIAL INC,0.620061
地方銀行,金融・不動産,CATY,CATHAY GENERAL BANCORP,0.982352
地方銀行,金融・不動産,CBAN,COLONY BANKCORP,0.153342
地方銀行,金融・不動産,CBC,CENTRAL BANCOMPANY,0.773284
地方銀行,金融・不動産,CBSH,COMMERCE BANCSHARES INC,1.09533
地方銀行,金融・不動産,CBU,COMMUNITY FINANCIAL SYSTEM I,0.545246
地方銀行,金融・不動産,CCB,COASTAL FINANCIAL CORP/WA,0.290576
地方銀行,金融・不動産,CCBG,CAPITAL CITY BANK GROUP INC,0.147395
地方銀行,金融・不動産,CCNE,CNB FINANCIAL CORP/PA,0.181264
地方銀行,金融・不動産,CFFN,CAPITOL FEDERAL FINANCIAL IN,0.236484
地方銀行,金融・不動産,CFG,CITIZENS FINANCIAL GROUP,1.092464
地方銀行,金融・不動産,CFR,CULLEN/FROST BANKERS INC,1.103384
地方銀行,金融・不動産,CHCO,CITY HOLDING CO,0.547986
地方銀行,金融・不動産,CIVB,CIVISTA BANCSHARES INC,0.126989
地方銀行,金融・不動産,CLBK,COLUMBIA FINANCIAL INC,0.89883
地方銀行,金融・不動産,CNOB,CONNECTONE BANCORP INC,0.50613
地方銀行,金融・不動産,COFS,CHOICEONE FINANCIAL SVCS INC,0.100609
地方銀行,金融・不動産,COLB,COLUMBIA BANKING SYSTEM INC,1.127411
地方銀行,金融・不動産,CPF,CENTRAL PACIFIC FINANCIAL CO,0.205873
地方銀行,金融・不動産,CTBI,COMMUNITY TRUST BANCORP INC,0.272143
地方銀行,金融・不動産,CUBI,CUSTOMERS BANCORP INC,0.808327
地方銀行,金融・不動産,CVBF,CVB FINANCIAL CORP,1.080653
地方銀行,金融・不動産,CWBC,COMMUNITY WEST BANCSHARES,0.290424
地方銀行,金融・不動産,DCOM,DIME COMMERCIAL BANCSHARES I,0.424457
地方銀行,金融・不動産,EBC,EASTERN BANKSHARES INC,1.113223
地方銀行,金融・不動産,EFSC,ENTERPRISE FINANCIAL SERVICE,0.461129
地方銀行,金融・不動産,EGBN,EAGLE BANCORP INC,0.263168
地方銀行,金融・不動産,EQBK,EQUITY BANCSHARES INC   CL A,0.184229
地方銀行,金融・不動産,ESQ,ESQUIRE FINANCIAL HOLDINGS I,0.547768
地方銀行,金融・不動産,EWBC,EAST WEST BANCORP INC,1.120898
地方銀行,金融・不動産,FBIZ,FIRST BUSINESS FINANCIAL SER,0.122014
地方銀行,金融・不動産,FBK,FB FINANCIAL CORP,0.662024
地方銀行,金融・不動産,FBNC,FIRST BANCORP/NC,0.454559
地方銀行,金融・不動産,FBP,FIRST BANCORP PUERTO RICO,1.112206
地方銀行,金融・不動産,FCF,FIRST COMMONWEALTH FINL CORP,0.528129
地方銀行,金融・不動産,FFBC,FIRST FINANCIAL BANCORP,1.031132
地方銀行,金融・不動産,FFIN,FIRST FINL BANKSHARES INC,0.979175
地方銀行,金融・不動産,FHB,FIRST HAWAIIAN INC,1.120337
地方銀行,金融・不動産,FHN,FIRST HORIZON CORP,1.095439
地方銀行,金融・不動産,FIBK,FIRST INTERSTATE BANCSYS A,1.125509
地方銀行,金融・不動産,FISI,FINANCIAL INSTITUTIONS INC,0.224019
地方銀行,金融・不動産,FLG,FLAGSTAR BANK NA,1.068322
地方銀行,金融・不動産,FMBH,FIRST MID BANCSHARES INC,0.236083
地方銀行,金融・不動産,FMNB,FARMERS NATL BANC CORP,0.22599
地方銀行,金融・不動産,FNB,FNB CORP,1.107852
地方銀行,金融・不動産,FRME,FIRST MERCHANTS CORP,0.565183
地方銀行,金融・不動産,FSBC,FIVE STAR BANCORP,0.242079
地方銀行,金融・不動産,FSUN,FIRSTSUN CAPITAL BANCORP,0.310065
地方銀行,金融・不動産,FULT,FULTON FINANCIAL CORP,1.118892
地方銀行,金融・不動産,GBCI,GLACIER BANCORP INC,1.102089
地方銀行,金融・不動産,GSBC,GREAT SOUTHERN BANCORP INC,0.246314
地方銀行,金融・不動産,HAFC,HANMI FINANCIAL CORPORATION,0.241995
地方銀行,金融・不動産,HBAN,HUNTINGTON BANCSHARES INC,1.085234
地方銀行,金融・不動産,HBCP,HOME BANCORP INC,0.202929
地方銀行,金融・不動産,HBNC,HORIZON BANCORP INC/IN,0.408063
地方銀行,金融・不動産,HBT,HBT FINANCIAL INC/DE,0.169293
地方銀行,金融・不動産,HFWA,HERITAGE FINANCIAL CORP,0.29787
地方銀行,金融・不動産,HIFS,HINGHAM INSTITUTION FOR SVGS,0.326802
地方銀行,金融・不動産,HOMB,HOME BANCSHARES INC,1.121403
地方銀行,金融・不動産,HOPE,HOPE BANCORP INC,0.480455
地方銀行,金融・不動産,HTB,HOMETRUST BANCSHARES INC,0.243381
地方銀行,金融・不動産,HTH,HILLTOP HOLDINGS INC,0.345397
地方銀行,金融・不動産,HWC,HANCOCK WHITNEY CORP,1.126475
地方銀行,金融・不動産,IBCP,INDEPENDENT BANK CORP   MICH,0.236843
地方銀行,金融・不動産,IBOC,INTERNATIONAL BANCSHARES CRP,0.874866
地方銀行,金融・不動産,INDB,INDEPENDENT BANK CORP/MA,0.968002
地方銀行,金融・不動産,KRNY,KEARNY FINANCIAL CORP/MD,0.180154
地方銀行,金融・不動産,LKFN,LAKELAND FINANCIAL CORP,0.394293
地方銀行,金融・不動産,LOB,LIVE OAK BANCSHARES INC,0.324689
地方銀行,金融・不動産,MBWM,MERCANTILE BANK CORP,0.257895
地方銀行,金融・不動産,MCB,METROPOLITAN BANK HOLDING CO,0.403713
地方銀行,金融・不動産,MCHB,MECHANICS BANCORP A,0.263292
地方銀行,金融・不動産,MPB,MID PENN BANCORP INC,0.181116
地方銀行,金融・不動産,MSBI,MIDLAND STATES BANCORP INC,0.182582
地方銀行,金融・不動産,MTB,M + T BANK CORP,1.072902
地方銀行,金融・不動産,NBBK,NB BANCORP INC,0.211437
地方銀行,金融・不動産,NBHC,NATIONAL BANK HOLD CL A,0.578111
地方銀行,金融・不動産,NBN,NORTHEAST BANK,0.533571
地方銀行,金融・不動産,NBTB,N B T BANCORP INC,0.605704
地方銀行,金融・不動産,NIC,NICOLET BANKSHARES INC,1.093225
地方銀行,金融・不動産,NRIM,NORTHRIM BANCORP INC,0.127654
地方銀行,金融・不動産,NWBI,NORTHWEST BANCSHARES INC,0.539045
地方銀行,金融・不動産,OBK,ORIGIN BANCORP INC,0.290583
地方銀行,金融・不動産,OCFC,OCEANFIRST FINANCIAL CORP,0.639424
地方銀行,金融・不動産,OFG,OFG BANCORP,0.520959
地方銀行,金融・不動産,ONB,OLD NATIONAL BANCORP,1.118086
地方銀行,金融・不動産,ORRF,ORRSTOWN FINL SERVICES INC,0.177214
地方銀行,金融・不動産,OSBC,OLD SECOND BANCORP INC,0.328252
地方銀行,金融・不動産,OZK,BANK OZK,1.103413
地方銀行,金融・不動産,PB,PROSPERITY BANCSHARES INC,1.10196
地方銀行,金融・不動産,PEBO,PEOPLES BANCORP INC,0.324047
地方銀行,金融・不動産,PFBC,PREFERRED BANK/LOS ANGELES,0.385193
地方銀行,金融・不動産,PFIS,PEOPLES FINANCIAL SERVICES,0.126226
地方銀行,金融・不動産,PFS,PROVIDENT FINANCIAL SERVICES,0.780394
地方銀行,金融・不動産,PGC,PEAPACK GLADSTONE FINL CORP,0.279463
地方銀行,金融・不動産,PNFP,PINNACLE FINANCIAL PARTNERS,1.095143
地方銀行,金融・不動産,PRK,PARK NATIONAL CORP,0.597172
地方銀行,金融・不動産,QCRH,QCR HOLDINGS INC,0.408404
地方銀行,金融・不動産,RBCAA,REPUBLIC BANCORP INC CLASS A,0.309812
地方銀行,金融・不動産,RF,REGIONS FINANCIAL CORP,1.07472
地方銀行,金融・不動産,RNST,RENASANT CORP,0.990194
地方銀行,金融・不動産,RRBI,RED RIVER BANCSHARES INC,0.283892
地方銀行,金融・不動産,SBCF,SEACOAST BANKING CORP/FL,1.067017
地方銀行,金融・不動産,SBSI,SOUTHSIDE BANCSHARES INC,0.144201
地方銀行,金融・不動産,SFBS,SERVISFIRST BANCSHARES INC,0.795311
地方銀行,金融・不動産,SFNC,SIMMONS FIRST NATL CORP CL A,1.003843
地方銀行,金融・不動産,SFST,SOUTHERN FIRST BANCSHARES,0.262398
地方銀行,金融・不動産,SHBI,SHORE BANCSHARES INC,0.173282
地方銀行,金融・不動産,SMBC,SOUTHERN MISSOURI BANCORP,0.265027
地方銀行,金融・不動産,SMBK,SMARTFINANCIAL INC,0.185326
地方銀行,金融・不動産,SPFI,SOUTH PLAINS FINANCIAL INC,0.183934
地方銀行,金融・不動産,SRCE,1ST SOURCE CORP,0.391522
地方銀行,金融・不動産,SSB,SOUTHSTATE BANK CORP,1.10111
地方銀行,金融・不動産,STBA,S + T BANCORP INC,0.431316
地方銀行,金融・不動産,SYBT,STOCK YARDS BANCORP INC,0.461482
地方銀行,金融・不動産,TBBK,BANCORP INC/THE,0.830288
地方銀行,金融・不動産,TCBI,TEXAS CAPITAL BANCSHARES INC,1.095641
地方銀行,金融・不動産,TCBK,TRICO BANCSHARES,0.433781
地方銀行,金融・不動産,TCBX,THIRD COAST BANCSHARES INC,0.154092
地方銀行,金融・不動産,TFC,TRUIST FINANCIAL CORP,1.09934
地方銀行,金融・不動産,TFIN,TRIUMPH FINANCIAL INC,0.526202
地方銀行,金融・不動産,TFSL,TFS FINANCIAL CORP,0.495409
地方銀行,金融・不動産,THFF,FIRST FINANCIAL CORP,0.265873
地方銀行,金融・不動産,TMP,TOMPKINS FINANCIAL CORP,0.334493
地方銀行,金融・不動産,TOWN,TOWNE BANK,0.735732
地方銀行,金融・不動産,TRMK,TRUSTMARK CORP,0.597477
地方銀行,金融・不動産,TRST,TRUSTCO BANK CORP NY,0.262535
地方銀行,金融・不動産,UBSI,UNITED BANKSHARES INC,1.121765
地方銀行,金融・不動産,UCB,UNITED COMMUNITY BANKS/GA,1.11075
地方銀行,金融・不動産,UMBF,UMB FINANCIAL CORP,1.063891
地方銀行,金融・不動産,UNTY,UNITY BANCORP INC,0.121946
地方銀行,金融・不動産,UVSP,UNIVEST FINANCIAL CORP,0.317253
地方銀行,金融・不動産,VLY,VALLEY NATIONAL BANCORP,1.09574
地方銀行,金融・不動産,WABC,WESTAMERICA BANCORPORATION,0.323044
地方銀行,金融・不動産,WAFD,WAFD INC,0.668139
地方銀行,金融・不動産,WAL,WESTERN ALLIANCE BANCORP,1.110984
地方銀行,金融・不動産,WASH,WASHINGTON TRUST BANCORP,0.205484
地方銀行,金融・不動産,WSBC,WESBANCO INC,1.097941
地方銀行,金融・不動産,WSFS,WSFS FINANCIAL CORP,1.106042
地方銀行,金融・不動産,WTFC,WINTRUST FINANCIAL CORP,1.099192
地方銀行,金融・不動産,ZION,ZIONS BANCORP NA,1.073409
大麻,ヘルスケア・バイオ,NAN,Derivatives Collateral Nomura,26.16
大麻,ヘルスケア・バイオ,TRLV,Trulieve Cannabis Corp.,11.47
宇宙・フロンティア,防衛・宇宙,ADI,ANALOG DEVICES INC,2.334862
宇宙・フロンティア,防衛・宇宙,APH,AMPHENOL CORP CL A,2.569321
宇宙・フロンティア,防衛・宇宙,BA,BOEING CO/THE,3.263572
宇宙・フロンティア,防衛・宇宙,BWXT,BWX TECHNOLOGIES INC,1.916834
宇宙・フロンティア,防衛・宇宙,DCO,DUCOMMUN INC,3.702152
宇宙・フロンティア,防衛・宇宙,ESE,ESCO TECHNOLOGIES INC,2.919112
宇宙・フロンティア,防衛・宇宙,ESLT,ELBIT SYSTEMS LTD,2.193593
宇宙・フロンティア,防衛・宇宙,FET,FORUM ENERGY TECHNOLOGIES IN,4.324684
宇宙・フロンティア,防衛・宇宙,FLY,FIREFLY AEROSPACE INC,2.307015
宇宙・フロンティア,防衛・宇宙,FTI,TECHNIPFMC PLC,2.432181
宇宙・フロンティア,防衛・宇宙,GD,GENERAL DYNAMICS CORP,2.468173
宇宙・フロンティア,防衛・宇宙,HEI,HEICO CORP,3.200525
宇宙・フロンティア,防衛・宇宙,HII,HUNTINGTON INGALLS INDUSTRIE,2.279204
宇宙・フロンティア,防衛・宇宙,HON,HONEYWELL INTERNATIONAL INC,1.697599
宇宙・フロンティア,防衛・宇宙,HONA,HONEYWELL AEROSPACE INC,1.389699
宇宙・フロンティア,防衛・宇宙,HXL,HEXCEL CORP,3.217727
宇宙・フロンティア,防衛・宇宙,IRDM,IRIDIUM COMMUNICATIONS INC,3.58235
宇宙・フロンティア,防衛・宇宙,KBR,KBR INC,2.482919
宇宙・フロンティア,防衛・宇宙,LDOS,LEIDOS HOLDINGS INC,2.515963
宇宙・フロンティア,防衛・宇宙,LHX,L3HARRIS TECHNOLOGIES INC,2.765044
宇宙・フロンティア,防衛・宇宙,LMT,LOCKHEED MARTIN CORP,3.46113
宇宙・フロンティア,防衛・宇宙,LUNR,INTUITIVE MACHINES INC,2.001358
宇宙・フロンティア,防衛・宇宙,MOG-A,MOOG INC CLASS A,3.28079
宇宙・フロンティア,防衛・宇宙,NOC,NORTHROP GRUMMAN CORP,3.284783
宇宙・フロンティア,防衛・宇宙,OII,OCEANEERING INTL INC,3.960358
宇宙・フロンティア,防衛・宇宙,PL,PLANET LABS PBC,1.877197
宇宙・フロンティア,防衛・宇宙,PSN,PARSONS CORP,1.90822
宇宙・フロンティア,防衛・宇宙,RDW,REDWIRE CORP,2.635257
宇宙・フロンティア,防衛・宇宙,RKLB,ROCKET LAB CORP,2.248155
宇宙・フロンティア,防衛・宇宙,RTX,RTX CORP,3.712206
宇宙・フロンティア,防衛・宇宙,SPIR,SPIRE GLOBAL INC,2.476402
宇宙・フロンティア,防衛・宇宙,SXI,STANDEX INTERNATIONAL CORP,2.149492
宇宙・フロンティア,防衛・宇宙,TDG,TRANSDIGM GROUP INC,2.180607
宇宙・フロンティア,防衛・宇宙,TDY,TELEDYNE TECHNOLOGIES INC,3.430137
宇宙・フロンティア,防衛・宇宙,TTMI,TTM TECHNOLOGIES,1.718705
宇宙・フロンティア,防衛・宇宙,VOYG,VOYAGER TECHNOLOGIES INC A,3.08199
宇宙・フロンティア,防衛・宇宙,VSAT,VIASAT INC,2.96288
宇宙・探査,防衛・宇宙,ACHR,ARCHER AVIATION INC-A,5.08
宇宙・探査,防衛・宇宙,AIR,AIRBUS SE,1.02
宇宙・探査,防衛・宇宙,AMD,ADVANCED MICRO DEVICES,4.16
宇宙・探査,防衛・宇宙,AMZN,AMAZON.COM INC,3.38
宇宙・探査,防衛・宇宙,AVAV,AEROVIRONMENT INC,6.58
宇宙・探査,防衛・宇宙,BWXT,BWX TECHNOLOGIES INC,1.65
宇宙・探査,防衛・宇宙,DASH,DOORDASH INC - A,1.14
宇宙・探査,防衛・宇宙,DE,DEERE & CO,5.28
宇宙・探査,防衛・宇宙,ESLT,ELBIT SYSTEMS LTD,1.48
宇宙・探査,防衛・宇宙,GOOG,ALPHABET INC-CL C,2.78
宇宙・探査,防衛・宇宙,HEI,HEICO CORP,1.16
宇宙・探査,防衛・宇宙,HO,THALES SA,2.14
宇宙・探査,防衛・宇宙,HON,HONEYWELL INTERNATIONAL INC,1.03
宇宙・探査,防衛・宇宙,IRDM,IRIDIUM COMMUNICATIONS INC,3.62
宇宙・探査,防衛・宇宙,JOBY,JOBY AVIATION INC,2.44
宇宙・探査,防衛・宇宙,KTOS,KRATOS DEFENSE & SECURITY,7.75
宇宙・探査,防衛・宇宙,LHX,L3HARRIS TECHNOLOGIES INC,8.34
宇宙・探査,防衛・宇宙,LMT,LOCKHEED MARTIN CORP,0.57
宇宙・探査,防衛・宇宙,LUNR,INTUITIVE MACHINES INC,1.76
宇宙・探査,防衛・宇宙,NVDA,NVIDIA CORP,2.53
宇宙・探査,防衛・宇宙,PLTR,PALANTIR TECHNOLOGIES INC-A,4.34
宇宙・探査,防衛・宇宙,PRNT,THE 3D PRINTING ETF,0.59
宇宙・探査,防衛・宇宙,SNPS,SYNOPSYS INC,1.18
宇宙・探査,防衛・宇宙,SRTA,STRATA CRITICAL MEDICAL INC,1.78
宇宙・探査,防衛・宇宙,TDY,TELEDYNE TECHNOLOGIES INC,1.19
宇宙・探査,防衛・宇宙,TER,TERADYNE INC,7.22
宇宙・探査,防衛・宇宙,TRMB,TRIMBLE INC,4.13
宇宙・探査,防衛・宇宙,TSM,TAIWAN SEMICONDUCTOR-SP ADR,1.04
小売,消費・小売・インバウンド,AAP,ADVANCE AUTO PARTS INC,1.361923
小売,消費・小売・インバウンド,ABG,ASBURY AUTOMOTIVE GROUP,1.25166
小売,消費・小売・インバウンド,ACI,ALBERTSONS COS INC   CLASS A,1.473457
小売,消費・小売・インバウンド,AEO,AMERICAN EAGLE OUTFITTERS,1.318687
小売,消費・小売・インバウンド,AMZN,AMAZON.COM INC,1.475221
小売,消費・小売・インバウンド,AN,AUTONATION INC,1.162347
小売,消費・小売・インバウンド,ANF,ABERCROMBIE + FITCH CO CL A,1.295643
小売,消費・小売・インバウンド,ARKO,ARKO CORP,0.712124
小売,消費・小売・インバウンド,ASO,ACADEMY SPORTS + OUTDOORS IN,1.36567
小売,消費・小売・インバウンド,AZO,AUTOZONE INC,1.38502
小売,消費・小売・インバウンド,BBW,BUILD A BEAR WORKSHOP INC,0.699795
小売,消費・小売・インバウンド,BBWI,BATH + BODY WORKS INC,1.375555
小売,消費・小売・インバウンド,BBY,BEST BUY CO INC,1.525629
小売,消費・小売・インバウンド,BJ,BJ S WHOLESALE CLUB HOLDINGS,1.502494
小売,消費・小売・インバウンド,BKE,BUCKLE INC/THE,1.441354
小売,消費・小売・インバウンド,BOOT,BOOT BARN HOLDINGS INC,1.252245
小売,消費・小売・インバウンド,BURL,BURLINGTON STORES INC,1.516709
小売,消費・小売・インバウンド,CAL,CALERES INC,0.920349
小売,消費・小売・インバウンド,CART,MAPLEBEAR INC,1.407267
小売,消費・小売・インバウンド,CASY,CASEY S GENERAL STORES INC,1.340878
小売,消費・小売・インバウンド,CHWY,CHEWY INC   CLASS A,1.424002
小売,消費・小売・インバウンド,COST,COSTCO WHOLESALE CORP,1.434215
小売,消費・小売・インバウンド,CPNG,COUPANG INC,1.426964
小売,消費・小売・インバウンド,CTRN,CITI TRENDS INC,0.952823
小売,消費・小売・インバウンド,CVNA,CARVANA CO,1.318341
小売,消費・小売・インバウンド,CWH,CAMPING WORLD HOLDINGS INC A,0.839056
小売,消費・小売・インバウンド,DDS,DILLARDS INC CL A,1.476844
小売,消費・小売・インバウンド,DG,DOLLAR GENERAL CORP,1.409822
小売,消費・小売・インバウンド,DKS,DICK S SPORTING GOODS INC,1.335647
小売,消費・小売・インバウンド,DLTR,DOLLAR TREE INC,1.366871
小売,消費・小売・インバウンド,EBAY,EBAY INC,1.507223
小売,消費・小売・インバウンド,ETSY,ETSY INC,1.487024
小売,消費・小売・インバウンド,EYE,NATIONAL VISION HOLDINGS INC,1.384255
小売,消費・小売・インバウンド,FIVE,FIVE BELOW,1.376671
小売,消費・小売・インバウンド,GAP,GAP INC/THE,1.433249
小売,消費・小売・インバウンド,GME,GAMESTOP CORP CLASS A,1.648529
小売,消費・小売・インバウンド,GO,GROCERY OUTLET HOLDING CORP,1.43299
小売,消費・小売・インバウンド,GPI,GROUP 1 AUTOMOTIVE INC,1.25614
小売,消費・小売・インバウンド,GRPN,GROUPON INC,1.121478
小売,消費・小売・インバウンド,HZO,MARINEMAX INC,1.447307
小売,消費・小売・インバウンド,IMKTA,INGLES MARKETS INC CLASS A,1.478758
小売,消費・小売・インバウンド,KMX,CARMAX INC,1.382597
小売,消費・小売・インバウンド,KR,KROGER CO,1.523557
小売,消費・小売・インバウンド,KSS,KOHLS CORP,1.433256
小売,消費・小売・インバウンド,LAD,LITHIA MOTORS INC,1.238628
小売,消費・小売・インバウンド,M,MACY S INC,1.486176
小売,消費・小売・インバウンド,MNRO,MONRO INC,0.744884
小売,消費・小売・インバウンド,MUSA,MURPHY USA INC,1.417028
小売,消費・小売・インバウンド,OLLI,OLLIE S BARGAIN OUTLET HOLDI,1.586545
小売,消費・小売・インバウンド,ORLY,O REILLY AUTOMOTIVE INC,1.387095
小売,消費・小売・インバウンド,PAG,PENSKE AUTOMOTIVE GROUP INC,1.40014
小売,消費・小売・インバウンド,PSMT,PRICESMART INC,1.440554
小売,消費・小売・インバウンド,PTRN,PATTERN GROUP INC CL A,1.483892
小売,消費・小売・インバウンド,REAL,REALREAL INC/THE,1.455725
小売,消費・小売・インバウンド,ROST,ROSS STORES INC,1.47868
小売,消費・小売・インバウンド,RVLV,REVOLVE GROUP INC A,1.563342
小売,消費・小売・インバウンド,SAH,SONIC AUTOMOTIVE INC CLASS A,1.245455
小売,消費・小売・インバウンド,SBH,SALLY BEAUTY HOLDINGS INC,1.447818
小売,消費・小売・インバウンド,SFIX,STITCH FIX INC CLASS A,0.815097
小売,消費・小売・インバウンド,SFM,SPROUTS FARMERS MARKET INC,1.35299
小売,消費・小売・インバウンド,SIG,SIGNET JEWELERS LTD,1.386464
小売,消費・小売・インバウンド,SVV,SAVERS VALUE VILLAGE INC,1.220751
小売,消費・小売・インバウンド,TGT,TARGET CORP,1.442325
小売,消費・小売・インバウンド,TJX,TJX COMPANIES INC,1.495855
小売,消費・小売・インバウンド,TSCO,TRACTOR SUPPLY COMPANY,1.369898
小売,消費・小売・インバウンド,ULTA,ULTA BEAUTY INC,1.483324
小売,消費・小売・インバウンド,UPBD,UPBOUND GROUP INC,1.34356
小売,消費・小売・インバウンド,URBN,URBAN OUTFITTERS INC,1.3781
小売,消費・小売・インバウンド,VSXY,VICTORIA S SECRET + CO,1.553127
小売,消費・小売・インバウンド,VVV,VALVOLINE INC,1.26481
小売,消費・小売・インバウンド,WINA,WINMARK CORP,1.323324
小売,消費・小売・インバウンド,WMK,WEIS MARKETS INC,1.508398
小売,消費・小売・インバウンド,WMT,WALMART INC,1.462572
小売,消費・小売・インバウンド,WRBY,WARBY PARKER INC CLASS A,1.363227
次世代インターネット,AI・ソフト・データ,ABNB,AIRBNB INC-CLASS A,0.8
次世代インターネット,AI・ソフト・データ,AMD,ADVANCED MICRO DEVICES,4.36
次世代インターネット,AI・ソフト・データ,AMZN,AMAZON.COM INC,3.64
次世代インターネット,AI・ソフト・データ,AVGO,BROADCOM INC,2.31
次世代インターネット,AI・ソフト・データ,BLSH,BULLISH,1.79
次世代インターネット,AI・ソフト・データ,BMNR,BITMINE IMMERSION TECHNOLOGI,2.2
次世代インターネット,AI・ソフト・データ,CBRS,CEREBRAS SYSTEMS INC - A,2.6
次世代インターネット,AI・ソフト・データ,COIN,COINBASE GLOBAL INC -CLASS A,4.0
次世代インターネット,AI・ソフト・データ,CRCL,CIRCLE INTERNET GROUP INC,4.63
次世代インターネット,AI・ソフト・データ,CRWD,CROWDSTRIKE HOLDINGS INC - A,2.07
次世代インターネット,AI・ソフト・データ,CRWV,COREWEAVE INC-CL A,3.52
次世代インターネット,AI・ソフト・データ,DASH,DOORDASH INC - A,0.93
次世代インターネット,AI・ソフト・データ,DDOG,DATADOG INC - CLASS A,2.16
次世代インターネット,AI・ソフト・データ,FIG,FIGMA INC-CL A,0.92
次世代インターネット,AI・ソフト・データ,GENI,GENIUS SPORTS LTD,0.72
次世代インターネット,AI・ソフト・データ,GOOG,ALPHABET INC-CL C,3.3
次世代インターネット,AI・ソフト・データ,GTLB,GITLAB INC-CL A,1.61
次世代インターネット,AI・ソフト・データ,HOOD,ROBINHOOD MARKETS INC - A,5.05
次世代インターネット,AI・ソフト・データ,MELI,MERCADOLIBRE INC,1.04
次世代インターネット,AI・ソフト・データ,META,META PLATFORMS INC-CLASS A,4.21
次世代インターネット,AI・ソフト・データ,NET,CLOUDFLARE INC - CLASS A,2.28
次世代インターネット,AI・ソフト・データ,NFLX,NETFLIX INC,1.0
次世代インターネット,AI・ソフト・データ,NVDA,NVIDIA CORP,3.31
次世代インターネット,AI・ソフト・データ,P,EVERPURE INC-A,1.58
次世代インターネット,AI・ソフト・データ,PLTR,PALANTIR TECHNOLOGIES INC-A,2.58
次世代インターネット,AI・ソフト・データ,RBLX,ROBLOX CORP -CLASS A,2.18
次世代インターネット,AI・ソフト・データ,RBRK,RUBRIK INC-A,1.92
次世代インターネット,AI・ソフト・データ,SHOP,SHOPIFY INC - CLASS A,3.66
次世代インターネット,AI・ソフト・データ,SNOW,SNOWFLAKE INC,0.96
次世代インターネット,AI・ソフト・データ,SPCX,SPACE EXPLORATION TECHN-CL A,4.38
次世代インターネット,AI・ソフト・データ,SPOT,SPOTIFY TECHNOLOGY SA,1.1
次世代インターネット,AI・ソフト・データ,TOST,TOAST INC-CLASS A,1.09
次世代インターネット,AI・ソフト・データ,TSLA,TESLA INC,7.44
次世代インターネット,AI・ソフト・データ,TSM,TAIWAN SEMICONDUCTOR-SP ADR,2.13
次世代インターネット,AI・ソフト・データ,XYZ,BLOCK INC,3.42
水素,エネルギー,AFC-L,AFC Energy PLC,0.67
水素,エネルギー,FGXXX,First American Government Obligations Fund,36.16
水素,エネルギー,ITM-L,ITM Power PLC,4.92
水素,エネルギー,NAN,DEPOSITS WITH BROKER FOR SHORT POSITIONS,46.96
水素,エネルギー,XBC-TO,Xebec Adsorption Inc,0.0
水関連,産業・インフラ,A,"Agilent Technologies, Inc.",4.48
水関連,産業・インフラ,ACM,AECOM,2.69
水関連,産業・インフラ,AOS,A. O. Smith Corporation,2.27
水関連,産業・インフラ,AWK,"American Water Works Company, Inc.",4.36
水関連,産業・インフラ,BMI,"Badger Meter, Inc.",1.77
水関連,産業・インフラ,BSY,"Bentley Systems, Incorporated",2.07
水関連,産業・インフラ,CNM,"Core & Main, Inc.",2.41
水関連,産業・インフラ,ECL,Ecolab Inc.,8.25
水関連,産業・インフラ,FERG,Ferguson Enterprises Inc.,6.47
水関連,産業・インフラ,IDXX,"IDEXX Laboratories, Inc.",6.01
水関連,産業・インフラ,IEX,IDEX Corporation,3.63
水関連,産業・インフラ,ITRI,"Itron, Inc.",1.94
水関連,産業・インフラ,J,Jacobs Solutions Inc.,3.67
水関連,産業・インフラ,MLI,"Mueller Industries, Inc.",1.82
水関連,産業・インフラ,PNR,Pentair plc,2.76
水関連,産業・インフラ,ROP,"Roper Technologies, Inc.",8.95
水関連,産業・インフラ,TRMB,Trimble Inc.,3.01
水関連,産業・インフラ,TTEK,"Tetra Tech, Inc.",2.76
水関連,産業・インフラ,VLTO,Veralto Corporation,4.5
水関連,産業・インフラ,VMI,"Valmont Industries, Inc.",1.9
水関連,産業・インフラ,WAT,Waters Corporation,7.87
水関連,産業・インフラ,WMS,"Advanced Drainage Systems, Inc.",2.65
水関連,産業・インフラ,WTS,"Watts Water Technologies, Inc.",1.95
水関連,産業・インフラ,XYL,Xylem Inc.,3.82
水関連,産業・インフラ,ZWS,Zurn Elkay Water Solutions Corporation,1.1
生成AI,AI・ソフト・データ,ALAB,"Astera Labs, Inc.",2.86
生成AI,AI・ソフト・データ,AMD,"Advanced Micro Devices, Inc.",3.14
生成AI,AI・ソフト・データ,AMZN,"Amazon.com, Inc.",3.42
生成AI,AI・ソフト・データ,ARM,Arm Holdings plc,2.63
生成AI,AI・ソフト・データ,ASML,ASML Holding N.V.,3.27
生成AI,AI・ソフト・データ,AVGO,Broadcom Inc.,2.53
生成AI,AI・ソフト・データ,COHR,Coherent Corp.,2.55
生成AI,AI・ソフト・データ,CRWD,"CrowdStrike Holdings, Inc.",2.25
生成AI,AI・ソフト・データ,CRWV,"CoreWeave, Inc.",2.27
生成AI,AI・ソフト・データ,GOOGL,Alphabet Inc.,5.69
生成AI,AI・ソフト・データ,LITE,Lumentum Holdings Inc.,2.33
生成AI,AI・ソフト・データ,META,"Meta Platforms, Inc.",2.36
生成AI,AI・ソフト・データ,MSFT,Microsoft Corporation,3.72
生成AI,AI・ソフト・データ,MU,"Micron Technology, Inc.",3.09
生成AI,AI・ソフト・データ,NBIS,Nebius Group N.V.,3.02
生成AI,AI・ソフト・データ,NET,"Cloudflare, Inc.",2.13
生成AI,AI・ソフト・データ,NVDA,NVIDIA Corporation,6.92
生成AI,AI・ソフト・データ,SKM,"SK Telecom Co., Ltd.",2.16
生成AI,AI・ソフト・データ,VRT,Vertiv Holdings Co,2.12
石油サービス,エネルギー,AESI,ATLAS ENERGY SOLUTIONS INC,2.389044
石油サービス,エネルギー,AROC,ARCHROCK INC,3.580541
石油サービス,エネルギー,BKR,BAKER HUGHES CO,3.489765
石油サービス,エネルギー,CLB,CORE LABORATORIES INC,1.128437
石油サービス,エネルギー,FET,FORUM ENERGY TECHNOLOGIES IN,1.653889
石油サービス,エネルギー,FLOC,FLOWCO HOLDINGS INC CL A,1.936459
石油サービス,エネルギー,FTI,TECHNIPFMC PLC,3.519556
石油サービス,エネルギー,HAL,HALLIBURTON CO,3.453544
石油サービス,エネルギー,HOS,HORNBECK OFFSHORE SERVICES I,1.797905
石油サービス,エネルギー,HP,HELMERICH + PAYNE,3.499854
石油サービス,エネルギー,INVX,INNOVEX INTERNATIONAL INC,1.658498
石油サービス,エネルギー,KGS,KODIAK GAS SERVICES INC,3.372095
石油サービス,エネルギー,LBRT,LIBERTY ENERGY INC,3.281552
石油サービス,エネルギー,NBR,NABORS INDUSTRIES LTD,3.12015
石油サービス,エネルギー,NE,NOBLE CORP PLC,3.733927
石油サービス,エネルギー,NESR,NATIONAL ENERGY SERVICES REU,3.585825
石油サービス,エネルギー,NGS,NATURAL GAS SERVICES GROUP,0.626864
石油サービス,エネルギー,NOV,NOV INC,3.595891
石油サービス,エネルギー,OII,OCEANEERING INTL INC,3.637619
石油サービス,エネルギー,OIS,OIL STATES INTERNATIONAL INC,0.777685
石油サービス,エネルギー,PTEN,PATTERSON UTI ENERGY INC,3.391885
石油サービス,エネルギー,PUMP,PROPETRO HOLDING CORP,2.817469
石油サービス,エネルギー,RES,RPC INC,1.217816
石油サービス,エネルギー,RIG,TRANSOCEAN LTD,3.665506
石油サービス,エネルギー,SDRL,SEADRILL LIMITED,3.725213
石油サービス,エネルギー,SEI,SOLARIS ENERGY INFRASTRUCTUR,3.920964
石油サービス,エネルギー,SLB,SLB LTD,3.484277
石油サービス,エネルギー,TDW,TIDEWATER INC,3.530901
石油サービス,エネルギー,TTI,TETRA TECHNOLOGIES INC,1.882957
石油サービス,エネルギー,VAL,VALARIS LTD,3.697093
石油サービス,エネルギー,VTOL,BRISTOW GROUP INC,1.471691
石油サービス,エネルギー,WFRD,WEATHERFORD INTERNATIONAL PL,3.392213
石油サービス,エネルギー,WHD,CACTUS INC   A,3.710008
石油サービス,エネルギー,WTTR,SELECT WATER SOLUTIONS INC,3.859111
石油サービス,エネルギー,XPRO,EXPRO LTD,2.271357
石油・ガス開発,エネルギー,APA,APA CORP,2.721678
石油・ガス開発,エネルギー,AR,ANTERO RESOURCES CORP,2.418306
石油・ガス開発,エネルギー,BKV,BKV CORPORATION,0.678546
石油・ガス開発,エネルギー,CHRD,CHORD ENERGY CORP,2.598193
石油・ガス開発,エネルギー,CLMT,CALUMET INC,2.072862
石油・ガス開発,エネルギー,CNX,CNX RESOURCES CORP,2.425306
石油・ガス開発,エネルギー,COP,CONOCOPHILLIPS,2.602214
石油・ガス開発,エネルギー,CRC,CALIFORNIA RESOURCES CORP,1.950766
石油・ガス開発,エネルギー,CRGY,CRESCENT ENERGY INC A,2.593979
石油・ガス開発,エネルギー,CRK,COMSTOCK RESOURCES INC,0.792341
石油・ガス開発,エネルギー,CVI,CVR ENERGY INC,1.077232
石油・ガス開発,エネルギー,CVX,CHEVRON CORP,2.653648
石油・ガス開発,エネルギー,DEC,DIVERSIFIED ENERGY CO,0.542121
石油・ガス開発,エネルギー,DINO,HF SINCLAIR CORP,2.815208
石油・ガス開発,エネルギー,DK,DELEK US HOLDINGS INC,2.752043
石油・ガス開発,エネルギー,DVN,DEVON ENERGY CORP,2.706604
石油・ガス開発,エネルギー,EGY,VAALCO ENERGY INC,0.322586
石油・ガス開発,エネルギー,EOG,EOG RESOURCES INC,2.678818
石油・ガス開発,エネルギー,EQT,EQT CORP,2.556196
石油・ガス開発,エネルギー,EXE,EXPAND ENERGY CORP,2.526997
石油・ガス開発,エネルギー,FANG,DIAMONDBACK ENERGY INC,2.601857
石油・ガス開発,エネルギー,GEVO,GEVO INC,0.216219
石油・ガス開発,エネルギー,GPOR,GULFPORT ENERGY CORP,1.871215
石油・ガス開発,エネルギー,GPRE,GREEN PLAINS INC,0.762282
石油・ガス開発,エネルギー,KOS,KOSMOS ENERGY LTD,1.237049
石油・ガス開発,エネルギー,MGY,MAGNOLIA OIL + GAS CORP   A,2.431838
石油・ガス開発,エネルギー,MPC,MARATHON PETROLEUM CORP,2.806091
石油・ガス開発,エネルギー,MTDR,MATADOR RESOURCES CO,2.48318
石油・ガス開発,エネルギー,MUR,MURPHY OIL CORP,2.620602
石油・ガス開発,エネルギー,NOG,NORTHERN OIL AND GAS INC,2.021384
石油・ガス開発,エネルギー,NUAI,NEW ERA ENERGY + DIGITAL INC,0.391282
石油・ガス開発,エネルギー,OVV,OVINTIV INC,2.604352
石油・ガス開発,エネルギー,OXY,OCCIDENTAL PETROLEUM CORP,2.601628
石油・ガス開発,エネルギー,PARR,PAR PACIFIC HOLDINGS INC,2.747776
石油・ガス開発,エネルギー,PBF,PBF ENERGY INC CLASS A,2.639079
石油・ガス開発,エネルギー,PR,PERMIAN RESOURCES CORP CL A,2.591123
石油・ガス開発,エネルギー,PSX,PHILLIPS 66,2.796165
石油・ガス開発,エネルギー,REPX,RILEY EXPLORATION PERMIAN IN,0.324843
石油・ガス開発,エネルギー,REX,REX AMERICAN RESOURCES CORP,0.376794
石油・ガス開発,エネルギー,RRC,RANGE RESOURCES CORP,2.524099
石油・ガス開発,エネルギー,SD,SANDRIDGE ENERGY INC,0.210781
石油・ガス開発,エネルギー,SM,SM ENERGY CO,2.548835
石油・ガス開発,エネルギー,SOC,SABLE OFFSHORE CORP,0.56243
石油・ガス開発,エネルギー,TALO,TALOS ENERGY INC,1.271168
石油・ガス開発,エネルギー,TPL,TEXAS PACIFIC LAND CORP,2.731687
石油・ガス開発,エネルギー,VG,VENTURE GLOBAL INC CL A,2.488744
石油・ガス開発,エネルギー,VLO,VALERO ENERGY CORP,2.816388
石油・ガス開発,エネルギー,VNOM,VIPER ENERGY INC CL A,2.56723
石油・ガス開発,エネルギー,VTS,VITESSE ENERGY INC,0.37583
石油・ガス開発,エネルギー,WKC,WORLD KINECT CORP,1.449897
石油・ガス開発,エネルギー,XOM,EXXONMOBIL HOLDINGS CORP,2.685122
破壊的イノベーション,その他成長,ACHR,ARCHER AVIATION INC-A,1.12
破壊的イノベーション,その他成長,AMD,ADVANCED MICRO DEVICES,2.88
破壊的イノベーション,その他成長,AMZN,AMAZON.COM INC,2.26
破壊的イノベーション,その他成長,ARKY,ARK ACTIVE AUTOCALL INC ETF,0.3
破壊的イノベーション,その他成長,AVGO,BROADCOM INC,1.61
破壊的イノベーション,その他成長,BEAM,BEAM THERAPEUTICS INC,2.3
破壊的イノベーション,その他成長,BLSH,BULLISH,2.28
破壊的イノベーション,その他成長,BMNR,BITMINE IMMERSION TECHNOLOGI,2.07
破壊的イノベーション,その他成長,BWXT,BWX TECHNOLOGIES INC,0.77
破壊的イノベーション,その他成長,CBRS,CEREBRAS SYSTEMS INC - A,2.62
破壊的イノベーション,その他成長,CERS,CERUS CORP,0.33
破壊的イノベーション,その他成長,COIN,COINBASE GLOBAL INC -CLASS A,4.65
破壊的イノベーション,その他成長,CRCL,CIRCLE INTERNET GROUP INC,5.15
破壊的イノベーション,その他成長,CRSP,CRISPR THERAPEUTICS AG,4.6
破壊的イノベーション,その他成長,CRWV,COREWEAVE INC-CL A,2.49
破壊的イノベーション,その他成長,GOOG,ALPHABET INC-CL C,1.45
破壊的イノベーション,その他成長,HOOD,ROBINHOOD MARKETS INC - A,4.15
破壊的イノベーション,その他成長,ILMN,ILLUMINA INC,1.13
破壊的イノベーション,その他成長,KTOS,KRATOS DEFENSE & SECURITY,0.95
破壊的イノベーション,その他成長,LLY,ELI LILLY & CO,0.46
破壊的イノベーション,その他成長,META,META PLATFORMS INC-CLASS A,2.27
破壊的イノベーション,その他成長,NET,CLOUDFLARE INC - CLASS A,1.38
破壊的イノベーション,その他成長,NTLA,INTELLIA THERAPEUTICS INC,1.24
破壊的イノベーション,その他成長,NTRA,NATERA INC,1.08
破壊的イノベーション,その他成長,NVDA,NVIDIA CORP,2.42
破壊的イノベーション,その他成長,PACB,PACIFIC BIOSCIENCES OF CALIF,0.25
破壊的イノベーション,その他成長,PLTR,PALANTIR TECHNOLOGIES INC-A,2.58
破壊的イノベーション,その他成長,RXRX,RECURSION PHARMACEUTICALS-A,1.13
破壊的イノベーション,その他成長,SHOP,SHOPIFY INC - CLASS A,2.95
破壊的イノベーション,その他成長,SOFI,SOFI TECHNOLOGIES INC,0.53
破壊的イノベーション,その他成長,SPCX,SPACE EXPLORATION TECHN-CL A,6.1
破壊的イノベーション,その他成長,TEM,TEMPUS AI INC-CL A,5.72
破壊的イノベーション,その他成長,TER,TERADYNE INC,0.92
破壊的イノベーション,その他成長,TSLA,TESLA INC,9.19
破壊的イノベーション,その他成長,TSM,TAIWAN SEMICONDUCTOR-SP ADR,0.97
破壊的イノベーション,その他成長,TWST,TWIST BIOSCIENCE CORP,3.78
破壊的イノベーション,その他成長,TXG,10X GENOMICS INC-CLASS A,3.37
破壊的イノベーション,その他成長,VCYT,VERACYTE INC,0.73
破壊的イノベーション,その他成長,WGS,GENEDX HOLDINGS CORP,1.31
破壊的イノベーション,その他成長,XE,X-ENERGY INC,1.06
破壊的イノベーション,その他成長,XYZ,BLOCK INC,2.24
米国インフラ,産業・インフラ,AMRZ,Amrize AG,1.26
米国インフラ,産業・インフラ,ATI,ATI Inc.,1.59
米国インフラ,産業・インフラ,CRH,CRH plc,2.86
米国インフラ,産業・インフラ,CRS,Carpenter Technology Corporation,1.24
米国インフラ,産業・インフラ,CSX,CSX Corporation,2.9
米国インフラ,産業・インフラ,DE,Deere & Company,3.65
米国インフラ,産業・インフラ,EME,"EMCOR Group, Inc.",2.03
米国インフラ,産業・インフラ,EMR,Emerson Electric Co.,3.37
米国インフラ,産業・インフラ,ETN,Eaton Corporation plc,3.33
米国インフラ,産業・インフラ,FAST,Fastenal Company,3.45
米国インフラ,産業・インフラ,HUBB,Hubbell Incorporated,1.44
米国インフラ,産業・インフラ,HWM,Howmet Aerospace Inc.,2.61
米国インフラ,産業・インフラ,MLM,"Martin Marietta Materials, Inc.",1.79
米国インフラ,産業・インフラ,NSC,Norfolk Southern Corporation,2.93
米国インフラ,産業・インフラ,NUE,Nucor Corporation,3.35
米国インフラ,産業・インフラ,PH,Parker-Hannifin Corporation,3.11
米国インフラ,産業・インフラ,PWR,"Quanta Services, Inc.",3.17
米国インフラ,産業・インフラ,ROK,"Rockwell Automation, Inc.",2.94
米国インフラ,産業・インフラ,RS,"Reliance, Inc.",1.21
米国インフラ,産業・インフラ,SRE,Sempra,2.83
米国インフラ,産業・インフラ,STLD,"Steel Dynamics, Inc.",2.06
米国インフラ,産業・インフラ,TT,Trane Technologies plc,2.91
米国インフラ,産業・インフラ,UNP,Union Pacific Corporation,2.99
米国インフラ,産業・インフラ,URI,"United Rentals, Inc.",2.9
米国インフラ,産業・インフラ,VMC,Vulcan Materials Company,1.9
肥満・GLP-1,ヘルスケア・バイオ,AMGN,Amgen Inc.,3.93
肥満・GLP-1,ヘルスケア・バイオ,CHF,SWISS FRANC,
肥満・GLP-1,ヘルスケア・バイオ,GILD,"Gilead Sciences, Inc.",1.82
肥満・GLP-1,ヘルスケア・バイオ,GPCR,Structure Therapeutics Inc.,2.72
肥満・GLP-1,ヘルスケア・バイオ,KLRA,"Kailera Therapeutics, Inc.",5.71
肥満・GLP-1,ヘルスケア・バイオ,LLY,Eli Lilly and Company,12.44
肥満・GLP-1,ヘルスケア・バイオ,MBX,"MBX Biosciences, Inc.",2.2
肥満・GLP-1,ヘルスケア・バイオ,NVO,Novo Nordisk A/S,12.45
肥満・GLP-1,ヘルスケア・バイオ,PFE,Pfizer Inc.,7.34
肥満・GLP-1,ヘルスケア・バイオ,RYTM,"Rhythm Pharmaceuticals, Inc.",1.48
肥満・GLP-1,ヘルスケア・バイオ,VKTX,"Viking Therapeutics, Inc.",4.79
肥満・GLP-1,ヘルスケア・バイオ,WVE,"Wave Life Sciences, Inc.",0.33
自律技術・ロボティクス,ロボット・FA・機械,ACHR,ARCHER AVIATION INC-A,2.47
自律技術・ロボティクス,ロボット・FA・機械,AMD,ADVANCED MICRO DEVICES,4.88
自律技術・ロボティクス,ロボット・FA・機械,AMZN,AMAZON.COM INC,3.48
自律技術・ロボティクス,ロボット・FA・機械,AUR,AURORA INNOVATION INC,1.68
自律技術・ロボティクス,ロボット・FA・機械,AVAV,AEROVIRONMENT INC,2.8
自律技術・ロボティクス,ロボット・FA・機械,AVGO,BROADCOM INC,2.24
自律技術・ロボティクス,ロボット・FA・機械,BIDU,BAIDU INC - SPON ADR,0.87
自律技術・ロボティクス,ロボット・FA・機械,BWXT,BWX TECHNOLOGIES INC,1.52
自律技術・ロボティクス,ロボット・FA・機械,BYDDY,BYD CO LTD-UNSPONSORED ADR,0.85
自律技術・ロボティクス,ロボット・FA・機械,CAT,CATERPILLAR INC,1.34
自律技術・ロボティクス,ロボット・FA・機械,CCJ,CAMECO CORP,1.51
自律技術・ロボティクス,ロボット・FA・機械,DASH,DOORDASH INC - A,1.47
自律技術・ロボティクス,ロボット・FA・機械,DE,DEERE & CO,2.88
自律技術・ロボティクス,ロボット・FA・機械,ESLT,ELBIT SYSTEMS LTD,1.12
自律技術・ロボティクス,ロボット・FA・機械,GOOG,ALPHABET INC-CL C,4.64
自律技術・ロボティクス,ロボット・FA・機械,GOOGL,ALPHABET INC-CL A,0.28
自律技術・ロボティクス,ロボット・FA・機械,ISRG,INTUITIVE SURGICAL INC,1.35
自律技術・ロボティクス,ロボット・FA・機械,JOBY,JOBY AVIATION INC,1.06
自律技術・ロボティクス,ロボット・FA・機械,KDK,KODIAK AI INC,0.64
自律技術・ロボティクス,ロボット・FA・機械,KMTUY,KOMATSU LTD -SPONS ADR,1.8
自律技術・ロボティクス,ロボット・FA・機械,KTOS,KRATOS DEFENSE & SECURITY,5.55
自律技術・ロボティクス,ロボット・FA・機械,LHX,L3HARRIS TECHNOLOGIES INC,2.72
自律技術・ロボティクス,ロボット・FA・機械,LUNR,INTUITIVE MACHINES INC,1.87
自律技術・ロボティクス,ロボット・FA・機械,NVDA,NVIDIA CORP,4.97
自律技術・ロボティクス,ロボット・FA・機械,OKLO,OKLO INC,0.91
自律技術・ロボティクス,ロボット・FA・機械,PLTR,PALANTIR TECHNOLOGIES INC-A,4.63
自律技術・ロボティクス,ロボット・FA・機械,PONY,PONY AI INC,0.98
自律技術・ロボティクス,ロボット・FA・機械,SNPS,SYNOPSYS INC,0.88
自律技術・ロボティクス,ロボット・FA・機械,SPCX,SPACE EXPLORATION TECHN-CL A,8.14
自律技術・ロボティクス,ロボット・FA・機械,TER,TERADYNE INC,6.31
自律技術・ロボティクス,ロボット・FA・機械,TRMB,TRIMBLE INC,1.97
自律技術・ロボティクス,ロボット・FA・機械,TSLA,TESLA INC,10.78
自律技術・ロボティクス,ロボット・FA・機械,TSM,TAIWAN SEMICONDUCTOR-SP ADR,3.65
自律技術・ロボティクス,ロボット・FA・機械,WRD,WERIDE INC-ADR,1.05
自律技術・ロボティクス,ロボット・FA・機械,XE,X-ENERGY INC,1.24
航空,産業・インフラ,AAL,American Airlines Group Inc.,10.64
航空,産業・インフラ,ALGT,Allegiant Travel Company,3.68
航空,産業・インフラ,ALK,"Alaska Air Group, Inc.",3.53
航空,産業・インフラ,BA,The Boeing Company,1.89
航空,産業・インフラ,BKNG,Booking Holdings Inc.,1.93
航空,産業・インフラ,CLV-DE,Trip.com Group Ltd ADR,1.03
航空,産業・インフラ,DAL,"Delta Air Lines, Inc.",10.59
航空,産業・インフラ,EXPE,"Expedia Group, Inc.",2.02
航空,産業・インフラ,GD,General Dynamics Corporation,1.98
航空,産業・インフラ,JBLU,JetBlue Airways Corporation,3.51
航空,産業・インフラ,LTM,LATAM Airlines Group S.A.,1.0
航空,産業・インフラ,LUV,Southwest Airlines Co.,11.05
航空,産業・インフラ,RYAAY,Ryanair Holdings plc,0.99
航空,産業・インフラ,SABR,Sabre Corporation,2.08
航空,産業・インフラ,SKYW,"SkyWest, Inc.",3.54
航空,産業・インフラ,TRIP,"Tripadvisor, Inc.",1.98
航空,産業・インフラ,TXT,Textron Inc.,2.01
航空,産業・インフラ,UAL,"United Airlines Holdings, Inc.",10.54
航空,産業・インフラ,ULCC,"Frontier Group Holdings, Inc.",3.72
航空宇宙・防衛,防衛・宇宙,ACHR,ARCHER AVIATION INC A,1.869104
航空宇宙・防衛,防衛・宇宙,AIR,AAR CORP,1.483916
航空宇宙・防衛,防衛・宇宙,ARXS,ARXIS INC A,1.061158
航空宇宙・防衛,防衛・宇宙,ATI,ATI INC,2.616768
航空宇宙・防衛,防衛・宇宙,ATRO,ASTRONICS CORP,1.208276
航空宇宙・防衛,防衛・宇宙,AVAV,AEROVIRONMENT INC,3.208039
航空宇宙・防衛,防衛・宇宙,AVEX,AEVEX CORP CL A,0.220712
航空宇宙・防衛,防衛・宇宙,AXON,AXON ENTERPRISE INC,2.635956
航空宇宙・防衛,防衛・宇宙,BA,BOEING CO/THE,2.78425
航空宇宙・防衛,防衛・宇宙,BETA,BETA TECHNOLOGIES INC  CL A,0.91868
航空宇宙・防衛,防衛・宇宙,BWXT,BWX TECHNOLOGIES INC,2.688727
航空宇宙・防衛,防衛・宇宙,CDRE,CADRE HOLDINGS INC,0.302626
航空宇宙・防衛,防衛・宇宙,CRS,CARPENTER TECHNOLOGY,2.510991
航空宇宙・防衛,防衛・宇宙,CW,CURTISS WRIGHT CORP,2.870744
航空宇宙・防衛,防衛・宇宙,DCO,DUCOMMUN INC,1.203953
航空宇宙・防衛,防衛・宇宙,DRS,LEONARDO DRS INC,1.22848
航空宇宙・防衛,防衛・宇宙,FLY,FIREFLY AEROSPACE INC,1.018413
航空宇宙・防衛,防衛・宇宙,FTAI,FTAI AVIATION LTD,2.972716
航空宇宙・防衛,防衛・宇宙,GD,GENERAL DYNAMICS CORP,2.867161
航空宇宙・防衛,防衛・宇宙,GE,GENERAL ELECTRIC,2.800925
航空宇宙・防衛,防衛・宇宙,HEI,HEICO CORP,2.772203
航空宇宙・防衛,防衛・宇宙,HII,HUNTINGTON INGALLS INDUSTRIE,2.808878
航空宇宙・防衛,防衛・宇宙,HONA,HONEYWELL AEROSPACE INC,3.186119
航空宇宙・防衛,防衛・宇宙,HWM,HOWMET AEROSPACE INC,2.792713
航空宇宙・防衛,防衛・宇宙,HXL,HEXCEL CORP,2.595717
航空宇宙・防衛,防衛・宇宙,KRMN,KARMAN HOLDINGS INC,2.583449
航空宇宙・防衛,防衛・宇宙,KTOS,KRATOS DEFENSE + SECURITY,2.970286
航空宇宙・防衛,防衛・宇宙,LHX,L3HARRIS TECHNOLOGIES INC,2.817485
航空宇宙・防衛,防衛・宇宙,LMT,LOCKHEED MARTIN CORP,2.9168
航空宇宙・防衛,防衛・宇宙,LOAR,LOAR HOLDINGS INC,1.225516
航空宇宙・防衛,防衛・宇宙,LUNR,INTUITIVE MACHINES INC,1.26097
航空宇宙・防衛,防衛・宇宙,MOG-A,MOOG INC CLASS A,2.872047
航空宇宙・防衛,防衛・宇宙,MRCY,MERCURY SYSTEMS INC,2.184955
航空宇宙・防衛,防衛・宇宙,NOC,NORTHROP GRUMMAN CORP,2.918656
航空宇宙・防衛,防衛・宇宙,NPK,NATIONAL PRESTO INDS INC,0.397856
航空宇宙・防衛,防衛・宇宙,PKE,PARK AEROSPACE CORP,0.287633
航空宇宙・防衛,防衛・宇宙,RCAT,RED CAT HOLDINGS INC,0.510683
航空宇宙・防衛,防衛・宇宙,RDW,REDWIRE CORP,1.451207
航空宇宙・防衛,防衛・宇宙,RKLB,ROCKET LAB CORP,3.166155
航空宇宙・防衛,防衛・宇宙,RTX,RTX CORP,2.810767
航空宇宙・防衛,防衛・宇宙,SARO,STANDARDAERO INC,2.55938
航空宇宙・防衛,防衛・宇宙,SATL,SATELLOGIC INC A,0.355026
航空宇宙・防衛,防衛・宇宙,SPCE,VIRGIN GALACTIC HOLDINGS INC,0.247714
航空宇宙・防衛,防衛・宇宙,TDG,TRANSDIGM GROUP INC,2.816501
航空宇宙・防衛,防衛・宇宙,TXT,TEXTRON INC,2.840028
航空宇宙・防衛,防衛・宇宙,VOYG,VOYAGER TECHNOLOGIES INC A,1.037927
航空宇宙・防衛,防衛・宇宙,VSEC,VSE CORP,2.483809
航空宇宙・防衛,防衛・宇宙,VVX,V2X INC,1.300548
航空宇宙・防衛,防衛・宇宙,WWD,WOODWARD INC,2.751422
航空宇宙・防衛,防衛・宇宙,YSS,YORK SPACE SYSTEMS INC,0.491192
製薬,ヘルスケア・バイオ,ACRS,ACLARIS THERAPEUTICS INC,1.161294
製薬,ヘルスケア・バイオ,ALMS,ALUMIS INC,1.526342
製薬,ヘルスケア・バイオ,AMLX,AMYLYX PHARMACEUTICALS INC,1.892854
製薬,ヘルスケア・バイオ,AMPH,AMPHASTAR PHARMACEUTICALS IN,1.396266
製薬,ヘルスケア・バイオ,AMRX,AMNEAL PHARMACEUTICALS INC,2.212851
製薬,ヘルスケア・バイオ,ANIP,ANI PHARMACEUTICALS INC,2.11171
製薬,ヘルスケア・バイオ,ANRO,ALTO NEUROSCIENCE INC,1.407062
製薬,ヘルスケア・バイオ,AQST,AQUESTIVE THERAPEUTICS INC,1.141244
製薬,ヘルスケア・バイオ,ARVN,ARVINAS INC,0.766968
製薬,ヘルスケア・バイオ,AVLN,AVALYN PHARMA INC,0.89966
製薬,ヘルスケア・バイオ,AXSM,AXSOME THERAPEUTICS INC,1.847232
製薬,ヘルスケア・バイオ,BIOA,BIOAGE LABS INC,0.754649
製薬,ヘルスケア・バイオ,BMY,BRISTOL MYERS SQUIBB CO,1.840822
製薬,ヘルスケア・バイオ,COLL,COLLEGIUM PHARMACEUTICAL INC,1.823859
製薬,ヘルスケア・バイオ,CORT,CORCEPT THERAPEUTICS INC,1.861696
製薬,ヘルスケア・バイオ,CRMD,CORMEDIX INC,1.207121
製薬,ヘルスケア・バイオ,CTNM,CONTINEUM THERAPEUTICS INC A,0.623166
製薬,ヘルスケア・バイオ,DFTX,DEFINIUM THERAPEUTICS INC,1.957732
製薬,ヘルスケア・バイオ,ELAN,ELANCO ANIMAL HEALTH INC,1.803388
製薬,ヘルスケア・バイオ,ELVN,ENLIVEN THERAPEUTICS INC,1.610656
製薬,ヘルスケア・バイオ,EOLS,EVOLUS INC,0.685128
製薬,ヘルスケア・バイオ,ETON,ETON PHARMACEUTICALS INC,1.780148
製薬,ヘルスケア・バイオ,EWTX,EDGEWISE THERAPEUTICS INC,1.947984
製薬,ヘルスケア・バイオ,EYPT,EYEPOINT INC,0.829384
製薬,ヘルスケア・バイオ,HRMY,HARMONY BIOSCIENCES HOLDINGS,1.915272
製薬,ヘルスケア・バイオ,HROW,HARROW INC,1.710398
製薬,ヘルスケア・バイオ,INDV,INDIVIOR PHARMACEUTICALS INC,1.934824
製薬,ヘルスケア・バイオ,INVA,INNOVIVA INC,1.885371
製薬,ヘルスケア・バイオ,JAZZ,JAZZ PHARMACEUTICALS PLC,1.894598
製薬,ヘルスケア・バイオ,JNJ,JOHNSON + JOHNSON,1.910366
製薬,ヘルスケア・バイオ,LBRX,LB PHARMACEUTICALS INC,1.471604
製薬,ヘルスケア・バイオ,LGND,LIGAND PHARMACEUTICALS,1.906708
製薬,ヘルスケア・バイオ,LLY,ELI LILLY + CO,1.961857
製薬,ヘルスケア・バイオ,LQDA,LIQUIDIA CORP,1.819753
製薬,ヘルスケア・バイオ,LXRX,LEXICON PHARMACEUTICALS INC,0.845185
製薬,ヘルスケア・バイオ,MANE,VERADERMICS INC,2.142879
製薬,ヘルスケア・バイオ,MAZE,MAZE THERAPEUTICS INC,1.534592
製薬,ヘルスケア・バイオ,MBX,MBX BIOSCIENCES INC,1.834141
製薬,ヘルスケア・バイオ,MRK,MERCK + CO. INC.,1.918734
製薬,ヘルスケア・バイオ,NUVB,NUVATION BIO INC,1.762756
製薬,ヘルスケア・バイオ,OCUL,OCULAR THERAPEUTIX INC,1.649122
製薬,ヘルスケア・バイオ,OGN,ORGANON + CO,1.894822
製薬,ヘルスケア・バイオ,OMER,OMEROS CORP,1.805553
製薬,ヘルスケア・バイオ,PAHC,PHIBRO ANIMAL HEALTH CORP A,1.081199
製薬,ヘルスケア・バイオ,PBH,PRESTIGE CONSUMER HEALTHCARE,1.819565
製薬,ヘルスケア・バイオ,PCRX,PACIRA BIOSCIENCES INC,1.59104
製薬,ヘルスケア・バイオ,PFE,PFIZER INC,1.890712
製薬,ヘルスケア・バイオ,PHAT,PHATHOM PHARMACEUTICALS INC,1.10554
製薬,ヘルスケア・バイオ,PRGO,PERRIGO CO PLC,1.865708
製薬,ヘルスケア・バイオ,RAPP,RAPPORT THERAPEUTICS INC,1.589763
製薬,ヘルスケア・バイオ,RLMD,RELMADA THERAPEUTICS INC,0.993526
製薬,ヘルスケア・バイオ,RPRX,ROYALTY PHARMA PLC  CL A,1.826248
製薬,ヘルスケア・バイオ,SEPN,SEPTERNA INC,1.797518
製薬,ヘルスケア・バイオ,SUPN,SUPERNUS PHARMACEUTICALS INC,1.925395
製薬,ヘルスケア・バイオ,TARS,TARSUS PHARMACEUTICALS INC,1.77196
製薬,ヘルスケア・バイオ,TBPH,THERAVANCE BIOPHARMA INC,1.07616
製薬,ヘルスケア・バイオ,TRVI,TREVI THERAPEUTICS INC,1.694308
製薬,ヘルスケア・バイオ,VTRS,VIATRIS INC,1.96229
製薬,ヘルスケア・バイオ,WVE,WAVE LIFE SCIENCES INC,1.498218
製薬,ヘルスケア・バイオ,XERS,XERIS BIOPHARMA HOLDINGS INC,2.161122
製薬,ヘルスケア・バイオ,ZTS,ZOETIS INC,1.842293
製薬,ヘルスケア・バイオ,ZVRA,ZEVRA THERAPEUTICS INC,1.559626
資本市場,金融・不動産,AAMI,ACADIAN ASSET MANAGEMENT INC,1.595661
資本市場,金融・不動産,AMG,AFFILIATED MANAGERS GROUP,1.607183
資本市場,金融・不動産,AMP,AMERIPRISE FINANCIAL INC,1.522412
資本市場,金融・不動産,APAM,ARTISAN PARTNERS ASSET MA  A,1.440328
資本市場,金融・不動産,ARES,ARES MANAGEMENT CORP   A,1.484407
資本市場,金融・不動産,BEN,FRANKLIN TEMPLETON INC,1.546269
資本市場,金融・不動産,BGC,BGC GROUP INC A,1.601857
資本市場,金融・不動産,BLK,BLACKROCK INC,1.595128
資本市場,金融・不動産,BNY,BANK OF NEW YORK MELLON CORP,1.485113
資本市場,金融・不動産,BTGO,BITGO HOLDINGS INC CL A,1.223337
資本市場,金融・不動産,BX,BLACKSTONE INC,1.536022
資本市場,金融・不動産,CBOE,CBOE GLOBAL MARKETS INC,1.464387
資本市場,金融・不動産,CG,CARLYLE GROUP INC/THE,1.45864
資本市場,金融・不動産,CME,CME GROUP INC,1.574987
資本市場,金融・不動産,CNS,COHEN + STEERS INC,1.512626
資本市場,金融・不動産,COIN,COINBASE GLOBAL INC  CLASS A,1.806961
資本市場,金融・不動産,DBRG,DIGITALBRIDGE GROUP INC,1.568394
資本市場,金融・不動産,DFIN,DONNELLEY FINANCIAL SOLUTION,1.555845
資本市場,金融・不動産,EVR,EVERCORE INC   A,1.467358
資本市場,金融・不動産,FDS,FACTSET RESEARCH SYSTEMS INC,1.598
資本市場,金融・不動産,FHI,FEDERATED HERMES INC,1.497444
資本市場,金融・不動産,GCMG,GCM GROSVENOR INC   CLASS A,0.868376
資本市場,金融・不動産,GLXY,GALAXY DIGITAL INC A,1.625737
資本市場,金融・不動産,GS,GOLDMAN SACHS GROUP INC,1.468351
資本市場,金融・不動産,HLI,HOULIHAN LOKEY INC,1.53747
資本市場,金融・不動産,HLNE,HAMILTON LANE INC CLASS A,1.406815
資本市場,金融・不動産,HOOD,ROBINHOOD MARKETS INC   A,1.677588
資本市場,金融・不動産,IBKR,INTERACTIVE BROKERS GRO CL A,1.61931
資本市場,金融・不動産,ICE,INTERCONTINENTAL EXCHANGE IN,1.557061
資本市場,金融・不動産,IVZ,INVESCO LTD,1.533597
資本市場,金融・不動産,JEF,JEFFERIES FINANCIAL GROUP IN,1.363757
資本市場,金融・不動産,KKR,KKR + CO INC,1.519179
資本市場,金融・不動産,LAZ,LAZARD INC,1.346228
資本市場,金融・不動産,LPLA,LPL FINANCIAL HOLDINGS INC,1.492584
資本市場,金融・不動産,MC,MOELIS + CO   CLASS A,1.454485
資本市場,金融・不動産,MCO,MOODY S CORP,1.545976
資本市場,金融・不動産,MIAX,MIAMI INTERNATIONAL HOLDINGS,1.389249
資本市場,金融・不動産,MKTX,MARKETAXESS HOLDINGS INC,1.572039
資本市場,金融・不動産,MORN,MORNINGSTAR INC,1.595241
資本市場,金融・不動産,MS,MORGAN STANLEY,1.501069
資本市場,金融・不動産,MSCI,MSCI INC,1.582828
資本市場,金融・不動産,NDAQ,NASDAQ INC,1.576205
資本市場,金融・不動産,NTRS,NORTHERN TRUST CORP,1.519554
資本市場,金融・不動産,OPY,OPPENHEIMER HOLDINGS CL A,1.522777
資本市場,金融・不動産,OWL,BLUE OWL CAPITAL INC,1.452857
資本市場,金融・不動産,PIPR,PIPER SANDLER COS,1.5053
資本市場,金融・不動産,PJT,PJT PARTNERS INC   A,1.339391
資本市場,金融・不動産,PWP,PERELLA WEINBERG PARTNERS,1.320395
資本市場,金融・不動産,RJF,RAYMOND JAMES FINANCIAL INC,1.476371
資本市場,金融・不動産,RPC,RIDGEPOST CAPITAL INC A,0.544753
資本市場,金融・不動産,SBET,SHARPLINK INC,1.833056
資本市場,金融・不動産,SCHW,SCHWAB (CHARLES) CORP,1.573388
資本市場,金融・不動産,SEIC,SEI INVESTMENTS COMPANY,1.542165
資本市場,金融・不動産,SF,STIFEL FINANCIAL CORP,1.472407
資本市場,金融・不動産,SNEX,STONEX GROUP INC,1.526269
資本市場,金融・不動産,SPGI,S+P GLOBAL INC,1.518168
資本市場,金融・不動産,STEP,STEPSTONE GROUP INC CLASS A,1.496144
資本市場,金融・不動産,STT,STATE STREET CORP,1.507101
資本市場,金融・不動産,TPG,TPG INC,1.49166
資本市場,金融・不動産,TROW,T ROWE PRICE GROUP INC,1.523054
資本市場,金融・不動産,TW,TRADEWEB MARKETS INC CLASS A,1.591431
資本市場,金融・不動産,VCTR,VICTORY CAPITAL HOLDING   A,1.510814
資本市場,金融・不動産,VIRT,VIRTU FINANCIAL INC CLASS A,1.446879
資本市場,金融・不動産,VRTS,VIRTUS INVESTMENT PARTNERS,1.339285
資本市場,金融・不動産,WLTH,WEALTHFRONT CORP,1.668007
資本市場,金融・不動産,WT,WISDOMTREE INC,1.556517
資本市場,金融・不動産,XXI,TWENTY ONE CAPITAL INC CL A,1.25732
通信,通信,AAOI,APPLIED OPTOELECTRONICS INC,2.976667
通信,通信,AD,ARRAY DIGITAL INFRASTRUCTURE,1.040767
通信,通信,ADTN,ADTRAN HOLDINGS INC,1.410284
通信,通信,ANET,ARISTA NETWORKS INC,3.147799
通信,通信,ASTS,AST SPACEMOBILE INC,2.931295
通信,通信,ATEX,ANTERIX INC,2.415805
通信,通信,BAND,BANDWIDTH INC CLASS A,3.28818
通信,通信,CALX,CALIX INC,3.040522
通信,通信,CCOI,COGENT COMMUNICATIONS HOLDIN,0.954393
通信,通信,CIEN,CIENA CORP,3.200981
通信,通信,CLFD,CLEARFIELD INC,0.798782
通信,通信,CMCSA,COMCAST CORP CLASS A,2.756817
通信,通信,CSCO,CISCO SYSTEMS INC,3.011239
通信,通信,DGII,DIGI INTERNATIONAL INC,3.120711
通信,通信,EXTR,EXTREME NETWORKS INC,3.131355
通信,通信,GLIBK,LIBERTY CAPITAL CORP CL C,1.723934
通信,通信,GSAT,GLOBALSTAR INC,3.005618
通信,通信,HLIT,HARMONIC INC,2.775449
通信,通信,IDT,IDT CORP CLASS B,1.645877
通信,通信,IRDM,IRIDIUM COMMUNICATIONS INC,3.028645
通信,通信,LBTYA,LIBERTY GLOBAL LTD A,2.810125
通信,通信,LILAK,LIBERTY LATIN AMERIC CL C,1.453754
通信,通信,LITE,LUMENTUM HOLDINGS INC,2.853314
通信,通信,LUMN,LUMEN TECHNOLOGIES INC,2.804453
通信,通信,MSI,MOTOROLA SOLUTIONS INC,2.965851
通信,通信,NTCT,NETSCOUT SYSTEMS INC,3.086383
通信,通信,NTGR,NETGEAR INC,1.217344
通信,通信,ONDS,ONDAS INC,2.992895
通信,通信,SHEN,SHENANDOAH TELECOMMUNICATION,0.815939
通信,通信,SPCX,SPACE EXPLORATION TECHN CL A,3.042562
通信,通信,T,AT+T INC,2.991662
通信,通信,TDS,TELEPHONE AND DATA SYSTEMS,2.865887
通信,通信,TMUS,T MOBILE US INC,2.755168
通信,通信,UI,UBIQUITI INC,3.328852
通信,通信,UNIT,UNITI GROUP INC,2.785609
通信,通信,VIAV,VIAVI SOLUTIONS INC,2.731534
通信,通信,VISN,VISTANCE NETWORKS INC,2.991015
通信,通信,VSAT,VIASAT INC,3.120639
通信,通信,VZ,VERIZON COMMUNICATIONS INC,2.833957
運輸,産業・インフラ,AAL,AMERICAN AIRLINES GROUP INC,2.948227
運輸,産業・インフラ,ALGT,ALLEGIANT TRAVEL CO,2.249737
運輸,産業・インフラ,ALK,ALASKA AIR GROUP INC,2.918619
運輸,産業・インフラ,ARCB,ARCBEST CORP,2.678275
運輸,産業・インフラ,CAR,AVIS BUDGET GROUP INC,2.485549
運輸,産業・インフラ,CHRW,C.H. ROBINSON WORLDWIDE INC,2.856073
運輸,産業・インフラ,CSX,CSX CORP,2.673019
運輸,産業・インフラ,CVLG,COVENANT LOGISTICS GROUP INC,0.528619
運輸,産業・インフラ,DAL,DELTA AIR LINES INC,2.945213
運輸,産業・インフラ,EXPD,EXPEDITORS INTL WASH INC,2.868712
運輸,産業・インフラ,FDX,FEDEX CORP,2.689621
運輸,産業・インフラ,FDXF,FEDEX FREIGHT HOLDING CO,2.64938
運輸,産業・インフラ,FIP,FTAI INFRASTRUCTURE INC,0.287912
運輸,産業・インフラ,FWRD,FORWARD AIR CORP,0.46581
運輸,産業・インフラ,GNK,GENCO SHIPPING + TRADING LTD,0.579353
運輸,産業・インフラ,GXO,GXO LOGISTICS INC,2.76326
運輸,産業・インフラ,HTLD,HEARTLAND EXPRESS INC,0.610974
運輸,産業・インフラ,HTZ,HERTZ GLOBAL HLDGS INC,0.395123
運輸,産業・インフラ,HUBG,HUB GROUP INC CL A,2.240859
運輸,産業・インフラ,JBHT,HUNT (JB) TRANSPRT SVCS INC,2.479381
運輸,産業・インフラ,JBLU,JETBLUE AIRWAYS CORP,1.731585
運輸,産業・インフラ,JOBY,JOBY AVIATION INC,2.806986
運輸,産業・インフラ,KEX,KIRBY CORP,2.751621
運輸,産業・インフラ,KNX,KNIGHT SWIFT TRANSPORTATION,2.722683
運輸,産業・インフラ,LSTR,LANDSTAR SYSTEM INC,2.758804
運輸,産業・インフラ,LUV,SOUTHWEST AIRLINES CO,3.035972
運輸,産業・インフラ,LYFT,LYFT INC A,2.881168
運輸,産業・インフラ,MATX,MATSON INC,2.908598
運輸,産業・インフラ,MRTN,MARTEN TRANSPORT LTD,0.730975
運輸,産業・インフラ,NSC,NORFOLK SOUTHERN CORP,2.687758
運輸,産業・インフラ,ODFL,OLD DOMINION FREIGHT LINE,2.709291
運輸,産業・インフラ,R,RYDER SYSTEM INC,2.723988
運輸,産業・インフラ,RXO,RXO INC,2.766453
運輸,産業・インフラ,SAIA,SAIA INC,2.823643
運輸,産業・インフラ,SKYW,SKYWEST INC,2.847654
運輸,産業・インフラ,SNDR,SCHNEIDER NATIONAL INC CL B,1.874973
運輸,産業・インフラ,UAL,UNITED AIRLINES HOLDINGS INC,3.002191
運輸,産業・インフラ,UBER,UBER TECHNOLOGIES INC,2.801871
運輸,産業・インフラ,UHAL-B,U HAUL HOLDING CO NON VOTING,1.608433
運輸,産業・インフラ,ULCC,FRONTIER GROUP HOLDINGS INC,0.598659
運輸,産業・インフラ,UNP,UNION PACIFIC CORP,2.662241
運輸,産業・インフラ,UPS,UNITED PARCEL SERVICE CL B,2.68469
運輸,産業・インフラ,WERN,WERNER ENTERPRISES INC,2.408402
運輸,産業・インフラ,XPO,XPO INC,2.660036
量子コンピュータ,AI・ソフト・データ,AMD,"Advanced Micro Devices, Inc.",1.44
量子コンピュータ,AI・ソフト・データ,AMZN,"Amazon.com, Inc.",1.26
量子コンピュータ,AI・ソフト・データ,ARQQ,Arqit Quantum Inc.,1.78
量子コンピュータ,AI・ソフト・データ,ESTC,Elastic N.V.,1.75
量子コンピュータ,AI・ソフト・データ,HPE,Hewlett Packard Enterprise Company,1.6
量子コンピュータ,AI・ソフト・データ,HQ,Horizon Quantum Holdings Ltd.,1.61
量子コンピュータ,AI・ソフト・データ,MDB,"MongoDB, Inc.",1.35
量子コンピュータ,AI・ソフト・データ,MSFT,Microsoft Corporation,1.5
量子コンピュータ,AI・ソフト・データ,MU,"Micron Technology, Inc.",1.31
量子コンピュータ,AI・ソフト・データ,NET,"Cloudflare, Inc.",1.82
量子コンピュータ,AI・ソフト・データ,NTNX,"Nutanix, Inc.",1.68
量子コンピュータ,AI・ソフト・データ,NVDA,NVIDIA Corporation,1.31
量子コンピュータ,AI・ソフト・データ,PLTR,Palantir Technologies Inc.,1.62
量子コンピュータ,AI・ソフト・データ,RDNT,"RadNet, Inc.",1.6
量子コンピュータ,AI・ソフト・データ,RTX,RTX Corporation,1.3
量子コンピュータ,AI・ソフト・データ,SNOW,Snowflake Inc.,1.69
金属・鉱山,素材・資源,AA,ALCOA CORP,4.557733
金属・鉱山,素材・資源,ABAT,AMERICAN BATTERY TECHNOLOGY,0.294941
金属・鉱山,素材・資源,ALOY,REALLOYS INC,0.585302
金属・鉱山,素材・資源,AMR,ALPHA METALLURGICAL RESOURCE,1.724099
金属・鉱山,素材・資源,BTU,PEABODY ENERGY CORP,2.846451
金属・鉱山,素材・資源,CDE,COEUR MINING INC,4.814487
金属・鉱山,素材・資源,CENX,CENTURY ALUMINUM COMPANY,2.360888
金属・鉱山,素材・資源,CLF,CLEVELAND CLIFFS INC,5.170952
金属・鉱山,素材・資源,CMC,COMMERCIAL METALS CO,4.804083
金属・鉱山,素材・資源,CMP,COMPASS MINERALS INTERNATION,0.724887
金属・鉱山,素材・資源,CNR,CORE NATURAL RESOURCES INC,3.363912
金属・鉱山,素材・資源,CTGO,CONTANGO SILVER + GOLD INC,0.51534
金属・鉱山,素材・資源,DC,DAKOTA GOLD CORP,0.529295
金属・鉱山,素材・資源,FCX,FREEPORT MCMORAN INC,4.902979
金属・鉱山,素材・資源,HCC,WARRIOR MET COAL INC,3.508171
金属・鉱山,素材・資源,HL,HECLA MINING CO,4.558474
金属・鉱山,素材・資源,HYMC,HYCROFT MINING HOLDING CO A,1.049754
金属・鉱山,素材・資源,IDR,IDAHO STRATEGIC RESOURCES IN,0.416359
金属・鉱山,素材・資源,IE,IVANHOE ELECTRIC INC / US,1.234074
金属・鉱山,素材・資源,KALU,KAISER ALUMINUM CORP,2.135989
金属・鉱山,素材・資源,LEU,CENTRUS ENERGY CORP CLASS A,2.590779
金属・鉱山,素材・資源,METC,RAMACO RESOURCES INC A,0.404944
金属・鉱山,素材・資源,MP,MP MATERIALS CORP,4.769356
金属・鉱山,素材・資源,MTRN,MATERION CORP,4.558188
金属・鉱山,素材・資源,MTUS,METALLUS INC,0.480531
金属・鉱山,素材・資源,MUX,MCEWEN INC,0.913106
金属・鉱山,素材・資源,NEM,NEWMONT CORP,4.951753
金属・鉱山,素材・資源,NUE,NUCOR CORP,4.868037
金属・鉱山,素材・資源,RGLD,ROYAL GOLD INC,4.934294
金属・鉱山,素材・資源,RS,RELIANCE INC,5.043927
金属・鉱山,素材・資源,RYZ,RYERSON HOLDING CORP,0.875089
金属・鉱山,素材・資源,STLD,STEEL DYNAMICS INC,4.949263
金属・鉱山,素材・資源,SXC,SUNCOKE ENERGY INC,0.752872
金属・鉱山,素材・資源,UAMY,UNITED STATES ANTIMONY CORP,0.577328
金属・鉱山,素材・資源,UEC,URANIUM ENERGY CORP,4.500824
金属・鉱山,素材・資源,URG,UR ENERGY INC,0.435982
金属・鉱山,素材・資源,USAR,USA RARE EARTH INC,3.634707
金属・鉱山,素材・資源,WS,WORTHINGTON STEEL INC,0.609085
金鉱山,素材・資源,AU,AngloGold Ashanti plc,5.02
金鉱山,素材・資源,CDE,"Coeur Mining, Inc.",2.29
金鉱山,素材・資源,EDG-DE,Gold Fields Ltd ADR,4.13
金鉱山,素材・資源,EQX,Equinox Gold Corp.,1.65
金鉱山,素材・資源,HAM-DE,Harmony Gold Mining Co Ltd ADR,1.11
金鉱山,素材・資源,HL,Hecla Mining Company,1.34
金鉱山,素材・資源,NEM,Newmont Corporation,10.91
金鉱山,素材・資源,RGLD,"Royal Gold, Inc.",1.93
銀行,金融・不動産,ABCB,AMERIS BANCORP,0.93901
銀行,金融・不動産,AGM,FEDERAL AGRIC MTG CORP CL C,0.927687
銀行,金融・不動産,APO,APOLLO GLOBAL MANAGEMENT INC,0.928595
銀行,金融・不動産,ASB,ASSOCIATED BANC CORP,0.923545
銀行,金融・不動産,AUB,ATLANTIC UNION BANKSHARES CO,0.93529
銀行,金融・不動産,AX,AXOS FINANCIAL INC,0.92361
銀行,金融・不動産,BAC,BANK OF AMERICA CORP,0.879448
銀行,金融・不動産,BANC,BANC OF CALIFORNIA INC,0.945232
銀行,金融・不動産,BANF,BANCFIRST CORP,0.939394
銀行,金融・不動産,BANR,BANNER CORPORATION,0.941612
銀行,金融・不動産,BBT,BEACON FINANCIAL CORP,0.879905
銀行,金融・不動産,BKU,BANKUNITED INC,0.93514
銀行,金融・不動産,BNY,BANK OF NEW YORK MELLON CORP,0.900465
銀行,金融・不動産,BOH,BANK OF HAWAII CORP,0.918485
銀行,金融・不動産,BOKF,BOK FINANCIAL CORPORATION,0.941217
銀行,金融・不動産,BPOP,POPULAR INC,0.93782
銀行,金融・不動産,BUSE,FIRST BUSEY CORP,0.94304
銀行,金融・不動産,C,CITIGROUP INC,0.931905
銀行,金融・不動産,CASH,PATHWARD FINANCIAL INC,0.912452
銀行,金融・不動産,CATY,CATHAY GENERAL BANCORP,0.953082
銀行,金融・不動産,CBC,CENTRAL BANCOMPANY,0.943802
銀行,金融・不動産,CBSH,COMMERCE BANCSHARES INC,0.925702
銀行,金融・不動産,CBU,COMMUNITY FINANCIAL SYSTEM I,0.930805
銀行,金融・不動産,CFG,CITIZENS FINANCIAL GROUP,0.923375
銀行,金融・不動産,CFR,CULLEN/FROST BANKERS INC,0.932424
銀行,金融・不動産,CHCO,CITY HOLDING CO,0.926274
銀行,金融・不動産,CLBK,COLUMBIA FINANCIAL INC,0.960854
銀行,金融・不動産,COLB,COLUMBIA BANKING SYSTEM INC,0.952822
銀行,金融・不動産,CRBG,COREBRIDGE FINANCIAL INC,0.978468
銀行,金融・不動産,CUBI,CUSTOMERS BANCORP INC,0.959553
銀行,金融・不動産,CVBF,CVB FINANCIAL CORP,0.965991
銀行,金融・不動産,EBC,EASTERN BANKSHARES INC,0.940838
銀行,金融・不動産,EFSC,ENTERPRISE FINANCIAL SERVICE,0.913746
銀行,金融・不動産,EQH,EQUITABLE HOLDINGS INC,0.983396
銀行,金融・不動産,ESNT,ESSENT GROUP LTD,0.921776
銀行,金融・不動産,EWBC,EAST WEST BANCORP INC,0.947111
銀行,金融・不動産,FBK,FB FINANCIAL CORP,0.931952
銀行,金融・不動産,FBNC,FIRST BANCORP/NC,0.930585
銀行,金融・不動産,FBP,FIRST BANCORP PUERTO RICO,0.939965
銀行,金融・不動産,FCF,FIRST COMMONWEALTH FINL CORP,0.950915
銀行,金融・不動産,FCNCA,FIRST CITIZENS BCSHS   CL A,0.947628
銀行,金融・不動産,FFBC,FIRST FINANCIAL BANCORP,0.937031
銀行,金融・不動産,FFIN,FIRST FINL BANKSHARES INC,0.952373
銀行,金融・不動産,FHB,FIRST HAWAIIAN INC,0.946828
銀行,金融・不動産,FHN,FIRST HORIZON CORP,0.925761
銀行,金融・不動産,FIBK,FIRST INTERSTATE BANCSYS A,0.951164
銀行,金融・不動産,FITB,FIFTH THIRD BANCORP,0.935475
銀行,金融・不動産,FLG,FLAGSTAR BANK NA,0.902866
銀行,金融・不動産,FNB,FNB CORP,0.936275
銀行,金融・不動産,FRME,FIRST MERCHANTS CORP,0.955123
銀行,金融・不動産,FULT,FULTON FINANCIAL CORP,0.945632
銀行,金融・不動産,GBCI,GLACIER BANCORP INC,0.931374
銀行,金融・不動産,HBAN,HUNTINGTON BANCSHARES INC,0.91718
銀行,金融・不動産,HOMB,HOME BANCSHARES INC,0.947717
銀行,金融・不動産,HTH,HILLTOP HOLDINGS INC,0.925901
銀行,金融・不動産,HWC,HANCOCK WHITNEY CORP,0.951949
銀行,金融・不動産,IBOC,INTERNATIONAL BANCSHARES CRP,0.944864
銀行,金融・不動産,INDB,INDEPENDENT BANK CORP/MA,0.938108
銀行,金融・不動産,JPM,JPMORGAN CHASE + CO,0.943805
銀行,金融・不動産,JXN,JACKSON FINANCIAL INC A,0.908362
銀行,金融・不動産,KEY,KEYCORP,0.913284
銀行,金融・不動産,LKFN,LAKELAND FINANCIAL CORP,0.946324
銀行,金融・不動産,MTB,M + T BANK CORP,0.906799
銀行,金融・不動産,MTG,MGIC INVESTMENT CORP,0.907178
銀行,金融・不動産,NBTB,N B T BANCORP INC,0.952206
銀行,金融・不動産,NIC,NICOLET BANKSHARES INC,0.923805
銀行,金融・不動産,NMIH,NMI HOLDINGS INC,0.910148
銀行,金融・不動産,NTRS,NORTHERN TRUST CORP,0.921389
銀行,金融・不動産,NWBI,NORTHWEST BANCSHARES INC,0.947204
銀行,金融・不動産,OFG,OFG BANCORP,0.952363
銀行,金融・不動産,ONB,OLD NATIONAL BANCORP,0.944935
銀行,金融・不動産,OZK,BANK OZK,0.932553
銀行,金融・不動産,PB,PROSPERITY BANCSHARES INC,0.931346
銀行,金融・不動産,PFS,PROVIDENT FINANCIAL SERVICES,0.943514
銀行,金融・不動産,PFSI,PENNYMAC FINANCIAL SERVICES,0.893131
銀行,金融・不動産,PNC,PNC FINANCIAL SERVICES GROUP,0.921594
銀行,金融・不動産,PNFP,PINNACLE FINANCIAL PARTNERS,0.925597
銀行,金融・不動産,PRK,PARK NATIONAL CORP,0.930933
銀行,金融・不動産,RDN,RADIAN GROUP INC,0.897805
銀行,金融・不動産,RF,REGIONS FINANCIAL CORP,0.908281
銀行,金融・不動産,RKT,ROCKET COS INC CLASS A,0.875151
銀行,金融・不動産,RNST,RENASANT CORP,0.953026
銀行,金融・不動産,SBCF,SEACOAST BANKING CORP/FL,0.934903
銀行,金融・不動産,SFBS,SERVISFIRST BANCSHARES INC,0.947964
銀行,金融・不動産,SFNC,SIMMONS FIRST NATL CORP CL A,0.939711
銀行,金融・不動産,SSB,SOUTHSTATE BANK CORP,0.93072
銀行,金融・不動産,SYBT,STOCK YARDS BANCORP INC,0.967001
銀行,金融・不動産,TBBK,BANCORP INC/THE,0.955654
銀行,金融・不動産,TCBI,TEXAS CAPITAL BANCSHARES INC,0.925989
銀行,金融・不動産,TFC,TRUIST FINANCIAL CORP,0.929113
銀行,金融・不動産,TFIN,TRIUMPH FINANCIAL INC,0.89576
銀行,金融・不動産,TOWN,TOWNE BANK,0.94678
銀行,金融・不動産,TRMK,TRUSTMARK CORP,0.972917
銀行,金融・不動産,UBSI,UNITED BANKSHARES INC,0.948072
銀行,金融・不動産,UCB,UNITED COMMUNITY BANKS/GA,0.938704
銀行,金融・不動産,UMBF,UMB FINANCIAL CORP,0.899147
銀行,金融・不動産,USB,US BANCORP,0.925335
銀行,金融・不動産,VLY,VALLEY NATIONAL BANCORP,0.926036
銀行,金融・不動産,VOYA,VOYA FINANCIAL INC,0.936099
銀行,金融・不動産,WAFD,WAFD INC,0.90709
銀行,金融・不動産,WAL,WESTERN ALLIANCE BANCORP,0.938871
銀行,金融・不動産,WD,WALKER + DUNLOP INC,0.88219
銀行,金融・不動産,WFC,WELLS FARGO + CO,0.917721
銀行,金融・不動産,WSBC,WESBANCO INC,0.927889
銀行,金融・不動産,WSFS,WSFS FINANCIAL CORP,0.934694
銀行,金融・不動産,WTFC,WINTRUST FINANCIAL CORP,0.929017
銀行,金融・不動産,ZION,ZIONS BANCORP NA,0.907205
銅鉱山,素材・資源,FCX,Freeport-McMoRan Inc.,4.93
銅鉱山,素材・資源,SCCO,Southern Copper Corporation,5.0
銅鉱山,素材・資源,TGB,Trekor Metals Limited,1.62
防衛,防衛・宇宙,ATI,ATI Inc.,1.96
防衛,防衛・宇宙,AXON,"Axon Enterprise, Inc.",2.74
防衛,防衛・宇宙,BA,The Boeing Company,7.72
防衛,防衛・宇宙,BWXT,"BWX Technologies, Inc.",1.02
防衛,防衛・宇宙,CRS,Carpenter Technology Corporation,1.52
防衛,防衛・宇宙,CW,Curtiss-Wright Corporation,1.58
防衛,防衛・宇宙,FTAI,FTAI Aviation Ltd.,1.47
防衛,防衛・宇宙,GD,General Dynamics Corporation,4.59
防衛,防衛・宇宙,GE,GE Aerospace,20.42
防衛,防衛・宇宙,HEI,HEICO Corporation,0.92
防衛,防衛・宇宙,HEI-A,HEICO Corporation,1.26
防衛,防衛・宇宙,HII,"Huntington Ingalls Industries, Inc.",0.81
防衛,防衛・宇宙,HONA,Honeywell Aerospace Inc.,3.91
防衛,防衛・宇宙,HWM,Howmet Aerospace Inc.,4.53
防衛,防衛・宇宙,HXL,Hexcel Corporation,0.5
防衛,防衛・宇宙,KTOS,"Kratos Defense & Security Solutions, Inc.",0.67
防衛,防衛・宇宙,LHX,"L3Harris Technologies, Inc.",3.46
防衛,防衛・宇宙,LMT,Lockheed Martin Corporation,4.66
防衛,防衛・宇宙,MOG-A,Moog Inc.,0.78
防衛,防衛・宇宙,NOC,Northrop Grumman Corporation,4.69
防衛,防衛・宇宙,RKLB,Rocket Lab Corporation,2.67
防衛,防衛・宇宙,RTX,RTX Corporation,16.38
防衛,防衛・宇宙,TDG,TransDigm Group Incorporated,4.43
防衛,防衛・宇宙,TXT,Textron Inc.,1.03
防衛,防衛・宇宙,WWD,"Woodward, Inc.",1.43
革新テクノロジー,AI・ソフト・データ,AAOI,APPLIED OPTOELECTRONICS INC,3.141352
革新テクノロジー,AI・ソフト・データ,ACMR,ACM RESEARCH INC CLASS A,1.740085
革新テクノロジー,AI・ソフト・データ,ACVA,ACV AUCTIONS INC A,1.2191
革新テクノロジー,AI・ソフト・データ,AEVA,AEVA TECHNOLOGIES INC,0.887
革新テクノロジー,AI・ソフト・データ,AI,C3.AI INC A,0.653019
革新テクノロジー,AI・ソフト・データ,ALKT,ALKAMI TECHNOLOGY INC,0.771725
革新テクノロジー,AI・ソフト・データ,AMBA,AMBARELLA INC,0.846209
革新テクノロジー,AI・ソフト・データ,AMD,ADVANCED MICRO DEVICES,2.703502
革新テクノロジー,AI・ソフト・データ,AMPL,AMPLITUDE INC CLASS A,1.109697
革新テクノロジー,AI・ソフト・データ,ANET,ARISTA NETWORKS INC,1.527286
革新テクノロジー,AI・ソフト・データ,APLD,APPLIED DIGITAL CORP,0.940618
革新テクノロジー,AI・ソフト・データ,APP,APPLOVIN CORP CLASS A,0.454402
革新テクノロジー,AI・ソフト・データ,APPF,APPFOLIO INC   A,0.840671
革新テクノロジー,AI・ソフト・データ,ARM,ARM HOLDINGS PLC ADR,2.288394
革新テクノロジー,AI・ソフト・データ,ASAN,ASANA INC   CL A,0.6115
革新テクノロジー,AI・ソフト・データ,AVGO,BROADCOM INC,0.934376
革新テクノロジー,AI・ソフト・データ,AVPT,AVEPOINT INC,0.894034
革新テクノロジー,AI・ソフト・データ,AXTI,AXT INC,5.00236
革新テクノロジー,AI・ソフト・データ,BAH,BOOZ ALLEN HAMILTON HOLDINGS,0.776317
革新テクノロジー,AI・ソフト・データ,BILL,BILL HOLDINGS INC,0.801469
革新テクノロジー,AI・ソフト・データ,BL,BLACKLINE INC,0.447934
革新テクノロジー,AI・ソフト・データ,BRZE,BRAZE INC A,0.712562
革新テクノロジー,AI・ソフト・データ,CACI,CACI INTERNATIONAL INC  CL A,1.02612
革新テクノロジー,AI・ソフト・データ,CLBT,CELLEBRITE DI LTD,0.570989
革新テクノロジー,AI・ソフト・データ,CRDO,CREDO TECHNOLOGY GROUP HOLDI,1.20689
革新テクノロジー,AI・ソフト・データ,CSGP,COSTAR GROUP INC,0.391487
革新テクノロジー,AI・ソフト・データ,CVLT,COMMVAULT SYSTEMS INC,1.111337
革新テクノロジー,AI・ソフト・データ,DDOG,DATADOG INC   CLASS A,1.554063
革新テクノロジー,AI・ソフト・データ,DOCN,DIGITALOCEAN HOLDINGS INC,2.841293
革新テクノロジー,AI・ソフト・データ,DOCS,DOXIMITY INC CLASS A,0.563008
革新テクノロジー,AI・ソフト・データ,DT,DYNATRACE INC,1.1358
革新テクノロジー,AI・ソフト・データ,DUOL,DUOLINGO,0.708907
革新テクノロジー,AI・ソフト・データ,ESTC,ELASTIC NV,1.093114
革新テクノロジー,AI・ソフト・データ,EVER,EVERQUOTE INC   CLASS A,0.764762
革新テクノロジー,AI・ソフト・データ,EVLV,EVOLV TECHNOLOGIES HOLDINGS,0.653853
革新テクノロジー,AI・ソフト・データ,FIVN,FIVE9 INC,1.623425
革新テクノロジー,AI・ソフト・データ,FROG,JFROG LTD,1.238951
革新テクノロジー,AI・ソフト・データ,FRSH,FRESHWORKS INC CL A,0.879859
革新テクノロジー,AI・ソフト・データ,FUBO,FUBOTV INC  CLASS A,0.296802
革新テクノロジー,AI・ソフト・データ,GENI,GENIUS SPORTS LTD,0.488791
革新テクノロジー,AI・ソフト・データ,GOOGL,ALPHABET INC CL A,1.062073
革新テクノロジー,AI・ソフト・データ,GWRE,GUIDEWIRE SOFTWARE INC,0.669788
革新テクノロジー,AI・ソフト・データ,HUBS,HUBSPOT INC,0.522983
革新テクノロジー,AI・ソフト・データ,IDCC,INTERDIGITAL INC,0.856454
革新テクノロジー,AI・ソフト・データ,INOD,INNODATA INC,1.082213
革新テクノロジー,AI・ソフト・データ,INTA,INTAPP INC,0.793462
革新テクノロジー,AI・ソフト・データ,INTU,INTUIT INC,0.417694
革新テクノロジー,AI・ソフト・データ,IONQ,IONQ INC,1.788363
革新テクノロジー,AI・ソフト・データ,KVYO,KLAVIYO INC A,0.487643
革新テクノロジー,AI・ソフト・データ,LIF,LIFE360 INC,0.564655
革新テクノロジー,AI・ソフト・データ,MANH,MANHATTAN ASSOCIATES INC,1.117393
革新テクノロジー,AI・ソフト・データ,MAX,MEDIAALPHA INC CLASS A,0.771391
革新テクノロジー,AI・ソフト・データ,MDB,MONGODB INC,0.894476
革新テクノロジー,AI・ソフト・データ,META,META PLATFORMS INC CLASS A,1.061918
革新テクノロジー,AI・ソフト・データ,MNDY,MONDAY.COM LTD,0.515574
革新テクノロジー,AI・ソフト・データ,NCNO,NCINO INC,0.745694
革新テクノロジー,AI・ソフト・データ,NFLX,NETFLIX INC,0.715835
革新テクノロジー,AI・ソフト・データ,NRDS,NERDWALLET INC CL A,0.58488
革新テクノロジー,AI・ソフト・データ,NTNX,NUTANIX INC   A,1.364806
革新テクノロジー,AI・ソフト・データ,NVDA,NVIDIA CORP,1.204659
革新テクノロジー,AI・ソフト・データ,NVMI,NOVA LTD,1.067643
革新テクノロジー,AI・ソフト・データ,NXDR,NEXTDOOR HOLDINGS INC,1.035325
革新テクノロジー,AI・ソフト・データ,ONTO,ONTO INNOVATION INC,1.636696
革新テクノロジー,AI・ソフト・データ,PAYC,PAYCOM SOFTWARE INC,1.258853
革新テクノロジー,AI・ソフト・データ,PCOR,PROCORE TECHNOLOGIES INC,0.643096
革新テクノロジー,AI・ソフト・データ,PCTY,PAYLOCITY HOLDING CORP,0.888014
革新テクノロジー,AI・ソフト・データ,PGY,PAGAYA TECHNOLOGIES LTD  A,0.856001
革新テクノロジー,AI・ソフト・データ,PHR,PHREESIA INC,0.573818
革新テクノロジー,AI・ソフト・データ,PI,IMPINJ INC,1.171328
革新テクノロジー,AI・ソフト・データ,PINS,PINTEREST INC  CLASS A,0.692104
革新テクノロジー,AI・ソフト・データ,PLTR,PALANTIR TECHNOLOGIES INC A,0.924875
革新テクノロジー,AI・ソフト・データ,PTC,PTC INC,0.714426
革新テクノロジー,AI・ソフト・データ,RAMP,LIVERAMP HOLDINGS INC,1.157241
革新テクノロジー,AI・ソフト・データ,RBRK,RUBRIK INC A,1.286669
革新テクノロジー,AI・ソフト・データ,RDDT,REDDIT INC CL A,0.649551
革新テクノロジー,AI・ソフト・データ,SIMO,SILICON MOTION TECHNOL ADR,2.841607
革新テクノロジー,AI・ソフト・データ,SITM,SITIME CORP,1.633811
革新テクノロジー,AI・ソフト・データ,SMCI,SUPER MICRO COMPUTER INC,1.181519
革新テクノロジー,AI・ソフト・データ,SNAP,SNAP INC   A,0.725103
革新テクノロジー,AI・ソフト・データ,SNOW,SNOWFLAKE INC,1.446215
革新テクノロジー,AI・ソフト・データ,SPOT,SPOTIFY TECHNOLOGY SA,0.794929
革新テクノロジー,AI・ソフト・データ,SPSC,SPS COMMERCE INC,0.87954
革新テクノロジー,AI・ソフト・データ,SPT,SPROUT SOCIAL INC   CLASS A,0.869701
革新テクノロジー,AI・ソフト・データ,TOST,TOAST INC CLASS A,0.784952
革新テクノロジー,AI・ソフト・データ,TREE,LENDINGTREE INC,0.458694
革新テクノロジー,AI・ソフト・データ,UI,UBIQUITI INC,0.971045
革新テクノロジー,AI・ソフト・データ,UPST,UPSTART HOLDINGS INC,0.476762
革新テクノロジー,AI・ソフト・データ,UPWK,UPWORK INC,0.350792
革新テクノロジー,AI・ソフト・データ,VEEV,VEEVA SYSTEMS INC CLASS A,1.085155
革新テクノロジー,AI・ソフト・データ,VERX,VERTEX INC   CLASS A,0.564104
革新テクノロジー,AI・ソフト・データ,WAY,WAYSTAR HOLDING CORP,0.732558
革新テクノロジー,AI・ソフト・データ,WDAY,WORKDAY INC CLASS A,0.786452
革新テクノロジー,AI・ソフト・データ,WEAV,WEAVE COMMUNICATIONS INC,0.970626
革新テクノロジー,AI・ソフト・データ,WK,WORKIVA INC,0.776327
革新テクノロジー,AI・ソフト・データ,YOU,CLEAR SECURE INC  CLASS A,0.891726
革新テクノロジー,AI・ソフト・データ,ZETA,ZETA GLOBAL HOLDINGS CORP A,1.556072
風力,エネルギー,ACA,"Arcosa, Inc.",3.08
風力,エネルギー,CWEN,"Clearway Energy, Inc.",1.84
風力,エネルギー,GEV,GE Vernova Inc.,2.41
風力,エネルギー,LNT,Alliant Energy Corporation,2.1
風力,エネルギー,NAN,Currency Contract - Usd,4.68
風力,エネルギー,NEE,"NextEra Energy, Inc.",1.97
風力,エネルギー,TKR,The Timken Company,2.45
